detail_key,cp,chapter_count,likes,publish_date,view_count,is_end
r0,NamneungNoey,2,4,2020/5/5,1391,0
r1,NamneungNoey,8,88,2020/2/16,21957,0
r2,NamneungNoey,17,28,2019/7/27,8213,1
r3,NamneungNoey,2,1,2020/3/23,1607,0
r5,NamneungNoey,12,163,2019/7/23,34929,0
r6,NamneungNoey,7,43,2020/2/6,38249,0
r7,NamneungNoey,15,41,2020/2/7,45391,1
r8,NamneungNoey,1,3,2019/10/9,1595,0
r9,NamneungNoey,30,132,2019/9/3,78626,1
r10,NamneungNoey,15,178,2020/1/30,58960,1
r11,NamneungNoey,3,8,2020/3/24,1807,0
r12,NamneungNoey,1,16,2019/6/27,3865,0
r14,NamneungNoey,1,11,2020/2/16,2804,0
r15,NamneungNoey,5,37,2020/4/17,3852,0
r16,NamneungNoey,3,25,2019/6/10,5023,0
r17,NamneungNoey,1,161,2019/8/8,27341,1
r18,NamneungNoey,9,163,2019/7/30,78359,0
r19,NamneungNoey,46,67,2019/10/23,36796,1
r20,NamneungNoey,13,108,2020/1/14,32579,1
r21,NamneungNoey,38,189,2022/1/16,84403,1
r22,EmiBonnie,2,0,2020/3/9,265,0
r23,NamneungNoey,1,1,2020/4/12,1464,0
r24,NamneungNoey,1,12,2019/6/21,2494,0
r25,NamneungNoey,2,51,2020/2/3,13560,0
r26,NamneungNoey,4,7,2020/3/18,1565,0
r27,NamneungNoey,1,14,2020/1/16,4263,0
r28,NamneungNoey,23,48,2018/9/28,12663,1
r29,NamneungNoey,18,62,2020/2/16,26612,1
r30,NamneungNoey,281,302,2020/4/22,244937,0
r31,NamneungNoey,1,43,2019/9/21,8999,1
r32,NamneungNoey,2,13,2021/1/19,2437,0
r33,NamneungNoey,1,10,2019/5/22,12326,0
r34,NamneungNoey,10,7,2020/4/14,2299,0
r35,NamneungNoey,19,243,2020/3/23,92579,1
r36,NamneungNoey,10,57,2020/4/12,13513,1
r37,NamneungNoey,2,10,2020/5/11,2046,0
r38,NamneungNoey,29,191,2020/5/21,89752,1
r40,NamneungNoey,7,44,2020/5/17,9803,0
r41,NamneungNoey,17,100,2020/5/19,38231,1
r42,NamneungNoey,9,6,2020/5/18,2208,0
r44,NamneungNoey,9,37,2020/5/26,27597,0
r45,NamneungNoey,4,17,2020/6/7,3354,0
r46,NamneungNoey,1,27,2020/12/20,5688,1
r47,LingOrm,7,10,2024/8/22,2083,0
r48,NamneungNoey,1,14,2020/6/2,1283,0
r49,NamneungNoey,10,187,2020/6/17,83218,1
r51,NamneungNoey,1,11,2020/6/17,2776,0
r52,NamneungNoey,1,23,2020/6/26,2225,0
r53,NamneungNoey,37,374,2020/7/15,242856,1
r54,NamneungNoey,2,4,2020/7/22,959,0
r55,NamneungNoey,11,90,2020/7/23,31073,1
r56,NamneungNoey,5,3,2020/7/30,832,0
r57,NamneungNoey,1,32,2020/7/31,13013,1
r60,NamneungNoey,1,4,2020/8/27,1726,0
r61,NamneungNoey,17,65,2020/8/18,12523,0
r62,NamneungNoey,1,17,2020/8/19,6327,1
r63,NamneungNoey,11,37,2020/8/22,15109,1
r64,MilkLove,1,18,2024/5/29,1511,1
r65,NamneungNoey,10,13,2020/8/26,1489,0
r66,NamneungNoey,21,151,2020/9/7,70697,1
r67,NamneungNoey,5,16,2020/9/1,16288,0
r68,NamneungNoey,37,165,2020/9/26,115659,1
r69,NamneungNoey,3,11,2020/9/3,1608,0
r70,NamneungNoey,1,10,2020/9/5,3605,1
r71,NamneungNoey,10,16,2020/9/7,5211,0
r72,NamneungNoey,1,11,2020/9/7,1532,0
r73,NamneungNoey,23,123,2020/9/17,42064,1
r75,NamneungNoey,2,10,2020/9/20,2367,0
r76,NamneungNoey,1,6,2020/9/24,1226,0
r78,NamneungNoey,2,40,2020/10/19,18713,0
r79,NamneungNoey,33,307,2020/10/20,170219,1
r80,NamneungNoey,6,425,2020/12/24,104817,0
r81,NamneungNoey,57,125,2020/10/29,55231,1
r82,NamneungNoey,10,78,2020/12/26,27483,1
r83,NamneungNoey,4,58,2021/2/15,16582,1
r84,NamneungNoey,12,16,2020/11/10,10645,1
r85,NamneungNoey,1,4,2020/11/18,915,0
r86,NamneungNoey,83,55,2021/1/21,44691,0
r87,FreenBecky,17,38,2020/12/19,18054,0
r88,NamneungNoey,2,18,2020/12/2,5544,0
r89,NamneungNoey,39,78,2020/12/7,35925,0
r90,NamneungNoey,2,7,2020/12/12,1549,0
r93,NamneungNoey,7,6,2020/12/23,3482,1
r94,NamneungNoey,27,16,2020/12/22,7800,1
r95,NamneungNoey,3,10,2021/2/14,3461,0
r96,NamneungNoey,53,196,2021/1/6,230890,1
r97,NamneungNoey,32,137,2021/1/12,22764,1
r98,NamneungNoey,2,17,2021/1/8,7814,0
r100,NamneungNoey,1,12,2021/1/14,1516,0
r101,NamneungNoey,17,18,2021/1/28,7606,1
r102,FreenBecky,4,18,2021/6/13,5026,0
r103,NamneungNoey,13,62,2022/5/5,10043,0
r104,NamneungNoey,25,47,2021/3/16,28433,1
r105,NamneungNoey,1,22,2021/1/31,6909,0
r106,NamneungNoey,13,90,2021/2/13,50587,1
r107,NamneungNoey,14,5,2021/2/15,4179,1
r109,NamneungNoey,1,43,2021/2/7,32002,1
r110,NamneungNoey,1,47,2021/2/8,38097,1
r111,NamneungNoey,4,96,2021/2/22,54093,0
r112,NamneungNoey,21,15,2021/3/15,7263,1
r113,GinJay,11,30,2021/2/20,9177,1
r114,NamneungNoey,1,39,2021/2/23,10588,0
r115,NamneungNoey,34,73,2021/2/28,34125,1
r117,NamneungNoey,8,79,2021/3/6,16252,0
r118,NamneungNoey,1,3,2021/4/6,1631,1
r120,NamneungNoey,1,64,2021/3/19,59318,0
r121,NamneungNoey,1,8,2021/3/19,1536,1
r122,EngLot,27,381,2023/3/9,192516,1
r123,EngLot,29,301,2023/4/22,182846,1
r124,NamneungNoey,26,223,2021/7/8,160997,1
r125,NamneungNoey,3,24,2021/4/12,28102,0
r126,NamneungNoey,32,149,2021/5/3,106176,1
r127,NamtanFilm,10,41,2021/4/14,18628,1
r128,MilkLove,14,293,2026/2/5,49927,0
r130,NamneungNoey,10,3,2021/5/16,4463,1
r131,NamneungNoey,4,8,2021/4/26,2731,0
r132,NamneungNoey,4,7,2021/4/26,2914,0
r133,NamneungNoey,8,2,2021/6/13,1792,0
r134,NamneungNoey,39,45,2022/2/24,27487,1
r135,NamneungNoey,13,17,2021/6/7,3278,1
r136,NamneungNoey,9,10,2021/5/1,5514,1
r137,KapookCiize,1,6,2026/6/20,368,0
r138,NamneungNoey,27,30,2021/5/9,12457,0
r139,NamneungNoey,10,13,2021/9/3,6369,1
r140,EngLot,25,473,2022/11/23,210233,1
r142,FreenBecky,5,15,2021/6/7,1913,0
r143,NamneungNoey,6,10,2023/10/18,4232,1
r144,NamneungNoey,8,80,2021/6/13,14637,0
r145,NamneungNoey,5,89,2021/6/10,20093,0
r146,NamneungNoey,10,38,2021/6/17,12560,0
r147,NamneungNoey,1,7,2021/6/18,793,0
r148,NamneungNoey,3,638,2024/12/20,32225,0
r149,NamneungNoey,2,16,2021/6/20,2839,0
r150,NamneungNoey,1,2,2021/6/22,1660,0
r151,NamneungNoey,16,27,2022/1/11,10386,0
r152,LenaMiu,8,141,2026/2/8,26219,0
r153,NamneungNoey,10,131,2021/7/9,28672,1
r154,NamneungNoey,2,2,2021/7/1,735,0
r155,NamneungNoey,6,3,2021/10/1,2255,1
r156,FayMay,13,39,2021/7/16,6558,0
r157,FreenBecky,36,38,2025/7/31,13935,1
r158,NamneungNoey,19,17,2021/9/26,10881,0
r161,NamtanFilm,1,10,2025/8/12,488,1
r162,NamneungNoey,14,13,2021/7/31,3461,0
r163,FreenBecky,33,279,2021/8/1,105878,1
r164,NamneungNoey,17,44,2021/8/3,9254,1
r166,NamneungNoey,8,4,2021/10/24,1362,1
r167,NamneungNoey,1,0,2021/8/4,696,0
r169,NamneungNoey,12,149,2021/8/13,40030,1
r170,EngLot,15,37,2021/8/18,18121,1
r171,NamneungNoey,1,7,2021/8/19,1558,0
r172,NamneungNoey,9,37,2021/8/26,9435,0
r173,NamneungNoey,14,14,2021/8/31,12499,1
r174,NamneungNoey,35,44,2021/8/21,18062,0
r175,NamneungNoey,12,10,2021/8/23,4765,0
r176,EnjoyJune,11,68,2025/12/11,11053,0
r177,FreenBecky,12,167,2022/1/9,32704,0
r178,NamneungNoey,2,6,2023/1/13,654,0
r179,FreenBecky,6,64,2021/9/2,12154,0
r180,JanJingjing,6,26,2023/6/12,3244,0
r182,NamneungNoey,2,7,2022/9/25,879,0
r183,NamneungNoey,10,81,2021/9/12,18897,1
r184,NamneungNoey,15,109,2021/9/17,29088,1
r185,FreenBecky,1,69,2021/9/11,6551,1
r186,NamneungNoey,4,4,2021/9/12,4519,1
r187,NamneungNoey,3,8,2021/9/22,2813,0
r188,FreenBecky,12,254,2022/11/18,35503,1
r189,NamneungNoey,8,73,2022/5/28,12880,0
r190,NamneungNoey,9,19,2022/9/1,5973,1
r191,NamneungNoey,34,173,2021/10/13,119910,1
r192,NamneungNoey,5,19,2021/10/5,9545,0
r193,MilkLove,20,880,2022/1/9,196559,1
r194,LenaMiu,9,27,2026/1/21,9442,1
r195,NamneungNoey,1,5,2021/10/7,1864,0
r196,NamneungNoey,9,61,2021/10/14,24244,1
r197,EngLot,3,1,2024/4/19,147,0
r198,NamneungNoey,1,2,2021/10/18,1047,1
r199,NamneungNoey,3,0,2021/10/23,374,0
r200,NamneungNoey,20,98,2021/10/23,33333,1
r201,NamneungNoey,7,13,2021/10/25,7784,1
r202,NamneungNoey,14,14,2021/11/9,3329,1
r203,NamneungNoey,107,82,2021/10/27,64497,0
r204,MilkLove,9,168,2021/10/31,24933,0
r205,NamneungNoey,18,227,2021/11/22,73939,1
r206,NamneungNoey,52,146,2021/11/5,72196,1
r207,LingOrm,4,6,2021/11/9,789,0
r208,FreenBecky,21,52,2022/2/15,11885,1
r209,NamneungNoey,5,4,2022/2/1,1756,0
r210,LingOrm,11,164,2024/5/24,45193,1
r211,MilkLove,3,0,2022/11/18,375,1
r212,NamneungNoey,2,6,2021/11/17,499,0
r213,FreenBecky,3,22,2022/8/13,2104,0
r214,AppleMim,4,13,2026/4/2,1252,0
r215,NamneungNoey,1,4,2021/11/24,1040,0
r216,FreenBecky,1,41,2021/11/24,7963,1
r217,NamneungNoey,3,6,2021/12/13,725,0
r218,NamneungNoey,30,37,2021/11/24,21593,1
r219,FreenBecky,1,45,2022/1/9,3560,1
r220,FreenBecky,1,41,2021/11/29,5219,1
r221,MilkLove,2,0,2022/11/19,239,1
r222,NamneungNoey,16,122,2021/12/8,25401,1
r223,NamneungNoey,2,7,2021/12/9,1481,0
r224,NamneungNoey,7,5,2021/12/24,3782,0
r225,LingOrm,1,2,2025/4/10,250,1
r226,EngLot,3,12,2022/7/3,2326,0
r227,NamneungNoey,15,101,2022/1/15,34083,1
r228,EmiBonnie,6,10,2022/3/23,1266,0
r230,LingOrm,11,14,2023/11/25,1520,1
r231,NamneungNoey,27,130,2022/1/3,51974,1
r232,LingOrm,8,11,2024/11/20,2588,1
r233,NamneungNoey,4,5,2022/1/12,1731,1
r234,MilkLove,22,267,2022/1/8,64969,1
r235,NamneungNoey,1,21,2022/1/15,9001,0
r236,MilkLove,10,9,2025/2/16,1326,1
r237,FreenBecky,30,158,2022/1/13,40552,0
r238,NamneungNoey,15,8,2022/1/13,2015,0
r239,NamneungNoey,1,17,2022/1/15,6865,0
r241,LingOrm,8,9,2024/7/21,750,0
r242,NamneungNoey,1,104,2022/1/19,44407,1
r243,MilkLove,9,361,2022/1/19,50718,0
r244,MilkLove,3,105,2022/1/22,11324,0
r245,EngLot,21,960,2022/8/7,383185,1
r246,MilkLove,5,52,2022/3/18,5322,0
r247,NamneungNoey,3,35,2022/1/27,5016,0
r248,NamneungNoey,43,161,2022/2/12,139582,1
r249,MilkLove,5,24,2022/2/2,2555,0
r250,MilkLove,20,218,2022/1/25,53173,1
r251,EngLot,42,197,2022/6/19,90645,1
r252,MilkLove,2,25,2022/1/30,2455,0
r253,NamneungNoey,1,5,2022/2/8,1421,1
r254,LingOrm,7,117,2024/4/29,23839,0
r255,MilkLove,19,570,2022/2/6,136272,1
r256,MilkLove,7,62,2022/2/2,13753,1
r257,FreenBecky,6,32,2022/2/2,5564,1
r258,NamneungNoey,18,16,2022/2/11,6743,0
r259,NamneungNoey,1,7,2022/2/11,2544,1
r260,FreenBecky,1,64,2022/2/11,9322,1
r261,MilkLove,4,25,2022/2/13,6283,1
r262,NamneungNoey,27,37,2022/4/7,7218,0
r263,LingOrm,17,669,2024/4/12,185798,1
r264,NamneungNoey,5,10,2022/2/16,1698,1
r265,NamneungNoey,5,5,2022/2/20,1077,0
r266,NamtanFilm,2,12,2023/10/30,1957,0
r267,EngLot,13,29,2022/9/27,8270,0
r268,NamneungNoey,77,56,2022/3/2,61389,1
r269,NamneungNoey,20,48,2022/3/5,19711,1
r270,NamneungNoey,16,71,2022/10/25,28278,0
r271,FreenBecky,1,52,2022/3/8,8052,1
r272,MilkLove,12,410,2022/3/16,74627,1
r273,EmiBonnie,11,57,2025/8/3,10914,0
r274,NamneungNoey,14,76,2022/10/18,34230,1
r275,FreenBecky,1,208,2022/3/20,26401,1
r276,NamneungNoey,1,9,2022/3/22,3208,1
r277,MilkLove,3,25,2024/4/2,2209,0
r278,NamneungNoey,2,22,2022/3/28,5429,0
r280,EngLot,31,292,2022/4/2,109610,1
r281,NamneungNoey,2,5,2022/5/18,2398,0
r282,FreenBecky,13,213,2022/4/26,29702,1
r283,LingOrm,11,16,2025/5/22,5159,0
r284,EngLot,9,80,2022/4/10,25655,0
r285,NamneungNoey,17,66,2022/4/11,22303,1
r286,FreenBecky,11,213,2022/4/18,45938,1
r287,OomBam,19,25,2026/8/8,5236,0
r288,LingOrm,1,111,2024/10/1,4172,1
r289,NamneungNoey,6,7,2022/6/25,6853,0
r290,MilkLove,10,218,2022/7/27,43358,1
r291,EngLot,18,346,2022/4/24,148524,1
r292,EngLot,3,177,2022/4/23,20806,0
r293,EngLot,21,258,2022/4/27,118602,1
r294,NamneungNoey,4,13,2022/5/3,4202,0
r295,FreenBecky,1,161,2022/4/28,17450,0
r296,NamtanFilm,4,8,2025/11/5,1156,0
r297,FreenBecky,2,20,2022/5/1,1761,0
r298,NamneungNoey,4,31,2024/1/21,3366,0
r299,EngLot,5,109,2022/7/3,17146,0
r300,EngLot,1,99,2022/5/3,16997,0
r301,EngLot,20,489,2022/10/14,219883,1
r302,NamneungNoey,11,10,2022/5/7,3406,0
r303,EngLot,4,42,2022/5/7,13283,0
r304,EngLot,10,392,2022/7/7,101313,1
r305,NamneungNoey,26,87,2022/5/11,37167,1
r306,NamneungNoey,1,1,2022/5/11,1369,1
r307,NamneungNoey,8,16,2022/5/12,7245,0
r308,NamneungNoey,5,24,2022/5/14,6094,1
r309,EngLot,5,44,2022/5/15,5262,0
r311,NamneungNoey,3,5,2022/5/20,919,0
r312,EngLot,24,598,2022/7/25,283275,1
r313,EngLot,4,96,2022/5/20,17799,0
r314,EngLot,3,45,2022/6/14,4975,0
r315,NamneungNoey,5,28,2022/5/24,4749,0
r316,NamneungNoey,5,5,2022/5/26,1763,0
r317,FreenBecky,16,349,2022/5/24,79132,1
r319,EngLot,23,172,2022/6/8,86402,1
r320,NamneungNoey,1,2,2022/7/13,1374,1
r321,FreenBecky,4,45,2022/5/30,10514,1
r322,NamneungNoey,4,23,2022/10/29,2200,0
r323,EngLot,4,41,2022/5/30,5914,0
r324,NamneungNoey,2,4,2022/5/30,498,0
r325,LingOrm,17,113,2024/8/13,38269,0
r326,NamneungNoey,11,38,2022/5/31,17000,1
r327,NamneungNoey,7,9,2022/5/31,4331,0
r328,NamtanFilm,36,233,2024/2/23,85986,1
r329,MilkLove,19,197,2022/6/2,43289,1
r330,FreenBecky,11,64,2022/6/5,12279,0
r331,EngLot,20,1298,2022/6/11,517337,1
r332,MilkLove,3,38,2022/6/4,3415,1
r334,NamneungNoey,2,13,2022/6/8,930,0
r335,EngLot,2,32,2022/6/8,8613,1
r336,MilkLove,13,80,2022/6/9,14340,1
r337,EngLot,1,6,2022/6/9,2724,1
r338,EngLot,20,1108,2022/6/9,468372,1
r339,FreenBecky,22,84,2022/6/11,29229,1
r340,EngLot,23,847,2022/6/19,317653,1
r341,NamneungNoey,2,3,2022/6/15,930,0
r342,EngLot,1,15,2022/6/18,1823,0
r343,EngLot,33,523,2022/6/19,307511,1
r344,FreenBecky,14,395,2022/9/3,87921,1
r345,FreenBecky,3,38,2022/6/23,7180,0
r346,LingOrm,2,2,2023/2/18,356,1
r347,EngLot,4,54,2022/6/25,16470,0
r348,MilkLove,3,22,2022/6/26,4273,0
r349,NamneungNoey,2,13,2022/6/30,1156,0
r350,EngLot,33,364,2022/6/28,140132,1
r351,LingOrm,1,2,2026/6/5,248,0
r352,EngLot,2,40,2022/7/4,5132,0
r353,NamneungNoey,4,11,2022/7/2,2326,0
r354,FreenBecky,13,67,2022/7/2,23822,1
r355,EngLot,35,461,2022/7/2,155775,1
r356,EngLot,12,1163,2022/7/2,406695,1
r357,EngLot,5,88,2022/7/2,22848,0
r358,FreenBecky,8,196,2023/2/12,32028,1
r359,FreenBecky,3,93,2022/7/7,13147,1
r360,NamneungNoey,5,6,2022/7/4,1340,0
r361,EngLot,22,659,2022/7/22,270348,1
r362,EngLot,15,32,2022/7/9,10983,1
r363,EngLot,3,11,2022/7/13,1481,0
r365,EngLot,21,441,2022/7/16,216207,1
r366,NamneungNoey,4,23,2022/7/31,3591,0
r367,EngLot,18,269,2022/7/17,90113,1
r368,EngLot,21,192,2022/7/17,85620,1
r369,EngLot,1,36,2023/1/14,3566,1
r370,NamneungNoey,2,31,2022/8/2,2164,0
r371,NamneungNoey,2,26,2022/8/2,1881,0
r372,EngLot,20,334,2022/7/22,173926,1
r373,JanJingjing,2,32,2026/7/24,2091,0
r374,EngLot,7,11,2022/7/23,2304,0
r375,EngLot,40,330,2022/7/26,199702,1
r376,FreenBecky,11,10,2022/7/27,1563,0
r377,EngLot,21,441,2022/7/28,182094,1
r378,EngLot,14,140,2022/7/29,42638,1
r380,EngLot,9,100,2022/7/29,43602,1
r381,EngLot,15,401,2022/9/18,98443,1
r382,EngLot,1,6,2022/8/1,1246,0
r383,LenaMiu,3,21,2026/6/28,2005,0
r384,EngLot,5,23,2022/8/2,6516,1
r385,FreenBecky,17,110,2023/2/10,19098,1
r386,EngLot,1,4,2022/8/5,303,0
r388,EngLot,3,26,2022/8/9,3869,0
r390,FreenBecky,2,28,2022/9/21,2335,0
r391,NamneungNoey,11,33,2022/9/5,7135,1
r392,EngLot,12,578,2022/8/15,83210,1
r393,NamneungNoey,14,67,2022/8/14,49660,1
r394,MilkLove,20,53,2022/8/14,11129,1
r395,NamneungNoey,8,7,2023/1/25,9200,1
r396,NamneungNoey,4,13,2022/8/16,6967,0
r397,EngLot,15,24,2022/9/17,13132,1
r398,EngLot,1,27,2022/8/20,6028,0
r399,EngLot,20,631,2022/9/1,259350,1
r400,EngLot,8,399,2022/8/18,121233,1
r401,EngLot,1,12,2022/8/18,2425,0
r402,EngLot,39,317,2022/8/19,121166,1
r403,EngLot,11,39,2022/8/22,9840,0
r404,EngLot,28,29,2022/9/28,15718,1
r405,EngLot,27,1634,2022/8/23,765793,1
r406,MilkLove,1,78,2023/6/23,4461,0
r407,LingOrm,27,3419,2024/7/17,1001375,1
r408,FreenBecky,6,23,2022/8/26,2993,0
r409,FreenBecky,10,18,2022/8/27,5702,1
r410,EngLot,15,51,2022/10/16,18595,0
r411,EngLot,14,704,2022/9/9,263983,1
r412,EngLot,12,713,2023/1/29,227866,1
r413,EngLot,16,883,2022/9/3,284928,1
r414,EngLot,17,549,2023/4/5,212814,1
r415,EngLot,7,130,2022/9/17,30838,1
r417,EngLot,5,88,2022/10/25,13947,0
r418,EngLot,12,34,2022/9/4,14407,0
r419,EngLot,2,119,2022/9/4,21748,1
r420,EngLot,2,15,2022/9/5,6344,0
r421,FreenBecky,42,98,2022/9/7,33315,0
r422,EngLot,27,77,2022/10/8,35286,1
r423,MilkLove,5,77,2022/9/10,5814,0
r424,EngLot,1,11,2023/5/16,3004,0
r425,MilkLove,15,500,2022/9/10,86536,1
r426,EngLot,25,82,2022/9/10,29604,0
r427,NamneungNoey,1,2,2022/9/12,1449,0
r428,EngLot,2,7,2022/9/11,930,0
r429,EngLot,46,286,2022/9/15,139673,1
r430,NamneungNoey,29,37,2022/9/20,21897,0
r431,EngLot,22,218,2022/9/15,103528,1
r432,EngLot,11,105,2024/3/10,30188,1
r433,MilkLove,2,4,2022/9/15,488,0
r434,MilkLove,3,53,2022/9/16,3804,0
r435,EmiBonnie,6,6,2025/9/22,439,0
r437,EngLot,15,101,2022/9/18,39628,1
r438,EngLot,4,14,2022/10/21,2061,0
r439,FreenBecky,4,67,2022/9/28,3618,0
r440,EngLot,2,9,2022/9/24,1710,0
r441,FreenBecky,2,73,2022/9/25,13329,1
r442,EngLot,10,246,2022/10/5,100588,1
r443,NamneungNoey,3,22,2022/9/26,2989,0
r444,FreenBecky,12,759,2022/9/26,145161,1
r445,EngLot,14,57,2022/9/27,25161,1
r446,NamneungNoey,19,54,2022/11/15,27297,1
r447,EngLot,5,307,2022/11/14,61999,1
r448,NamneungNoey,4,0,2022/10/5,530,0
r449,EngLot,5,69,2022/10/7,12554,1
r451,EngLot,18,253,2022/10/11,103728,1
r452,EngLot,22,173,2022/10/8,89756,1
r453,EngLot,1,12,2022/10/12,1423,0
r454,FreenBecky,1,5,2022/10/11,537,1
r455,EngLot,3,74,2022/10/13,19726,1
r456,EngLot,2,7,2024/6/26,2589,0
r457,EngLot,15,196,2022/10/15,52022,1
r458,EngLot,4,8,2022/10/30,1237,0
r459,EngLot,2,6,2022/10/18,1257,1
r460,FreenBecky,1,29,2022/10/19,5011,1
r461,FreenBecky,29,468,2022/10/21,151734,1
r462,EngLot,15,707,2022/10/21,292107,1
r463,EngLot,2,1,2022/10/21,483,0
r464,JanJingjing,4,4,2026/7/28,834,0
r465,EngLot,7,5,2022/10/23,1559,0
r466,EngLot,13,270,2022/10/24,83644,1
r467,EngLot,13,14,2022/12/26,5542,1
r468,EngLot,14,392,2022/12/26,152080,1
r469,EngLot,4,50,2022/10/24,6285,0
r470,LingOrm,5,6,2024/12/7,1002,0
r471,EngLot,2,17,2022/12/26,1180,0
r472,EngLot,4,21,2022/10/27,3672,0
r473,LingOrm,83,1827,2022/10/29,1018276,1
r474,NamneungNoey,3,1,2025/8/5,105,0
r475,EngLot,8,31,2022/10/31,6527,0
r476,NamneungNoey,1,0,2022/10/30,104,0
r477,NamneungNoey,1,0,2022/10/30,70,0
r478,EngLot,12,133,2022/10/30,62595,1
r479,EngLot,1,16,2022/10/30,2496,1
r480,NamneungNoey,1,0,2022/10/30,117,0
r481,NamneungNoey,1,0,2022/10/30,115,0
r482,FreenBecky,11,176,2022/11/5,24759,1
r483,EngLot,10,42,2022/10/31,7634,1
r484,EngLot,3,5,2022/11/5,2011,0
r485,EngLot,25,125,2022/11/9,70091,1
r486,EngLot,4,57,2022/12/2,11154,0
r487,EngLot,12,164,2022/10/31,69311,1
r488,EngLot,6,54,2022/11/7,21007,1
r489,EngLot,2,4,2022/11/4,991,0
r490,NamneungNoey,16,2,2023/4/13,4977,0
r491,EngLot,12,27,2022/11/6,11081,1
r492,FreenBecky,3,19,2022/11/27,1910,0
r493,EngLot,2,12,2022/11/6,2448,0
r494,EngLot,7,51,2023/8/29,17654,1
r495,EngLot,2,23,2022/11/8,3984,0
r497,EngLot,2,3,2022/11/10,186,0
r498,JanJingjing,1,36,2026/1/6,1335,0
r499,EngLot,13,58,2022/11/11,35635,1
r500,EngLot,13,333,2022/11/12,126453,1
r501,ViewJune,4,6,2024/7/23,809,0
r502,EngLot,2,14,2022/11/23,5253,1
r503,MilkLove,12,52,2022/11/15,11931,1
r504,EngLot,1,26,2022/11/21,5328,0
r505,EngLot,1,7,2022/11/17,1638,1
r506,NamneungNoey,33,30,2022/11/27,21489,0
r507,NamneungNoey,15,4,2023/7/2,6626,1
r508,EngLot,1,2,2022/11/18,771,1
r509,EngLot,16,79,2022/11/18,43133,1
r511,EngLot,7,28,2022/11/18,11961,0
r512,FreenBecky,6,126,2022/11/20,43889,1
r513,EngLot,12,672,2022/11/18,257317,1
r514,NamneungNoey,17,8,2023/1/6,3062,1
r515,EngLot,21,128,2022/11/20,64724,1
r516,EngLot,6,14,2022/11/20,4003,0
r517,EngLot,3,14,2022/11/23,3131,0
r519,FreenBecky,1,37,2022/11/26,5934,0
r520,EngLot,5,7,2022/11/27,2161,1
r521,LMSY,7,173,2024/10/11,17002,0
r522,EngLot,10,10,2022/11/28,4990,1
r523,EngLot,12,33,2022/11/28,15653,1
r524,EngLot,23,847,2023/2/5,418420,1
r525,FreenBecky,13,163,2022/11/30,45732,1
r526,FreenBecky,6,33,2023/6/5,3421,0
r527,FreenBecky,14,285,2023/4/29,56688,1
r528,FreenBecky,17,57,2022/12/2,14375,0
r529,EngLot,8,27,2022/12/1,7801,1
r530,NamneungNoey,21,120,2022/12/8,53444,0
r531,NamneungNoey,12,31,2022/12/1,15023,0
r532,EngLot,2,2,2022/12/2,578,0
r533,EngLot,3,38,2022/12/2,10247,1
r535,EngLot,10,18,2022/12/3,8907,1
r536,FreenBecky,2,32,2022/12/3,7867,0
r537,EngLot,11,12,2022/12/4,3193,0
r538,EngLot,11,539,2022/12/4,178215,1
r539,NamneungNoey,1,3,2022/12/5,415,0
r540,NamneungNoey,1,33,2023/3/17,2656,0
r541,EngLot,7,5,2025/9/27,1495,0
r542,EngLot,10,26,2022/12/8,10173,1
r543,EngLot,7,14,2022/12/9,5248,0
r544,FreenBecky,18,293,2022/12/17,79129,1
r545,EngLot,22,116,2022/12/9,31772,0
r546,EngLot,8,82,2022/12/13,15982,1
r547,EngLot,2,2,2022/12/10,542,0
r548,FreenBecky,13,316,2022/12/11,56521,0
r549,EngLot,10,44,2023/1/8,22915,1
r550,EngLot,6,15,2022/12/11,4308,0
r551,EngLot,6,18,2022/12/11,16401,1
r552,NamneungNoey,46,56,2022/12/12,23305,1
r553,EngLot,12,75,2022/12/14,22319,0
r554,NamneungNoey,10,8,2023/1/21,3316,0
r555,EngLot,22,597,2022/12/15,241871,1
r556,NamneungNoey,7,14,2022/12/20,1612,1
r557,EngLot,7,21,2022/12/15,9248,1
r558,FreenBecky,14,796,2022/12/31,160559,1
r559,FreenBecky,6,107,2022/12/15,14001,0
r560,NamneungNoey,1,8,2022/12/17,2060,0
r561,EngLot,3,10,2023/2/12,1276,0
r562,NamneungNoey,53,394,2023/8/6,241240,1
r563,EngLot,14,47,2022/12/19,31885,1
r564,NamneungNoey,20,88,2022/12/21,28369,1
r565,EngLot,9,8,2023/1/25,5715,0
r566,LingOrm,28,597,2025/1/16,169374,1
r567,FreenBecky,1,13,2022/12/21,1170,0
r568,FreenBecky,24,149,2022/12/22,25170,0
r569,EngLot,18,145,2022/12/22,37774,1
r570,EngLot,24,113,2023/1/1,49043,1
r571,JanJingjing,2,22,2022/12/29,3028,0
r572,NamneungNoey,1,1,2022/12/24,656,1
r573,EngLot,13,398,2022/12/23,155685,1
r574,NamneungNoey,5,17,2022/12/29,4658,0
r575,EngLot,8,41,2023/1/23,8145,0
r576,FreenBecky,14,133,2022/12/25,29540,0
r577,EngLot,8,12,2022/12/25,5519,0
r578,EngLot,2,6,2022/12/25,1796,1
r579,FreenBecky,21,197,2023/2/27,49247,1
r580,EngLot,8,21,2022/12/26,7834,0
r581,EngLot,17,110,2023/1/30,60623,1
r582,EngLot,14,13,2022/12/28,5295,0
r583,NamneungNoey,1,6,2022/12/28,1132,0
r584,FreenBecky,5,59,2022/12/28,9573,1
r585,EngLot,1,8,2023/3/11,667,0
r586,MilkLove,20,458,2022/12/30,50051,1
r587,EngLot,3,12,2023/1/8,2377,0
r588,EngLot,12,107,2023/5/29,34882,1
r589,EngLot,7,93,2022/12/31,24171,1
r590,FreenBecky,8,29,2023/1/3,7669,1
r591,EngLot,1,14,2023/1/10,2799,1
r592,NamneungNoey,4,6,2023/1/6,3629,1
r593,EngLot,3,6,2023/1/2,2536,1
r594,EngLot,4,6,2023/1/3,2923,1
r595,FreenBecky,2,104,2023/1/6,7852,0
r596,FreenBecky,7,101,2023/1/7,20649,1
r597,EngLot,16,553,2023/1/16,245592,1
r598,EngLot,1,6,2023/1/7,1263,0
r599,FreenBecky,3,9,2023/1/8,1853,0
r600,EngLot,18,134,2023/1/7,60063,1
r601,EngLot,19,370,2023/1/8,154431,1
r602,EngLot,7,15,2025/5/4,13035,1
r603,NamneungNoey,2,9,2023/3/23,646,0
r604,FreenBecky,15,267,2023/1/11,71543,1
r605,FreenBecky,20,533,2023/1/25,135422,0
r606,MilkLove,20,49,2024/11/17,11263,1
r607,EngLot,20,86,2023/1/13,44809,1
r608,FreenBecky,18,21,2023/1/13,7354,1
r609,LingOrm,21,124,2024/6/5,42372,0
r610,EngLot,11,7,2023/1/13,5539,1
r611,FreenBecky,1,18,2023/1/14,1635,0
r612,EngLot,1,157,2023/10/23,9244,0
r613,EngLot,1,4,2023/2/25,639,0
r614,FreenBecky,14,75,2023/1/24,13706,1
r615,FreenBecky,3,37,2023/1/16,3995,0
r616,EngLot,6,45,2023/1/16,14491,1
r617,EngLot,2,3,2023/1/16,763,0
r618,EngLot,12,113,2023/1/21,58956,1
r619,EngLot,12,11,2025/9/20,3852,1
r621,EngLot,2,8,2023/1/18,1155,0
r622,MilkLove,8,23,2023/2/2,4274,1
r623,EngLot,1,2,2023/1/21,277,0
r624,FreenBecky,1,3,2023/12/31,559,0
r625,EngLot,45,71,2023/3/20,60649,1
r626,MeenBabe,17,193,2023/6/5,60346,1
r627,LingOrm,6,7,2024/7/21,1601,0
r628,FreenBecky,19,341,2023/1/23,93971,1
r629,FreenBecky,2,7,2023/1/23,756,0
r630,EngLot,18,444,2023/2/2,151228,0
r631,FreenBecky,62,239,2023/1/25,93838,1
r632,EngLot,11,164,2023/4/9,76002,1
r633,FreenBecky,5,10,2023/1/25,1659,0
r634,EngLot,20,367,2023/1/25,235631,1
r635,EngLot,6,12,2023/1/28,5464,0
r637,EngLot,1,2,2023/1/28,547,1
r638,FreenBecky,7,12,2023/1/28,1326,0
r639,EngLot,1,9,2023/3/14,2354,1
r640,FreenBecky,9,18,2023/1/28,5172,0
r641,FreenBecky,5,15,2023/1/29,1362,0
r642,FreenBecky,9,74,2023/1/29,8586,0
r643,EngLot,2,104,2023/1/29,10724,0
r644,FreenBecky,27,372,2023/1/29,144411,1
r646,FreenBecky,15,384,2023/2/4,87357,0
r647,EngLot,15,370,2023/2/3,133876,1
r648,FreenBecky,1,8,2023/2/1,687,0
r649,FreenBecky,36,91,2023/2/3,27707,0
r650,FreenBecky,1,3,2023/4/8,614,1
r651,FreenBecky,22,127,2023/2/3,29278,1
r652,EngLot,8,31,2023/2/14,9478,1
r653,NamneungNoey,19,48,2023/2/4,19319,1
r654,EngLot,9,113,2023/2/6,37143,1
r655,FreenBecky,11,37,2023/2/4,10425,1
r656,EngLot,15,381,2023/3/13,151588,1
r657,EngLot,4,20,2023/2/5,3170,0
r658,FreenBecky,7,44,2023/2/5,6314,0
r659,EngLot,2,4,2023/2/8,1277,0
r660,FreenBecky,5,81,2023/2/21,8010,0
r661,NamneungNoey,5,11,2023/2/5,2558,0
r662,EngLot,7,29,2023/2/6,14297,1
r663,EngLot,24,132,2023/6/7,72794,1
r664,NamneungNoey,1,17,2023/2/11,2445,0
r665,FreenBecky,3,23,2023/2/9,1750,0
r666,FreenBecky,13,8,2023/2/9,2858,0
r667,MilkLove,2,1,2023/2/11,77,0
r668,EngLot,1,15,2023/2/14,1151,0
r669,FreenBecky,14,157,2023/2/19,30330,1
r670,MeenBabe,17,237,2024/1/23,74039,1
r671,FreenBecky,2,37,2023/2/12,2330,0
r672,NamneungNoey,2,7,2023/2/11,2533,0
r673,EngLot,4,4,2023/2/11,2026,1
r674,EngLot,12,185,2023/2/12,38247,1
r675,NamneungNoey,1,3,2023/2/13,497,0
r676,MeenBabe,20,276,2023/11/25,97478,1
r677,FreenBecky,2,9,2023/2/14,900,0
r679,FreenBecky,1,4,2023/2/17,453,0
r680,FreenBecky,5,13,2023/2/19,2046,0
r681,EngLot,22,183,2023/2/18,102876,1
r682,FreenBecky,5,25,2023/2/20,2927,0
r683,EngLot,10,48,2023/3/21,19869,1
r684,EngLot,16,101,2023/3/19,37725,0
r685,NamneungNoey,5,115,2023/3/2,64811,1
r686,EngLot,13,19,2023/2/20,6740,1
r687,FreenBecky,1,17,2023/10/30,778,0
r688,NamneungNoey,1,1,2023/3/13,377,0
r689,FreenBecky,29,160,2023/2/22,47739,1
r690,FreenBecky,2,41,2023/3/16,3012,0
r691,NamneungNoey,23,27,2023/2/23,11529,1
r692,EngLot,15,265,2023/2/23,113172,1
r693,FreenBecky,6,186,2023/2/24,30703,0
r694,FreenBecky,15,64,2023/2/26,18500,1
r695,EngLot,1,3,2023/3/10,407,0
r696,FreenBecky,12,302,2023/3/27,45223,1
r697,FreenBecky,5,13,2023/2/25,989,0
r698,FreenBecky,2,67,2023/2/25,10531,0
r699,FreenBecky,3,17,2023/2/26,1873,0
r700,EngLot,9,57,2023/2/26,23435,1
r701,FreenBecky,15,549,2023/2/26,112050,1
r702,EngLot,15,246,2023/3/6,64517,0
r703,EngLot,12,57,2023/3/2,23541,1
r704,FreenBecky,1,22,2023/2/28,1383,1
r705,FreenBecky,12,422,2023/3/1,81746,1
r706,FreenBecky,23,49,2023/3/1,14198,0
r707,FreenBecky,8,15,2023/3/1,2675,0
r708,EngLot,1,9,2023/3/1,410,0
r709,EngLot,3,11,2023/3/16,1110,0
r710,FreenBecky,1,15,2023/3/2,1563,1
r711,EngLot,22,72,2023/3/8,44272,1
r712,FreenBecky,24,4,2023/10/19,2154,0
r713,EngLot,1,21,2023/3/3,14402,1
r714,EngLot,5,9,2023/7/30,769,0
r715,EngLot,2,24,2023/3/4,1982,0
r716,EngLot,2,23,2023/3/6,3782,0
r717,FreenBecky,3,22,2023/3/4,1785,0
r718,NamneungNoey,10,2,2023/3/4,2861,1
r719,EngLot,1,3,2023/3/12,509,0
r720,EngLot,12,55,2023/3/6,21924,0
r721,FreenBecky,25,131,2023/3/6,44284,1
r722,FreenBecky,5,25,2023/3/6,2895,0
r723,EngLot,10,138,2023/3/10,48144,1
r724,FreenBecky,16,57,2023/3/8,15426,1
r725,FreenBecky,17,124,2023/3/6,24429,0
r726,FreenBecky,1,16,2023/3/7,1294,0
r727,EngLot,2,6,2023/3/7,2086,1
r728,FreenBecky,1,11,2023/3/11,1025,1
r729,FreenBecky,4,40,2023/3/20,4639,0
r730,FreenBecky,5,24,2023/3/7,4873,1
r731,FreenBecky,5,30,2023/3/15,6276,0
r732,EngLot,8,6,2023/3/8,1524,0
r733,FreenBecky,20,102,2023/3/8,26214,1
r734,FreenBecky,35,204,2023/3/10,73626,0
r735,EngLot,2,0,2023/3/8,356,0
r736,FreenBecky,6,74,2023/3/12,6456,0
r737,EngLot,2,0,2023/3/8,1193,0
r738,MeenBabe,17,203,2024/7/8,51129,0
r739,LingOrm,22,52,2023/4/17,15421,1
r740,FreenBecky,10,29,2023/3/11,3617,0
r741,FreenBecky,7,89,2023/3/12,14248,1
r742,FreenBecky,20,114,2023/3/12,18625,1
r743,EngLot,16,380,2023/5/4,153813,1
r744,FreenBecky,35,600,2023/3/25,228919,1
r745,FreenBecky,7,50,2023/3/12,6394,1
r746,EngLot,1,16,2023/3/20,988,1
r747,FreenBecky,17,122,2023/3/20,27621,1
r748,FreenBecky,16,47,2023/3/12,13352,1
r749,NamneungNoey,1,9,2023/3/13,1991,1
r750,FreenBecky,8,49,2023/3/13,7672,1
r751,EngLot,6,2,2023/3/13,487,0
r752,FreenBecky,11,105,2023/3/14,14675,1
r753,EngLot,21,575,2023/4/6,256166,1
r754,EngLot,1,2,2023/3/14,1128,1
r755,FreenBecky,6,45,2023/3/15,9361,0
r756,FreenBecky,19,112,2023/3/24,32495,1
r757,FreenBecky,1,28,2023/3/18,1886,1
r758,EngLot,2,6,2023/3/16,1349,0
r759,NamneungNoey,23,130,2023/3/23,42842,1
r760,EngLot,14,32,2023/3/17,11860,0
r761,FreenBecky,2,13,2023/3/16,2114,1
r762,EngLot,18,445,2023/3/19,180646,1
r763,EngLot,1,5,2023/3/21,1051,0
r764,FreenBecky,22,340,2023/3/17,118652,1
r765,FreenBecky,13,37,2023/8/25,5571,1
r766,FreenBecky,11,230,2023/3/18,35969,1
r768,EngLot,11,238,2023/3/19,105496,1
r769,EngLot,23,64,2023/3/19,45922,1
r770,EngLot,20,535,2023/6/2,281958,1
r771,EngLot,12,140,2023/3/21,40087,0
r772,EngLot,1,1,2023/3/19,313,0
r773,FreenBecky,1,4,2023/3/20,292,0
r774,EngLot,1,10,2023/3/21,1779,0
r775,EngLot,2,1,2023/3/20,147,0
r776,EngLot,25,29,2025/3/25,20575,1
r777,EngLot,7,93,2023/5/4,36038,1
r778,EngLot,5,5,2023/3/21,1621,1
r779,FreenBecky,5,7,2023/3/21,787,0
r780,FreenBecky,1,7,2023/12/6,394,0
r781,EngLot,14,332,2023/3/22,85289,1
r782,FreenBecky,12,66,2023/3/22,15067,1
r783,EngLot,1,11,2023/3/22,495,0
r784,NamneungNoey,1,0,2023/3/26,698,1
r785,EngLot,21,41,2023/3/23,24446,1
r786,EngLot,12,229,2023/4/28,56381,1
r787,FreenBecky,2,23,2023/3/22,3643,1
r788,FreenBecky,1,5,2023/7/4,363,0
r789,NamneungNoey,5,137,2023/4/10,154316,1
r790,FreenBecky,32,227,2023/4/14,113828,1
r791,FreenBecky,34,222,2023/3/23,121907,1
r792,EngLot,1,153,2023/3/23,27029,1
r793,FreenBecky,7,24,2023/3/24,3288,0
r794,EngLot,1,7,2023/3/24,2385,1
r795,NamneungNoey,2,21,2023/6/19,4219,0
r796,EngLot,3,5,2023/3/24,3032,1
r797,FreenBecky,17,34,2023/3/24,6491,1
r798,EngLot,23,16,2024/10/22,8582,1
r799,EngLot,3,11,2023/3/25,4542,1
r800,EngLot,3,41,2023/4/23,6212,0
r801,MilkLove,4,173,2023/3/30,12395,0
r802,EngLot,3,22,2023/3/26,5935,0
r803,EmiBonnie,1,2,2026/4/30,87,0
r804,FreenBecky,6,15,2023/3/26,2696,1
r805,EngLot,1,11,2023/3/27,2616,1
r806,LingOrm,6,426,2024/7/1,55073,0
r807,EngLot,1,3,2023/3/27,795,1
r808,NamneungNoey,30,40,2023/5/16,22317,0
r810,FreenBecky,5,44,2023/3/31,4237,0
r811,NamtanFilm,3,128,2024/12/24,10250,0
r812,FreenBecky,17,593,2023/3/31,112904,1
r813,EngLot,5,32,2023/3/28,6144,1
r814,FreenBecky,1,68,2023/3/30,4606,0
r815,FreenBecky,7,7,2023/3/29,1679,1
r816,EngLot,2,3,2023/3/29,1048,1
r817,FreenBecky,11,53,2023/3/29,11496,1
r818,FreenBecky,11,61,2024/3/1,15417,1
r819,EngLot,12,158,2023/4/12,38029,0
r820,EngLot,4,14,2023/3/31,2050,0
r821,FreenBecky,14,120,2023/3/31,23744,1
r822,FreenBecky,24,135,2023/3/31,42588,1
r823,EngLot,2,8,2023/4/1,979,0
r824,EngLot,4,8,2023/4/1,1723,0
r825,FreenBecky,2,6,2023/4/1,285,0
r826,FreenBecky,22,291,2023/4/12,67554,1
r827,EngLot,6,66,2023/4/1,10676,1
r828,FreenBecky,16,309,2023/4/17,58705,0
r829,FreenBecky,16,256,2023/4/3,33136,1
r830,EngLot,13,2,2023/4/2,1101,0
r831,EngLot,11,242,2023/4/2,77617,1
r832,LingOrm,18,62,2023/4/2,19404,0
r833,FreenBecky,14,40,2023/4/4,8838,0
r834,FreenBecky,1,6,2023/5/7,396,0
r835,EngLot,23,396,2023/4/9,111689,1
r836,EngLot,10,92,2023/4/3,36345,1
r837,EngLot,7,254,2023/4/4,69198,1
r838,EngLot,15,153,2023/4/4,43888,1
r839,LingOrm,2,40,2023/4/5,4834,0
r840,FreenBecky,4,13,2023/4/5,1677,1
r841,FreenBecky,1,12,2023/4/6,1240,1
r842,MilkLove,1,0,2026/8/14,142,0
r843,FreenBecky,3,62,2023/6/8,5258,1
r844,NamneungNoey,5,143,2023/4/17,23203,1
r845,FreenBecky,5,21,2023/4/7,3977,1
r846,FreenBecky,4,45,2023/4/7,4958,1
r847,FreenBecky,97,54,2023/4/7,49644,1
r848,FreenBecky,12,40,2023/5/9,10419,1
r849,FreenBecky,15,68,2023/4/8,13503,1
r850,FreenBecky,10,63,2023/4/8,12147,1
r851,EngLot,15,49,2023/4/26,26529,1
r852,EngLot,23,336,2023/4/8,101038,1
r853,FreenBecky,1,9,2023/4/8,310,0
r854,EngLot,22,143,2023/4/8,100733,1
r855,EngLot,23,66,2023/4/9,25439,0
r856,MeenBabe,12,267,2023/4/21,54998,0
r857,MeenBabe,2,1,2026/5/8,280,0
r858,NamneungNoey,1,3,2023/4/10,642,1
r859,FreenBecky,21,967,2023/4/9,276712,1
r860,NamneungNoey,1,5,2023/4/9,451,0
r861,FreenBecky,19,8,2023/4/14,3630,0
r862,NamneungNoey,1,1,2023/4/9,484,1
r863,FreenBecky,3,1,2023/4/10,407,0
r864,FreenBecky,2,13,2023/4/12,683,0
r865,FreenBecky,38,125,2023/4/22,57976,1
r866,FreenBecky,10,169,2023/4/10,36338,1
r867,MilkLove,7,52,2025/5/6,6878,1
r868,FreenBecky,2,50,2023/4/11,4529,0
r869,EngLot,4,117,2023/4/15,34497,0
r870,EngLot,9,219,2023/4/12,54513,1
r871,FreenBecky,18,109,2023/4/28,35330,1
r872,FreenBecky,1,5,2023/6/6,361,0
r873,EngLot,16,9,2023/5/28,5919,1
r874,NamneungNoey,7,14,2023/4/12,3767,0
r875,FreenBecky,31,243,2023/4/12,101799,1
r876,FreenBecky,1,41,2023/4/12,3178,1
r877,EngLot,29,79,2023/4/22,46543,1
r878,FreenBecky,10,30,2023/4/12,8165,1
r879,FreenBecky,25,425,2023/4/22,94005,1
r880,EngLot,11,32,2023/4/12,8821,1
r881,MeenBabe,3,168,2023/4/22,26647,1
r882,FreenBecky,16,148,2023/4/15,37862,1
r883,EngLot,6,393,2023/4/14,73426,1
r884,EngLot,27,364,2023/6/13,201417,1
r885,FreenBecky,16,114,2023/4/18,31651,1
r886,FreenBecky,3,9,2023/4/14,1175,0
r887,EngLot,7,7,2023/4/15,2825,0
r888,FreenBecky,11,193,2023/4/15,27984,1
r889,FreenBecky,3,35,2023/4/18,3198,0
r890,FreenBecky,1,46,2023/4/15,3983,1
r891,NamtanFilm,2,64,2023/11/9,6088,0
r892,FreenBecky,1,7,2023/4/20,620,1
r893,EngLot,5,200,2023/4/17,40782,1
r894,EngLot,8,25,2023/4/16,10981,0
r895,EngLot,19,758,2023/5/23,307910,1
r896,EngLot,7,180,2023/4/17,35511,1
r897,FreenBecky,3,44,2024/5/4,6798,0
r899,EngLot,1,6,2023/5/3,530,1
r900,FreenBecky,8,352,2023/5/1,67897,1
r901,FreenBecky,3,0,2025/12/16,115,1
r902,MeenBabe,2,77,2023/4/22,9257,0
r903,EngLot,2,7,2023/4/18,665,0
r904,FreenBecky,3,1,2023/4/18,475,0
r905,FreenBecky,1,0,2023/4/24,502,1
r906,EngLot,4,184,2023/4/20,28509,1
r907,NamneungNoey,2,12,2023/4/19,1834,1
r908,EngLot,12,29,2023/4/18,13376,1
r909,EngLot,1,1,2023/4/19,191,0
r910,FreenBecky,9,43,2023/4/19,11040,1
r911,EngLot,21,114,2023/4/20,53749,1
r912,EngLot,5,12,2023/4/19,1961,0
r913,EngLot,15,75,2023/4/19,36663,1
r914,FreenBecky,9,55,2023/4/20,10000,0
r915,EngLot,12,31,2023/4/19,12606,1
r916,EngLot,9,15,2023/5/8,2679,1
r917,FreenBecky,7,20,2023/4/19,3900,1
r918,MeenBabe,14,187,2023/4/23,66006,1
r919,EngLot,17,35,2023/4/20,19866,1
r920,FreenBecky,1,21,2023/4/20,1403,0
r921,EngLot,12,35,2023/4/22,14978,1
r922,LingOrm,5,4,2025/5/31,642,0
r923,EngLot,1,2,2023/5/25,390,0
r924,EngLot,15,35,2023/6/5,8799,1
r925,MeenBabe,19,235,2023/10/16,77971,1
r926,FreenBecky,1,16,2023/4/23,1652,1
r927,FreenBecky,4,9,2023/4/21,925,0
r928,FreenBecky,16,34,2023/4/21,11666,1
r929,NamneungNoey,19,14,2023/4/22,6524,0
r930,EngLot,6,14,2023/4/21,3258,1
r931,EngLot,3,4,2023/4/21,988,0
r932,EngLot,4,15,2023/4/22,9476,1
r933,FreenBecky,17,123,2023/4/26,36753,1
r934,FreenBecky,7,44,2023/4/27,7458,1
r935,FreenBecky,39,234,2023/4/26,150764,1
r936,FreenBecky,13,10,2023/4/22,3916,1
r937,EngLot,3,15,2023/4/22,1194,0
r938,MeenBabe,11,126,2023/4/22,32579,1
r939,FreenBecky,10,18,2023/4/22,3249,0
r940,EngLot,2,17,2023/4/24,1838,0
r941,FreenBecky,12,12,2023/5/7,7297,1
r942,FreenBecky,40,790,2023/5/9,294308,1
r943,EngLot,16,210,2023/4/26,77987,0
r944,EngLot,12,65,2023/4/23,27639,1
r945,MeenBabe,8,192,2023/4/24,36749,0
r946,EngLot,4,14,2023/4/23,3588,0
r947,EngLot,12,87,2023/4/25,36952,1
r948,EngLot,1,11,2023/4/26,479,0
r949,FreenBecky,28,663,2023/12/5,283236,0
r950,FreenBecky,4,70,2023/4/23,9653,1
r951,FreenBecky,1,10,2023/4/30,823,0
r952,EngLot,11,127,2023/4/25,50575,1
r953,FreenBecky,1,13,2023/4/24,671,0
r954,EngLot,1,10,2023/5/21,704,0
r955,FreenBecky,4,18,2023/5/1,2981,0
r956,FreenBecky,7,17,2023/4/24,1522,0
r957,FreenBecky,15,596,2023/5/2,222659,1
r958,FreenBecky,1,9,2023/4/25,617,0
r959,EngLot,25,341,2023/6/9,136672,1
r960,FreenBecky,7,25,2023/4/25,6070,1
r961,EngLot,9,17,2023/4/25,5246,1
r962,FreenBecky,21,70,2023/5/8,22925,1
r963,MeenBabe,6,129,2023/4/27,40007,1
r964,EngLot,4,4,2024/10/14,903,0
r965,EngLot,23,36,2023/6/26,21199,1
r966,FreenBecky,33,37,2023/5/19,22216,1
r967,FreenBecky,10,35,2023/4/26,10750,0
r968,FreenBecky,18,120,2023/4/26,46207,1
r969,EngLot,4,33,2023/4/26,4477,0
r970,FreenBecky,6,22,2023/4/26,2692,0
r972,EngLot,4,11,2023/5/4,1867,0
r973,MeenBabe,2,47,2023/4/27,8486,0
r974,MeenBabe,6,144,2023/5/3,30083,1
r975,FreenBecky,3,4,2023/4/27,613,0
r976,EngLot,5,15,2023/5/4,3901,1
r978,FreenBecky,6,97,2023/4/28,10293,1
r979,EngLot,72,209,2023/4/27,291599,0
r980,EngLot,6,2,2023/4/29,840,0
r981,EngLot,3,0,2024/3/28,266,0
r982,EngLot,1,2,2023/4/28,174,0
r983,EngLot,5,2,2023/4/30,553,0
r984,EngLot,12,252,2023/4/28,33840,1
r985,FreenBecky,1,10,2023/5/9,2460,1
r986,FreenBecky,15,137,2023/4/28,32446,1
r987,FreenBecky,9,30,2023/4/28,6172,0
r988,MeenBabe,7,61,2023/4/30,12073,0
r989,EngLot,13,59,2023/4/28,31585,1
r990,EngLot,12,51,2023/4/29,13929,1
r991,FreenBecky,5,21,2023/4/30,4288,1
r993,FreenBecky,8,68,2023/4/30,10829,1
r994,MeenBabe,5,68,2023/5/1,12871,1
r995,EngLot,13,100,2023/4/30,35283,1
r996,EngLot,5,10,2023/5/7,2800,0
r997,FreenBecky,2,8,2023/5/1,585,0
r998,EngLot,2,1,2025/3/4,211,0
r999,MeenBabe,2,48,2023/5/1,7261,0
r1000,EngLot,6,5,2023/5/1,1756,1
r1001,FreenBecky,14,56,2023/5/2,16830,1
r1002,LingOrm,17,59,2024/7/27,14478,1
r1003,EngLot,14,21,2023/5/3,10035,0
r1004,EngLot,8,22,2023/5/2,5720,0
r1005,EngLot,6,60,2023/5/3,20158,1
r1006,FreenBecky,23,47,2023/5/2,18007,1
r1007,EngLot,11,36,2023/5/6,14086,1
r1008,EngLot,10,14,2023/5/3,6605,1
r1009,EngLot,10,3,2023/10/15,1351,0
r1010,FreenBecky,13,88,2023/5/4,32315,1
r1011,FreenBecky,12,501,2023/5/8,133615,1
r1012,FreenBecky,31,250,2023/5/6,87022,1
r1013,EngLot,10,95,2023/5/8,41168,0
r1014,EngLot,6,20,2023/5/4,5448,1
r1015,EngLot,5,33,2023/5/4,10740,0
r1016,EngLot,5,50,2023/5/5,12371,1
r1017,EngLot,7,18,2023/5/4,7472,0
r1018,EngLot,51,170,2023/5/5,81237,1
r1019,FreenBecky,10,9,2023/5/5,4909,1
r1020,FreenBecky,18,94,2023/5/5,30316,1
r1021,EngLot,1,12,2023/5/5,902,0
r1022,EngLot,1,12,2023/5/5,7930,1
r1023,EngLot,1,4,2023/5/6,605,0
r1024,LenaMiu,10,2,2026/5/12,2221,0
r1025,FreenBecky,45,192,2023/5/19,73883,1
r1026,FreenBecky,7,9,2023/5/6,2043,0
r1027,NamneungNoey,4,13,2023/8/31,4534,0
r1028,FreenBecky,2,4,2023/5/6,1046,0
r1029,FreenBecky,2,0,2023/12/8,228,0
r1030,MeenBabe,15,138,2023/5/8,32442,1
r1031,MeenBabe,1,51,2023/7/14,3215,0
r1032,MeenBabe,16,178,2023/7/25,67071,1
r1033,FreenBecky,11,33,2023/5/7,9717,1
r1034,MeenBabe,1,73,2023/5/7,13466,1
r1035,EngLot,9,10,2023/7/19,4414,0
r1036,EngLot,1,7,2023/5/7,731,0
r1037,EngLot,3,13,2023/5/8,1993,0
r1038,MeenBabe,4,6,2023/5/8,1408,0
r1039,FreenBecky,18,108,2023/5/8,34675,1
r1040,MeenBabe,1,3,2024/4/24,317,0
r1043,EngLot,15,49,2023/5/9,14549,1
r1044,EngLot,26,679,2023/5/9,322431,1
r1045,EngLot,16,103,2023/5/9,58534,1
r1046,GinJay,1,1,2026/8/31,384,0
r1047,EngLot,6,8,2023/5/9,1857,0
r1048,MeenBabe,4,14,2023/5/9,3163,0
r1049,EngLot,12,82,2023/6/23,71373,0
r1051,FreenBecky,17,169,2023/5/9,56309,1
r1052,FreenBecky,35,54,2023/5/9,16383,0
r1053,EngLot,27,126,2023/5/9,57593,1
r1054,EngLot,1,16,2023/5/10,1292,1
r1055,FreenBecky,23,619,2023/7/5,195092,1
r1056,EngLot,11,70,2023/5/10,35526,1
r1057,FreenBecky,12,123,2023/5/10,38151,1
r1058,EngLot,15,82,2023/7/1,24861,1
r1059,FreenBecky,4,12,2023/5/10,1811,0
r1061,MeenBabe,2,9,2023/5/10,2326,0
r1062,EngLot,1,159,2023/5/11,9824,1
r1063,EngLot,13,126,2023/5/11,58946,1
r1064,EngLot,4,7,2023/5/11,3169,1
r1065,FreenBecky,4,7,2023/5/11,599,0
r1066,FreenBecky,12,35,2023/5/11,11955,1
r1067,EngLot,6,67,2023/5/27,11512,0
r1068,LingOrm,3,14,2024/10/23,2446,0
r1069,EngLot,3,2,2023/5/11,1384,1
r1070,EngLot,6,5,2023/5/11,3870,1
r1071,EngLot,6,10,2023/5/20,1508,1
r1072,FreenBecky,15,158,2023/5/17,56949,1
r1073,EngLot,21,579,2023/5/21,270095,1
r1074,EngLot,9,1,2023/5/12,1745,1
r1075,FreenBecky,7,576,2023/5/18,137008,0
r1076,FreenBecky,2,5,2023/5/12,1184,0
r1077,EngLot,1,17,2023/6/8,881,0
r1078,FreenBecky,8,84,2023/5/13,13603,1
r1080,FreenBecky,15,398,2023/5/13,145786,1
r1081,EngLot,12,18,2023/5/13,5412,1
r1082,FreenBecky,5,40,2023/5/17,4924,1
r1083,FreenBecky,12,74,2023/5/13,14198,0
r1084,NamneungNoey,5,11,2023/5/29,3735,0
r1085,EngLot,4,11,2023/7/29,3653,1
r1086,FreenBecky,6,30,2023/5/14,5073,1
r1087,FreenBecky,20,136,2023/5/15,35603,1
r1088,EngLot,15,94,2023/5/16,60574,0
r1089,EngLot,3,4,2023/5/17,1019,0
r1090,EngLot,4,39,2023/5/20,7226,1
r1091,FreenBecky,13,121,2023/5/17,25956,1
r1092,FreenBecky,2,14,2023/5/19,1278,0
r1093,NamneungNoey,3,4,2023/11/2,815,0
r1094,EngLot,25,209,2023/5/20,63460,1
r1095,EngLot,3,34,2023/5/19,11269,1
r1096,EngLot,1,0,2023/5/19,170,0
r1097,EngLot,7,10,2023/5/21,3028,1
r1098,EngLot,12,75,2023/5/23,30028,1
r1099,EngLot,5,34,2023/5/21,6547,0
r1100,LMSY,6,39,2024/11/16,4342,0
r1101,FreenBecky,1,59,2025/11/25,2358,1
r1102,EngLot,1,2,2023/5/21,131,0
r1103,FreenBecky,15,13,2025/9/19,2796,1
r1104,FreenBecky,1,26,2023/5/22,1851,0
r1105,MilkLove,31,640,2023/5/28,160892,1
r1106,EngLot,38,35,2023/7/31,26576,1
r1107,EngLot,13,221,2023/5/24,76000,1
r1108,EngLot,4,13,2023/5/24,3828,1
r1109,FreenBecky,17,30,2023/5/24,10958,1
r1110,FreenBecky,14,127,2023/6/3,36967,1
r1111,EngLot,16,142,2023/5/26,76369,1
r1112,EngLot,35,620,2023/7/20,445197,1
r1114,FreenBecky,26,648,2023/5/28,200568,1
r1115,EngLot,3,16,2023/6/25,3651,0
r1116,EngLot,14,7,2023/7/24,3964,1
r1117,EngLot,8,157,2023/10/28,40813,0
r1118,LenaMiu,17,183,2026/4/20,47461,0
r1119,EngLot,9,16,2023/5/27,7511,0
r1120,FreenBecky,1,10,2023/5/28,844,0
r1121,NamneungNoey,2,29,2023/5/27,15246,0
r1122,FreenBecky,42,699,2023/6/3,300552,1
r1123,EngLot,10,154,2023/5/28,62354,1
r1124,FreenBecky,4,9,2023/5/27,1156,0
r1125,EngLot,2,8,2023/6/26,916,0
r1126,FreenBecky,12,100,2023/5/28,22419,1
r1127,EngLot,14,51,2023/5/27,30574,1
r1128,EngLot,14,13,2023/5/27,8564,0
r1129,EngLot,9,34,2023/5/28,13795,0
r1130,EngLot,18,372,2023/10/14,134199,1
r1131,FreenBecky,2,15,2023/5/28,1448,1
r1132,FreenBecky,1,9,2023/5/28,1131,1
r1133,FreenBecky,3,7,2023/5/28,660,0
r1134,FreenBecky,2,22,2023/6/1,2518,0
r1135,NamneungNoey,9,3,2023/5/28,1714,0
r1136,EngLot,3,52,2023/5/28,12499,1
r1137,EngLot,22,221,2023/5/29,123343,1
r1138,FreenBecky,13,54,2023/5/29,14305,1
r1139,FreenBecky,16,157,2023/6/6,37925,1
r1140,EngLot,32,47,2023/5/30,36587,1
r1141,EngLot,1,9,2023/5/29,735,0
r1142,EngLot,7,45,2023/5/30,18106,1
r1143,GinJay,10,18,2023/8/15,4344,1
r1144,FreenBecky,29,102,2023/5/30,38994,1
r1145,FreenBecky,1,1,2023/5/30,115,0
r1146,EngLot,22,261,2023/6/2,131274,1
r1147,EngLot,5,1,2024/4/16,791,0
r1148,FreenBecky,25,390,2023/6/4,176034,1
r1149,FreenBecky,13,48,2023/11/11,4551,0
r1150,EngLot,11,55,2023/6/4,26572,1
r1151,FreenBecky,1,9,2024/7/10,1041,1
r1152,EngLot,25,231,2023/6/2,140903,1
r1153,EngLot,4,66,2023/6/2,18513,1
r1154,NamneungNoey,16,26,2023/6/23,19828,0
r1156,FreenBecky,24,66,2023/6/11,20246,1
r1157,FreenBecky,8,23,2023/6/2,5355,1
r1158,EngLot,22,347,2023/6/6,176816,1
r1159,FreenBecky,6,39,2023/6/11,5956,0
r1160,FreenBecky,43,63,2023/6/3,25816,1
r1161,MilkLove,23,183,2023/6/5,39527,1
r1163,EngLot,9,24,2023/6/3,16822,1
r1164,FreenBecky,1,29,2023/6/3,7451,1
r1165,JanJingjing,6,29,2023/6/4,4060,1
r1166,FreenBecky,9,18,2023/6/4,5734,1
r1167,EngLot,3,13,2023/6/7,2463,0
r1168,FreenBecky,4,87,2023/6/3,20323,1
r1169,EngLot,8,37,2023/7/1,19794,1
r1170,FreenBecky,17,187,2023/6/4,67022,1
r1171,EngLot,13,95,2023/6/17,26001,1
r1172,EngLot,24,19,2024/5/2,6851,0
r1173,EngLot,37,49,2023/6/7,26168,1
r1174,EngLot,16,71,2023/6/28,20022,0
r1175,FreenBecky,1,2,2023/6/5,233,0
r1176,EngLot,13,115,2023/6/10,62007,1
r1177,FreenBecky,5,55,2023/6/24,7034,1
r1178,FreenBecky,25,361,2023/6/30,78090,1
r1179,EngLot,34,112,2023/6/21,69955,1
r1180,FreenBecky,1,10,2023/6/12,692,0
r1181,FreenBecky,1,4,2023/6/6,222,0
r1182,EngLot,31,397,2023/6/30,148414,1
r1184,FreenBecky,2,0,2023/6/20,26,0
r1185,EngLot,1,2,2023/6/6,1131,1
r1186,EngLot,17,179,2023/6/7,86877,1
r1187,EngLot,6,17,2023/6/13,8519,1
r1188,FreenBecky,16,110,2023/6/11,32432,1
r1189,EngLot,30,336,2023/6/9,250486,1
r1190,MeenBabe,20,297,2023/6/30,113929,1
r1191,EngLot,18,136,2023/7/15,65270,1
r1192,EngLot,25,255,2023/6/15,142554,1
r1193,EngLot,36,214,2023/6/21,120437,1
r1194,MeenBabe,5,27,2023/6/9,9464,0
r1195,MeenBabe,12,344,2023/6/10,83605,1
r1196,EngLot,15,33,2023/6/11,14821,1
r1197,EngLot,1,39,2023/6/9,5181,1
r1198,FreenBecky,1,0,2023/6/9,78,0
r1199,EngLot,17,479,2023/6/11,194921,1
r1200,FreenBecky,14,26,2023/6/9,6997,1
r1201,EngLot,13,37,2023/6/9,22585,1
r1202,EngLot,7,149,2023/6/10,31052,0
r1203,FreenBecky,25,79,2023/6/10,29644,1
r1204,FreenBecky,6,13,2023/6/11,1994,0
r1205,MeenBabe,43,77,2023/6/11,45969,1
r1206,FreenBecky,24,39,2023/6/11,14263,1
r1207,FreenBecky,13,104,2023/6/11,22419,1
r1208,EngLot,1,7,2023/6/18,699,0
r1209,FreenBecky,18,147,2023/7/4,37366,1
r1210,FreenBecky,12,23,2023/6/11,4083,1
r1211,EngLot,1,7,2023/6/18,882,0
r1212,NamneungNoey,3,2,2023/6/11,1190,1
r1213,EngLot,22,131,2023/6/12,76336,1
r1214,EnjoyJune,4,53,2025/8/13,5779,1
r1215,LingOrm,42,67,2025/1/1,32203,1
r1216,EngLot,29,61,2023/6/12,20712,1
r1217,FreenBecky,21,204,2023/6/12,60648,1
r1218,EngLot,10,137,2023/6/13,80430,1
r1220,EngLot,1,3,2023/6/17,251,0
r1221,EngLot,20,36,2023/6/19,16945,1
r1223,EngLot,11,4,2023/6/14,2795,0
r1224,EngLot,1,10,2023/6/20,805,1
r1225,FreenBecky,26,150,2023/6/14,56677,1
r1226,EngLot,5,20,2023/8/20,2707,0
r1227,EngLot,27,160,2023/6/15,59869,1
r1228,EngLot,10,66,2023/7/26,17111,1
r1229,EngLot,1,3,2023/9/30,471,0
r1230,FreenBecky,11,56,2023/6/16,15332,1
r1231,EngLot,8,5,2023/6/17,1329,0
r1232,EngLot,14,157,2023/6/21,72884,1
r1233,EngLot,3,5,2023/6/18,528,0
r1234,EngLot,16,480,2023/7/9,179565,1
r1235,FreenBecky,18,104,2023/7/6,24591,1
r1236,FreenBecky,33,309,2023/7/29,98285,1
r1237,FreenBecky,1,8,2023/6/19,428,0
r1238,FreenBecky,20,65,2023/6/19,26513,1
r1239,MeenBabe,11,23,2023/7/1,7921,1
r1240,EngLot,1,5,2023/6/19,781,0
r1241,FreenBecky,42,183,2023/6/20,99560,1
r1242,FreenBecky,20,71,2023/6/20,20921,1
r1244,FreenBecky,3,9,2023/8/21,597,0
r1245,FreenBecky,15,45,2024/1/21,9312,0
r1246,FreenBecky,7,63,2023/8/28,9699,0
r1247,FreenBecky,22,82,2023/6/24,24925,0
r1248,FreenBecky,36,62,2023/7/1,41646,0
r1249,EngLot,1,3,2023/7/31,211,0
r1250,EngLot,5,12,2023/9/29,3745,1
r1251,FreenBecky,17,29,2023/6/25,10225,1
r1252,FreenBecky,15,117,2023/6/24,12630,1
r1253,FreenBecky,19,33,2023/8/2,11339,1
r1254,EngLot,6,27,2023/6/24,6512,0
r1255,JanJingjing,2,17,2023/6/25,873,1
r1256,EngLot,3,9,2023/6/24,3588,1
r1257,EngLot,3,7,2023/6/25,798,0
r1258,EngLot,1,52,2023/6/25,18918,1
r1260,FreenBecky,5,13,2023/6/26,4390,0
r1261,NamneungNoey,61,239,2023/8/1,249060,1
r1262,EngLot,15,15,2023/6/28,4056,0
r1263,FreenBecky,15,86,2023/6/28,16312,1
r1264,FreenBecky,4,15,2023/6/29,1962,0
r1265,FreenBecky,12,294,2023/7/2,43604,1
r1266,FreenBecky,7,17,2023/6/28,3035,0
r1267,FreenBecky,18,103,2023/8/5,22114,1
r1269,FreenBecky,13,49,2023/7/8,8736,1
r1270,EngLot,20,58,2023/7/8,26859,0
r1271,FreenBecky,4,10,2023/6/30,1824,0
r1272,FreenBecky,14,127,2023/7/9,33485,1
r1273,FreenBecky,18,74,2023/7/1,23739,1
r1274,EngLot,16,40,2023/7/1,19174,1
r1275,FreenBecky,9,7,2023/7/2,1011,0
r1276,EngLot,26,31,2023/7/8,22955,1
r1277,FreenBecky,13,43,2023/7/1,8799,1
r1278,EngLot,12,15,2023/7/1,6533,1
r1279,EngLot,13,65,2023/7/6,33109,1
r1280,FreenBecky,29,77,2025/3/7,35282,1
r1281,EngLot,9,44,2023/7/2,32007,1
r1282,EngLot,9,13,2023/7/2,2972,0
r1283,MeenBabe,4,10,2024/6/4,2158,0
r1284,EngLot,1,1,2023/7/4,140,0
r1285,FreenBecky,4,1,2025/9/14,486,0
r1286,FreenBecky,19,38,2023/7/3,18461,1
r1287,FreenBecky,33,99,2023/10/7,55774,1
r1288,EngLot,9,7,2023/7/4,1170,0
r1289,FreenBecky,34,602,2023/7/4,257316,1
r1290,FreenBecky,7,27,2023/7/5,5023,0
r1291,EngLot,3,15,2023/7/5,2141,0
r1293,EngLot,19,24,2023/7/7,17517,1
r1294,FreenBecky,3,21,2023/7/7,3459,0
r1295,EngLot,13,108,2023/7/7,43203,1
r1296,FreenBecky,4,16,2023/7/9,1488,0
r1297,EngLot,11,158,2023/9/30,55120,1
r1299,EngLot,3,11,2023/7/8,3151,0
r1300,MeenBabe,1,10,2023/7/9,1118,0
r1301,FreenBecky,36,263,2023/7/12,132328,1
r1302,EngLot,10,95,2023/8/1,39002,1
r1303,FreenBecky,26,46,2024/4/8,17066,1
r1304,FreenBecky,20,95,2023/7/10,31556,1
r1305,EngLot,2,9,2024/1/18,2459,0
r1306,FreenBecky,22,45,2023/7/9,12962,0
r1307,FreenBecky,21,44,2023/7/9,10218,1
r1308,FreenBecky,9,24,2024/12/6,3211,0
r1309,MeenBabe,15,179,2023/7/10,75844,1
r1310,FreenBecky,14,45,2023/7/22,7682,1
r1311,FreenBecky,9,211,2023/7/15,51172,1
r1312,FreenBecky,47,302,2023/12/5,98834,1
r1313,FreenBecky,5,5,2023/7/10,995,0
r1314,FreenBecky,2,37,2023/7/10,5495,1
r1315,EngLot,4,11,2023/8/21,1632,0
r1316,FreenBecky,47,488,2023/7/13,211465,1
r1317,EngLot,15,42,2023/7/11,19141,1
r1318,FreenBecky,7,46,2023/7/21,8982,0
r1319,FreenBecky,18,63,2023/8/6,16579,1
r1320,FreenBecky,2,2,2023/7/13,585,0
r1321,FreenBecky,8,17,2023/7/15,2887,0
r1322,EngLot,4,41,2023/7/12,19280,1
r1323,FreenBecky,1,94,2025/3/7,4822,1
r1324,FreenBecky,25,160,2023/7/14,55155,1
r1326,FreenBecky,7,183,2023/8/1,14858,1
r1327,ViewJune,1,19,2024/1/22,2212,0
r1328,EngLot,4,5,2023/7/14,1695,1
r1329,EngLot,1,5,2023/8/14,365,1
r1330,EngLot,15,94,2023/7/17,25907,0
r1331,EngLot,25,183,2023/7/16,107998,1
r1332,EngLot,11,197,2023/7/15,65010,1
r1333,LingOrm,1,4,2024/4/22,65,0
r1334,FreenBecky,13,18,2023/7/18,6281,1
r1335,EngLot,20,97,2023/7/20,66862,1
r1336,FreenBecky,10,75,2023/7/18,16998,0
r1337,MeenBabe,2,131,2023/7/24,16470,1
r1338,EngLot,11,22,2023/7/17,12645,1
r1339,FreenBecky,21,24,2023/7/17,10833,0
r1340,EngLot,15,26,2023/7/18,14314,1
r1341,FreenBecky,2,4,2023/7/18,301,0
r1342,EngLot,19,408,2023/7/29,216880,1
r1343,ViewJune,1,11,2023/7/19,1687,0
r1344,MeenBabe,11,353,2023/10/22,89689,1
r1345,FreenBecky,21,237,2023/7/19,83959,1
r1346,EngLot,8,16,2023/8/6,3571,0
r1347,EngLot,15,307,2023/7/27,112077,1
r1348,FreenBecky,13,89,2023/7/23,31200,1
r1349,FreenBecky,42,453,2023/9/4,193949,1
r1350,EngLot,8,186,2023/7/22,55022,1
r1351,NamneungNoey,1,10,2023/7/21,811,1
r1352,EngLot,3,9,2023/7/22,2254,0
r1353,EngLot,32,230,2023/7/26,154961,1
r1354,EngLot,3,1,2023/7/22,586,0
r1355,EngLot,17,40,2023/7/22,17877,0
r1356,FreenBecky,9,59,2023/8/2,10194,0
r1358,FreenBecky,6,10,2023/7/25,1409,0
r1359,EngLot,9,2,2024/6/10,1267,1
r1360,FreenBecky,10,6,2023/8/6,2288,0
r1361,EngLot,16,453,2023/7/26,145604,1
r1362,EngLot,18,64,2023/7/26,30658,1
r1363,FreenBecky,2,5,2023/10/26,640,0
r1364,EngLot,17,417,2023/7/27,172014,1
r1365,FreenBecky,51,129,2023/7/26,81743,1
r1366,EngLot,25,362,2024/10/11,187696,1
r1367,EngLot,27,503,2023/7/26,330579,1
r1368,EngLot,27,310,2023/8/3,172393,1
r1369,FreenBecky,26,94,2023/7/27,29806,1
r1370,EngLot,9,32,2023/8/2,11707,0
r1371,FreenBecky,3,14,2023/8/15,1592,0
r1372,EngLot,10,63,2023/7/29,25949,1
r1373,NamneungNoey,15,198,2023/7/30,40530,0
r1374,LingOrm,39,505,2024/8/22,157872,1
r1375,NamneungNoey,16,2,2023/7/28,1227,0
r1376,FreenBecky,10,33,2023/7/29,10194,1
r1377,EngLot,6,52,2023/7/29,19880,0
r1378,EngLot,4,2,2023/7/28,2058,0
r1379,MeenBabe,3,15,2023/7/28,3483,1
r1381,EngLot,6,48,2023/8/2,26284,1
r1382,EngLot,13,9,2023/7/30,2618,0
r1383,EngLot,14,40,2023/7/30,20965,1
r1384,FreenBecky,7,23,2023/7/30,2482,0
r1385,EngLot,6,25,2023/8/8,5143,0
r1387,FreenBecky,1,20,2023/7/31,2041,1
r1388,NamneungNoey,3,2,2023/7/30,169,0
r1389,NamneungNoey,1,21,2023/8/5,6136,1
r1390,EngLot,15,58,2023/7/31,24678,0
r1391,FreenBecky,6,14,2023/7/31,1342,1
r1392,FreenBecky,1,4,2023/8/1,292,0
r1393,FreenBecky,4,7,2023/7/31,695,0
r1395,EngLot,5,10,2023/7/31,2015,0
r1396,EngLot,27,54,2023/8/20,37779,1
r1397,FreenBecky,5,17,2023/8/1,1881,1
r1398,MeenBabe,2,25,2023/8/1,2747,0
r1399,EngLot,13,126,2023/8/2,52709,1
r1400,EngLot,1,3,2023/8/1,113,0
r1401,EngLot,2,6,2023/8/1,503,0
r1402,MilkLove,6,21,2023/8/6,4929,1
r1403,FreenBecky,1,3,2023/8/2,397,0
r1404,EngLot,17,90,2023/8/4,45053,1
r1405,FreenBecky,7,130,2023/8/3,30399,1
r1406,FreenBecky,22,48,2023/8/3,13484,1
r1407,EngLot,11,67,2023/8/5,35816,1
r1408,EngLot,33,84,2024/1/14,62716,1
r1409,FreenBecky,25,118,2023/8/5,42158,1
r1410,EngLot,2,11,2023/8/6,1215,0
r1411,EngLot,1,4,2025/6/19,328,0
r1412,FreenBecky,17,185,2023/8/7,78416,1
r1413,FreenBecky,25,49,2023/8/7,16885,1
r1414,EngLot,3,14,2023/8/14,2662,0
r1415,EngLot,13,86,2023/8/7,50324,1
r1416,FreenBecky,9,73,2023/8/10,15930,1
r1417,EngLot,6,177,2023/8/7,37914,0
r1418,EngLot,17,508,2023/8/11,179833,1
r1419,EngLot,23,429,2023/8/8,187152,0
r1420,EngLot,22,552,2023/8/10,353457,1
r1421,FreenBecky,9,86,2023/8/10,25864,1
r1422,EngLot,10,17,2023/8/9,5192,1
r1423,EngLot,26,30,2023/8/12,17068,1
r1424,EngLot,8,8,2023/8/10,2851,0
r1425,EngLot,28,62,2023/8/10,49992,1
r1426,EngLot,7,14,2023/8/11,3882,0
r1427,EngLot,6,24,2023/8/15,7204,1
r1429,EngLot,15,98,2023/10/7,32650,1
r1430,NamneungNoey,7,34,2023/8/28,27576,0
r1431,NamtanFilm,10,66,2025/11/21,10559,1
r1432,MeenBabe,17,106,2023/8/15,28565,0
r1433,FreenBecky,2,4,2023/8/13,334,0
r1434,FreenBecky,12,13,2023/8/13,3196,0
r1435,MeenBabe,8,41,2023/10/22,13252,1
r1436,EngLot,10,14,2023/8/14,8669,1
r1437,FreenBecky,10,121,2023/10/31,21796,1
r1438,EngLot,1,10,2023/8/14,932,0
r1439,FreenBecky,1,2,2023/8/14,129,0
r1440,EngLot,13,86,2023/8/15,34399,1
r1441,FreenBecky,3,9,2023/10/16,1610,0
r1442,EngLot,3,15,2023/8/15,8768,1
r1443,NamneungNoey,9,5,2023/8/16,1638,0
r1444,MilkLove,31,149,2024/6/23,33780,1
r1445,EngLot,5,46,2023/8/16,13545,1
r1446,MeenBabe,14,203,2023/9/21,64840,1
r1447,EngLot,1,14,2023/8/17,1990,0
r1448,FreenBecky,12,28,2023/8/17,8342,0
r1449,FreenBecky,14,115,2023/8/19,42631,1
r1450,EngLot,4,5,2023/8/18,832,0
r1451,FreenBecky,18,47,2023/8/19,13483,1
r1452,FreenBecky,8,120,2023/12/30,14367,1
r1453,FreenBecky,9,5,2023/9/9,1686,0
r1454,MeenBabe,1,25,2023/8/31,3356,0
r1455,MeenBabe,2,5,2023/8/19,1205,0
r1456,EngLot,5,3,2023/8/19,512,0
r1457,FreenBecky,2,18,2023/11/12,3751,0
r1458,FreenBecky,35,93,2023/9/2,42791,1
r1459,EngLot,30,60,2023/8/20,7328,1
r1460,FreenBecky,1,3,2023/8/19,411,0
r1462,EngLot,1,3,2023/8/21,998,0
r1463,EngLot,1,24,2023/8/20,907,0
r1464,FreenBecky,5,24,2023/10/28,4769,0
r1465,FreenBecky,6,23,2023/8/20,4496,1
r1466,FreenBecky,3,156,2023/8/21,20259,1
r1467,EngLot,7,109,2023/8/26,19216,0
r1468,EngLot,4,4,2023/8/21,804,0
r1469,LingOrm,1,5,2025/2/14,886,1
r1470,FreenBecky,11,5,2023/8/24,1466,0
r1471,FreenBecky,18,50,2023/8/24,15397,1
r1472,EngLot,10,58,2023/8/22,19874,1
r1473,EngLot,10,14,2023/8/22,6121,0
r1474,EngLot,14,224,2023/9/2,82900,1
r1475,MilkLove,13,158,2025/5/13,17460,0
r1476,EngLot,7,28,2023/8/26,6846,0
r1477,FreenBecky,24,301,2023/8/28,83197,0
r1478,EngLot,22,12,2023/8/26,6491,0
r1479,FreenBecky,5,35,2024/3/19,4209,0
r1480,EngLot,1,10,2023/11/3,765,0
r1481,EngLot,25,45,2023/9/12,11282,0
r1482,EngLot,11,6,2023/9/13,3280,1
r1483,EngLot,1,6,2023/8/26,524,0
r1484,EngLot,2,7,2023/8/26,5723,0
r1485,MilkLove,2,1,2023/8/26,167,0
r1486,FreenBecky,12,12,2024/1/9,3425,1
r1487,FreenBecky,23,48,2023/9/3,15498,1
r1488,EngLot,27,320,2023/9/10,182030,1
r1489,FreenBecky,25,97,2023/8/31,31797,1
r1490,EngLot,3,4,2023/10/27,550,0
r1491,EngLot,1,5,2023/8/27,239,0
r1492,EngLot,10,21,2023/8/27,7633,1
r1493,FreenBecky,3,7,2023/10/18,1414,0
r1494,EngLot,2,7,2023/8/27,2494,0
r1495,LenaMiu,4,51,2026/1/8,4566,0
r1496,NamneungNoey,12,277,2023/8/31,40351,1
r1497,EngLot,13,27,2023/8/28,12825,1
r1498,EngLot,15,166,2023/8/29,43186,1
r1499,EngLot,20,380,2023/9/6,131315,1
r1500,EngLot,22,52,2023/8/30,13959,1
r1502,FreenBecky,3,3,2023/8/30,592,0
r1503,FreenBecky,11,66,2023/9/7,24995,1
r1504,EngLot,2,22,2023/8/30,7380,1
r1505,EngLot,2,2,2023/8/31,941,0
r1506,FreenBecky,18,100,2023/10/31,30212,1
r1507,EngLot,4,4,2023/9/1,544,0
r1508,EngLot,9,4,2023/9/1,4357,0
r1509,EngLot,1,11,2023/9/20,1271,1
r1510,FreenBecky,9,12,2023/10/19,3173,0
r1511,FreenBecky,1,0,2023/9/10,276,0
r1512,FreenBecky,8,7,2023/9/3,1705,1
r1514,FreenBecky,1,10,2023/9/4,830,0
r1515,FreenBecky,18,59,2023/11/9,19099,1
r1516,EngLot,1,5,2023/9/4,372,0
r1517,FreenBecky,4,17,2023/9/6,1835,0
r1518,LMSY,1,0,2026/4/17,57,0
r1519,FreenBecky,18,91,2023/12/9,18101,1
r1520,EngLot,11,82,2023/9/5,51102,1
r1521,FreenBecky,18,124,2023/9/7,41870,0
r1522,FreenBecky,1,0,2023/9/7,147,0
r1523,EngLot,31,220,2023/9/11,115678,1
r1524,FreenBecky,26,96,2023/9/8,40177,1
r1525,FreenBecky,7,57,2023/9/10,8377,1
r1526,FreenBecky,5,47,2023/9/11,8083,0
r1527,EngLot,16,115,2023/9/9,44449,1
r1528,EngLot,2,25,2023/9/10,3360,0
r1529,EngLot,12,13,2023/10/7,3151,1
r1530,LingOrm,34,935,2025/7/31,350066,1
r1531,EngLot,14,27,2023/9/10,9114,1
r1533,FreenBecky,16,30,2023/10/26,13883,0
r1534,NamtanFilm,13,209,2023/9/11,48043,1
r1535,FreenBecky,4,13,2023/9/14,1525,0
r1536,EngLot,1,1,2023/9/13,313,0
r1537,EngLot,5,42,2023/9/21,6984,0
r1538,FreenBecky,18,79,2023/12/10,18685,1
r1539,EngLot,20,91,2023/9/13,48369,1
r1540,EngLot,2,16,2023/11/3,1165,0
r1541,FreenBecky,21,170,2023/9/23,55400,1
r1542,FreenBecky,8,11,2023/9/15,1599,0
r1543,MeenBabe,20,348,2023/9/18,105500,1
r1544,EngLot,2,3,2023/9/16,556,0
r1545,FreenBecky,8,8,2023/9/16,1538,0
r1546,NamneungNoey,1,11,2023/9/16,1575,1
r1547,EngLot,17,173,2023/9/17,42857,1
r1548,EngLot,10,77,2023/9/23,28479,1
r1549,EngLot,2,11,2025/9/25,1045,0
r1551,MeenBabe,5,26,2023/9/17,3271,0
r1552,EngLot,7,68,2023/9/18,37861,1
r1553,EngLot,1,1,2023/10/15,476,0
r1554,EngLot,29,465,2023/10/3,224706,1
r1555,EngLot,4,11,2023/9/19,2180,0
r1556,FreenBecky,16,15,2024/3/9,4294,1
r1557,EngLot,3,1,2023/9/22,423,0
r1558,EngLot,9,13,2023/9/19,12314,1
r1559,EngLot,32,52,2023/9/19,30093,1
r1560,EngLot,7,13,2023/9/23,1720,1
r1561,EngLot,2,2,2023/12/24,209,0
r1562,EngLot,1,2,2023/9/20,124,0
r1563,EngLot,4,25,2023/10/20,8755,0
r1564,FreenBecky,8,81,2023/9/21,18866,1
r1566,FreenBecky,1,1,2023/9/21,116,0
r1567,FreenBecky,25,55,2023/10/14,16598,1
r1569,EngLot,15,29,2023/9/22,13066,1
r1570,EngLot,8,12,2023/9/22,3461,0
r1571,EngLot,1,3,2023/9/23,698,0
r1573,EngLot,3,3,2023/9/24,457,0
r1574,EngLot,1,5,2023/9/23,494,0
r1575,EngLot,1,6,2023/9/24,499,0
r1576,EngLot,6,78,2023/9/24,21688,1
r1577,FreenBecky,20,52,2023/9/24,16286,1
r1578,NamneungNoey,13,49,2023/10/13,17846,1
r1579,EngLot,14,273,2023/9/25,128047,1
r1580,EngLot,9,81,2023/9/25,21583,0
r1581,EngLot,1,1,2023/9/25,176,0
r1582,ViewJune,13,126,2023/9/30,19963,1
r1583,EngLot,20,504,2023/10/4,228124,1
r1584,ViewJune,1,4,2023/10/2,909,0
r1585,EngLot,17,569,2023/10/1,224135,1
r1586,EngLot,24,627,2023/9/26,385174,1
r1587,EngLot,1,9,2023/9/26,815,0
r1588,EngLot,19,429,2023/10/5,231898,1
r1590,EngLot,31,180,2023/10/9,170481,1
r1591,EngLot,8,23,2023/10/21,6715,1
r1592,FreenBecky,9,13,2023/9/27,3053,1
r1593,MilkLove,3,8,2023/10/8,3744,0
r1594,FreenBecky,6,36,2023/9/28,4361,0
r1595,EngLot,31,346,2023/10/1,189373,1
r1596,FreenBecky,31,57,2023/9/28,16621,1
r1597,EngLot,14,250,2023/9/30,120778,1
r1598,FreenBecky,18,47,2023/9/29,18480,1
r1599,EngLot,20,102,2023/10/1,67653,1
r1600,FreenBecky,11,79,2023/9/30,10406,1
r1601,EngLot,3,6,2023/9/29,292,0
r1602,NamneungNoey,2,2,2023/9/29,1467,0
r1603,NamneungNoey,2,7,2023/11/13,1653,0
r1604,EngLot,4,45,2023/9/30,6851,0
r1605,FreenBecky,32,52,2023/10/28,22700,1
r1606,EngLot,5,4,2023/9/30,970,0
r1607,EngLot,6,42,2023/10/1,21486,1
r1608,EngLot,2,7,2023/9/30,955,0
r1609,FreenBecky,9,26,2023/10/1,5465,1
r1611,EngLot,27,24,2023/10/7,9590,1
r1613,LingOrm,34,3,2026/2/8,1266,0
r1614,FreenBecky,20,88,2023/10/1,36912,1
r1616,EngLot,6,82,2023/10/2,10798,1
r1617,EngLot,10,24,2023/10/2,9489,1
r1618,EngLot,6,1,2023/10/3,477,0
r1619,EngLot,4,10,2023/10/2,3958,1
r1620,EngLot,11,193,2023/10/3,83262,1
r1621,NamneungNoey,5,16,2023/10/3,1729,1
r1622,EngLot,1,1,2023/10/7,254,0
r1624,NamneungNoey,3,11,2023/10/6,2826,0
r1625,EngLot,21,101,2023/10/4,55159,1
r1626,EngLot,1,1,2023/10/5,161,0
r1627,EngLot,24,401,2023/10/4,281963,1
r1628,EngLot,12,29,2023/10/9,10477,0
r1629,FreenBecky,2,16,2023/10/13,1087,0
r1630,EngLot,10,95,2023/10/7,19467,1
r1631,FreenBecky,9,16,2023/10/16,4662,0
r1632,FreenBecky,1,29,2023/10/9,1664,1
r1633,EngLot,8,14,2023/10/7,3710,0
r1634,EngLot,13,26,2023/10/9,11044,1
r1635,MeenBabe,18,654,2023/10/8,164393,1
r1636,EngLot,25,343,2023/11/8,203246,1
r1637,EngLot,27,618,2023/11/8,350633,1
r1638,FreenBecky,7,8,2023/10/7,1809,0
r1639,FreenBecky,6,13,2023/10/7,1726,1
r1641,NamneungNoey,7,13,2024/1/26,1057,0
r1642,EngLot,3,2,2023/10/8,217,0
r1644,EngLot,33,68,2023/10/9,41711,1
r1645,EngLot,12,64,2023/10/9,17255,1
r1646,MilkLove,39,270,2023/10/12,67859,0
r1647,GinJay,15,71,2025/11/7,19392,1
r1648,EngLot,18,28,2023/10/9,15891,1
r1649,EngLot,16,12,2023/10/11,4575,0
r1650,EngLot,1,6,2023/10/9,1940,0
r1652,EngLot,6,96,2023/10/10,11565,0
r1653,MeenBabe,24,117,2023/10/9,57004,1
r1654,EngLot,25,494,2023/10/29,193593,1
r1655,FreenBecky,7,8,2023/10/10,1551,1
r1656,EngLot,4,0,2023/10/15,915,1
r1657,EngLot,10,17,2023/10/10,5582,0
r1658,FreenBecky,18,39,2023/10/10,13888,1
r1660,EngLot,11,14,2023/10/10,9818,0
r1661,EngLot,25,570,2023/10/13,303837,1
r1662,FreenBecky,14,34,2023/10/11,5858,0
r1663,EngLot,8,89,2023/10/22,14433,0
r1664,FreenBecky,12,282,2023/10/12,29605,0
r1666,EngLot,4,22,2023/10/12,2577,0
r1667,FreenBecky,6,156,2023/12/10,12837,1
r1668,EngLot,1,2,2023/10/12,123,0
r1669,FreenBecky,1,12,2023/10/12,1305,1
r1670,FreenBecky,16,80,2023/11/1,15247,1
r1671,EngLot,6,88,2023/10/14,30664,1
r1672,FreenBecky,3,8,2023/10/13,500,0
r1673,FreenBecky,13,204,2023/10/13,78531,1
r1674,FreenBecky,14,48,2023/10/13,12723,1
r1675,EngLot,12,81,2023/10/15,28491,1
r1676,FreenBecky,19,94,2023/11/8,31158,0
r1677,FreenBecky,1,5,2023/10/13,909,1
r1678,EngLot,4,0,2026/2/28,136,0
r1679,LingOrm,1,9,2023/10/14,1879,1
r1680,EngLot,23,511,2023/12/26,191436,1
r1682,FreenBecky,5,23,2023/10/25,3204,1
r1683,EngLot,3,5,2023/10/14,1534,0
r1684,FreenBecky,2,6,2023/12/26,628,0
r1685,FreenBecky,50,205,2023/10/15,128688,1
r1686,EngLot,3,1,2025/5/11,199,0
r1687,EngLot,20,318,2023/10/31,125333,1
r1689,EngLot,15,77,2023/10/15,28313,0
r1691,FreenBecky,14,28,2023/10/16,8038,1
r1692,EngLot,7,44,2023/10/30,11855,1
r1693,EngLot,1,10,2023/10/16,1808,0
r1694,FreenBecky,9,45,2023/10/22,16828,1
r1695,FreenBecky,18,189,2023/10/17,51486,1
r1696,FreenBecky,21,25,2023/10/16,7409,1
r1697,EngLot,3,1,2023/10/16,713,1
r1698,EngLot,6,81,2023/10/17,17436,1
r1699,FreenBecky,33,58,2023/12/20,18506,1
r1700,FreenBecky,10,15,2023/10/18,2173,1
r1701,EngLot,9,11,2023/10/23,2290,0
r1702,EngLot,11,54,2023/11/14,13962,1
r1703,FreenBecky,11,5,2023/10/18,511,0
r1704,FreenBecky,3,40,2023/10/17,3048,0
r1705,EngLot,1,3,2023/10/17,347,0
r1706,FreenBecky,13,8,2023/10/17,3254,1
r1707,EngLot,23,78,2024/1/9,35528,1
r1708,EngLot,23,76,2023/10/18,24591,0
r1709,FreenBecky,10,75,2023/10/18,11536,0
r1710,FreenBecky,15,180,2023/10/19,37710,0
r1711,FreenBecky,4,8,2023/10/18,1163,1
r1712,FreenBecky,4,4,2023/10/18,610,0
r1713,FreenBecky,27,27,2023/10/18,6266,1
r1714,FreenBecky,1,2,2024/1/2,966,1
r1715,EngLot,18,376,2023/10/20,174650,1
r1717,NamtanFilm,7,228,2023/10/20,41228,1
r1718,EngLot,1,8,2023/10/19,1627,0
r1719,FreenBecky,23,26,2023/10/19,8460,1
r1720,FreenBecky,18,48,2023/10/19,13486,1
r1721,FreenBecky,2,0,2023/10/23,724,0
r1722,FreenBecky,15,113,2023/10/20,26714,1
r1724,EngLot,2,44,2023/10/21,2765,0
r1725,EngLot,4,42,2023/10/20,8449,0
r1726,FreenBecky,20,76,2023/10/21,25817,1
r1728,EngLot,15,277,2023/11/5,75931,0
r1729,EngLot,11,5,2023/10/21,1271,0
r1730,EngLot,7,15,2024/7/4,2554,0
r1731,FreenBecky,4,23,2023/10/21,5814,1
r1732,NamneungNoey,3,0,2023/10/22,156,0
r1733,NamtanFilm,14,26,2023/10/23,4966,0
r1734,MeenBabe,15,111,2023/10/22,60097,1
r1735,FreenBecky,2,60,2023/10/22,5312,0
r1736,FreenBecky,13,15,2023/10/22,3462,1
r1737,EngLot,6,83,2023/10/23,24130,1
r1738,EngLot,1,1,2023/10/22,144,0
r1739,FreenBecky,10,30,2023/10/22,7279,1
r1740,EngLot,2,5,2023/11/11,2675,0
r1741,FreenBecky,1,2,2023/10/22,106,0
r1742,EngLot,9,5,2023/10/22,625,0
r1743,FreenBecky,13,69,2023/10/23,20652,0
r1744,FreenBecky,12,20,2023/10/25,5289,1
r1745,EngLot,21,150,2023/11/5,89985,1
r1747,EngLot,3,10,2023/10/23,4106,0
r1748,MeenBabe,7,34,2024/4/9,4179,0
r1749,EngLot,7,23,2025/7/29,2649,0
r1750,NamtanFilm,2,71,2024/11/11,5473,0
r1751,EngLot,25,445,2023/11/2,301896,1
r1753,FreenBecky,8,18,2023/10/25,2968,0
r1754,FreenBecky,1,0,2023/10/24,83,0
r1755,EngLot,7,51,2023/10/27,22634,1
r1756,FreenBecky,4,5,2023/10/26,954,0
r1757,EngLot,6,23,2023/10/24,4231,0
r1758,EngLot,11,149,2023/11/6,44873,1
r1759,EngLot,8,119,2023/11/12,33459,0
r1760,NamneungNoey,12,17,2023/12/14,7947,1
r1762,FreenBecky,23,25,2023/10/25,5666,1
r1763,EngLot,7,10,2023/10/26,4425,0
r1764,NamtanFilm,3,33,2023/11/6,3464,0
r1765,NamtanFilm,4,107,2023/10/29,8346,0
r1767,EngLot,2,6,2023/10/26,771,0
r1768,NamneungNoey,15,12,2023/10/26,3124,0
r1769,EngLot,20,43,2023/11/12,19750,1
r1770,FreenBecky,19,160,2023/10/27,53731,1
r1772,FreenBecky,43,22,2023/10/26,10215,0
r1773,EngLot,7,18,2023/11/7,4505,0
r1774,MilkLove,19,63,2023/10/28,15646,1
r1775,EngLot,2,12,2025/5/24,1568,0
r1776,EngLot,16,503,2023/10/28,208624,1
r1777,EngLot,20,214,2023/10/29,106563,1
r1778,FreenBecky,8,45,2023/10/27,8860,1
r1779,EngLot,3,5,2023/10/29,868,0
r1780,FreenBecky,3,64,2023/10/28,6855,1
r1781,EngLot,4,7,2023/11/10,942,0
r1782,EngLot,8,17,2023/10/27,4577,0
r1783,FreenBecky,29,44,2023/11/9,19607,1
r1784,EngLot,2,11,2023/10/28,3514,0
r1785,FreenBecky,10,24,2023/10/28,5562,1
r1786,NamtanFilm,15,877,2023/10/28,152883,1
r1787,MeenBabe,2,19,2023/10/29,1643,0
r1788,NamneungNoey,1,3,2024/9/9,1123,0
r1789,EngLot,12,11,2023/10/27,5164,0
r1790,FreenBecky,16,113,2023/10/27,49265,0
r1791,MeenBabe,7,51,2023/10/27,12021,0
r1792,EngLot,1,6,2023/11/12,2134,1
r1793,EngLot,5,98,2023/10/28,12543,0
r1794,EngLot,4,2,2023/10/28,158,0
r1795,FreenBecky,6,14,2024/2/1,898,0
r1796,FreenBecky,5,15,2023/10/28,1494,1
r1797,FreenBecky,28,91,2023/11/20,39465,1
r1798,EngLot,1,2,2023/10/28,311,1
r1799,FreenBecky,13,28,2023/10/29,5165,1
r1800,NamtanFilm,1,17,2023/10/29,1681,0
r1801,EngLot,5,32,2023/10/29,4334,0
r1802,EngLot,2,4,2023/10/29,1694,0
r1803,EngLot,2,0,2024/4/4,175,0
r1804,MeenBabe,13,83,2023/11/6,29589,1
r1805,MeenBabe,3,22,2023/10/30,4392,0
r1806,EngLot,7,56,2023/10/30,19359,1
r1807,EngLot,2,10,2023/12/1,1631,0
r1808,FreenBecky,14,11,2023/10/31,3566,1
r1809,NamneungNoey,2,1,2024/6/3,868,1
r1810,NamneungNoey,4,0,2023/10/31,113,0
r1811,FreenBecky,14,383,2023/12/30,56524,1
r1812,EngLot,4,101,2023/11/2,23926,1
r1813,FreenBecky,12,97,2023/11/1,16021,1
r1814,FreenBecky,7,15,2023/12/4,1817,1
r1815,EngLot,13,26,2023/10/31,9079,1
r1816,LingOrm,4,47,2023/11/2,6979,0
r1817,FreenBecky,1,3,2024/3/2,262,0
r1818,FreenBecky,13,66,2023/11/2,14273,0
r1819,NamtanFilm,2,8,2023/11/2,1567,0
r1820,EngLot,1,14,2023/11/5,411,0
r1821,FreenBecky,11,40,2024/1/14,9321,1
r1822,FreenBecky,43,143,2024/3/28,63865,1
r1823,NamneungNoey,1,1,2023/11/16,399,1
r1824,FreenBecky,13,9,2023/11/9,3892,1
r1825,MeenBabe,11,14,2025/1/29,2708,0
r1826,FreenBecky,1,8,2023/11/2,357,0
r1827,EngLot,7,146,2023/11/4,41693,1
r1828,FreenBecky,19,62,2023/11/19,24994,1
r1829,EngLot,17,30,2023/11/4,14512,1
r1830,FreenBecky,2,12,2023/11/11,2666,0
r1831,EngLot,2,9,2023/11/6,1264,0
r1832,EngLot,34,204,2023/12/11,190010,1
r1833,NamneungNoey,3,12,2023/11/5,1273,0
r1834,EngLot,11,5,2023/11/5,1274,0
r1835,FreenBecky,1,40,2023/11/6,3397,0
r1837,NamneungNoey,21,11,2024/1/12,3037,1
r1838,FreenBecky,21,20,2024/3/11,6232,1
r1839,FreenBecky,25,57,2023/11/14,21484,0
r1840,FreenBecky,10,82,2024/1/27,10254,0
r1841,FreenBecky,4,7,2023/11/6,501,0
r1842,FreenBecky,20,47,2023/11/11,15292,1
r1843,EngLot,16,267,2023/11/21,128349,1
r1844,EngLot,5,5,2023/11/6,1515,1
r1845,FreenBecky,17,82,2023/11/19,19033,1
r1846,LingOrm,17,1452,2024/4/9,283102,1
r1847,EngLot,16,269,2023/12/19,117038,1
r1848,FreenBecky,5,54,2023/11/7,8772,1
r1850,NamneungNoey,3,30,2024/1/26,3575,0
r1851,EngLot,4,14,2023/11/7,1497,0
r1852,MeenBabe,4,25,2023/12/27,4698,0
r1853,MeenBabe,13,224,2023/12/2,83571,1
r1854,FreenBecky,6,12,2023/11/9,1730,0
r1855,ViewJune,4,115,2024/4/27,9510,0
r1856,LingOrm,34,735,2025/12/11,284801,1
r1857,FreenBecky,18,62,2023/12/10,20081,1
r1858,EngLot,10,7,2023/11/11,2658,1
r1859,FreenBecky,8,4,2023/11/9,923,0
r1860,FreenBecky,44,315,2023/11/8,100138,1
r1862,EngLot,1,0,2023/11/9,127,0
r1863,GinJay,2,0,2023/11/9,551,0
r1864,EngLot,3,17,2023/11/11,1220,0
r1865,EngLot,3,13,2023/11/18,4921,0
r1866,MeenBabe,17,76,2023/11/19,26245,1
r1867,EngLot,1,10,2023/11/11,1738,1
r1868,EngLot,10,15,2023/11/10,6170,1
r1869,FreenBecky,21,168,2023/11/12,55903,1
r1870,EngLot,10,7,2024/5/30,2640,0
r1871,FreenBecky,9,36,2023/11/12,5853,1
r1872,MeenBabe,7,10,2023/11/11,2724,0
r1873,EngLot,21,899,2023/11/14,426162,1
r1874,EngLot,24,20,2023/11/12,6652,1
r1875,NamneungNoey,8,3,2023/11/11,1465,0
r1878,ViewJune,8,205,2023/11/13,30315,1
r1879,FreenBecky,24,13,2023/11/12,6993,1
r1880,EngLot,1,1,2023/11/14,531,1
r1881,EngLot,14,52,2023/11/14,24219,1
r1882,EngLot,2,14,2023/11/13,1708,0
r1883,NamtanFilm,15,152,2024/5/3,24551,0
r1884,FreenBecky,13,78,2023/11/19,14237,1
r1885,NamneungNoey,3,8,2023/12/5,909,0
r1886,EngLot,1,0,2024/2/28,190,0
r1887,EngLot,22,27,2023/11/16,15841,1
r1888,FreenBecky,11,192,2023/11/15,43050,0
r1889,MeenBabe,8,97,2024/1/6,11875,1
r1890,EngLot,1,1,2023/11/14,577,1
r1891,EngLot,1,1,2023/11/15,166,0
r1892,NamneungNoey,15,31,2023/11/15,22596,1
r1893,EngLot,3,3,2024/2/21,638,1
r1894,FreenBecky,4,17,2024/1/12,2263,1
r1895,FreenBecky,18,106,2023/12/9,28069,1
r1896,EngLot,3,39,2023/11/15,7177,0
r1897,EngLot,6,169,2023/11/15,31166,0
r1898,FreenBecky,11,51,2023/11/16,10132,1
r1899,EngLot,6,63,2023/11/19,19448,1
r1900,MeenBabe,5,17,2023/11/16,3943,0
r1901,NamneungNoey,7,9,2023/11/16,4688,0
r1902,MeenBabe,9,108,2023/11/17,36100,1
r1903,MeenBabe,3,14,2024/4/22,1448,0
r1905,EngLot,6,43,2024/1/11,10352,0
r1906,NamneungNoey,10,2,2023/11/17,1163,1
r1907,FreenBecky,22,31,2023/11/17,9993,1
r1908,EngLot,26,781,2023/11/19,488742,1
r1909,EngLot,25,220,2023/11/18,105950,1
r1910,JanJingjing,8,187,2026/6/15,17482,0
r1911,FreenBecky,13,30,2023/11/18,9674,1
r1912,MeenBabe,8,84,2023/11/23,16158,1
r1913,ViewJune,1,2,2023/11/25,340,0
r1915,LingOrm,9,330,2024/11/5,58078,0
r1916,FreenBecky,17,46,2023/11/20,14757,1
r1917,EngLot,6,6,2023/11/19,2284,1
r1919,NamtanFilm,8,19,2026/8/1,2931,0
r1920,FreenBecky,10,6,2023/12/9,1364,0
r1921,FreenBecky,19,282,2023/11/20,57810,1
r1922,MilkLove,9,36,2023/12/12,6617,1
r1923,EngLot,4,6,2023/11/21,2664,0
r1924,EngLot,5,2,2023/11/21,337,0
r1925,LingOrm,31,271,2023/11/22,132543,1
r1926,FreenBecky,18,72,2023/12/12,17801,1
r1927,FreenBecky,18,79,2023/12/14,18956,1
r1928,NamneungNoey,7,17,2023/12/3,4507,0
r1929,EngLot,7,3,2023/11/22,1385,0
r1930,FreenBecky,28,47,2024/3/13,18537,1
r1931,FreenBecky,4,148,2023/11/24,11925,0
r1932,MeenBabe,9,41,2023/11/27,12417,0
r1933,FreenBecky,1,16,2023/11/22,1456,0
r1934,FreenBecky,9,44,2023/11/26,7515,1
r1935,EngLot,22,349,2023/11/23,198779,1
r1936,EngLot,1,9,2023/12/8,665,0
r1937,FreenBecky,4,10,2023/11/23,832,0
r1938,EngLot,9,44,2023/11/23,17271,1
r1939,NamtanFilm,16,72,2023/12/8,15306,0
r1940,EngLot,22,24,2023/11/24,16974,1
r1941,FreenBecky,16,60,2023/11/27,28029,1
r1942,FreenBecky,1,1,2023/11/24,67,0
r1943,FreenBecky,25,15,2023/11/27,7858,1
r1945,FreenBecky,27,91,2023/12/2,34969,1
r1946,FreenBecky,18,40,2024/3/14,9014,1
r1947,FreenBecky,18,59,2024/3/5,11608,1
r1949,EngLot,5,107,2025/8/10,15039,1
r1950,EngLot,4,9,2023/12/11,1524,0
r1951,FreenBecky,6,6,2023/11/26,720,1
r1952,FreenBecky,3,2,2023/11/25,345,0
r1953,MeenBabe,9,17,2023/12/1,6407,1
r1954,FreenBecky,14,26,2024/5/22,9062,1
r1955,EngLot,2,16,2023/11/28,1333,0
r1956,FreenBecky,8,62,2024/1/14,10369,1
r1957,MeenBabe,23,160,2023/11/27,70937,1
r1958,EngLot,1,0,2023/11/26,288,0
r1959,FreenBecky,5,15,2023/11/26,1382,0
r1960,EngLot,24,961,2023/12/16,590537,1
r1961,EngLot,10,7,2023/11/29,4372,1
r1962,MeenBabe,8,64,2023/11/29,22011,0
r1963,FreenBecky,1,4,2023/11/27,545,1
r1966,EngLot,10,73,2023/11/28,29976,1
r1967,MeenBabe,8,64,2023/12/2,8618,0
r1968,NamtanFilm,1,2,2023/11/28,736,0
r1969,EngLot,16,15,2023/11/29,6376,1
r1970,EngLot,1,1,2023/11/30,107,0
r1971,JanJingjing,5,10,2026/7/1,1338,0
r1972,FreenBecky,3,4,2024/1/18,401,0
r1973,FreenBecky,17,50,2023/12/8,24655,1
r1974,MilkLove,2,5,2023/12/3,415,0
r1975,EngLot,2,4,2023/12/1,795,0
r1976,EngLot,3,2,2023/12/1,636,0
r1977,EngLot,8,55,2023/12/2,22741,1
r1978,EngLot,24,695,2023/12/2,338227,1
r1979,FreenBecky,17,51,2023/12/2,11874,1
r1980,MeenBabe,4,24,2023/12/2,5239,0
r1982,FreenBecky,60,356,2024/1/5,169242,1
r1985,FreenBecky,9,4,2023/12/3,872,0
r1986,FreenBecky,44,177,2023/12/17,115126,1
r1988,MeenBabe,3,3,2023/12/3,955,0
r1989,FreenBecky,3,22,2023/12/3,2011,0
r1990,FreenBecky,3,6,2023/12/3,463,0
r1991,EngLot,1,6,2023/12/4,785,0
r1992,FreenBecky,17,25,2023/12/11,7976,1
r1993,EngLot,15,16,2023/12/3,11041,1
r1994,MeenBabe,1,6,2023/12/3,630,0
r1996,NamneungNoey,1,0,2023/12/4,202,0
r1997,EngLot,1,1,2023/12/4,319,0
r1998,FreenBecky,4,0,2023/12/8,65,0
r1999,MeenBabe,26,297,2024/3/5,124144,1
r2001,FreenBecky,6,7,2023/12/26,786,0
r2003,FreenBecky,4,4,2024/1/17,331,0
r2004,EngLot,25,860,2023/12/6,578583,1
r2005,FreenBecky,42,482,2023/12/11,164631,1
r2006,NamtanFilm,6,30,2023/12/7,3412,0
r2007,EngLot,1,44,2023/12/23,3110,0
r2008,EngLot,33,11,2024/10/8,4773,1
r2009,LingOrm,18,207,2024/7/8,50982,0
r2010,EngLot,6,16,2024/1/7,1266,0
r2011,JanJingjing,1,17,2026/7/9,878,0
r2012,EmiBonnie,1,1,2026/8/9,43,0
r2013,EngLot,3,3,2023/12/9,664,1
r2014,FreenBecky,12,71,2023/12/9,17128,1
r2015,EngLot,6,32,2023/12/10,10123,1
r2016,EngLot,2,5,2024/4/3,1092,0
r2017,NamneungNoey,13,47,2023/12/11,23510,0
r2018,MeenBabe,3,19,2023/12/10,3879,0
r2019,NamtanFilm,8,29,2023/12/10,9675,1
r2020,NamtanFilm,20,173,2023/12/13,47020,1
r2021,EngLot,8,4,2023/12/10,1918,0
r2022,EngLot,2,7,2023/12/12,908,0
r2023,EngLot,5,4,2024/1/14,1728,0
r2024,MeenBabe,11,41,2024/1/9,8092,0
r2025,FreenBecky,17,9,2023/12/11,2096,0
r2026,FreenBecky,9,75,2024/2/18,9202,0
r2027,NamtanFilm,9,52,2023/12/14,13804,1
r2028,EngLot,3,3,2023/12/13,319,0
r2029,MeenBabe,12,332,2023/12/19,91042,1
r2030,NamtanFilm,5,14,2024/4/15,1281,0
r2031,EngLot,4,9,2023/12/15,1036,0
r2033,EngLot,3,51,2023/12/17,8607,0
r2035,EngLot,8,68,2023/12/16,22984,0
r2036,NamneungNoey,6,137,2024/3/4,21325,1
r2037,FreenBecky,8,82,2023/12/17,39716,1
r2038,MilkLove,14,579,2024/3/20,113037,1
r2039,FreenBecky,5,7,2023/12/17,835,1
r2040,FreenBecky,60,54,2024/4/13,31332,0
r2041,EngLot,1,11,2023/12/19,1688,0
r2042,EngLot,6,1,2023/12/19,1687,1
r2043,EngLot,29,28,2023/12/21,19362,1
r2044,FreenBecky,2,4,2023/12/20,649,0
r2045,EngLot,10,9,2023/12/20,1951,0
r2047,NamtanFilm,1,12,2023/12/27,1511,0
r2049,FreenBecky,1,16,2023/12/22,1684,0
r2050,FreenBecky,48,423,2023/12/22,142073,1
r2051,FreenBecky,2,7,2024/3/4,958,0
r2052,EngLot,22,555,2023/12/26,309588,1
r2053,FreenBecky,12,14,2023/12/26,3501,0
r2055,MeenBabe,5,10,2024/2/29,2323,0
r2056,FreenBecky,11,67,2023/12/26,18697,1
r2057,ViewJune,2,9,2023/12/27,973,0
r2058,FreenBecky,4,9,2023/12/26,1272,0
r2059,FreenBecky,1,4,2023/12/28,473,1
r2060,EngLot,34,253,2024/6/7,208508,1
r2062,FreenBecky,13,39,2024/1/4,11948,0
r2063,LMSY,9,68,2024/11/16,10661,1
r2064,EngLot,2,5,2023/12/27,234,0
r2065,EngLot,16,40,2023/12/28,14519,1
r2066,FreenBecky,2,4,2023/12/28,83,0
r2067,MilkLove,1,8,2024/1/22,606,0
r2068,EngLot,47,40,2024/1/5,9400,1
r2069,ViewJune,35,72,2024/2/2,24773,1
r2070,FreenBecky,19,44,2024/1/1,13927,1
r2071,EngLot,1,1,2023/12/29,183,1
r2072,FreenBecky,81,69,2024/2/4,33851,1
r2073,NamtanFilm,20,239,2024/6/4,51380,1
r2074,MeenBabe,9,48,2023/12/29,14113,0
r2075,EngLot,2,47,2025/5/17,8271,0
r2076,EngLot,23,391,2023/12/30,240360,1
r2077,FreenBecky,27,34,2024/3/15,7480,0
r2078,EngLot,14,13,2023/12/30,6695,1
r2079,FreenBecky,12,51,2023/12/31,10602,1
r2081,EngLot,16,20,2024/1/6,10197,1
r2082,EngLot,16,26,2024/1/1,8649,1
r2083,EngLot,5,5,2024/1/1,684,0
r2084,MeenBabe,2,8,2024/1/1,993,0
r2085,EngLot,19,399,2024/1/2,230265,1
r2086,FreenBecky,11,39,2024/1/2,5946,1
r2087,MeenBabe,13,167,2024/1/4,65176,1
r2088,EngLot,1,65,2024/1/2,4336,0
r2089,EngLot,30,242,2024/2/6,156513,1
r2090,FreenBecky,24,52,2024/1/2,19320,1
r2091,EngLot,30,193,2024/1/11,165528,1
r2092,MeenBabe,17,302,2024/1/25,89258,1
r2093,EngLot,2,10,2024/1/12,1708,0
r2094,FreenBecky,11,18,2024/1/7,4142,1
r2095,ViewJune,1,12,2024/1/11,1302,0
r2096,EngLot,27,709,2024/1/12,456250,1
r2097,FreenBecky,11,41,2024/1/5,5769,1
r2098,FreenBecky,6,13,2024/1/5,2381,1
r2099,EngLot,25,19,2024/1/5,5987,1
r2100,FreenBecky,2,15,2024/1/5,2622,1
r2101,NamneungNoey,18,162,2025/8/15,30107,1
r2102,NamneungNoey,2,7,2024/1/14,917,0
r2103,FreenBecky,13,5,2025/9/28,565,1
r2104,MeenBabe,12,143,2024/1/11,58443,1
r2105,NamneungNoey,3,38,2024/1/24,5700,0
r2106,FreenBecky,46,86,2024/2/15,41657,1
r2108,FreenBecky,13,50,2024/1/7,13876,1
r2109,FreenBecky,19,71,2024/1/7,15428,1
r2111,FreenBecky,18,79,2024/1/17,27904,0
r2113,NamneungNoey,2,18,2024/4/12,1634,0
r2115,FreenBecky,7,4,2024/3/22,466,0
r2116,EngLot,30,125,2024/1/12,59402,1
r2117,EngLot,1,9,2024/5/14,596,0
r2118,KapookCiize,10,14,2024/1/10,3672,1
r2119,FreenBecky,5,31,2024/1/17,2413,0
r2120,FreenBecky,24,114,2024/3/3,32504,1
r2121,FreenBecky,18,48,2024/4/14,12137,1
r2122,FreenBecky,8,52,2024/1/11,11197,1
r2123,EngLot,6,10,2024/10/14,3025,0
r2124,FreenBecky,21,26,2024/3/28,6252,0
r2125,FreenBecky,17,15,2024/1/17,3859,1
r2126,EngLot,1,3,2024/1/11,424,0
r2127,FreenBecky,2,3,2024/1/20,601,1
r2128,EngLot,1,3,2024/1/12,230,0
r2129,FreenBecky,18,78,2024/4/13,22790,1
r2130,EngLot,11,24,2024/1/12,7994,1
r2131,FreenBecky,17,2,2024/1/12,1161,0
r2132,FreenBecky,4,6,2024/1/12,696,0
r2133,EngLot,1,1,2024/4/23,279,0
r2134,EngLot,10,9,2024/1/13,2066,0
r2135,MeenBabe,4,53,2024/1/16,4131,0
r2136,EngLot,11,9,2024/1/13,3926,0
r2137,FreenBecky,27,113,2024/1/23,46505,0
r2138,NamneungNoey,2,0,2025/4/1,161,0
r2139,EngLot,5,1,2024/1/13,308,0
r2140,FreenBecky,20,315,2024/1/14,88995,1
r2141,FreenBecky,40,17,2024/1/27,7261,1
r2142,FreenBecky,4,8,2024/1/14,1271,0
r2143,FreenBecky,3,3,2024/1/14,254,0
r2145,LingOrm,19,2493,2024/10/1,709981,1
r2146,NamtanFilm,7,230,2024/1/19,42491,1
r2147,EngLot,10,55,2024/1/15,33404,1
r2149,EngLot,2,2,2024/1/17,642,0
r2150,FreenBecky,48,334,2024/1/21,155125,1
r2151,EngLot,9,72,2024/1/16,26022,1
r2152,NamneungNoey,9,13,2024/2/14,2830,1
r2153,FreenBecky,13,20,2024/1/16,7107,0
r2154,FreenBecky,1,3,2024/5/28,247,0
r2155,FreenBecky,65,586,2024/3/23,290919,1
r2156,FreenBecky,12,13,2024/2/7,1987,1
r2157,FreenBecky,20,98,2024/3/20,40039,1
r2158,FreenBecky,18,141,2024/2/26,42451,1
r2159,FreenBecky,16,36,2024/1/23,10991,1
r2160,FreenBecky,11,69,2024/1/19,17587,1
r2161,EngLot,1,4,2025/3/11,468,0
r2162,AndaLookkaew,13,133,2024/2/1,27920,0
r2163,FreenBecky,8,26,2024/1/18,3672,1
r2164,EngLot,19,17,2024/1/18,6488,1
r2166,EngLot,37,296,2024/3/18,281042,1
r2167,EngLot,14,37,2024/1/19,21831,1
r2168,FreenBecky,40,346,2024/2/15,121468,1
r2169,EngLot,2,2,2024/1/20,331,0
r2170,FreenBecky,26,13,2024/2/2,4678,1
r2171,EngLot,41,95,2024/1/24,61565,1
r2172,EngLot,8,45,2024/1/22,16949,1
r2173,LingOrm,24,831,2024/7/11,209569,1
r2174,FreenBecky,27,151,2024/1/22,39517,1
r2175,MeenBabe,6,27,2024/2/6,6821,1
r2176,NamneungNoey,5,27,2024/2/5,3172,0
r2177,FreenBecky,6,62,2024/1/22,11451,0
r2178,EngLot,14,228,2024/2/5,79238,1
r2179,EngLot,16,31,2024/1/26,6111,1
r2180,EngLot,2,44,2024/1/26,2988,0
r2182,EngLot,1,1,2024/1/24,214,0
r2183,EngLot,11,13,2024/1/24,7066,1
r2184,EngLot,3,6,2024/2/18,786,0
r2185,FreenBecky,9,53,2024/1/26,13360,1
r2186,EngLot,21,771,2024/1/28,360120,1
r2187,FreenBecky,15,44,2024/1/27,13143,1
r2188,EngLot,17,20,2024/2/11,7704,1
r2189,FreenBecky,23,269,2024/1/30,70605,1
r2191,EngLot,5,10,2024/1/28,1418,0
r2192,EngLot,2,4,2024/1/28,1584,0
r2193,EngLot,25,727,2024/1/29,524393,1
r2194,MeenBabe,1,32,2024/1/29,3826,1
r2195,FreenBecky,20,12,2024/3/19,5985,1
r2196,EngLot,31,174,2024/2/5,79580,1
r2197,FreenBecky,11,27,2024/1/31,5791,1
r2198,EngLot,9,66,2024/1/30,25173,0
r2199,EngLot,15,110,2024/2/14,41997,0
r2200,EngLot,20,361,2024/1/30,155350,1
r2201,LingOrm,35,21,2024/1/30,8306,1
r2202,FreenBecky,20,101,2024/2/10,19860,1
r2203,EngLot,23,95,2024/3/8,28782,1
r2204,EngLot,1,2,2024/2/1,278,0
r2205,EngLot,13,412,2024/2/3,117586,1
r2206,FreenBecky,9,30,2024/2/26,9002,1
r2207,EngLot,18,69,2024/1/31,36559,1
r2208,EngLot,4,30,2024/1/31,3633,0
r2209,NamtanFilm,8,22,2024/2/4,3266,1
r2210,MeenBabe,16,118,2024/2/3,51481,1
r2211,LingOrm,4,2264,2024/5/21,325353,0
r2212,MilkLove,9,11,2024/12/23,1328,1
r2213,MilkLove,15,32,2024/2/10,7869,1
r2214,NamtanFilm,20,294,2024/5/12,67142,1
r2215,EngLot,14,18,2024/2/3,5526,1
r2216,EngLot,6,32,2024/2/2,6002,1
r2217,FreenBecky,11,221,2024/5/8,46637,1
r2218,FreenBecky,12,272,2024/5/18,60829,1
r2219,EngLot,1,226,2024/2/2,21508,1
r2220,EngLot,3,4,2024/12/14,301,0
r2221,EngLot,6,48,2024/2/3,13837,1
r2222,EngLot,2,6,2024/2/3,437,0
r2223,EngLot,2,0,2024/2/3,707,1
r2224,FreenBecky,37,75,2024/2/17,32034,1
r2225,MeenBabe,9,112,2024/3/9,28873,0
r2226,MeenBabe,1,1,2026/6/1,174,0
r2227,ViewJune,2,4,2024/5/1,707,0
r2228,LingOrm,14,315,2025/5/18,63114,1
r2229,EngLot,18,33,2024/2/4,13594,0
r2230,MeenBabe,11,13,2024/2/5,7860,1
r2231,LingOrm,4,3,2025/2/12,355,0
r2232,FreenBecky,21,282,2024/3/20,87573,1
r2233,EngLot,4,107,2024/2/6,13737,0
r2234,FreenBecky,11,35,2024/2/7,13859,1
r2235,EngLot,2,4,2024/2/5,335,0
r2237,FreenBecky,18,71,2024/4/16,13504,1
r2238,FreenBecky,18,63,2024/4/18,17422,1
r2239,NamtanFilm,1,10,2024/2/8,369,0
r2240,FreenBecky,5,6,2024/2/6,990,1
r2241,EngLot,19,412,2024/2/11,191138,1
r2242,EngLot,18,60,2024/2/20,28981,1
r2243,MilkLove,5,5,2024/2/7,213,0
r2244,NamneungNoey,25,83,2024/2/28,27624,1
r2245,MilkLove,3,4,2024/5/3,551,0
r2246,NamtanFilm,5,7,2024/2/8,1277,0
r2247,FreenBecky,13,28,2024/2/8,5355,0
r2248,EngLot,14,14,2024/2/8,6288,1
r2249,EngLot,1,11,2025/2/19,1488,0
r2250,FreenBecky,6,12,2024/2/8,2408,0
r2251,EngLot,35,34,2024/2/13,20180,1
r2252,EngLot,11,9,2024/2/9,4375,1
r2253,NamtanFilm,11,76,2024/2/9,17196,0
r2254,EngLot,22,10,2024/2/20,4792,1
r2255,EngLot,7,17,2024/2/26,4580,0
r2256,FreenBecky,13,36,2024/2/10,7251,0
r2257,EngLot,21,74,2024/2/10,43276,1
r2258,LingOrm,20,606,2024/2/10,104937,0
r2259,FreenBecky,3,5,2024/2/10,327,0
r2260,EngLot,13,57,2024/2/10,18751,0
r2261,EngLot,9,27,2024/2/28,13338,1
r2262,FreenBecky,1,11,2024/2/11,810,0
r2264,EngLot,2,1,2024/2/12,444,0
r2265,EngLot,6,16,2024/2/29,2348,0
r2266,EngLot,1,1,2024/2/12,139,0
r2267,NamneungNoey,7,1,2024/2/12,418,0
r2268,FreenBecky,2,3,2024/2/12,636,0
r2269,EngLot,14,486,2024/3/3,130438,1
r2270,MilkLove,12,65,2024/5/26,10965,0
r2271,FreenBecky,4,18,2024/2/14,2444,0
r2272,NamtanFilm,4,11,2024/2/17,905,0
r2273,EngLot,22,240,2024/8/21,90226,1
r2274,FreenBecky,1,3,2024/2/13,564,0
r2275,MeenBabe,12,69,2024/2/19,28191,1
r2276,EngLot,9,8,2024/2/15,3217,0
r2277,MeenBabe,7,18,2024/12/18,8938,1
r2278,EngLot,20,31,2024/3/20,19878,1
r2279,EngLot,1,2,2024/2/14,291,0
r2280,NamtanFilm,2,34,2024/12/27,2630,0
r2281,EngLot,1,3,2024/2/14,251,0
r2282,FreenBecky,13,35,2024/2/18,13947,0
r2283,NamtanFilm,9,34,2024/2/15,4646,1
r2284,EngLot,5,14,2024/2/14,4517,0
r2285,EngLot,4,55,2024/4/4,6586,0
r2286,EngLot,31,459,2024/2/15,251985,1
r2287,FreenBecky,18,47,2024/2/16,16693,1
r2288,FreenBecky,24,352,2024/2/15,112466,1
r2289,MeenBabe,11,71,2024/2/29,32195,1
r2290,EngLot,1,2,2024/2/15,88,0
r2291,NamtanFilm,5,17,2024/2/24,1600,0
r2292,EngLot,4,6,2024/2/17,947,0
r2293,EngLot,3,2,2024/2/15,1248,0
r2294,FreenBecky,31,298,2024/3/1,108426,1
r2295,NamtanFilm,13,413,2024/3/27,68160,1
r2296,EngLot,6,20,2024/4/1,3096,1
r2297,NamneungNoey,2,6,2024/2/17,567,0
r2298,MeenBabe,12,21,2024/2/16,4774,0
r2299,FreenBecky,18,40,2024/4/6,10485,1
r2300,AndaLookkaew,1,28,2024/2/17,2333,0
r2301,FreenBecky,18,41,2024/4/14,10899,1
r2302,LingOrm,16,7,2025/11/23,2452,0
r2303,FreenBecky,18,45,2024/4/13,10677,1
r2304,MeenBabe,15,144,2024/2/25,47951,1
r2305,FreenBecky,13,10,2024/3/23,3976,0
r2306,FreenBecky,13,11,2024/2/29,3059,1
r2307,FreenBecky,20,12,2024/2/18,6924,1
r2308,FreenBecky,7,45,2024/2/19,14698,1
r2309,EngLot,16,22,2024/2/18,8052,1
r2310,NamtanFilm,5,12,2024/2/19,806,0
r2311,FreenBecky,2,7,2025/7/6,557,0
r2312,NamtanFilm,6,9,2024/2/19,1866,0
r2313,FreenBecky,18,33,2024/2/19,10879,1
r2314,MeenBabe,4,7,2024/7/8,685,0
r2315,FreenBecky,9,20,2024/4/5,5278,1
r2316,EngLot,21,19,2024/2/24,8008,1
r2317,EngLot,27,19,2024/3/7,14292,1
r2318,EngLot,10,11,2024/4/9,4157,1
r2319,EngLot,16,9,2024/2/20,4813,1
r2320,EngLot,10,86,2024/2/23,27621,1
r2321,EngLot,24,7,2024/2/20,2521,0
r2322,EngLot,1,3,2024/5/4,235,0
r2323,FreenBecky,3,7,2024/2/20,802,0
r2324,EngLot,17,90,2024/2/21,37943,1
r2325,EngLot,29,205,2024/2/22,128048,1
r2326,EngLot,2,5,2024/2/21,3838,0
r2327,ViewJune,7,6,2024/2/24,1990,1
r2328,MeenBabe,15,27,2024/4/17,7065,1
r2329,EngLot,26,61,2024/11/2,47735,1
r2330,EngLot,18,490,2024/2/22,197185,1
r2331,EngLot,17,18,2024/3/31,7248,1
r2332,EngLot,7,7,2024/3/31,1270,0
r2333,EngLot,25,18,2024/3/1,8974,1
r2334,FreenBecky,13,36,2024/2/22,6512,1
r2335,MeenBabe,16,156,2024/4/18,56320,1
r2337,FreenBecky,7,10,2024/2/24,1763,0
r2338,EngLot,5,3,2024/2/24,1058,1
r2339,FreenBecky,30,42,2024/2/25,15668,1
r2340,MeenBabe,3,4,2024/2/27,396,0
r2341,EngLot,16,29,2024/5/14,22598,1
r2342,EngLot,3,4,2024/2/25,426,0
r2343,ViewJune,1,28,2024/6/7,1300,0
r2344,EngLot,23,19,2024/2/25,5718,1
r2345,EngLot,13,17,2024/2/26,3934,0
r2346,FreenBecky,24,16,2024/11/23,3693,0
r2347,MeenBabe,4,97,2024/4/9,17062,0
r2348,FreenBecky,7,26,2024/2/26,5248,1
r2349,EngLot,24,872,2024/2/27,572767,1
r2350,EngLot,12,26,2024/2/26,4718,0
r2353,FreenBecky,15,39,2024/2/27,13818,1
r2354,NamtanFilm,17,38,2024/2/27,9952,1
r2355,MeenBabe,20,114,2024/2/27,37743,1
r2356,EngLot,1,7,2024/3/1,430,0
r2357,FreenBecky,9,10,2024/2/27,2927,1
r2358,FreenBecky,3,9,2024/2/27,546,0
r2359,EngLot,13,31,2024/3/10,9322,1
r2360,FreenBecky,14,21,2024/2/29,4997,1
r2361,EngLot,1,1,2024/4/5,478,0
r2362,FreenBecky,7,5,2024/3/26,1163,0
r2363,FreenBecky,19,50,2024/3/4,10842,0
r2364,NamneungNoey,4,2,2024/2/29,1146,1
r2365,LingOrm,12,1987,2024/7/13,325530,1
r2366,FreenBecky,18,16,2024/3/8,6378,1
r2367,FreenBecky,49,13,2024/2/29,5997,1
r2368,MilkLove,2,10,2024/5/30,854,1
r2369,MeenBabe,9,74,2024/3/22,18785,1
r2370,FreenBecky,14,19,2024/2/29,6143,0
r2371,EngLot,9,40,2024/4/4,9641,1
r2372,EngLot,6,186,2024/4/4,32997,1
r2373,ViewJune,6,37,2024/3/1,5169,1
r2374,FreenBecky,20,73,2024/3/2,17044,1
r2375,FreenBecky,8,14,2024/3/2,1500,0
r2376,EngLot,2,2,2024/3/2,460,1
r2377,EngLot,3,3,2024/3/2,929,1
r2378,MeenBabe,12,56,2024/3/2,19970,1
r2379,EngLot,18,17,2024/4/7,6065,1
r2380,EngLot,3,1,2024/3/2,603,0
r2382,EngLot,15,152,2024/4/2,59027,1
r2383,NamtanFilm,1,8,2024/3/3,1628,1
r2384,EngLot,27,1286,2024/3/8,771712,1
r2385,LingOrm,9,37,2024/12/17,4663,0
r2387,EngLot,36,8,2024/5/27,4466,1
r2388,EngLot,2,3,2024/3/4,406,0
r2389,EngLot,20,17,2024/3/5,6604,1
r2390,FreenBecky,26,45,2024/3/8,20166,1
r2391,EngLot,2,5,2024/3/5,478,0
r2392,FreenBecky,7,80,2024/3/5,14816,0
r2393,FreenBecky,46,71,2024/3/27,33445,1
r2394,EngLot,6,0,2024/9/14,422,0
r2395,EngLot,7,1,2024/3/9,543,0
r2396,FreenBecky,3,1,2024/3/9,337,0
r2397,FreenBecky,31,110,2024/3/7,37899,1
r2398,MilkLove,12,10,2024/4/23,4511,0
r2400,NamtanFilm,6,39,2024/3/6,3217,0
r2401,NamtanFilm,2,10,2024/3/7,549,0
r2402,FreenBecky,4,3,2024/3/8,549,0
r2403,FreenBecky,25,35,2024/3/23,16531,1
r2404,EngLot,1,49,2024/3/8,3881,0
r2405,FreenBecky,20,28,2024/3/13,10574,1
r2406,EngLot,3,7,2024/3/7,2346,0
r2407,EngLot,21,16,2024/3/8,10771,1
r2408,NamtanFilm,8,28,2024/4/13,10343,1
r2409,MeenBabe,5,32,2024/3/8,9243,0
r2410,MilkLove,12,13,2024/3/8,2954,0
r2411,EngLot,3,5,2024/3/11,1444,0
r2413,FreenBecky,14,58,2024/3/9,8540,1
r2414,LingOrm,18,733,2024/4/27,216734,1
r2415,EngLot,5,9,2024/3/22,3065,0
r2416,EngLot,2,4,2024/7/5,701,0
r2417,EngLot,13,20,2024/4/6,8384,0
r2418,EngLot,5,32,2024/3/11,8524,1
r2419,LingOrm,6,13,2025/3/7,982,0
r2420,EngLot,6,45,2024/3/10,13628,1
r2421,ViewJune,6,56,2024/3/10,5147,0
r2422,EngLot,12,3,2024/4/9,3680,1
r2423,EngLot,22,10,2024/3/27,5261,1
r2424,EngLot,4,4,2024/4/9,1064,0
r2425,EngLot,9,3,2024/4/9,1252,0
r2426,EngLot,3,6,2024/4/10,729,0
r2427,FreenBecky,23,33,2024/3/12,20075,0
r2428,LingOrm,8,387,2024/7/19,68206,0
r2429,FreenBecky,4,8,2024/3/14,1138,0
r2430,NamtanFilm,2,7,2024/3/11,640,0
r2431,MeenBabe,12,44,2024/3/11,12302,1
r2432,NamneungNoey,2,3,2024/3/13,572,0
r2433,FreenBecky,12,27,2024/3/12,7441,1
r2434,LingOrm,2,32,2024/11/6,3265,0
r2435,EngLot,14,125,2024/3/30,26814,1
r2436,EngLot,2,18,2024/4/6,1210,0
r2437,FreenBecky,5,6,2024/8/29,637,0
r2438,ViewJune,34,171,2024/3/14,40126,1
r2439,MilkLove,3,79,2024/5/15,6820,0
r2440,FreenBecky,9,2,2024/3/14,1190,0
r2441,EngLot,35,344,2024/4/2,246322,1
r2442,FreenBecky,3,5,2024/3/14,720,1
r2443,FreenBecky,1,2,2024/3/15,530,0
r2444,EngLot,1,7,2024/3/15,786,0
r2445,NamneungNoey,2,3,2024/3/16,737,0
r2446,EngLot,20,242,2024/3/16,72066,1
r2447,FreenBecky,1,319,2025/7/6,72032,0
r2448,FreenBecky,5,8,2024/3/18,723,0
r2449,MilkLove,21,985,2024/3/16,143732,0
r2451,MilkLove,5,12,2024/3/16,1410,1
r2452,AndaLookkaew,41,227,2024/3/20,86778,1
r2453,ViewJune,8,35,2024/3/22,4076,0
r2454,EngLot,10,14,2024/3/16,1447,0
r2455,NamneungNoey,7,2,2024/3/18,1538,1
r2456,EngLot,25,569,2024/3/23,291154,1
r2457,LingOrm,12,746,2024/3/21,147512,1
r2458,NamneungNoey,6,5,2024/3/19,1419,0
r2459,FreenBecky,19,24,2024/3/17,5934,1
r2460,EngLot,10,0,2024/3/18,1362,1
r2461,ViewJune,1,33,2024/3/17,3123,1
r2462,LingOrm,1,3,2026/2/13,168,0
r2463,FreenBecky,7,101,2024/3/18,9468,0
r2464,MeenBabe,1,10,2024/3/18,859,0
r2465,EngLot,11,105,2024/3/18,30698,1
r2466,NamtanFilm,16,28,2024/3/19,5843,1
r2467,FreenBecky,17,26,2024/3/19,13474,1
r2468,EngLot,4,4,2024/3/19,548,0
r2469,FreenBecky,13,56,2024/3/23,20264,1
r2470,AndaLookkaew,11,27,2024/3/19,5150,1
r2471,FayeYoko,12,243,2024/3/19,41375,1
r2473,EngLot,1,4,2024/3/19,216,0
r2474,MilkLove,14,467,2024/3/19,73232,1
r2475,EngLot,2,2,2025/5/4,246,0
r2476,EngLot,7,23,2024/4/4,2892,0
r2477,FreenBecky,2,1,2024/4/6,258,0
r2478,NamtanFilm,3,8,2024/3/22,757,0
r2479,MilkLove,19,5,2025/12/3,1040,0
r2480,EngLot,21,236,2024/3/26,113987,1
r2481,MilkLove,2,33,2025/3/2,1594,0
r2482,EngLot,1,4,2024/3/20,577,0
r2483,FreenBecky,8,6,2024/3/20,1707,1
r2484,EngLot,11,9,2024/6/19,3194,1
r2485,EngLot,3,3,2024/3/20,213,0
r2486,MilkLove,1,1,2024/3/20,266,0
r2487,FreenBecky,53,178,2024/3/20,134315,1
r2489,NamneungNoey,3,4,2024/4/8,346,0
r2490,MeenBabe,10,70,2024/3/23,17946,1
r2491,FreenBecky,5,45,2024/3/22,3775,0
r2492,EngLot,5,5,2024/3/23,805,0
r2493,MilkLove,9,456,2024/3/24,47323,1
r2494,MilkLove,1,20,2024/3/23,615,0
r2496,AndaLookkaew,18,75,2024/5/13,22506,1
r2497,EngLot,7,44,2024/3/25,10738,0
r2498,FreenBecky,5,73,2024/4/7,8449,1
r2499,FreenBecky,3,28,2024/4/4,2310,1
r2500,EngLot,27,795,2024/3/27,409264,1
r2501,FreenBecky,6,6,2024/3/22,503,0
r2502,ViewJune,10,14,2024/3/23,3532,1
r2503,EngLot,7,7,2024/3/23,1861,1
r2504,EngLot,6,8,2024/3/22,1837,0
r2505,MilkLove,5,49,2024/4/19,3385,1
r2507,MilkLove,29,20,2024/4/19,3576,0
r2508,ViewJune,2,25,2024/3/24,1852,1
r2510,EngLot,21,26,2024/3/29,5269,1
r2511,MeenBabe,15,29,2024/4/14,12261,0
r2512,MilkLove,19,462,2024/4/4,93270,1
r2513,ViewJune,1,2,2024/3/23,290,0
r2514,MilkLove,3,21,2024/3/24,1536,0
r2515,NamtanFilm,6,10,2024/4/21,543,0
r2516,FreenBecky,12,139,2024/3/25,30556,1
r2517,LingOrm,4,42,2024/3/24,5349,0
r2518,FreenBecky,9,15,2024/4/24,5638,1
r2519,FreenBecky,5,6,2024/3/24,1151,0
r2522,MilkLove,5,61,2024/3/26,9678,1
r2523,MilkLove,11,41,2024/5/8,5521,1
r2524,EngLot,3,4,2024/3/26,1301,0
r2525,LingOrm,14,1672,2024/3/27,401794,1
r2526,FreenBecky,22,277,2024/5/4,90270,1
r2527,MeenBabe,14,101,2024/4/1,39036,1
r2528,FreenBecky,1,23,2024/7/12,1613,0
r2529,EngLot,1,1,2024/3/28,625,0
r2530,EmiBonnie,14,24,2026/4/3,7357,0
r2531,FreenBecky,7,4,2024/3/26,451,0
r2532,EngLot,9,2,2024/3/27,1380,1
r2533,MilkLove,4,0,2024/6/30,205,1
r2534,MilkLove,4,32,2024/3/27,4555,1
r2536,NamtanFilm,5,7,2024/3/27,891,0
r2537,FayeYoko,31,169,2024/3/30,42871,1
r2538,EngLot,13,17,2024/3/27,11832,1
r2539,FreenBecky,7,51,2024/10/25,5277,0
r2540,LingOrm,11,408,2024/3/28,95847,1
r2541,FayeYoko,6,47,2024/3/29,10703,1
r2542,EngLot,9,17,2024/3/28,5000,0
r2543,LingOrm,5,62,2024/3/28,15928,0
r2544,NamtanFilm,13,93,2024/3/28,23006,1
r2545,EngLot,8,146,2024/4/21,42519,1
r2546,LingOrm,1,44,2024/3/28,5761,0
r2547,MilkLove,6,29,2024/5/13,4141,0
r2548,EngLot,5,14,2024/6/20,4690,0
r2549,EngLot,14,33,2024/3/29,16362,1
r2550,FreenBecky,7,17,2024/3/29,3764,0
r2551,LingOrm,14,1873,2024/4/1,383469,1
r2552,EngLot,8,2,2024/3/29,1120,0
r2553,FreenBecky,1,7,2024/3/29,1335,1
r2554,EngLot,3,8,2024/4/26,743,0
r2555,FayeYoko,7,24,2024/3/29,3905,1
r2556,LingOrm,20,77,2024/3/30,40335,1
r2557,ViewJune,3,3,2024/3/31,271,0
r2558,MilkLove,6,82,2024/3/30,12582,1
r2559,EngLot,1,3,2024/3/30,719,0
r2560,EngLot,1,0,2024/8/23,25,0
r2561,FreenBecky,9,4,2024/4/1,869,0
r2562,MilkLove,3,42,2024/3/30,3032,1
r2563,EngLot,8,51,2024/3/31,15819,1
r2564,FayeYoko,16,114,2024/4/1,32212,1
r2565,ViewJune,16,39,2024/3/30,7599,1
r2566,ViewJune,9,59,2024/3/30,7601,0
r2567,NamneungNoey,2,0,2024/4/7,276,0
r2568,EngLot,5,13,2024/4/9,1315,0
r2569,EngLot,1,1,2024/3/31,587,1
r2570,ViewJune,20,57,2024/3/31,10744,1
r2571,MilkLove,17,830,2024/4/17,165329,1
r2573,ViewJune,38,24,2024/4/3,8512,1
r2574,FreenBecky,24,89,2024/4/8,26546,0
r2575,EmiBonnie,17,3,2026/4/22,1421,1
r2576,LingOrm,33,5,2026/4/26,7480,0
r2577,EngLot,2,3,2024/3/31,1014,0
r2578,FreenBecky,4,21,2024/4/1,3468,0
r2580,EngLot,3,57,2024/3/31,6967,0
r2581,ViewJune,5,152,2024/4/1,11635,0
r2582,LingOrm,22,479,2024/4/1,213961,1
r2583,EmiBonnie,7,54,2026/3/29,10521,0
r2585,FreenBecky,30,49,2024/4/1,21020,1
r2586,MilkLove,1,33,2024/4/1,1606,0
r2587,FreenBecky,6,10,2024/4/1,834,0
r2588,NamtanFilm,5,44,2024/4/9,3852,0
r2589,EngLot,16,61,2024/4/2,29213,1
r2590,FayeYoko,10,25,2024/4/27,5723,0
r2591,MilkLove,9,522,2024/4/2,83356,1
r2592,MilkLove,14,125,2024/4/5,22682,0
r2593,ViewJune,5,21,2024/4/2,3323,0
r2594,EngLot,2,2,2024/4/2,67,0
r2595,LingOrm,11,457,2024/4/9,92783,1
r2596,EngLot,13,11,2024/4/2,4925,1
r2598,ViewJune,11,111,2024/4/4,14799,1
r2599,FreenBecky,18,46,2024/5/19,11107,1
r2600,MilkLove,2,5,2024/4/16,283,0
r2601,AndaLookkaew,11,62,2024/4/2,17029,1
r2602,FreenBecky,3,6,2024/4/4,963,0
r2603,EngLot,4,15,2024/4/4,919,0
r2604,EngLot,3,26,2024/4/4,1878,0
r2605,MeenBabe,6,13,2024/4/3,3368,0
r2606,FreenBecky,1,11,2024/4/3,762,1
r2607,FreenBecky,18,40,2024/4/7,11089,1
r2608,MilkLove,1,8,2024/4/3,780,0
r2609,ViewJune,2,3,2024/4/12,209,0
r2610,FreenBecky,18,31,2024/4/9,9305,1
r2611,EngLot,2,3,2024/4/4,642,0
r2612,ViewJune,3,11,2024/5/2,677,0
r2613,MilkLove,1,4,2024/4/14,296,0
r2614,LMSY,3,71,2024/10/13,6125,0
r2615,EngLot,22,1033,2024/4/7,505894,1
r2616,FreenBecky,2,11,2024/4/4,1116,1
r2617,LingOrm,5,63,2024/4/4,13590,0
r2618,EngLot,17,7,2024/4/8,4778,0
r2619,EngLot,2,7,2024/4/6,1527,0
r2620,ViewJune,4,19,2024/4/6,2166,0
r2621,ViewJune,13,18,2024/4/4,5978,1
r2622,NamneungNoey,15,13,2024/4/6,9386,1
r2624,EngLot,2,11,2024/4/5,70,0
r2625,NamneungNoey,1,6,2024/5/8,723,0
r2626,EngLot,22,91,2024/4/5,20572,1
r2628,NamtanFilm,18,40,2024/4/6,7343,1
r2629,FreenBecky,8,9,2024/4/5,2050,1
r2630,FreenBecky,36,91,2024/4/9,51648,1
r2632,EngLot,7,8,2024/4/5,1406,0
r2634,EngLot,3,37,2024/4/6,3532,0
r2635,NamneungNoey,2,52,2024/5/9,4913,0
r2636,FreenBecky,8,19,2024/4/6,2623,1
r2637,MilkLove,14,37,2024/4/6,8040,1
r2638,LingOrm,16,849,2024/4/10,257703,1
r2639,LingOrm,1,24,2024/4/8,1820,0
r2640,MilkLove,25,698,2024/4/7,140800,1
r2641,MilkLove,1,37,2024/4/6,2400,0
r2642,LingOrm,8,4,2025/5/19,208,0
r2643,ViewJune,1,4,2024/4/11,374,0
r2644,ViewJune,4,15,2024/4/6,2085,0
r2645,MilkLove,2,32,2024/4/7,3031,0
r2648,MilkLove,4,22,2024/4/7,2396,1
r2650,MilkLove,1,7,2024/4/7,463,0
r2651,FreenBecky,10,20,2024/4/8,5577,0
r2652,FreenBecky,20,80,2024/4/10,17957,1
r2653,FreenBecky,10,243,2024/4/7,48115,1
r2655,FreenBecky,3,6,2024/4/7,1128,0
r2656,MilkLove,12,338,2024/4/30,54925,1
r2657,MeenBabe,1,2,2024/4/11,259,0
r2658,LingOrm,19,1224,2024/4/9,298320,1
r2659,MilkLove,4,242,2024/5/3,17619,0
r2660,LingOrm,18,220,2024/4/17,88171,1
r2661,FreenBecky,19,38,2024/4/8,13886,1
r2662,EngLot,17,53,2024/4/26,21740,0
r2663,ViewJune,6,23,2024/4/15,3685,0
r2664,LingOrm,27,75,2024/4/8,14390,0
r2665,EngLot,5,19,2024/4/8,3876,0
r2666,FreenBecky,8,16,2024/4/19,5782,1
r2667,LingOrm,13,783,2024/4/9,136076,1
r2668,FreenBecky,18,29,2024/6/11,8778,1
r2669,FreenBecky,20,47,2024/4/9,25122,1
r2671,LingOrm,18,484,2024/4/16,153006,1
r2672,EngLot,5,24,2024/4/11,4244,0
r2673,EngLot,2,3,2024/7/3,402,0
r2674,EngLot,3,3,2024/7/31,495,0
r2675,EngLot,22,6,2024/4/22,4813,1
r2676,EngLot,19,8,2024/4/10,4340,1
r2677,ViewJune,1,23,2024/4/9,2025,0
r2678,FreenBecky,3,12,2024/4/9,947,0
r2679,ViewJune,3,20,2024/4/9,2172,1
r2680,MilkLove,23,87,2024/5/5,15770,1
r2681,ViewJune,11,163,2024/4/9,24022,0
r2682,FreenBecky,35,54,2024/4/9,18800,1
r2683,ViewJune,3,25,2024/4/9,2006,1
r2684,MilkLove,7,209,2024/4/12,14058,0
r2685,MilkLove,3,73,2024/4/13,3489,0
r2686,EngLot,14,27,2024/4/21,15314,1
r2687,AndaLookkaew,11,40,2024/5/14,8837,0
r2688,MilkLove,9,273,2024/4/10,41395,0
r2689,NamneungNoey,6,4,2024/4/10,831,1
r2690,MilkLove,4,27,2024/4/10,4437,1
r2691,ViewJune,10,78,2024/4/10,10944,1
r2692,FreenBecky,21,122,2026/4/11,27502,0
r2693,FreenBecky,17,39,2024/4/19,12677,1
r2694,ViewJune,6,29,2024/4/10,3444,0
r2695,FreenBecky,21,99,2024/5/10,26049,1
r2696,LingOrm,12,88,2024/4/10,35706,1
r2697,EngLot,14,5,2024/4/12,4206,1
r2698,LingOrm,11,988,2024/4/18,169683,1
r2699,AndaLookkaew,9,65,2024/4/10,16493,1
r2700,EngLot,1,1,2024/4/10,467,0
r2701,MeenBabe,7,41,2024/4/11,12250,0
r2702,ViewJune,1,30,2024/4/10,3491,0
r2704,LingOrm,7,345,2024/4/12,28138,0
r2705,LingOrm,1,22,2024/4/13,3012,0
r2706,MilkLove,5,3,2024/4/12,1371,0
r2708,MilkLove,2,30,2024/4/11,1618,0
r2709,FreenBecky,1,2,2024/4/11,186,0
r2710,FreenBecky,14,20,2024/4/11,6621,1
r2711,ViewJune,4,12,2024/4/11,1046,0
r2712,MilkLove,2,21,2024/4/11,1727,0
r2713,LingOrm,1,18,2024/4/16,2057,0
r2715,MilkLove,17,329,2024/4/24,44727,1
r2717,MilkLove,33,154,2024/4/12,32854,1
r2718,ViewJune,14,28,2024/4/12,5792,1
r2719,EngLot,1,2,2024/4/12,285,0
r2720,FreenBecky,2,8,2024/4/12,327,0
r2721,FreenBecky,18,44,2024/4/12,11054,1
r2722,FreenBecky,1,5,2024/5/12,533,0
r2723,LingOrm,10,253,2024/4/12,54592,0
r2724,FreenBecky,13,43,2024/4/12,14128,1
r2725,MilkLove,21,465,2024/4/16,97415,1
r2727,MilkLove,9,13,2024/4/14,2092,0
r2728,LingOrm,33,452,2024/4/13,131909,1
r2729,EngLot,1,0,2024/7/18,155,0
r2730,NamtanFilm,4,55,2025/1/18,3518,1
r2731,FreenBecky,17,33,2024/4/18,6693,1
r2732,FreenBecky,41,156,2024/4/12,86446,1
r2733,EngLot,14,62,2024/4/13,30652,1
r2734,EngLot,8,81,2024/4/14,24392,0
r2735,ViewJune,1,1,2024/4/28,571,0
r2737,MilkLove,3,3,2025/3/19,179,0
r2738,EngLot,10,7,2024/4/20,1508,0
r2739,MilkLove,2,23,2024/5/10,2146,1
r2740,EngLot,1,6,2024/4/13,123,0
r2741,LingOrm,7,107,2024/4/14,21399,1
r2742,MilkLove,4,32,2024/4/14,6827,1
r2743,EngLot,6,35,2024/4/14,11596,0
r2744,MilkLove,6,98,2024/4/14,14961,1
r2745,EngLot,6,17,2024/4/14,4426,1
r2746,ViewJune,15,25,2024/4/14,6841,0
r2748,MilkLove,8,98,2024/4/15,11832,1
r2749,MilkLove,13,546,2024/4/14,98625,1
r2750,MilkLove,5,3,2024/4/14,1248,0
r2751,LingOrm,11,513,2024/4/24,100262,0
r2752,EngLot,3,8,2024/4/18,640,0
r2753,EngLot,24,961,2024/4/16,449016,1
r2754,NamtanFilm,3,11,2024/4/30,526,0
r2755,EngLot,8,2,2024/4/16,662,1
r2756,MilkLove,7,8,2024/4/25,1653,0
r2758,LingOrm,16,501,2024/4/18,123692,0
r2759,MilkLove,8,9,2024/4/15,1703,1
r2761,FreenBecky,18,36,2024/4/18,8960,1
r2762,LingOrm,16,639,2024/4/15,96981,0
r2763,MilkLove,6,41,2024/6/3,5963,0
r2765,NamneungNoey,20,20,2024/4/22,24842,1
r2766,EngLot,14,296,2024/4/17,117412,1
r2767,FreenBecky,21,54,2024/4/27,15436,1
r2768,EngLot,1,0,2024/5/5,57,0
r2769,MilkLove,3,12,2024/4/17,1222,1
r2770,ViewJune,5,1,2024/4/17,46,0
r2771,EngLot,2,6,2024/4/17,744,0
r2772,FreenBecky,5,6,2024/7/10,746,0
r2773,LingOrm,27,3137,2024/4/19,914980,1
r2774,LingOrm,13,62,2024/4/17,24112,0
r2776,FreenBecky,14,24,2024/4/17,7063,1
r2777,NamneungNoey,3,0,2024/10/8,150,0
r2778,LingOrm,24,2754,2024/4/27,832880,1
r2780,LingOrm,1,11,2024/4/17,2141,0
r2781,BamYada,3,13,2024/8/30,1644,0
r2782,ViewJune,12,23,2024/4/17,4321,1
r2783,LingOrm,1,83,2024/4/18,10634,1
r2784,ViewJune,10,10,2024/4/17,1497,0
r2785,MilkLove,98,152,2024/4/25,65473,1
r2786,AndaLookkaew,17,93,2024/4/18,28806,0
r2787,MilkLove,1,6,2024/4/25,305,0
r2788,LingOrm,22,258,2024/4/28,126864,1
r2789,FreenBecky,4,6,2024/4/18,2061,1
r2790,ViewJune,2,6,2024/4/18,1202,1
r2792,FayeYoko,3,58,2024/4/29,4744,0
r2793,LingOrm,4,5,2024/4/19,1415,0
r2794,MilkLove,6,78,2024/4/19,9414,0
r2795,MeenBabe,23,84,2024/5/25,40417,1
r2796,EngLot,4,6,2024/4/18,1713,0
r2797,EngLot,13,3,2024/5/16,2302,1
r2798,ViewJune,8,52,2024/4/30,8080,1
r2799,FreenBecky,3,1,2024/4/18,454,1
r2800,ViewJune,4,12,2024/4/22,2082,0
r2801,MeenBabe,18,22,2024/4/20,13897,1
r2802,ViewJune,17,576,2024/4/27,115594,1
r2803,FreenBecky,5,20,2024/4/19,2436,1
r2804,FreenBecky,35,57,2024/6/4,37337,0
r2805,LingOrm,16,187,2024/4/19,38309,1
r2806,MilkLove,4,16,2024/4/19,1550,0
r2807,MeenBabe,1,12,2024/4/19,1008,0
r2808,AndaLookkaew,7,64,2024/4/20,18779,0
r2809,NamtanFilm,8,13,2024/11/9,4391,0
r2810,ViewJune,7,17,2024/4/19,2621,0
r2811,ViewJune,7,51,2024/4/19,10529,1
r2812,ViewJune,2,12,2024/4/19,1106,1
r2813,LingOrm,4,55,2024/6/8,14101,0
r2815,FayeYoko,6,110,2024/4/23,13650,0
r2816,FreenBecky,4,10,2024/4/27,2464,0
r2817,EmiBonnie,9,7,2026/1/29,1982,0
r2818,EngLot,2,0,2024/4/19,80,0
r2819,FayeYoko,7,25,2024/4/20,4628,1
r2820,EngLot,20,111,2024/4/22,51078,0
r2821,NamneungNoey,6,7,2024/5/4,1951,0
r2822,ViewJune,3,7,2024/4/21,475,0
r2823,FreenBecky,4,3,2024/5/20,171,0
r2824,LingOrm,19,234,2024/4/20,98852,0
r2825,ViewJune,5,137,2024/4/27,11192,1
r2826,FreenBecky,11,27,2025/7/27,5065,0
r2827,NamneungNoey,6,2,2024/4/22,505,1
r2828,MilkLove,5,43,2024/4/21,5325,1
r2829,ViewJune,13,37,2024/4/20,6441,1
r2830,EngLot,8,0,2024/4/23,442,0
r2832,LingOrm,9,39,2024/6/28,10064,0
r2833,FreenBecky,1,24,2024/10/9,1326,0
r2834,ViewJune,19,154,2024/4/22,30031,0
r2835,FayeYoko,15,117,2024/4/21,30250,0
r2836,ViewJune,1,1,2024/4/21,182,0
r2837,FreenBecky,1,13,2024/4/21,1526,0
r2838,LingOrm,1,76,2025/8/11,3875,0
r2839,FreenBecky,2,12,2024/4/21,1242,0
r2840,EngLot,17,15,2024/4/23,9700,1
r2841,FreenBecky,10,51,2024/5/2,9816,1
r2842,MilkLove,7,199,2024/4/24,15339,0
r2843,EngLot,7,5,2024/4/29,911,0
r2844,MilkLove,3,2,2024/4/21,566,0
r2845,ViewJune,1,19,2024/4/21,926,0
r2846,FreenBecky,2,5,2024/6/2,313,0
r2847,AndaLookkaew,7,35,2024/4/23,7704,1
r2848,MilkLove,21,44,2024/4/22,7558,1
r2849,FreenBecky,2,3,2024/5/20,2743,0
r2850,MilkLove,4,29,2024/4/22,2237,0
r2851,MilkLove,3,85,2024/4/28,18484,1
r2852,FreenBecky,6,8,2024/4/22,1369,0
r2853,FreenBecky,19,154,2024/5/5,58507,1
r2854,MeenBabe,10,31,2024/4/22,9200,1
r2855,FreenBecky,7,28,2024/4/27,4648,1
r2856,EngLot,11,4,2024/4/22,747,0
r2857,MilkLove,10,9,2024/4/23,2083,1
r2858,EngLot,1,6,2024/4/22,646,0
r2859,FreenBecky,1,1,2024/4/30,207,0
r2860,MilkLove,2,7,2024/5/6,714,0
r2861,EngLot,39,82,2024/5/4,48911,1
r2862,EngLot,21,91,2024/5/22,30068,1
r2863,LingOrm,1,7,2024/4/23,342,0
r2864,MilkLove,8,9,2024/4/23,1651,1
r2865,MilkLove,8,202,2024/4/28,24866,0
r2866,ViewJune,7,20,2024/4/23,2845,0
r2867,FreenBecky,13,46,2024/4/23,9720,1
r2868,LingOrm,21,2111,2024/4/28,637969,1
r2869,ViewJune,3,10,2024/4/23,854,0
r2870,ViewJune,25,313,2024/4/24,64964,1
r2871,LingOrm,13,1,2026/3/31,1967,1
r2872,MilkLove,4,16,2024/4/24,2132,1
r2873,ViewJune,5,13,2024/4/24,1810,0
r2874,LingOrm,2,14,2024/4/28,852,0
r2875,NamtanFilm,1,4,2026/5/19,67,0
r2877,ViewJune,4,10,2024/4/24,1003,0
r2878,MilkLove,7,8,2024/4/23,1200,0
r2879,LingOrm,11,49,2024/5/5,14116,1
r2880,LingOrm,25,974,2024/4/25,265875,1
r2881,LingOrm,12,238,2024/5/2,56110,0
r2882,ViewJune,16,97,2024/4/24,20924,1
r2883,EngLot,3,1,2024/4/24,177,0
r2884,ViewJune,23,123,2024/4/24,28954,1
r2885,NamtanFilm,1,10,2024/4/24,1496,1
r2886,ViewJune,7,28,2024/4/24,2783,0
r2887,MilkLove,8,90,2024/4/25,15435,1
r2888,FreenBecky,26,116,2024/4/24,35171,1
r2889,FreenBecky,7,6,2024/7/13,649,1
r2890,LingOrm,1,608,2024/4/29,49767,1
r2891,MilkLove,15,161,2024/4/25,31678,1
r2892,MilkLove,18,22,2024/4/25,3354,1
r2893,FreenBecky,11,12,2024/4/25,2761,0
r2894,MeenBabe,1,2,2024/4/27,410,0
r2895,EngLot,1,0,2024/4/25,42,0
r2897,LenaMiu,6,10,2026/5/19,3351,0
r2899,EngLot,12,3,2024/4/26,2004,0
r2900,BamYada,1,85,2024/4/25,7869,1
r2901,FreenBecky,5,25,2024/4/26,4220,0
r2902,NamtanFilm,2,15,2024/8/30,1177,0
r2904,EngLot,24,146,2024/4/26,142112,1
r2905,ViewJune,23,30,2024/5/1,6498,0
r2906,FreenBecky,26,81,2024/4/30,20020,1
r2907,NamtanFilm,9,156,2024/4/26,23044,0
r2908,FreenBecky,4,6,2024/4/26,1229,0
r2909,EngLot,1,2,2024/4/27,270,0
r2911,AndaLookkaew,23,96,2024/4/26,34005,1
r2912,LingOrm,8,18,2024/5/12,3368,0
r2913,ViewJune,21,142,2024/11/1,29641,1
r2914,ViewJune,16,277,2024/4/26,32056,0
r2915,FreenBecky,4,3,2024/4/26,475,0
r2916,EngLot,12,39,2024/8/16,20028,1
r2918,MilkLove,15,12,2024/6/14,3488,1
r2919,FreenBecky,2,14,2024/4/26,868,0
r2920,FreenBecky,2,2,2025/1/13,189,0
r2921,FayeYoko,3,16,2024/5/12,1126,0
r2922,LingOrm,1,7,2024/5/6,1549,0
r2923,MilkLove,1,5,2024/4/27,312,0
r2924,LingOrm,16,497,2024/5/5,133016,1
r2925,NamneungNoey,1,0,2024/12/27,37,0
r2926,ViewJune,2,5,2024/5/7,379,0
r2927,NamtanFilm,6,13,2024/4/30,830,0
r2929,ViewJune,19,40,2024/4/27,9549,0
r2930,ViewJune,8,32,2024/5/3,6726,1
r2931,MeenBabe,11,61,2025/1/4,12005,1
r2932,ViewJune,8,15,2024/4/27,2184,0
r2933,EngLot,3,7,2024/4/27,3164,0
r2934,FreenBecky,19,15,2024/5/4,5946,0
r2935,ViewJune,16,93,2024/4/28,16736,1
r2936,ViewJune,19,49,2024/4/27,12546,1
r2937,EngLot,2,7,2024/4/27,1016,0
r2939,BamYada,4,48,2024/4/28,4412,0
r2940,ViewJune,5,23,2024/4/29,2261,0
r2941,ViewJune,7,18,2024/4/28,3384,1
r2942,MilkLove,18,46,2024/5/2,12254,1
r2943,FreenBecky,5,11,2024/4/28,1608,0
r2944,LingOrm,1,225,2024/4/28,15143,1
r2945,LingOrm,20,761,2024/5/14,289743,1
r2946,ViewJune,11,32,2024/5/10,5532,0
r2948,EngLot,27,1611,2024/5/1,848692,1
r2949,MeenBabe,12,44,2024/5/23,25746,1
r2950,ViewJune,10,171,2024/4/29,18640,1
r2951,ViewJune,1,6,2024/4/28,373,1
r2953,ViewJune,15,152,2024/4/29,32529,0
r2954,MilkLove,11,220,2024/4/29,22736,0
r2955,ViewJune,13,71,2024/5/9,9194,1
r2956,LingOrm,1,3,2025/4/7,267,1
r2957,ViewJune,4,8,2024/5/18,1055,0
r2958,LingOrm,3,23,2024/4/29,3292,0
r2959,MilkLove,4,7,2024/5/6,643,0
r2960,MilkLove,20,15,2024/4/30,5863,1
r2961,ViewJune,17,111,2024/4/29,21974,1
r2962,FreenBecky,11,7,2024/4/29,1127,0
r2963,LingOrm,17,333,2024/5/10,103176,1
r2964,ViewJune,3,3,2024/4/29,574,1
r2966,MilkLove,3,37,2024/5/1,2028,0
r2967,ViewJune,15,236,2024/5/10,37864,1
r2968,EngLot,8,10,2024/5/3,3773,0
r2969,ViewJune,35,422,2024/4/30,99938,0
r2970,ViewJune,6,5,2024/4/29,565,0
r2971,EngLot,2,0,2024/5/1,291,0
r2972,ViewJune,5,15,2024/4/30,1878,1
r2973,MilkLove,22,60,2024/4/30,16256,1
r2974,ViewJune,7,22,2024/4/30,2205,1
r2975,EngLot,14,6,2024/5/4,4924,1
r2976,EmiBonnie,11,7,2025/6/13,906,1
r2977,FreenBecky,25,88,2024/5/22,28512,1
r2978,MilkLove,17,29,2024/4/30,7358,1
r2980,EngLot,5,7,2024/5/2,1560,0
r2981,FreenBecky,16,11,2024/10/15,3204,0
r2982,ViewJune,3,45,2024/5/1,2385,0
r2983,ViewJune,21,25,2024/4/30,5825,1
r2984,MilkLove,1,25,2024/5/1,1704,1
r2985,FreenBecky,13,1,2024/5/6,580,0
r2986,FreenBecky,3,5,2024/5/4,663,0
r2987,MilkLove,8,15,2024/5/5,2467,0
r2988,ViewJune,27,1063,2024/5/1,191201,1
r2989,FayeYoko,8,48,2024/5/19,4647,0
r2990,ViewJune,17,375,2024/5/1,52439,0
r2991,MilkLove,11,100,2024/5/1,25993,1
r2992,NamneungNoey,3,2,2024/5/1,244,0
r2993,ViewJune,1,5,2024/5/2,310,1
r2994,ViewJune,8,8,2024/5/2,1018,1
r2995,ViewJune,3,18,2024/5/7,1598,0
r2996,ViewJune,1,10,2024/5/2,290,0
r2997,MilkLove,20,93,2024/5/2,15415,1
r2999,ViewJune,13,287,2024/5/6,38706,0
r3000,MilkLove,12,30,2024/5/2,6146,1
r3001,ViewJune,5,10,2024/5/2,1447,0
r3002,FreenBecky,2,4,2025/1/5,90,0
r3003,ViewJune,1,16,2024/5/2,531,0
r3005,ViewJune,5,8,2024/5/2,1333,0
r3007,MilkLove,10,14,2024/5/2,3074,0
r3008,ViewJune,4,12,2024/5/2,1142,1
r3009,ViewJune,4,86,2024/5/2,11606,1
r3010,LingOrm,7,22,2024/5/2,2228,0
r3011,LingOrm,10,68,2024/5/8,17374,0
r3012,EngLot,1,42,2024/5/2,6586,1
r3013,LingOrm,15,796,2024/5/4,224977,1
r3014,FayeYoko,16,151,2024/5/3,36964,1
r3015,FreenBecky,9,7,2024/5/3,1006,0
r3016,LingOrm,29,1097,2024/5/3,477539,1
r3017,LingOrm,20,987,2024/11/10,253938,1
r3018,FreenBecky,2,1,2024/5/3,213,0
r3019,MeenBabe,15,83,2024/5/4,30485,1
r3020,ViewJune,5,26,2024/5/3,2315,1
r3021,EngLot,29,312,2025/10/15,163161,1
r3022,NamtanFilm,1,39,2024/6/7,3726,0
r3023,EngLot,21,15,2024/5/4,11093,1
r3024,MeenBabe,6,14,2024/5/3,1722,0
r3025,ViewJune,6,14,2024/5/3,1759,0
r3026,FreenBecky,19,77,2024/6/1,19503,1
r3027,LingOrm,3,25,2024/5/4,4177,0
r3028,MilkLove,6,12,2024/5/5,1600,1
r3029,EngLot,19,316,2024/5/19,189160,1
r3030,EngLot,11,187,2024/5/13,59877,1
r3031,ViewJune,1,12,2024/5/4,686,0
r3032,ViewJune,8,18,2024/5/3,3501,1
r3033,ViewJune,5,32,2024/5/4,5014,1
r3034,BamYada,12,135,2024/5/3,32518,1
r3035,EngLot,5,0,2024/5/3,428,0
r3036,EngLot,18,3,2024/5/3,1837,0
r3038,FreenBecky,16,15,2024/5/4,5967,0
r3039,LingOrm,4,182,2024/6/2,24898,0
r3040,FreenBecky,27,23,2024/5/4,11332,1
r3041,MilkLove,9,36,2024/5/4,5161,1
r3042,EngLot,2,34,2024/5/9,4969,0
r3043,FayeYoko,2,14,2024/5/4,984,0
r3044,ViewJune,4,12,2024/5/4,1272,1
r3046,ViewJune,14,60,2024/5/8,12273,1
r3047,NamtanFilm,5,5,2024/5/4,1207,0
r3048,EmiBonnie,1,0,2025/7/21,122,0
r3049,ViewJune,8,46,2024/5/4,7550,1
r3050,MilkLove,9,29,2024/5/4,5725,0
r3051,LingOrm,1,5,2024/5/4,269,0
r3052,MilkLove,3,17,2024/6/7,1123,0
r3053,MilkLove,6,9,2024/5/5,265,0
r3054,EngLot,2,0,2026/7/31,34,0
r3055,FreenBecky,11,9,2024/5/5,2702,0
r3056,ViewJune,12,18,2024/5/6,3376,1
r3057,ViewJune,1,5,2024/5/5,526,0
r3059,FreenBecky,25,315,2025/4/27,61605,1
r3060,EngLot,1,27,2024/5/29,5366,0
r3061,MilkLove,20,48,2024/5/6,13984,1
r3062,EngLot,4,11,2024/5/5,1814,0
r3063,FayeYoko,1,18,2024/8/23,1309,0
r3065,MilkLove,12,456,2024/5/9,89013,1
r3066,EngLot,15,4,2024/5/5,2292,1
r3067,NamneungNoey,3,7,2024/5/6,1657,0
r3068,EngLot,2,19,2024/5/5,2422,0
r3070,ViewJune,10,20,2024/5/13,2747,0
r3071,FreenBecky,18,50,2024/6/9,13548,1
r3072,BamYada,30,45,2024/6/1,23388,1
r3073,MilkLove,5,19,2024/5/6,2244,0
r3074,MeenBabe,1,12,2024/5/7,1072,0
r3075,MilkLove,2,72,2024/5/6,9448,1
r3076,MilkLove,12,111,2024/5/28,19325,1
r3077,LingOrm,2,133,2024/5/8,8232,1
r3078,ViewJune,9,35,2024/5/6,6229,1
r3079,ViewJune,2,47,2024/5/6,4744,1
r3080,FreenBecky,26,78,2024/5/6,16206,1
r3081,EngLot,3,9,2024/5/8,762,0
r3082,FreenBecky,15,22,2024/6/30,5050,0
r3083,EmiBonnie,2,21,2024/5/6,3808,0
r3084,LingOrm,3,8,2024/5/10,1697,0
r3086,MilkLove,3,10,2024/5/7,785,0
r3088,FreenBecky,60,155,2024/5/6,128168,1
r3089,MeenBabe,2,3,2024/5/10,579,0
r3090,MeenBabe,4,4,2024/5/25,1358,0
r3092,MilkLove,10,131,2024/5/6,22772,1
r3093,MeenBabe,24,72,2024/5/20,29872,1
r3094,EngLot,21,59,2024/5/7,51888,1
r3095,MilkLove,3,19,2024/5/17,1415,0
r3096,ViewJune,8,54,2024/5/6,4700,0
r3097,ViewJune,9,109,2024/5/7,15225,0
r3098,LingOrm,22,1282,2024/5/9,482787,1
r3099,MilkLove,10,62,2024/5/6,13119,1
r3100,ViewJune,18,23,2024/5/7,6778,1
r3101,MeenBabe,17,128,2024/11/9,49647,1
r3102,MilkLove,23,61,2024/5/9,15668,1
r3103,MilkLove,4,61,2024/6/4,3926,0
r3104,ViewJune,10,34,2024/5/7,4605,0
r3105,FayeYoko,7,50,2024/5/7,10200,1
r3106,ViewJune,6,15,2024/5/7,2318,0
r3107,FreenBecky,5,3,2024/5/9,700,0
r3108,FreenBecky,1,3,2024/5/8,118,1
r3109,FreenBecky,4,4,2024/5/8,553,0
r3110,ViewJune,13,26,2024/5/8,4681,1
r3111,FreenBecky,47,67,2024/5/9,28635,1
r3112,ViewJune,3,18,2024/5/9,1247,0
r3113,ViewJune,7,152,2024/5/9,11219,1
r3114,EngLot,2,6,2024/5/8,1013,0
r3115,LingOrm,8,535,2024/5/8,95116,0
r3116,MilkLove,5,10,2024/5/9,1062,0
r3117,ViewJune,15,122,2024/5/8,21264,1
r3118,LingOrm,1,2,2025/4/26,93,0
r3119,MilkLove,11,162,2024/5/8,24353,0
r3120,ViewJune,8,16,2024/5/8,2885,0
r3121,EngLot,39,255,2024/5/16,177885,1
r3122,FreenBecky,2,5,2024/7/19,737,0
r3124,ViewJune,10,16,2024/5/9,2755,1
r3126,FreenBecky,15,37,2024/7/12,9630,1
r3127,LingOrm,6,169,2024/8/29,19276,0
r3128,ViewJune,1,3,2024/5/12,185,0
r3129,ViewJune,23,315,2024/5/10,54724,1
r3130,MeenBabe,12,70,2024/5/10,15314,1
r3131,ViewJune,13,16,2024/5/9,2309,1
r3132,ViewJune,10,281,2024/5/30,36567,0
r3133,FreenBecky,17,14,2024/5/9,4868,0
r3134,MeenBabe,4,7,2024/5/9,768,0
r3135,FreenBecky,11,25,2024/5/9,3904,1
r3136,FreenBecky,15,40,2024/5/13,9781,0
r3137,JanJingjing,2,2,2026/7/12,156,0
r3138,ViewJune,3,5,2024/5/10,439,0
r3139,FreenBecky,2,3,2024/5/10,247,0
r3140,ViewJune,1,3,2024/5/9,395,1
r3141,NamtanFilm,19,53,2024/5/11,10183,1
r3142,MilkLove,5,2,2024/5/9,595,0
r3143,EngLot,2,10,2024/5/10,640,0
r3144,EmiBonnie,3,118,2024/5/31,8807,0
r3145,ViewJune,12,112,2024/5/13,17525,0
r3146,ViewJune,3,4,2024/5/12,458,0
r3147,ViewJune,9,47,2024/5/11,6156,1
r3148,ViewJune,2,13,2024/5/12,1524,0
r3149,FreenBecky,19,33,2024/5/12,19271,1
r3150,ViewJune,2,9,2024/5/21,1553,1
r3151,ViewJune,9,14,2024/5/12,2315,1
r3152,ViewJune,17,301,2024/5/12,53821,1
r3154,FayeYoko,13,66,2024/5/10,12060,0
r3155,MilkLove,1,1,2024/5/12,335,0
r3156,MilkLove,9,24,2024/5/11,2571,0
r3157,EngLot,17,469,2024/5/24,179657,1
r3158,MilkLove,22,124,2024/5/18,25748,1
r3159,ViewJune,10,30,2024/5/11,5034,0
r3160,EngLot,2,20,2024/5/11,7058,1
r3161,ViewJune,6,5,2024/5/11,1082,1
r3162,FreenBecky,14,275,2024/6/19,65594,1
r3163,EngLot,15,171,2024/5/24,55483,1
r3164,FreenBecky,19,14,2024/5/21,3842,0
r3165,ViewJune,6,21,2024/5/16,2141,0
r3166,LingOrm,1,5,2024/10/20,751,0
r3167,MeenBabe,2,8,2024/5/21,816,0
r3168,LingOrm,31,174,2025/6/20,73363,1
r3169,NamneungNoey,1,0,2024/5/11,91,1
r3170,LingOrm,4,20,2026/3/11,2299,0
r3171,LingOrm,10,313,2024/5/15,77881,1
r3172,ViewJune,2,11,2024/5/12,706,0
r3173,FreenBecky,1,3,2024/5/12,171,0
r3174,ViewJune,11,191,2024/5/22,24571,0
r3175,EngLot,4,8,2024/5/12,862,0
r3177,FayMay,8,75,2024/8/12,8970,0
r3178,MilkLove,7,118,2024/5/14,16117,0
r3179,ViewJune,5,25,2024/5/12,3458,1
r3180,LingOrm,38,194,2024/5/21,116781,1
r3181,NamtanFilm,1,7,2025/3/18,358,0
r3182,LingOrm,10,1852,2024/5/17,184463,0
r3183,ViewJune,3,5,2024/5/12,724,0
r3184,ViewJune,2,8,2024/5/13,552,0
r3185,ViewJune,1,1,2024/5/13,161,0
r3186,LingOrm,10,1036,2024/5/14,170546,0
r3187,ViewJune,25,62,2024/5/15,13312,1
r3188,ViewJune,6,5,2024/5/13,729,0
r3189,ViewJune,11,76,2024/5/13,14549,1
r3190,MilkLove,1,19,2024/5/12,2242,1
r3192,MilkLove,3,61,2024/5/13,2627,0
r3193,ViewJune,15,158,2024/5/17,33920,0
r3194,BamYada,1,46,2024/5/13,4378,1
r3195,MilkLove,18,29,2024/5/13,7074,0
r3196,MeenBabe,8,35,2024/5/23,9260,1
r3198,LingOrm,10,869,2024/5/16,172283,1
r3199,ViewJune,1,8,2024/5/21,674,1
r3200,FreenBecky,5,2,2024/9/11,496,0
r3201,EngLot,2,9,2024/5/21,430,0
r3202,ViewJune,23,42,2024/5/14,10457,0
r3203,LingOrm,23,854,2024/5/14,299932,0
r3204,ViewJune,11,103,2024/5/15,20688,1
r3205,LingOrm,12,73,2024/5/19,12765,0
r3206,ViewJune,4,9,2024/6/15,780,0
r3207,NamneungNoey,5,6,2024/7/28,2847,0
r3209,BamYada,11,133,2024/5/18,27237,0
r3210,ViewJune,1,4,2024/5/14,163,0
r3211,ViewJune,6,12,2024/5/15,2036,1
r3212,ViewJune,7,3,2024/5/15,987,0
r3213,FreenBecky,18,38,2024/6/16,10519,1
r3214,ViewJune,1,2,2024/5/15,129,0
r3216,FreenBecky,18,72,2024/7/13,14885,1
r3217,NamtanFilm,6,38,2024/5/15,3410,0
r3218,BamYada,2,9,2024/5/17,2359,0
r3219,ViewJune,2,8,2024/5/15,553,0
r3220,BamYada,8,12,2024/5/30,3454,1
r3221,FreenBecky,18,53,2024/7/9,11763,1
r3223,EngLot,23,859,2024/5/19,449240,1
r3224,ViewJune,3,3,2024/5/15,443,0
r3225,LingOrm,1,7,2024/5/18,798,1
r3226,MilkLove,5,40,2024/5/17,4565,0
r3227,BamYada,15,90,2024/5/16,25825,1
r3229,LingOrm,2,1,2026/2/24,74,0
r3230,LingOrm,20,289,2024/10/12,78781,1
r3231,FreenBecky,4,6,2024/5/17,646,0
r3232,ViewJune,1,2,2024/5/16,135,0
r3233,MeenBabe,12,78,2024/5/17,23006,1
r3234,FreenBecky,18,44,2024/8/18,10633,1
r3235,NamneungNoey,20,11,2024/6/4,3962,0
r3236,FreenBecky,16,40,2024/5/16,9237,0
r3237,FreenBecky,7,54,2024/7/31,4695,0
r3238,FreenBecky,9,33,2024/5/18,7776,1
r3239,MilkLove,13,72,2024/6/5,12903,1
r3240,LingOrm,23,448,2024/5/21,168576,1
r3241,LingOrm,18,768,2024/5/23,128763,1
r3243,NamtanFilm,13,63,2024/5/17,14866,1
r3244,LingOrm,30,6008,2024/5/20,1811655,1
r3245,EngLot,5,16,2024/6/5,7242,1
r3246,EngLot,1,0,2024/5/17,61,0
r3247,LingOrm,15,532,2024/5/18,123595,1
r3248,NamtanFilm,11,36,2024/6/2,5007,0
r3249,EngLot,7,8,2024/5/18,4010,0
r3250,ViewJune,6,28,2024/5/26,4096,1
r3251,ViewJune,12,6,2024/5/19,1717,1
r3252,ViewJune,3,0,2024/5/18,226,0
r3253,LingOrm,14,812,2024/5/23,172149,1
r3254,MilkLove,12,58,2024/5/18,14594,1
r3255,ViewJune,4,6,2024/5/19,719,0
r3257,MilkLove,4,4,2024/5/20,724,0
r3258,ViewJune,2,3,2024/5/19,311,0
r3259,MilkLove,6,38,2024/5/21,4087,0
r3260,MilkLove,11,144,2024/5/19,27379,1
r3261,MilkLove,3,45,2024/7/26,2544,0
r3262,EngLot,12,14,2024/5/19,2766,0
r3263,ViewJune,1,2,2024/5/19,321,0
r3264,MilkLove,3,52,2024/6/16,4427,0
r3265,ViewJune,5,10,2024/5/19,1108,0
r3266,MilkLove,1,2,2024/5/19,187,0
r3267,FreenBecky,14,64,2024/5/19,23550,1
r3268,EngLot,13,5,2024/5/20,2166,1
r3269,ViewMim,5,52,2025/6/27,4591,1
r3270,MilkLove,7,4,2024/5/24,1501,0
r3271,NamneungNoey,1,1,2024/5/21,252,1
r3272,LingOrm,2,35,2024/10/13,3782,0
r3273,FayeYoko,6,15,2024/6/8,2379,0
r3274,ViewJune,6,14,2024/5/20,2797,1
r3275,MilkLove,13,483,2024/5/20,83855,0
r3276,EngLot,21,87,2024/6/15,60176,1
r3277,MilkLove,9,167,2024/6/16,30576,1
r3278,NamneungNoey,15,5,2024/5/21,2424,1
r3279,MeenBabe,13,7,2024/5/21,4716,1
r3280,LingOrm,3,86,2024/7/25,8221,0
r3281,EngLot,25,612,2024/5/25,302392,1
r3282,ViewJune,10,226,2024/6/8,37876,1
r3283,EmiBonnie,13,7,2025/8/31,1554,0
r3284,FreenBecky,14,5,2024/5/21,1127,0
r3285,ViewJune,3,8,2024/5/26,1114,0
r3286,EngLot,2,1,2024/5/27,289,0
r3287,ViewJune,8,12,2024/5/21,2162,1
r3288,ViewJune,14,115,2024/5/22,20313,1
r3289,MilkLove,2,70,2024/5/21,4351,0
r3290,MilkLove,3,2,2024/5/23,625,0
r3291,MilkLove,27,75,2024/5/21,26323,1
r3292,FreenBecky,7,4,2024/5/22,504,0
r3293,EmiBonnie,1,1,2026/7/5,101,0
r3294,EngLot,36,90,2024/5/22,27324,1
r3295,BamYada,5,18,2024/5/23,3044,0
r3297,FreenBecky,5,14,2024/6/27,2552,0
r3298,EngLot,9,91,2024/5/23,19664,0
r3299,AndaLookkaew,8,73,2024/5/24,14378,0
r3300,LingOrm,1,566,2025/1/1,23319,1
r3301,ViewJune,4,9,2024/5/22,1835,0
r3302,FayeYoko,11,89,2024/5/23,22087,1
r3303,ViewJune,3,3,2024/5/22,237,0
r3304,EngLot,3,8,2024/11/2,1336,0
r3305,BamYada,3,55,2024/5/26,5874,0
r3306,LingOrm,6,161,2024/5/28,25820,0
r3308,MilkLove,6,24,2024/5/24,3187,0
r3310,EngLot,13,9,2024/9/15,4916,1
r3311,ViewJune,16,75,2024/5/31,13653,0
r3312,LingOrm,3,142,2024/6/13,12889,0
r3313,MilkLove,1,0,2024/5/29,128,0
r3314,ViewJune,17,24,2024/5/29,4293,1
r3315,MilkLove,17,130,2024/7/18,34493,1
r3316,FreenBecky,25,75,2024/6/13,25317,1
r3317,LingOrm,21,364,2024/7/15,127276,1
r3318,AndaLookkaew,19,360,2024/6/3,134151,1
r3319,EngLot,20,60,2024/7/9,33323,1
r3321,MilkLove,10,113,2024/5/25,25474,1
r3322,ViewJune,15,18,2024/5/25,1852,0
r3325,ViewJune,7,16,2024/5/26,2891,1
r3326,FreenBecky,2,7,2024/7/5,559,0
r3327,ViewJune,1,1,2024/5/25,102,0
r3328,ViewJune,3,3,2024/11/19,191,0
r3329,ViewJune,4,2,2024/5/25,256,0
r3330,LingOrm,2,5,2024/7/20,622,0
r3331,MilkLove,5,244,2025/3/23,28169,0
r3332,NamneungNoey,1,2,2024/5/26,234,0
r3333,FreenBecky,7,3,2024/5/26,481,0
r3334,EngLot,4,15,2024/5/26,2194,0
r3335,LingOrm,3,22,2024/6/1,4151,0
r3336,ViewJune,9,29,2024/5/26,4137,1
r3337,FayeYoko,1,22,2024/5/26,2167,0
r3338,FayeYoko,16,200,2024/5/29,55803,1
r3339,ViewJune,6,12,2024/5/27,2144,1
r3340,ViewJune,1,27,2024/5/27,2674,0
r3341,ViewJune,5,13,2024/5/27,1578,1
r3342,FayeYoko,12,61,2024/6/2,14268,1
r3344,MilkLove,1,5,2024/5/27,370,0
r3345,MilkLove,2,124,2024/5/28,7822,1
r3346,MilkLove,17,56,2024/5/27,14628,1
r3347,EngLot,1,3,2024/5/27,174,1
r3348,NamneungNoey,2,4,2024/5/28,772,0
r3349,EngLot,29,6,2024/5/29,8052,1
r3350,MilkLove,6,57,2024/5/30,8303,1
r3351,MilkLove,19,55,2024/5/29,17028,1
r3352,MilkLove,6,17,2024/6/15,2139,0
r3353,ViewJune,8,149,2024/6/2,18819,0
r3354,ViewJune,1,3,2024/7/7,313,0
r3355,ViewJune,9,9,2024/5/29,1794,1
r3356,AndaLookkaew,14,46,2024/5/29,10200,0
r3357,FreenBecky,18,55,2024/8/17,12239,1
r3358,FreenBecky,14,18,2024/11/18,2527,1
r3359,FreenBecky,12,207,2024/7/26,41052,1
r3360,EngLot,2,3,2024/5/29,132,0
r3361,LingOrm,2,79,2024/6/1,7228,0
r3362,NamtanFilm,4,11,2024/5/31,1748,0
r3363,FreenBecky,18,52,2024/7/18,12431,1
r3364,ViewJune,6,4,2024/5/30,430,0
r3365,ViewJune,26,16,2024/6/2,5334,0
r3366,ViewJune,1,35,2024/6/1,2169,0
r3367,FreenBecky,18,43,2024/8/22,12809,1
r3369,ViewJune,3,0,2024/5/30,47,0
r3370,FreenBecky,25,11,2024/5/31,7354,0
r3371,LingOrm,7,288,2024/6/13,30124,0
r3372,MilkLove,7,12,2024/5/30,1431,0
r3373,LingOrm,5,22,2024/5/31,6603,0
r3374,EngLot,22,16,2024/6/2,11694,1
r3375,EngLot,2,4,2024/5/31,574,0
r3376,MilkLove,4,86,2024/6/2,6689,0
r3377,EngLot,3,2,2024/7/27,402,0
r3378,ViewJune,21,352,2024/6/5,58222,0
r3379,EngLot,1,1,2024/7/27,282,0
r3380,EngLot,19,17,2024/5/31,8548,1
r3381,FreenBecky,4,8,2024/7/17,1452,0
r3382,NamtanFilm,23,50,2024/6/1,15934,1
r3383,LingOrm,15,62,2024/8/26,12598,1
r3384,LingOrm,6,14,2024/6/1,2546,0
r3385,MilkLove,3,3,2024/6/11,196,0
r3386,MilkLove,15,73,2024/6/7,13037,0
r3387,MilkLove,1,1,2026/5/14,138,0
r3388,AndaLookkaew,17,36,2024/5/31,11860,0
r3389,ViewJune,8,22,2024/5/31,2002,0
r3390,FreenBecky,7,45,2024/5/31,7808,0
r3391,ViewJune,6,15,2024/6/1,1758,1
r3392,EngLot,22,118,2024/6/1,30959,0
r3393,EngLot,21,807,2024/6/8,402688,1
r3394,MilkLove,7,11,2024/6/1,2348,0
r3395,FreenBecky,1,7,2024/6/1,744,0
r3396,MilkLove,6,2,2024/6/1,136,1
r3397,ViewJune,1,0,2024/6/3,34,0
r3398,MilkLove,26,83,2024/6/1,25121,1
r3399,MilkLove,25,39,2024/6/6,9749,1
r3400,ViewJune,1,1,2024/6/2,185,0
r3401,ViewJune,6,8,2024/6/2,1562,1
r3402,MeenBabe,7,61,2025/4/27,13309,1
r3403,BamYada,5,34,2024/6/8,3412,0
r3404,EngLot,21,18,2024/6/3,14644,0
r3405,EngLot,20,1005,2024/7/12,500292,1
r3406,EngLot,27,771,2024/6/26,402956,1
r3407,AndaLookkaew,24,85,2024/6/2,59258,1
r3408,FreenBecky,38,27,2024/6/3,20462,1
r3409,NamtanFilm,7,9,2024/6/2,1335,1
r3410,MilkLove,8,10,2024/6/3,1141,1
r3411,ViewJune,10,22,2024/6/2,5355,1
r3412,LingOrm,14,985,2024/7/28,175449,0
r3413,ViewJune,11,63,2024/6/3,7538,0
r3414,MilkLove,7,75,2024/6/3,11754,1
r3415,ViewJune,9,16,2024/6/2,2517,1
r3416,MilkLove,3,4,2024/6/2,421,0
r3417,BamYada,5,81,2024/6/3,8114,0
r3418,LMSY,4,12,2025/9/25,992,0
r3419,ViewJune,2,6,2024/6/2,561,1
r3420,EngLot,16,251,2024/6/8,91861,1
r3421,ViewJune,4,9,2024/6/3,1093,0
r3422,LingOrm,31,1901,2025/2/1,646209,1
r3423,ViewJune,2,3,2024/6/3,306,0
r3424,MilkLove,1,1,2024/6/3,139,0
r3425,FayeYoko,14,102,2024/6/3,20033,0
r3426,MilkLove,5,16,2024/6/3,2191,0
r3427,EngLot,1,17,2024/6/3,1838,0
r3429,MeenBabe,6,2,2024/7/11,1022,0
r3430,FreenBecky,18,44,2024/8/18,12901,1
r3431,MeenBabe,36,113,2024/6/15,59843,1
r3432,MilkLove,7,1,2024/6/3,1218,0
r3433,LingOrm,16,491,2024/6/11,148517,1
r3434,LingOrm,21,844,2024/6/4,299135,1
r3435,MilkLove,1,5,2024/6/3,323,0
r3436,EngLot,21,9,2024/7/1,5836,1
r3437,ViewJune,5,12,2024/6/3,1280,0
r3438,LingOrm,10,154,2024/6/7,24041,0
r3439,ViewJune,3,12,2024/6/4,1628,0
r3440,ViewJune,26,103,2024/6/4,32152,1
r3441,ViewJune,1,7,2024/6/11,244,0
r3442,EngLot,8,3,2024/7/24,730,0
r3443,MilkLove,8,29,2024/12/9,4198,0
r3444,ViewJune,11,17,2024/6/7,3325,1
r3445,EngLot,2,3,2025/4/23,340,0
r3446,LingOrm,61,819,2024/6/9,511988,1
r3447,FreenBecky,18,46,2024/8/20,14257,1
r3448,MilkLove,4,8,2024/6/6,931,1
r3449,EngLot,3,5,2024/6/4,1062,1
r3450,LingOrm,8,20,2024/6/4,4162,0
r3451,MeenBabe,2,1,2024/6/5,253,0
r3452,NamneungNoey,1,0,2024/6/4,46,0
r3453,FayeYoko,105,160,2024/6/5,110614,1
r3454,MeenBabe,10,55,2024/6/4,15439,0
r3455,MilkLove,4,12,2024/6/10,1671,0
r3456,LingOrm,16,366,2024/6/6,87141,1
r3457,LingOrm,22,580,2024/9/2,135094,0
r3458,FayeYoko,34,56,2024/6/5,6967,0
r3459,FreenBecky,17,303,2024/6/9,54664,0
r3460,ViewJune,2,6,2024/6/11,633,0
r3461,ViewJune,3,1,2024/6/5,228,0
r3462,FreenBecky,2,13,2024/6/5,1784,0
r3463,MilkLove,2,18,2024/6/8,1200,0
r3464,EngLot,20,26,2024/9/7,9609,1
r3465,MilkLove,7,94,2024/6/6,15590,1
r3466,ViewJune,4,14,2024/6/6,1425,0
r3467,MilkLove,1,0,2024/6/8,56,0
r3468,FreenBecky,13,196,2024/6/7,36127,1
r3469,FreenBecky,45,207,2024/6/6,128987,1
r3471,FreenBecky,12,263,2025/3/1,48672,0
r3472,NamtanFilm,6,133,2024/8/24,13894,0
r3473,LingOrm,21,466,2024/7/6,161879,1
r3474,EngLot,8,15,2024/6/10,2929,0
r3475,MilkLove,1,11,2024/6/12,704,0
r3476,MilkLove,6,4,2024/6/7,1227,1
r3477,FreenBecky,8,24,2024/6/23,5088,1
r3478,MeenBabe,17,64,2025/4/1,23763,1
r3479,ViewJune,24,41,2024/7/10,9165,1
r3480,NamneungNoey,1,0,2024/6/7,194,0
r3481,LingOrm,2,3,2025/4/19,855,1
r3482,MilkLove,1,1,2024/6/7,264,0
r3483,MilkLove,1,0,2024/6/8,97,0
r3484,FayeYoko,1,20,2024/6/7,2161,1
r3485,MilkLove,11,23,2024/6/16,4004,1
r3486,LingOrm,8,9,2025/8/23,3396,0
r3487,MilkLove,2,17,2024/6/25,1497,0
r3488,ViewJune,14,27,2024/6/8,6587,1
r3490,ViewJune,1,1,2024/6/8,198,0
r3491,FreenBecky,8,15,2024/9/3,4324,1
r3492,ViewJune,1,2,2024/6/8,190,0
r3493,ViewJune,8,31,2024/6/8,3191,0
r3494,ViewJune,2,9,2024/6/17,588,0
r3495,FayeYoko,15,116,2024/6/29,24507,1
r3496,FayeYoko,20,143,2024/6/9,20783,1
r3497,FreenBecky,2,3,2024/6/9,275,0
r3498,FreenBecky,18,178,2024/6/14,47074,1
r3499,ViewJune,7,13,2024/6/9,2809,1
r3500,NamtanFilm,12,220,2024/6/11,36709,0
r3501,MilkLove,30,151,2024/6/10,37307,1
r3502,ViewJune,3,1,2024/7/3,109,0
r3503,ViewJune,8,13,2024/6/9,2285,1
r3505,FreenBecky,10,9,2024/6/10,2266,0
r3506,FreenBecky,43,86,2024/6/10,13104,1
r3507,ViewJune,9,109,2024/6/16,13610,1
r3508,MilkLove,8,103,2024/6/9,16200,1
r3509,ViewJune,5,14,2024/6/9,1392,0
r3510,EngLot,18,249,2024/7/14,107494,1
r3511,ViewJune,1,22,2024/6/11,1235,0
r3512,FreenBecky,12,11,2024/6/11,1795,0
r3513,EngLot,16,116,2024/6/10,81518,1
r3514,FreenBecky,2,2,2024/6/10,112,0
r3515,ViewJune,8,84,2024/6/13,9832,0
r3516,FreenBecky,9,8,2024/6/20,2436,0
r3517,ViewJune,2,4,2024/6/10,332,0
r3518,MilkLove,26,99,2024/6/15,33268,1
r3519,FayeYoko,2,8,2024/6/10,996,0
r3520,EngLot,40,68,2024/6/20,55456,1
r3521,EngLot,20,159,2024/6/10,172285,1
r3522,EngLot,8,70,2024/6/11,34367,1
r3523,MeenBabe,14,32,2024/9/27,7577,1
r3524,MilkLove,1,4,2024/6/30,232,0
r3525,LingOrm,49,111,2024/7/14,63310,1
r3526,FreenBecky,40,394,2024/6/18,137899,1
r3527,FayeYoko,15,197,2024/6/25,45352,1
r3528,NamtanFilm,1,2,2024/6/12,131,0
r3529,MeenBabe,18,92,2024/6/21,41280,1
r3530,NamtanFilm,3,3,2024/6/12,858,0
r3532,NamtanFilm,3,4,2024/6/12,467,0
r3533,LingOrm,21,441,2024/6/14,183821,1
r3534,EngLot,20,109,2024/6/13,128309,1
r3535,FreenBecky,8,26,2024/6/15,2520,0
r3536,EngLot,15,117,2024/7/11,48693,1
r3537,ViewJune,4,3,2024/6/22,530,0
r3538,MilkLove,14,28,2024/6/14,4759,1
r3539,ViewJune,5,16,2024/6/13,2158,1
r3540,EngLot,1,11,2024/6/13,2807,0
r3541,EngLot,40,39,2024/6/15,29386,1
r3542,ViewJune,8,13,2024/7/17,2345,0
r3543,MilkLove,10,16,2024/9/20,3869,1
r3544,FreenBecky,19,324,2024/6/17,64277,0
r3545,FreenBecky,25,41,2024/6/13,24637,1
r3546,MeenBabe,21,51,2024/7/26,30333,1
r3547,ViewJune,10,31,2024/6/14,5628,1
r3548,MilkLove,6,46,2024/9/28,7446,1
r3550,MilkLove,10,73,2024/6/15,11815,1
r3551,ViewJune,2,8,2025/1/5,565,0
r3552,ViewJune,3,16,2024/6/14,1254,1
r3553,FreenBecky,2,10,2024/6/15,695,0
r3554,NamtanFilm,3,8,2024/6/16,325,0
r3555,FayeYoko,6,30,2024/9/20,3311,0
r3556,ViewJune,2,5,2024/6/16,363,0
r3557,FreenBecky,13,430,2024/8/7,96782,1
r3558,ViewJune,2,7,2024/6/15,254,0
r3559,FreenBecky,24,55,2024/12/13,19458,1
r3560,MilkLove,4,3,2024/6/15,550,0
r3561,FreenBecky,12,25,2024/6/15,10675,0
r3562,ViewJune,5,5,2024/6/15,552,1
r3564,MilkLove,8,217,2024/6/16,30987,1
r3565,MilkLove,1,610,2024/6/15,42531,1
r3567,LingOrm,10,32,2025/5/18,9254,0
r3568,EngLot,5,11,2024/7/4,997,0
r3569,FreenBecky,10,22,2024/6/16,2701,1
r3570,NamtanFilm,3,11,2024/6/18,669,0
r3571,ViewJune,4,41,2024/6/17,5075,0
r3573,FreenBecky,15,13,2024/7/25,3007,1
r3574,EngLot,3,1,2024/6/16,586,1
r3575,FreenBecky,11,307,2025/1/16,51257,1
r3576,EngLot,6,4,2024/6/16,2202,0
r3577,FayeYoko,18,87,2024/6/16,25326,0
r3578,MilkLove,9,14,2024/6/23,2951,0
r3579,ViewJune,10,15,2024/6/19,1939,0
r3580,LingOrm,20,786,2024/7/7,262626,1
r3581,FreenBecky,14,6,2024/11/12,1828,0
r3582,ViewJune,1,6,2024/6/17,349,0
r3583,EngLot,25,80,2024/6/20,94931,1
r3584,EngLot,22,193,2024/6/23,90610,0
r3585,LingOrm,11,94,2024/6/18,35526,1
r3586,FayMay,2,11,2024/6/17,669,0
r3587,ViewJune,6,89,2024/6/22,7943,0
r3588,FayeYoko,9,28,2024/6/19,9636,1
r3589,MilkLove,15,12,2024/6/18,3140,1
r3591,MilkLove,3,5,2024/6/19,717,0
r3592,ViewJune,4,9,2024/6/20,976,0
r3593,ViewJune,4,13,2024/6/17,1135,0
r3594,FreenBecky,1,3,2024/6/18,200,1
r3595,EngLot,6,3,2024/6/19,687,0
r3596,EngLot,1,1,2024/6/19,187,0
r3597,FreenBecky,54,131,2024/6/28,94425,1
r3598,EngLot,3,0,2024/7/20,423,0
r3599,ViewJune,11,16,2024/6/20,3011,1
r3601,MilkLove,5,57,2024/7/3,6556,1
r3602,ViewJune,10,48,2024/6/19,8435,1
r3603,EngLot,16,281,2024/9/2,93892,1
r3604,EngLot,1,0,2024/6/19,115,0
r3605,MeenBabe,8,204,2024/6/21,30332,0
r3606,MilkLove,6,46,2024/7/1,5197,1
r3607,EngLot,5,0,2024/6/22,400,0
r3608,FreenBecky,6,41,2024/8/8,3568,0
r3609,LingOrm,16,210,2024/6/22,54870,1
r3610,EngLot,26,224,2024/7/3,145065,1
r3611,FayeYoko,5,29,2024/6/21,4284,1
r3612,EngLot,16,10,2024/6/21,7911,0
r3613,EmiBonnie,4,6,2025/4/18,527,0
r3615,FayeYoko,12,50,2024/6/23,10588,1
r3616,NamneungNoey,24,2,2024/6/22,836,0
r3617,LingOrm,2,66,2025/8/2,1742,0
r3618,LingOrm,8,44,2025/5/4,9434,0
r3619,MilkLove,10,144,2024/9/12,27207,1
r3620,FreenBecky,1,2,2024/6/22,81,0
r3621,FreenBecky,3,4,2024/6/22,544,0
r3622,FayeYoko,3,9,2024/6/22,698,0
r3623,FreenBecky,11,404,2024/6/28,75891,1
r3624,ViewJune,5,9,2024/6/22,1099,0
r3625,ViewJune,2,1,2024/6/24,263,0
r3626,EngLot,3,2,2024/7/1,685,0
r3627,ViewJune,1,3,2024/6/22,250,0
r3628,ViewJune,3,2,2024/6/22,186,0
r3629,MeenBabe,21,10,2024/6/23,5868,1
r3630,EngLot,20,55,2024/6/22,18124,0
r3631,JuneMewnich,4,24,2024/7/21,5916,0
r3632,EngLot,3,1,2024/6/22,152,0
r3633,LingOrm,27,411,2024/6/25,162625,1
r3634,NamtanFilm,7,429,2025/5/14,52652,0
r3635,EngLot,2,2,2024/6/23,533,1
r3636,LingOrm,2,108,2025/1/12,9204,0
r3637,EngLot,26,119,2024/6/26,148583,1
r3638,MilkLove,8,10,2024/6/23,1965,1
r3639,MilkLove,7,33,2024/6/23,5319,1
r3640,FreenBecky,6,4,2024/6/23,596,0
r3641,FreenBecky,15,8,2024/6/24,1703,1
r3642,NamneungNoey,1,1,2024/6/23,87,0
r3643,LingOrm,12,458,2024/6/24,113590,0
r3644,EngLot,2,2,2024/6/24,380,0
r3645,EngLot,13,219,2024/6/30,60646,1
r3646,MeenBabe,12,69,2024/10/7,20970,0
r3647,MeenBabe,4,16,2024/6/26,3715,0
r3648,EngLot,14,6,2024/6/24,4888,1
r3649,ViewJune,8,11,2024/6/24,1810,1
r3650,ViewJune,20,27,2024/7/8,7825,1
r3651,LingOrm,7,11,2024/6/27,1854,0
r3652,MilkLove,11,151,2024/6/27,31927,1
r3653,EngLot,1,51,2024/6/24,6463,1
r3654,NamtanFilm,2,9,2024/10/12,1072,0
r3655,FreenBecky,6,20,2024/10/28,5732,1
r3656,FreenBecky,15,18,2024/6/24,8009,1
r3657,FreenBecky,9,19,2024/6/24,5964,0
r3658,ViewJune,14,20,2024/6/26,2481,1
r3659,FreenBecky,19,14,2024/7/6,5292,1
r3661,EngLot,3,4,2024/6/25,881,0
r3662,ViewJune,11,5,2024/7/26,1057,0
r3663,LingOrm,11,24,2024/7/2,9039,1
r3664,EngLot,23,16,2024/6/30,8251,1
r3665,FreenBecky,20,66,2024/6/26,31936,1
r3666,EngLot,1,16,2024/6/25,41,0
r3667,EngLot,22,210,2024/7/7,112194,1
r3668,FreenBecky,8,7,2024/6/26,1300,1
r3669,JuneMewnich,1,25,2025/7/5,1508,0
r3670,LingOrm,18,89,2024/7/3,29656,1
r3671,EngLot,19,36,2024/7/26,8649,1
r3672,MilkLove,25,161,2024/6/27,54562,1
r3673,ViewJune,5,24,2024/7/9,2488,0
r3674,FreenBecky,44,29,2024/7/3,20629,1
r3675,MeenBabe,22,88,2024/6/30,44501,1
r3676,EngLot,11,23,2024/6/27,18566,0
r3677,MilkLove,8,17,2024/9/5,2053,0
r3678,LingOrm,11,1757,2024/6/27,345179,0
r3679,LingOrm,5,56,2024/6/28,9997,0
r3680,EngLot,24,661,2024/6/27,350761,1
r3681,EngLot,15,46,2024/6/28,20051,1
r3682,FreenBecky,1,11,2024/6/27,817,1
r3683,LingOrm,12,20,2024/7/6,4831,1
r3685,LingOrm,17,76,2024/7/26,18488,0
r3686,NamtanFilm,24,15,2024/6/28,3458,0
r3687,LingOrm,27,2140,2024/6/28,622807,0
r3688,EngLot,16,55,2024/7/5,17520,1
r3689,FreenBecky,4,8,2024/6/28,1459,0
r3690,MilkLove,10,13,2024/6/29,2268,1
r3691,EngLot,2,5,2024/6/28,1196,0
r3692,FreenBecky,26,71,2024/6/30,28331,1
r3693,EngLot,1,9,2024/6/29,366,0
r3694,EngLot,1,0,2024/6/30,624,0
r3695,LingOrm,16,559,2024/7/7,112782,0
r3696,LingOrm,9,1264,2024/6/29,146052,1
r3697,EngLot,1,6,2024/6/29,776,0
r3698,NamtanFilm,16,12,2024/6/29,4580,1
r3699,LingOrm,6,53,2024/6/30,9895,0
r3700,EngLot,14,5,2024/6/29,2655,0
r3701,EngLot,16,4,2024/6/30,4083,1
r3702,EngLot,14,4,2024/6/29,4282,1
r3703,EngLot,32,417,2024/7/16,345938,1
r3704,ViewJune,13,39,2024/7/3,5210,1
r3705,ViewJune,2,11,2024/6/30,1145,1
r3707,LingOrm,11,78,2024/7/2,20311,1
r3708,EngLot,13,37,2024/10/8,10200,0
r3710,NamneungNoey,2,3,2024/6/30,361,1
r3711,ViewJune,2,2,2024/6/30,413,0
r3712,BamYada,2,3,2024/7/16,412,0
r3713,EngLot,5,3,2024/7/2,2462,0
r3714,FreenBecky,3,3,2024/7/27,365,0
r3715,ViewJune,5,4,2024/7/27,689,1
r3716,FayeYoko,2,10,2024/10/9,475,0
r3717,LingOrm,2,23,2024/7/5,3001,0
r3718,MilkLove,3,3,2024/7/3,148,0
r3719,MilkLove,8,36,2024/7/2,3846,1
r3720,ViewJune,20,16,2024/7/1,4847,1
r3721,EngLot,1,13,2024/7/1,1812,0
r3722,LingOrm,20,2205,2024/7/22,724739,1
r3723,MilkLove,5,4,2024/7/6,506,0
r3724,LingOrm,9,32,2024/7/3,4737,0
r3725,FreenBecky,11,52,2024/7/2,21426,1
r3726,LingOrm,12,47,2024/7/8,13116,0
r3727,NamneungNoey,2,4,2024/7/3,526,0
r3728,FayeYoko,4,25,2024/7/10,2188,0
r3729,LenaMiu,28,33,2024/12/20,14808,0
r3730,EngLot,4,7,2024/7/2,4265,0
r3731,EngLot,2,3,2024/7/2,1354,0
r3732,FreenBecky,18,44,2024/8/17,11817,1
r3733,LingOrm,3,40,2024/7/2,6215,0
r3734,ViewJune,9,11,2024/7/2,1768,1
r3735,LingOrm,13,154,2026/4/25,31799,0
r3736,LingOrm,17,892,2024/7/7,114313,0
r3737,MilkLove,20,255,2024/7/14,52411,1
r3738,ViewJune,18,27,2024/7/3,6377,1
r3739,FreenBecky,16,182,2024/7/3,39413,1
r3740,NamneungNoey,3,9,2024/10/3,813,0
r3741,FreenBecky,16,59,2024/7/11,14024,1
r3742,MilkLove,10,501,2024/7/7,85605,1
r3743,EngLot,1,6,2024/7/21,1694,1
r3744,MilkLove,1,3,2024/7/4,385,0
r3745,LingOrm,1,5,2024/8/16,598,0
r3746,FreenBecky,22,70,2024/8/2,15127,1
r3747,ViewJune,17,134,2024/10/9,30729,1
r3748,LingOrm,1,4,2024/7/4,711,0
r3749,ViewJune,7,15,2024/7/11,2044,0
r3750,ViewJune,3,10,2024/7/5,1403,0
r3751,EngLot,11,30,2024/7/13,13193,1
r3752,FreenBecky,3,2,2024/7/4,403,0
r3753,ViewJune,7,17,2024/7/4,2964,1
r3754,FayeYoko,9,28,2024/7/5,4129,0
r3755,ViewJune,8,64,2024/7/20,6745,0
r3756,LingOrm,2,15,2024/10/15,1262,0
r3757,ViewMim,6,3,2025/1/19,401,0
r3759,FreenBecky,5,25,2024/7/5,5511,0
r3760,ViewJune,2,2,2024/11/21,120,0
r3761,ViewMim,1,7,2026/6/13,450,0
r3763,MilkLove,16,140,2024/7/6,33463,1
r3765,EngLot,1,3,2024/7/6,100,0
r3766,EngLot,9,5,2024/7/7,2462,1
r3767,ViewJune,4,49,2024/7/28,1899,0
r3768,ViewJune,12,27,2024/7/6,3820,1
r3769,MilkLove,2,11,2024/7/28,1076,0
r3770,LingOrm,3,5,2024/7/13,1252,0
r3771,LingOrm,8,35,2024/7/6,5212,0
r3772,EngLot,4,15,2025/5/30,3820,0
r3773,LingOrm,2,6,2024/11/18,757,0
r3774,LingOrm,10,114,2024/8/5,31372,1
r3775,NamtanFilm,4,15,2024/7/7,1117,0
r3776,ViewJune,4,16,2024/8/4,1930,1
r3777,MeenBabe,11,7,2024/7/8,1784,0
r3778,ViewJune,14,9,2024/10/27,1827,1
r3779,LingOrm,4,10,2024/10/9,1958,0
r3780,MilkLove,1,8,2024/7/7,311,0
r3781,FayeYoko,3,18,2024/7/7,2318,0
r3782,LingOrm,1,2,2024/7/22,230,0
r3783,BamYada,1,3,2024/7/8,374,0
r3784,ViewJune,8,12,2024/7/7,2543,0
r3785,FayMay,1,30,2024/7/7,2075,1
r3786,ViewJune,6,5,2024/7/7,834,0
r3787,LingOrm,9,79,2024/7/7,17502,1
r3788,MilkLove,3,58,2024/7/10,4805,0
r3789,MilkLove,2,10,2024/7/8,697,0
r3790,EngLot,7,6,2024/7/12,1981,1
r3791,LingOrm,14,600,2024/7/9,80253,0
r3792,FreenBecky,11,7,2024/7/8,801,0
r3793,MilkLove,15,50,2024/7/13,13281,1
r3794,FreenBecky,12,7,2024/7/12,2271,1
r3795,FreenBecky,8,36,2024/9/21,7069,0
r3796,NamneungNoey,1,0,2024/7/9,42,1
r3797,EngLot,1,3,2024/7/9,470,0
r3798,FreenBecky,1,16,2024/7/9,880,1
r3799,MilkLove,10,68,2024/7/22,12923,1
r3800,EngLot,19,78,2024/7/10,22819,0
r3801,LingOrm,32,2869,2024/7/10,1063933,1
r3802,FreenBecky,6,4,2024/9/1,636,0
r3803,FreenBecky,19,233,2024/7/9,29749,1
r3804,MilkLove,11,8,2024/8/11,1911,0
r3805,ViewJune,18,10,2025/3/22,2693,1
r3806,LingOrm,14,24,2025/8/5,4246,0
r3807,EngLot,5,16,2024/7/31,1848,0
r3808,FreenBecky,6,15,2024/7/11,1931,0
r3809,FreenBecky,15,26,2024/7/24,6421,1
r3810,EngLot,2,12,2024/7/10,1675,0
r3811,EngLot,24,657,2024/8/15,384365,1
r3812,ViewJune,5,25,2024/7/27,3280,1
r3813,MilkLove,4,5,2024/7/11,681,1
r3814,LingOrm,3,9,2024/7/11,2065,0
r3815,LingOrm,2,17,2024/7/11,1715,0
r3816,ViewJune,9,30,2024/10/10,3539,1
r3817,EngLot,31,408,2024/11/11,229595,1
r3818,LingOrm,2,16,2024/7/11,1906,0
r3819,LingOrm,17,1763,2024/8/15,476655,1
r3820,NamneungNoey,6,4,2024/7/13,3475,0
r3821,LingOrm,15,18,2024/7/11,9047,0
r3822,ViewJune,10,28,2024/10/29,3874,1
r3823,FreenBecky,11,53,2024/7/11,18271,1
r3824,NamneungNoey,1,0,2024/7/11,571,0
r3825,LingOrm,49,2740,2024/7/11,1084650,1
r3826,FreenBecky,21,33,2024/7/14,11700,1
r3827,LingOrm,3,11,2025/1/5,1071,0
r3828,FreenBecky,3,2,2024/7/12,337,0
r3829,ViewJune,1,3,2024/7/12,211,1
r3830,FreenBecky,4,3,2024/7/12,250,0
r3832,MilkLove,1,21,2024/7/12,1205,0
r3833,LingOrm,66,8788,2024/7/16,3728999,1
r3834,MilkLove,7,6,2024/7/19,1154,0
r3835,FreenBecky,18,33,2024/8/11,9791,1
r3836,LingOrm,12,30,2024/7/13,7553,0
r3837,MilkLove,2,9,2024/7/25,325,0
r3838,LingOrm,8,58,2024/7/13,25234,1
r3839,EngLot,2,4,2024/7/13,165,0
r3840,FreenBecky,18,30,2024/8/13,10135,1
r3842,LenaMiu,16,245,2025/11/2,50515,0
r3843,ViewJune,20,30,2024/7/18,7157,1
r3844,MilkLove,6,9,2024/7/13,1210,0
r3845,LingOrm,12,15,2024/12/10,5905,0
r3846,MilkLove,16,45,2024/7/18,7838,0
r3847,LingOrm,5,14,2024/7/14,1788,1
r3848,LingOrm,1,8,2024/7/15,1247,1
r3849,LingOrm,3,9,2024/7/15,1146,0
r3850,FreenBecky,6,8,2024/7/14,1507,0
r3851,ViewJune,3,6,2024/8/10,218,0
r3852,FayeYoko,8,57,2024/7/16,7021,0
r3853,FreenBecky,3,7,2024/7/16,530,0
r3854,FreenBecky,2,8,2024/7/14,551,0
r3855,FreenBecky,10,28,2024/7/21,2755,0
r3856,EngLot,2,9,2024/8/11,1444,0
r3857,LingOrm,5,5,2024/7/26,1022,1
r3858,FreenBecky,30,18,2024/7/18,6698,1
r3860,FreenBecky,5,9,2024/8/9,618,0
r3861,ViewJune,3,3,2025/8/13,243,0
r3862,EngLot,30,11,2024/8/31,4598,1
r3863,LingOrm,6,47,2025/1/24,9443,0
r3864,EngLot,16,34,2024/7/17,15039,0
r3865,LingOrm,22,273,2024/7/15,109350,1
r3866,LingOrm,16,148,2024/7/18,48764,1
r3867,MilkLove,4,9,2024/7/18,723,0
r3868,MilkLove,12,121,2024/7/17,15758,1
r3869,FreenBecky,18,23,2024/7/15,6096,1
r3870,LingOrm,1,6,2024/7/16,560,0
r3871,EngLot,2,15,2024/7/16,3495,0
r3872,FreenBecky,21,5,2024/8/18,1569,0
r3873,MilkLove,9,55,2024/7/16,9961,1
r3874,EngLot,12,4,2024/7/16,2347,1
r3876,LingOrm,34,1551,2024/7/20,591899,1
r3877,EngLot,2,18,2024/7/17,8233,0
r3880,LingOrm,20,214,2024/7/23,56327,1
r3881,FreenBecky,1,1,2024/7/20,232,0
r3882,FayeYoko,4,27,2024/7/30,2502,0
r3883,FayMay,1,21,2024/7/17,1495,1
r3884,LingOrm,11,8,2024/7/17,2132,0
r3885,MilkLove,7,10,2024/7/19,1735,1
r3886,FayeYoko,4,17,2024/7/20,2321,1
r3887,EmiBonnie,2,4,2025/9/14,351,0
r3888,NamtanFilm,7,12,2024/7/30,2057,0
r3890,EngLot,4,3,2024/7/21,751,0
r3891,MilkLove,2,4,2024/7/17,410,0
r3892,LingOrm,15,2966,2024/7/18,678637,1
r3893,FayMay,1,5,2024/7/18,508,0
r3894,EngLot,21,240,2024/7/24,132119,1
r3895,FayeYoko,1,17,2024/7/18,1191,0
r3896,LingOrm,4,135,2024/7/20,18780,0
r3897,LingOrm,2,4,2024/12/5,1168,0
r3898,FreenBecky,16,17,2024/7/18,4385,1
r3899,FreenBecky,1,55,2024/7/18,3026,0
r3900,NamtanFilm,14,10,2024/7/29,1956,0
r3901,EngLot,2,4,2024/7/18,295,0
r3902,EngLot,23,193,2024/10/16,130844,1
r3903,MilkLove,3,23,2024/7/21,1741,0
r3904,FayeYoko,5,7,2024/7/18,765,0
r3905,FayeYoko,4,5,2024/7/19,1386,0
r3906,EngLot,20,94,2024/7/22,51152,1
r3907,FayeYoko,1,13,2024/7/19,2107,1
r3908,JanJingjing,2,4,2026/7/31,421,0
r3909,LingOrm,45,1055,2024/10/3,450251,0
r3910,LingOrm,7,71,2024/7/23,12835,0
r3911,EngLot,3,1,2024/7/19,383,1
r3912,LingOrm,40,962,2024/12/5,224053,0
r3913,LingOrm,2,9,2024/7/23,1037,0
r3914,LingOrm,3,17,2024/7/21,2045,0
r3915,MilkLove,10,52,2024/7/23,5745,1
r3916,FreenBecky,34,602,2024/7/21,250694,1
r3917,ViewJune,2,2,2024/7/19,196,0
r3918,LingOrm,11,225,2024/7/22,76780,1
r3919,LingOrm,4,11,2024/7/21,1179,0
r3920,LingOrm,5,20,2024/7/30,2031,0
r3921,KaoJaneJaneKao,7,82,2025/11/29,6382,0
r3922,LingOrm,3,4,2024/7/20,1214,0
r3923,FreenBecky,36,39,2024/10/14,16551,1
r3924,MilkLove,22,225,2024/7/21,59628,1
r3925,MilkLove,5,7,2025/3/15,1407,0
r3926,LingOrm,78,3235,2024/7/21,1826984,1
r3927,ViewJune,1,1,2024/7/25,128,0
r3928,MilkLove,2,6,2024/8/12,485,0
r3929,EngLot,18,32,2024/10/14,15038,1
r3930,ViewJune,9,13,2024/7/20,1531,1
r3931,FreenBecky,15,23,2024/8/21,8654,1
r3932,LingOrm,1,0,2025/1/3,27,0
r3933,LingOrm,16,164,2024/7/20,54976,0
r3934,LingOrm,4,24,2024/7/26,2364,0
r3935,ViewJune,25,20,2024/7/20,3967,1
r3936,LingOrm,1,1,2025/10/14,141,0
r3937,LingOrm,29,533,2024/9/29,193682,1
r3938,NamneungNoey,3,0,2024/12/1,258,1
r3939,NamneungNoey,20,21,2024/7/27,12802,1
r3940,LingOrm,2,11,2024/8/1,947,0
r3941,FreenBecky,10,12,2024/7/21,1881,1
r3942,ViewJune,12,15,2024/7/21,4039,1
r3943,ViewJune,15,27,2024/7/21,6876,1
r3944,MilkLove,2,4,2024/8/11,307,0
r3945,MeenBabe,1,9,2024/7/22,1204,0
r3946,LingOrm,63,314,2024/7/25,79509,1
r3947,EngLot,1,4,2024/7/22,257,0
r3948,EngLot,20,96,2024/8/13,57572,1
r3949,EngLot,15,69,2024/8/2,33880,1
r3950,EngLot,20,78,2024/8/26,47219,1
r3951,EngLot,4,36,2024/8/14,14884,1
r3952,LingOrm,1,2,2024/7/22,493,0
r3953,FreenBecky,1,5,2024/7/22,136,1
r3954,LingOrm,1,416,2024/7/23,21770,1
r3955,LingOrm,27,229,2024/7/25,76516,1
r3956,ViewJune,2,2,2024/7/22,81,0
r3957,LingOrm,4,96,2024/8/1,8326,0
r3958,FreenBecky,3,5,2024/7/22,415,0
r3959,EngLot,3,0,2024/7/23,137,0
r3960,LingOrm,31,716,2024/8/21,332021,1
r3961,FreenBecky,25,59,2024/9/17,17640,1
r3962,LingOrm,12,212,2024/7/24,67305,1
r3963,LingOrm,2,3,2024/7/30,309,0
r3964,EngLot,12,29,2024/7/25,12077,1
r3967,FreenBecky,1,2,2024/7/23,261,1
r3968,FreenBecky,3,7,2025/6/19,324,0
r3969,EngLot,1,0,2024/8/11,165,0
r3970,LingOrm,20,1601,2024/7/28,447131,1
r3971,LingOrm,2,4,2024/7/24,537,0
r3972,EngLot,2,4,2024/7/26,781,0
r3973,EmiBonnie,3,127,2026/3/18,13141,0
r3974,LingOrm,1,66,2024/7/23,6947,1
r3975,FreenBecky,48,26,2024/7/27,13092,1
r3976,EngLot,7,5,2024/7/25,1502,0
r3977,EngLot,6,40,2024/11/26,10340,0
r3978,ViewJune,2,5,2024/8/31,232,0
r3979,NamneungNoey,2,4,2024/9/28,657,0
r3980,MilkLove,1,2,2025/2/3,79,0
r3981,LingOrm,4,9,2024/7/30,690,0
r3982,LingOrm,21,692,2024/8/1,344766,1
r3983,EmiBonnie,12,34,2024/10/7,5188,0
r3984,EngLot,4,2,2024/7/24,182,0
r3985,MilkLove,4,3,2024/7/24,662,0
r3986,NamtanFilm,4,24,2024/8/24,3616,0
r3987,LingOrm,15,67,2024/7/25,15578,1
r3988,LingOrm,11,831,2024/7/26,113339,1
r3989,EngLot,32,1402,2024/7/26,820302,1
r3990,FreenBecky,1,20,2024/7/25,566,0
r3991,EngLot,17,91,2024/8/10,55682,1
r3992,EngLot,17,141,2024/8/15,63467,1
r3993,MilkLove,5,3,2024/7/25,343,0
r3994,LingOrm,24,1955,2024/7/28,519530,1
r3995,FreenBecky,6,18,2024/8/1,1922,0
r3996,EngLot,27,210,2024/8/4,117456,1
r3997,EngLot,26,286,2024/10/2,254027,1
r3998,FreenBecky,5,8,2024/7/25,1218,1
r3999,FayeYoko,23,31,2024/8/30,8871,1
r4000,NamtanFilm,20,451,2025/8/6,91523,0
r4001,LingOrm,4,1216,2024/7/27,98524,0
r4003,LingOrm,15,119,2024/7/29,36817,1
r4004,LingOrm,1,30,2024/7/27,3717,0
r4005,LingOrm,27,695,2024/8/7,266010,1
r4006,FreenBecky,7,17,2024/7/27,4516,0
r4007,LingOrm,7,12,2024/7/28,5181,0
r4008,LingOrm,24,102,2024/7/26,38039,1
r4009,LingOrm,6,58,2024/7/31,7016,1
r4010,LingOrm,16,38,2024/7/26,11667,1
r4011,LingOrm,9,31,2024/7/26,10886,1
r4012,FreenBecky,15,76,2024/9/29,16124,1
r4013,LingOrm,6,521,2024/8/3,46343,0
r4014,MilkLove,1,2,2026/4/3,120,0
r4015,FreenBecky,17,19,2024/7/26,3316,0
r4016,LingOrm,2,3,2024/7/29,567,0
r4017,LingOrm,5,12,2024/8/18,1918,0
r4018,LingOrm,5,6,2024/7/27,1916,0
r4019,MeenBabe,27,146,2025/5/8,64061,1
r4021,FreenBecky,3,7,2024/7/27,745,0
r4022,LingOrm,1,62,2024/7/28,3639,0
r4023,LingOrm,14,1109,2024/9/6,237191,1
r4024,LingOrm,20,3366,2024/7/30,823609,1
r4025,LingOrm,1,5,2024/7/28,249,0
r4026,LingOrm,4,8,2025/5/9,676,0
r4027,NamtanFilm,3,1,2025/5/20,125,0
r4028,MilkLove,1,23,2024/7/27,1812,1
r4029,ViewJune,1,9,2024/7/27,388,0
r4030,MilkLove,3,2,2024/7/27,350,0
r4031,LingOrm,8,548,2024/7/28,106390,1
r4032,ViewJune,19,18,2024/7/28,4711,1
r4033,LingOrm,26,231,2024/8/17,84094,0
r4034,EngLot,1,3,2024/7/28,232,0
r4035,LingOrm,17,251,2024/7/31,78593,1
r4036,LingOrm,2,1,2024/7/28,391,0
r4037,LingOrm,21,210,2024/7/29,74366,1
r4038,LingOrm,25,680,2024/8/1,146306,1
r4039,LingOrm,6,12,2024/8/2,2590,0
r4040,EngLot,11,15,2024/7/30,9512,1
r4041,NamneungNoey,1,1,2024/7/28,204,1
r4042,MilkLove,2,3,2024/7/28,173,0
r4043,LingOrm,15,248,2024/7/28,80904,1
r4044,FreenBecky,10,49,2024/7/28,17939,1
r4045,LingOrm,1,5,2024/7/29,416,0
r4046,ViewJune,33,14,2024/7/28,3244,1
r4047,ViewJune,10,25,2024/7/28,5110,1
r4048,LingOrm,24,285,2024/7/29,104175,1
r4049,LingOrm,8,37,2024/8/21,7199,0
r4050,BamYada,1,8,2024/7/29,609,0
r4051,FreenBecky,20,48,2024/7/31,16342,1
r4052,LingOrm,37,59,2024/7/29,30506,1
r4053,FreenBecky,1,2,2024/7/30,355,0
r4054,LingOrm,7,29,2024/7/31,2492,0
r4055,FreenBecky,17,14,2024/8/3,12022,1
r4056,EngLot,24,22,2024/8/1,22735,1
r4057,EngLot,1,2,2025/4/5,384,1
r4058,FreenBecky,10,260,2024/9/7,46154,1
r4059,EngLot,18,139,2024/7/30,80017,1
r4060,FayMay,9,60,2024/8/18,7762,1
r4061,ViewJune,1,2,2024/8/15,374,0
r4063,MilkLove,14,31,2024/7/30,7282,1
r4064,NamneungNoey,1,1,2024/7/30,831,0
r4065,FreenBecky,3,18,2024/7/30,4874,0
r4066,EngLot,10,7,2024/7/30,3081,0
r4067,ViewJune,1,3,2024/8/7,228,0
r4068,FreenBecky,4,4,2024/7/30,452,1
r4069,ViewJune,14,25,2024/8/10,5536,1
r4070,LingOrm,19,411,2024/8/2,104022,1
r4071,EngLot,7,3,2024/7/31,955,0
r4072,LingOrm,5,11,2024/9/2,1872,0
r4073,EngLot,14,258,2024/8/6,99890,1
r4074,FreenBecky,17,18,2025/5/2,5207,0
r4075,EngLot,6,5,2024/7/31,1747,0
r4076,LingOrm,3,34,2024/7/31,6115,0
r4077,LenaMiu,1,23,2025/4/15,2436,1
r4078,MilkLove,7,19,2024/8/4,2231,0
r4079,LingOrm,8,9,2024/8/4,1924,0
r4080,MilkLove,8,4,2024/8/1,1507,1
r4081,ViewJune,4,14,2024/8/2,1726,0
r4082,LingOrm,15,420,2024/8/2,130588,1
r4084,ViewJune,4,3,2024/8/2,198,0
r4085,MilkLove,1,17,2024/8/1,1376,0
r4086,ViewJune,1,6,2024/8/3,407,0
r4087,LingOrm,3,7,2024/8/2,1348,0
r4088,LingOrm,19,24,2024/8/2,4745,0
r4089,NamneungNoey,4,2,2024/8/2,255,0
r4090,LingOrm,3,6,2024/9/28,1062,0
r4091,MilkLove,6,14,2024/9/26,2069,1
r4092,BamYada,7,17,2024/8/3,3698,0
r4093,FreenBecky,7,34,2024/8/3,3982,0
r4094,BamYada,1,11,2024/8/4,712,0
r4095,EngLot,7,51,2024/8/3,11286,0
r4096,LingOrm,4,17,2024/12/12,4418,0
r4097,NamneungNoey,4,1,2024/8/3,234,0
r4098,FreenBecky,35,19,2024/8/21,6340,1
r4100,EngLot,8,1,2024/8/3,528,0
r4101,LingOrm,4,55,2024/8/27,9306,0
r4102,MilkLove,3,14,2024/8/4,1254,0
r4103,ViewJune,3,3,2024/8/3,369,1
r4104,LingOrm,21,24,2024/8/6,16777,1
r4106,LingOrm,19,52,2024/8/4,26714,0
r4107,FayMay,7,52,2024/8/6,6614,0
r4108,EngLot,21,62,2024/8/18,51981,1
r4109,LingOrm,18,1381,2024/8/16,381454,1
r4111,LingOrm,140,639,2024/8/6,527348,1
r4112,FayMay,7,106,2024/8/7,12462,0
r4113,MilkLove,7,4,2024/8/5,1020,1
r4114,LingOrm,17,1377,2024/9/20,317262,1
r4115,MilkLove,4,4,2024/8/6,857,0
r4116,NamneungNoey,4,2,2024/8/20,434,0
r4117,LingOrm,1,4,2025/1/23,198,0
r4118,LingOrm,5,54,2024/8/17,10963,1
r4119,JanJingjing,21,627,2026/5/29,99652,1
r4120,FreenBecky,45,45,2024/9/1,29617,1
r4121,EngLot,1,1,2024/9/15,146,0
r4122,LingOrm,5,66,2024/8/7,6437,0
r4123,NamtanFilm,8,21,2024/9/17,2656,0
r4124,MilkLove,21,154,2024/8/19,43470,1
r4125,LingOrm,14,1002,2024/8/6,79813,1
r4126,LingOrm,23,1032,2024/8/6,340306,1
r4127,FreenBecky,2,4,2024/8/8,438,0
r4128,EngLot,7,9,2024/8/6,908,1
r4129,EngLot,3,26,2024/8/6,3617,1
r4130,FreenBecky,58,149,2024/8/7,99262,1
r4131,LingOrm,9,323,2024/8/8,55445,0
r4132,MeenBabe,1,5,2024/8/12,505,0
r4133,LingOrm,1,4,2024/8/8,507,0
r4134,LingOrm,19,355,2024/8/8,87108,0
r4135,LingOrm,9,113,2024/8/8,26675,0
r4136,LingOrm,3,40,2024/9/18,6029,0
r4137,FreenBecky,5,5,2024/8/9,844,1
r4138,EngLot,6,94,2024/9/7,23575,0
r4139,LingOrm,4,9,2024/8/12,1518,0
r4140,FreenBecky,10,182,2024/8/10,25971,1
r4141,EngLot,29,241,2024/8/18,170205,1
r4142,MilkLove,15,19,2024/8/9,4265,1
r4143,MilkLove,11,14,2024/8/10,1322,0
r4144,FreenBecky,21,81,2024/8/12,32507,0
r4145,EngLot,31,180,2024/8/23,113241,1
r4146,LingOrm,15,50,2024/8/9,22898,1
r4147,ViewJune,9,83,2024/8/11,9732,0
r4148,EngLot,6,19,2024/8/19,3836,0
r4149,ViewJune,10,16,2024/12/17,1401,1
r4150,LingOrm,4,3,2024/8/10,802,0
r4151,LingOrm,3,11,2024/8/10,1839,0
r4152,MilkLove,1,4,2024/8/21,346,1
r4153,LingOrm,6,10,2024/8/10,2281,1
r4154,LingOrm,1,4,2024/8/10,610,0
r4155,LingOrm,2,3,2024/8/11,382,0
r4156,ViewJune,3,33,2024/8/10,2388,0
r4157,FreenBecky,20,21,2024/8/15,6959,0
r4158,LingOrm,1,4,2024/8/11,226,0
r4159,MilkLove,14,19,2024/8/11,6324,1
r4160,MilkLove,9,11,2024/8/11,2196,1
r4161,MilkLove,8,13,2024/8/11,2607,1
r4162,EngLot,10,30,2024/9/24,9853,0
r4163,FreenBecky,14,64,2024/8/17,18945,1
r4164,FreenBecky,2,5,2024/8/12,511,0
r4165,FreenBecky,3,17,2024/8/15,943,0
r4166,EngLot,5,4,2024/8/12,300,0
r4167,ViewJune,7,33,2024/8/13,4250,1
r4168,MilkLove,11,17,2024/8/12,5875,1
r4169,LingOrm,8,63,2024/8/13,24716,1
r4170,FreenBecky,35,51,2024/9/7,22998,1
r4171,NamtanFilm,21,88,2024/8/12,19015,1
r4172,LingOrm,10,238,2024/8/14,46674,0
r4173,NamtanFilm,4,8,2024/12/14,1112,0
r4174,LingOrm,4,6,2024/8/13,891,0
r4175,ViewJune,15,20,2024/8/13,3653,1
r4176,ViewJune,19,188,2024/8/14,52787,1
r4177,FreenBecky,1,1,2024/8/13,158,0
r4179,LingOrm,18,760,2024/8/13,160323,0
r4180,MilkLove,20,41,2024/8/13,9686,1
r4181,BamYada,4,14,2024/8/22,1196,0
r4182,FreenBecky,14,16,2024/8/14,5215,1
r4183,EngLot,21,6,2026/3/21,4215,0
r4184,NamtanFilm,4,40,2025/5/3,4056,0
r4185,LingOrm,23,974,2025/10/24,236446,1
r4186,LingOrm,6,20,2024/8/22,5802,0
r4187,FreenBecky,1,13,2024/9/10,1017,0
r4188,LingOrm,31,280,2024/8/14,98932,0
r4189,LingOrm,11,31,2024/8/16,6962,1
r4190,EngLot,15,126,2024/8/15,45279,1
r4191,LingOrm,15,12,2024/8/18,5954,1
r4192,FreenBecky,11,13,2024/8/14,2679,1
r4193,FreenBecky,15,2,2024/11/1,733,1
r4194,EngLot,4,13,2024/8/15,2670,0
r4195,MilkLove,7,17,2024/8/20,1417,0
r4196,LingOrm,13,46,2024/8/16,11834,0
r4197,LingOrm,10,39,2024/8/15,7165,1
r4198,FreenBecky,5,19,2024/8/21,1540,0
r4199,LingOrm,17,73,2024/9/9,17938,0
r4200,LingOrm,1,1,2024/10/3,217,0
r4201,LingOrm,3,16,2024/8/16,1503,0
r4202,LingOrm,21,417,2024/8/15,147243,1
r4203,FreenBecky,7,4,2024/8/17,657,1
r4204,EngLot,3,0,2024/8/15,686,0
r4205,EngLot,2,0,2024/8/22,262,0
r4206,EngLot,5,64,2024/9/26,12701,0
r4207,EngLot,1,3,2024/8/29,1961,1
r4208,LingOrm,20,63,2024/8/21,30627,1
r4209,MilkLove,7,12,2024/8/15,2471,1
r4211,MeenBabe,1,0,2024/10/22,114,0
r4212,NamneungNoey,60,35,2024/8/18,40392,1
r4213,GinJay,1,1,2026/5/3,69,0
r4214,LingOrm,28,57,2024/8/16,33031,1
r4215,LingOrm,23,133,2024/8/16,56611,1
r4216,FreenBecky,41,49,2024/9/13,22617,0
r4218,LingOrm,15,306,2024/8/19,81323,1
r4219,LingOrm,19,226,2024/10/1,42324,0
r4220,FreenBecky,2,5,2024/8/22,354,1
r4221,LingOrm,23,223,2024/8/16,41764,1
r4222,LingOrm,4,102,2024/8/18,13318,0
r4223,MilkLove,7,3,2024/8/25,587,0
r4224,LingOrm,7,19,2024/8/22,2802,0
r4225,MilkLove,6,5,2024/8/17,582,0
r4226,FreenBecky,11,29,2024/8/19,8395,0
r4227,MilkLove,1,52,2024/12/29,2958,0
r4228,LingOrm,13,167,2024/9/5,27747,0
r4231,LingOrm,3,22,2024/8/18,2436,0
r4232,EngLot,18,85,2024/9/21,47274,1
r4233,FreenBecky,16,7,2024/8/25,1668,0
r4234,LingOrm,11,42,2024/8/18,10580,0
r4235,LingOrm,11,10,2024/8/19,2422,0
r4236,EngLot,21,755,2024/8/27,311761,1
r4237,ViewJune,3,4,2024/8/18,520,0
r4238,LingOrm,3,36,2024/8/24,4836,0
r4239,MilkLove,2,11,2024/8/26,726,0
r4240,LingOrm,2,2,2024/8/24,170,0
r4241,NamneungNoey,4,7,2024/10/7,1336,1
r4242,LingOrm,11,94,2024/8/19,21877,1
r4243,LingOrm,5,15,2024/8/19,2762,0
r4244,NamtanFilm,20,85,2025/3/20,23211,1
r4246,FayMay,6,63,2024/8/19,6898,0
r4247,LingOrm,4,12,2024/8/19,1616,0
r4248,LingOrm,24,751,2024/8/23,285714,1
r4249,LingOrm,9,22,2024/8/20,3953,0
r4250,JanJingjing,2,84,2024/8/23,7477,0
r4251,EngLot,26,110,2024/8/20,81298,1
r4252,LingOrm,10,69,2024/8/30,12817,0
r4253,MilkLove,4,63,2025/5/5,4390,0
r4254,AndaLookkaew,7,34,2024/9/2,4578,0
r4255,LingOrm,6,11,2024/8/20,2238,0
r4256,LingOrm,16,41,2024/8/20,9998,0
r4257,EngLot,12,80,2024/8/21,19259,1
r4258,LingOrm,1,5,2024/8/22,496,0
r4259,LingOrm,3,18,2024/11/7,1276,0
r4260,LingOrm,31,930,2024/8/22,396940,1
r4261,FreenBecky,36,42,2024/8/26,13956,1
r4262,LingOrm,13,85,2024/8/21,26314,1
r4263,ViewJune,1,49,2026/6/29,1510,0
r4264,FreenBecky,4,14,2024/8/20,983,0
r4265,FayeYoko,2,2,2024/8/25,181,0
r4266,LingOrm,17,192,2024/8/21,69817,1
r4267,MilkLove,11,23,2024/8/20,5854,1
r4268,LingOrm,1,2,2024/8/21,64,0
r4269,FayMay,25,33,2024/9/3,6872,0
r4270,FreenBecky,17,19,2024/10/9,5376,0
r4271,EmiBonnie,4,12,2025/3/27,1032,0
r4272,LingOrm,24,2593,2024/8/21,646475,0
r4273,EngLot,12,126,2024/10/13,44298,1
r4274,LingOrm,45,235,2024/10/16,86655,1
r4275,EngLot,2,10,2024/8/25,8321,1
r4276,EngLot,3,8,2024/8/21,1218,1
r4277,FayMay,30,38,2024/8/21,11965,0
r4278,LingOrm,17,340,2024/12/12,74373,0
r4279,LingOrm,2,3,2024/8/24,626,0
r4280,FreenBecky,8,8,2024/8/22,1118,1
r4282,ViewJune,1,1,2024/8/21,382,0
r4283,LingOrm,13,170,2024/8/30,45079,1
r4284,ViewJune,4,3,2024/9/8,247,0
r4285,LingOrm,18,12,2024/8/22,4971,0
r4286,EngLot,16,327,2024/9/14,71645,0
r4287,LingOrm,2,1,2024/8/24,401,0
r4288,MilkLove,16,22,2024/8/25,5275,1
r4289,LingOrm,5,0,2025/6/10,173,0
r4290,LingOrm,2,20,2024/8/22,2630,1
r4291,FreenBecky,8,7,2024/8/23,1729,1
r4292,ViewJune,2,3,2024/8/22,379,0
r4293,LingOrm,2,24,2024/8/22,3648,0
r4295,LingOrm,2,4,2024/8/23,406,0
r4296,LingOrm,11,17,2024/10/27,5749,1
r4297,LingOrm,23,1098,2024/9/15,334047,1
r4298,EngLot,71,782,2024/8/27,168209,1
r4299,LingOrm,21,274,2024/9/23,77250,1
r4300,FreenBecky,8,11,2024/8/25,1304,0
r4301,AndaLookkaew,45,110,2024/8/27,104906,1
r4302,EngLot,5,9,2024/8/24,2952,1
r4303,ViewJune,3,5,2024/8/23,537,1
r4304,LingOrm,20,370,2024/9/7,145015,1
r4305,LingOrm,42,3212,2024/8/25,1037213,1
r4307,FayeYoko,4,16,2024/8/23,2832,1
r4308,LingOrm,18,1862,2024/8/23,371025,0
r4309,LingOrm,1,4,2024/8/23,353,0
r4310,FreenBecky,13,8,2024/8/23,2258,1
r4311,ViewJune,2,3,2024/8/23,315,0
r4312,EngLot,4,1,2024/8/23,282,0
r4313,NamtanFilm,1,3,2025/9/1,709,1
r4314,FayeYoko,4,12,2024/8/24,3243,1
r4315,LingOrm,6,13,2024/8/24,2000,0
r4317,FayeYoko,4,17,2024/8/24,3689,1
r4318,BamYada,1,6,2025/3/25,700,0
r4319,LingOrm,16,113,2024/8/26,25847,0
r4320,FreenBecky,3,3,2024/8/25,954,0
r4321,LingOrm,51,358,2024/9/2,219031,1
r4322,MilkLove,14,15,2024/8/24,4584,1
r4323,ViewJune,2,11,2024/8/24,1053,0
r4324,LingOrm,8,23,2024/9/1,6054,1
r4325,LingOrm,22,22,2024/8/26,12262,0
r4326,LingOrm,27,586,2024/8/24,207046,1
r4327,JanJingjing,5,26,2026/7/5,3108,0
r4328,LingOrm,2,42,2024/8/24,2690,0
r4329,EngLot,1,0,2024/8/24,359,1
r4330,LingOrm,17,1978,2024/8/25,504513,0
r4331,LingOrm,10,74,2024/8/24,21655,1
r4332,FreenBecky,3,5,2024/8/24,158,0
r4333,ViewJune,5,8,2024/8/24,704,0
r4334,LingOrm,44,3085,2024/11/4,1325538,1
r4335,FayeYoko,2,9,2024/8/28,1134,1
r4336,LingOrm,1,0,2025/10/16,91,1
r4337,LingOrm,24,36,2024/9/9,13841,1
r4338,FreenBecky,10,6,2024/8/25,1691,0
r4339,FayeYoko,10,7,2024/8/25,2781,0
r4340,LingOrm,5,10,2024/8/27,1566,0
r4341,LingOrm,25,1709,2024/8/31,541863,0
r4342,EngLot,15,68,2024/8/26,56406,0
r4343,LingOrm,32,188,2024/9/4,95827,1
r4344,NamneungNoey,1,4,2024/8/25,1187,0
r4345,LingOrm,1,4,2025/3/6,412,0
r4346,ViewJune,1,5,2024/8/26,302,0
r4347,MilkLove,10,23,2024/8/28,4231,1
r4348,MilkLove,5,12,2024/8/26,1049,0
r4349,FayMay,2,27,2024/9/10,1400,0
r4350,ViewJune,7,5,2024/8/25,836,0
r4351,FreenBecky,38,53,2025/7/15,23169,0
r4352,LingOrm,3,2,2024/9/1,613,1
r4353,LingOrm,4,52,2024/8/26,11465,0
r4354,EngLot,12,60,2024/8/27,21351,1
r4355,LingOrm,15,65,2024/8/26,23042,1
r4356,LingOrm,7,104,2024/9/10,25579,0
r4357,LingOrm,3,18,2024/8/27,2096,0
r4358,FayeYoko,19,26,2024/8/27,7964,1
r4359,LingOrm,13,83,2024/8/30,14432,0
r4360,LingOrm,6,25,2024/8/27,3876,0
r4361,FreenBecky,2,3,2024/8/30,73,0
r4362,LingOrm,18,81,2024/8/27,12510,1
r4363,EngLot,16,215,2024/9/2,94142,1
r4364,MeenBabe,21,148,2024/10/24,55920,1
r4365,LingOrm,3,18,2024/8/28,2166,0
r4367,MilkLove,1,3,2024/8/28,163,0
r4368,LingOrm,27,389,2024/8/28,147278,1
r4369,MilkLove,6,77,2024/8/28,3845,1
r4370,NamneungNoey,20,2,2024/8/28,892,0
r4371,LingOrm,22,2469,2024/9/30,623901,1
r4372,FreenBecky,13,146,2024/9/3,46498,1
r4373,MilkLove,4,8,2024/9/3,755,1
r4374,LingOrm,8,3,2024/8/28,956,0
r4375,FreenBecky,16,125,2025/8/24,28027,0
r4376,LingOrm,1,3,2024/8/29,555,0
r4377,LingOrm,15,230,2024/8/29,71908,1
r4378,LingOrm,3,2,2024/8/29,122,0
r4379,EngLot,30,307,2024/9/5,170846,1
r4381,FreenBecky,61,156,2024/12/21,125767,1
r4382,EngLot,14,18,2024/8/30,10276,1
r4383,ViewJune,5,12,2024/8/29,948,0
r4384,EngLot,15,153,2024/9/15,63125,1
r4385,MeenBabe,16,17,2024/8/31,7320,1
r4386,FreenBecky,13,11,2024/9/9,2506,0
r4387,NamneungNoey,1,1,2025/10/6,40,0
r4388,ViewJune,7,3,2024/8/30,599,0
r4390,LingOrm,8,46,2024/8/31,10036,1
r4391,EngLot,31,126,2024/8/30,100215,1
r4392,LingOrm,27,2972,2024/10/14,889810,1
r4393,LingOrm,1,16,2024/8/31,2460,0
r4394,LingOrm,26,18,2024/8/30,5388,0
r4395,EngLot,1,0,2024/8/31,107,0
r4396,LingOrm,1,80,2024/8/30,5470,1
r4397,LingOrm,33,111,2024/9/1,38165,0
r4398,FreenBecky,11,131,2024/9/25,28183,1
r4399,NamneungNoey,1,0,2024/8/31,135,1
r4400,LingOrm,24,1014,2024/9/14,372055,1
r4401,LingOrm,16,12,2024/8/31,4613,0
r4402,FreenBecky,1,2,2024/10/14,92,0
r4403,LingOrm,2,12,2024/9/5,1216,0
r4404,FreenBecky,3,20,2024/10/20,1460,0
r4405,LingOrm,6,22,2024/9/1,3744,0
r4406,EngLot,13,34,2024/9/13,20942,1
r4407,FayeYoko,3,10,2024/8/31,2023,0
r4408,FreenBecky,8,16,2024/9/2,2716,1
r4409,MilkLove,3,3,2024/12/2,853,0
r4410,LingOrm,1,9,2024/8/31,785,0
r4411,NamneungNoey,2,0,2024/9/8,236,0
r4412,ViewJune,9,29,2024/9/1,3729,1
r4413,LingOrm,21,188,2024/9/5,61203,1
r4415,LingOrm,9,6,2025/3/4,1911,0
r4416,LingOrm,12,129,2024/9/1,21003,0
r4417,FreenBecky,6,68,2024/9/5,6172,0
r4418,EngLot,1,13,2024/9/1,1522,0
r4419,LingOrm,11,1117,2024/9/1,177669,0
r4420,FreenBecky,14,61,2024/9/1,11799,1
r4421,FreenBecky,37,42,2024/10/22,35693,0
r4422,MilkLove,6,23,2026/7/26,1514,0
r4423,LingOrm,2,4,2024/9/1,319,0
r4424,LingOrm,4,235,2024/9/3,21735,0
r4425,EngLot,20,74,2024/9/15,51030,1
r4426,LingOrm,10,148,2024/9/29,26774,0
r4427,MilkLove,8,33,2024/9/2,4727,1
r4428,FreenBecky,11,3,2024/9/9,1012,0
r4429,FreenBecky,23,124,2024/9/15,37466,1
r4430,FreenBecky,15,115,2024/9/21,25897,1
r4431,LingOrm,34,1659,2024/9/8,411274,1
r4432,ViewJune,8,16,2024/9/2,2024,1
r4433,LingOrm,2,4,2024/9/5,455,0
r4434,FreenBecky,4,2,2024/9/2,395,1
r4436,LingOrm,9,41,2024/9/8,9736,0
r4437,LingOrm,16,162,2024/9/6,44496,1
r4439,FreenBecky,1,1,2024/9/2,205,0
r4440,LingOrm,2,12,2024/9/3,1362,0
r4441,ViewJune,14,7,2026/5/5,883,0
r4442,EngLot,28,23,2024/9/5,9367,1
r4443,EngLot,12,6,2024/10/24,3036,0
r4444,LingOrm,8,14,2024/9/3,4923,0
r4446,ViewJune,1,1,2024/9/4,134,0
r4447,ViewJune,2,1,2024/9/3,112,0
r4448,NamneungNoey,1,0,2024/9/3,68,1
r4449,ViewJune,1,3,2024/9/3,211,0
r4450,MeenBabe,17,20,2024/9/5,4917,0
r4451,MilkLove,2,5,2025/6/3,815,0
r4452,LingOrm,1,2,2024/9/3,50,0
r4453,LingOrm,10,22,2024/9/5,7121,1
r4454,MilkLove,4,4,2024/9/7,1333,0
r4455,LingOrm,13,44,2024/9/7,9031,1
r4456,LingOrm,4,1292,2024/9/5,163508,0
r4457,EngLot,11,54,2024/9/6,25292,0
r4458,FreenBecky,8,11,2024/9/4,1782,0
r4459,FayeYoko,19,8,2024/9/5,3403,1
r4460,LingOrm,13,10,2024/9/6,2006,0
r4461,EngLot,31,4,2024/9/4,6349,0
r4462,LingOrm,16,228,2024/9/7,53707,1
r4463,LingOrm,21,378,2024/9/14,125952,1
r4466,MilkLove,2,7,2024/9/5,363,1
r4467,LingOrm,3,44,2024/9/5,3443,0
r4468,MilkLove,3,3,2024/9/9,877,0
r4469,LingOrm,10,11,2024/9/5,2253,0
r4470,LingOrm,12,14,2024/9/13,2167,1
r4471,LingOrm,9,11,2024/9/5,3632,1
r4473,LingOrm,2,40,2024/9/14,4641,0
r4475,LingOrm,14,20,2024/9/6,7125,1
r4476,MilkLove,1,8,2024/9/6,574,0
r4478,LingOrm,1,6,2024/9/18,726,0
r4479,FreenBecky,11,20,2024/9/6,4519,0
r4480,EngLot,30,186,2024/9/13,156431,1
r4481,FreenBecky,4,6,2024/9/6,623,0
r4482,LingOrm,2,8,2024/9/7,1903,0
r4483,FreenBecky,29,338,2024/9/7,98069,1
r4484,FreenBecky,3,11,2024/9/9,1368,1
r4486,FayMay,7,54,2024/9/24,5016,0
r4487,ViewJune,1,0,2024/9/6,15,0
r4488,FreenBecky,20,60,2024/10/24,14883,1
r4489,LingOrm,6,21,2024/9/20,3735,0
r4491,LingOrm,25,472,2025/2/26,160604,1
r4492,LingOrm,22,2,2025/5/20,3045,0
r4493,FayMay,8,50,2024/9/15,5493,1
r4494,LingOrm,1,3,2024/9/7,400,1
r4495,ViewJune,1,3,2024/9/7,416,0
r4496,LingOrm,3,72,2024/9/16,18877,0
r4497,LingOrm,15,39,2024/9/8,12924,1
r4498,MilkLove,1,58,2024/9/8,2894,1
r4499,FreenBecky,4,3,2024/9/8,494,0
r4500,EngLot,35,384,2025/3/8,316045,1
r4501,LingOrm,1,15,2024/9/8,1851,1
r4502,FreenBecky,1,9,2024/9/14,733,0
r4503,LingOrm,1,65,2024/9/8,3757,1
r4504,ViewJune,45,33,2024/9/9,18267,1
r4505,LingOrm,20,491,2024/9/9,175530,1
r4506,LingOrm,7,133,2024/9/11,26484,0
r4507,LingOrm,17,23,2024/9/14,9526,0
r4508,FreenBecky,6,5,2024/9/9,725,0
r4509,EngLot,17,360,2024/9/11,179020,1
r4510,EngLot,20,780,2024/9/9,226813,1
r4511,EngLot,18,5,2024/9/9,2185,1
r4512,LingOrm,3,11,2024/9/9,2044,0
r4513,LingOrm,6,5,2024/9/10,1301,0
r4514,LingOrm,14,141,2024/9/11,33065,0
r4515,LingOrm,4,9,2024/9/10,1348,0
r4516,ViewJune,5,9,2024/9/13,1172,0
r4517,LingOrm,3,22,2024/10/6,2591,0
r4518,LingOrm,18,1028,2024/9/11,287965,1
r4519,LingOrm,28,32,2024/10/6,18214,1
r4520,EngLot,20,86,2024/10/29,66284,1
r4521,LingOrm,3,86,2024/9/10,14066,0
r4522,LingOrm,2,23,2025/4/22,1053,0
r4523,FreenBecky,23,13,2025/11/1,2517,0
r4524,LingOrm,22,21,2024/9/11,6181,0
r4525,LingOrm,12,10,2024/9/12,4281,0
r4526,LingOrm,3,50,2024/9/14,13472,1
r4527,LingOrm,27,210,2024/9/11,30134,1
r4528,ViewJune,3,5,2024/9/11,661,0
r4529,LingOrm,2,16,2024/9/12,1521,0
r4530,LingOrm,16,642,2024/9/16,171875,1
r4532,LingOrm,16,55,2024/9/18,23095,1
r4533,LingOrm,2,10,2024/9/11,1799,0
r4534,LingOrm,21,29,2024/9/14,9793,1
r4535,LingOrm,18,248,2024/9/11,67884,1
r4536,EngLot,19,92,2024/10/16,34821,1
r4537,ViewJune,7,11,2024/9/14,1640,0
r4538,LingOrm,33,14,2024/9/12,6492,0
r4539,ViewJune,1,2,2024/9/14,229,0
r4540,LingOrm,32,1158,2024/9/14,454920,1
r4541,LingOrm,4,4,2024/9/12,672,0
r4542,FreenBecky,7,3,2024/10/11,403,0
r4543,FreenBecky,6,11,2024/9/22,1048,1
r4544,NamtanFilm,16,126,2024/9/16,30205,1
r4545,FreenBecky,11,15,2024/9/12,4440,1
r4546,LingOrm,10,14,2024/9/13,2541,0
r4547,LingOrm,10,14,2024/9/13,4589,1
r4548,FayeYoko,20,23,2024/9/12,7186,1
r4549,LingOrm,18,1434,2024/9/16,359689,1
r4550,LingOrm,13,5,2024/9/13,1404,0
r4551,LingOrm,8,59,2024/9/13,9098,0
r4552,FreenBecky,6,47,2024/10/3,9280,0
r4553,LingOrm,32,1902,2025/2/9,749857,1
r4554,LingOrm,4,20,2024/11/13,2999,0
r4555,LingOrm,12,155,2024/9/15,32620,1
r4556,EngLot,10,64,2024/9/19,20173,1
r4557,BamYada,15,12,2025/3/23,3929,1
r4558,EngLot,3,3,2024/9/13,221,0
r4559,EngLot,5,41,2025/7/16,16342,0
r4560,FreenBecky,8,21,2024/9/13,2795,0
r4561,EngLot,16,23,2024/9/20,20242,1
r4562,LingOrm,5,0,2024/9/13,716,0
r4563,LingOrm,12,249,2024/9/14,53528,0
r4564,LingOrm,19,259,2025/1/15,74349,1
r4565,LingOrm,6,7,2024/9/13,921,0
r4566,EngLot,5,0,2024/9/14,315,0
r4567,LingOrm,3,2,2024/9/14,417,0
r4568,FayeYoko,2,16,2024/9/14,1280,1
r4569,NamtanFilm,10,46,2024/10/7,11424,1
r4570,FreenBecky,22,48,2024/9/14,15242,1
r4571,MilkLove,1,22,2024/9/14,994,0
r4572,FreenBecky,14,38,2024/9/15,4775,0
r4573,ViewJune,1,5,2024/9/14,307,0
r4574,EngLot,1,3,2024/10/3,568,0
r4575,MilkLove,20,201,2024/9/20,49196,1
r4576,FreenBecky,8,59,2024/9/14,22245,1
r4577,EngLot,2,2,2024/9/14,258,1
r4578,MilkLove,5,33,2024/9/29,3029,1
r4580,EngLot,1,0,2024/9/15,53,0
r4581,LingOrm,14,147,2024/9/15,34579,1
r4582,LingOrm,17,30,2024/10/4,5504,0
r4583,FreenBecky,1,2,2024/9/15,344,0
r4584,LingOrm,6,74,2024/9/17,9011,0
r4585,FreenBecky,5,23,2024/9/15,1490,0
r4586,LingOrm,1,15,2024/9/15,1563,1
r4587,FreenBecky,21,76,2024/11/2,22411,1
r4588,FreenBecky,1,5,2024/10/16,289,0
r4589,LingOrm,3,2,2024/9/15,332,0
r4590,EngLot,1,3,2024/9/15,510,0
r4591,LingOrm,3,27,2024/9/16,2494,1
r4592,EngLot,4,2,2024/9/15,254,1
r4593,FreenBecky,34,61,2024/9/15,23488,1
r4594,LingOrm,21,348,2024/10/10,127837,1
r4595,LingOrm,3,332,2024/9/18,29552,0
r4596,EngLot,4,2,2024/9/16,573,1
r4598,LingOrm,3,65,2024/9/16,8068,0
r4600,LingOrm,1,209,2024/9/22,10690,0
r4601,LingOrm,10,54,2024/9/16,9157,0
r4602,EngLot,20,60,2024/9/26,45989,1
r4603,EngLot,16,74,2024/9/18,35972,1
r4604,EngLot,27,311,2024/12/28,238972,1
r4606,LingOrm,1,1,2024/9/16,263,0
r4607,LingOrm,19,562,2024/11/17,144674,1
r4608,LingOrm,29,197,2024/9/16,45229,1
r4609,LingOrm,39,2283,2024/9/18,991595,1
r4610,FayeYoko,1,4,2024/9/28,345,0
r4611,LingOrm,18,678,2024/10/28,209228,1
r4612,LingOrm,19,2379,2024/9/23,571135,1
r4613,MablePangjie,2,6,2026/8/16,275,0
r4614,EngLot,23,52,2024/9/20,33581,0
r4615,EngLot,2,63,2024/9/20,4005,1
r4616,MilkLove,7,10,2024/9/17,991,0
r4617,LingOrm,3,4,2024/9/17,349,0
r4618,LingOrm,2,24,2024/9/18,1871,0
r4619,LingOrm,11,5,2024/9/18,662,1
r4620,FreenBecky,10,61,2024/9/21,11888,1
r4621,LingOrm,39,3764,2024/9/22,1341687,1
r4622,FreenBecky,2,2,2024/9/17,120,0
r4623,LingOrm,21,898,2024/12/8,278912,1
r4624,LingOrm,17,953,2024/10/22,179035,0
r4625,LingOrm,12,100,2024/9/29,18553,1
r4626,LingOrm,9,8,2024/9/20,2113,0
r4627,EngLot,19,80,2024/9/28,34801,1
r4628,LingOrm,17,403,2024/9/21,77788,1
r4629,LingOrm,6,441,2024/9/18,35831,1
r4630,LingOrm,1,134,2024/10/15,5190,1
r4631,LingOrm,8,30,2024/9/19,7290,1
r4632,LingOrm,78,120,2024/9/18,102547,1
r4634,LingOrm,31,42,2025/7/12,18039,1
r4635,FreenBecky,4,14,2024/9/21,2408,0
r4636,LingOrm,9,386,2024/10/13,80225,1
r4637,LingOrm,3,0,2024/9/19,211,0
r4638,LingOrm,2,15,2024/10/7,1752,0
r4639,NamtanFilm,19,77,2025/10/27,16003,1
r4640,LingOrm,19,594,2024/9/23,198914,1
r4641,ViewJune,8,99,2024/9/19,9772,0
r4642,MeenBabe,16,70,2025/3/4,16053,1
r4643,LingOrm,2,3,2024/9/22,629,0
r4644,EngLot,3,5,2024/9/23,1242,0
r4645,LingOrm,3,64,2024/9/19,8068,1
r4646,LingOrm,2,4,2024/10/9,734,0
r4647,LingOrm,16,53,2024/9/20,12427,0
r4649,LingOrm,5,17,2024/9/21,4566,0
r4650,ViewJune,7,32,2024/9/30,4638,0
r4651,EngLot,15,126,2024/9/20,54426,1
r4652,LingOrm,19,4,2024/11/2,2173,0
r4653,NamtanFilm,30,357,2025/1/6,117286,1
r4654,EngLot,16,66,2024/12/31,40680,1
r4655,LingOrm,22,360,2024/9/20,129349,1
r4656,LingOrm,3,3,2024/9/24,659,0
r4657,EngLot,18,34,2024/9/21,14288,1
r4658,LingOrm,13,281,2024/10/2,75438,1
r4659,LingOrm,7,5,2024/9/21,2007,0
r4660,EngLot,21,119,2024/9/21,93558,1
r4661,LingOrm,13,63,2024/10/10,19360,1
r4662,LingOrm,13,41,2024/9/21,9622,1
r4663,LingOrm,1,2,2024/10/1,291,0
r4664,LingOrm,2,3,2024/9/21,353,0
r4665,EngLot,3,1,2024/9/21,516,1
r4666,LMSY,2,14,2024/9/22,2260,0
r4667,LingOrm,11,2,2024/9/22,2030,0
r4668,ViewJune,1,15,2024/9/21,382,0
r4670,MeenBabe,15,28,2024/9/26,9308,0
r4671,ViewJune,4,10,2024/10/22,703,0
r4673,MilkLove,1,2,2024/10/1,64,0
r4674,LingOrm,6,96,2024/9/22,11927,1
r4676,FreenBecky,1,12,2024/9/22,433,1
r4677,ViewJune,5,8,2024/10/5,771,0
r4678,LingOrm,2,8,2024/9/22,1930,0
r4679,LingOrm,23,166,2024/9/24,38752,0
r4680,EmiBonnie,1,3,2026/7/5,133,0
r4681,FreenBecky,17,8,2024/9/22,2397,1
r4682,LingOrm,10,3,2024/9/22,1663,1
r4683,MeenBabe,1,3,2024/9/26,336,0
r4684,LingOrm,6,10,2025/3/4,1679,0
r4685,LingOrm,4,15,2024/10/1,4179,0
r4686,ViewJune,2,5,2024/9/22,653,1
r4687,LingOrm,25,274,2024/9/23,124637,1
r4688,EngLot,14,4,2025/3/19,1655,1
r4689,FreenBecky,1,3,2024/9/22,425,1
r4690,FreenBecky,18,18,2024/9/23,3806,1
r4691,LingOrm,1,0,2024/10/11,163,0
r4692,LingOrm,2,1,2024/9/22,167,0
r4693,MilkLove,11,18,2024/12/11,2379,0
r4694,LingOrm,9,10,2024/9/25,2030,0
r4695,LingOrm,3,57,2024/9/24,7755,1
r4696,FreenBecky,2,1,2024/9/23,36,0
r4697,LingOrm,14,236,2024/10/9,35445,1
r4698,EngLot,34,845,2024/9/25,487016,1
r4699,FreenBecky,6,8,2024/9/23,1156,0
r4700,FreenBecky,21,59,2024/9/23,20729,1
r4701,ViewJune,7,7,2024/10/1,686,1
r4702,LingOrm,11,70,2024/10/12,15037,1
r4703,LingOrm,25,355,2024/10/1,99693,0
r4704,LingOrm,2,2,2024/9/24,362,0
r4705,LingOrm,17,101,2024/10/7,37791,1
r4706,LingOrm,18,639,2025/3/18,159118,1
r4707,EngLot,5,0,2024/10/2,575,0
r4708,FreenBecky,5,6,2024/12/5,645,0
r4709,LingOrm,11,67,2024/9/24,18450,1
r4710,LingOrm,17,162,2024/9/24,40322,1
r4711,LingOrm,9,39,2024/9/24,14919,1
r4712,FreenBecky,4,46,2024/11/15,3878,0
r4713,LingOrm,1,21,2024/9/25,1936,0
r4714,LingOrm,78,349,2024/9/25,207661,1
r4715,FreenBecky,18,40,2024/12/22,9059,1
r4716,LMSY,12,271,2024/9/25,38216,0
r4717,FreenBecky,18,34,2024/10/26,9230,1
r4718,LMSY,8,32,2024/10/9,5373,0
r4719,FreenBecky,18,38,2024/10/27,9255,1
r4720,GinJay,8,6,2026/4/16,1036,0
r4721,FreenBecky,18,54,2024/10/22,13762,1
r4722,LingOrm,13,53,2024/9/26,13022,0
r4723,MilkLove,5,18,2024/9/25,1017,0
r4724,ViewJune,10,21,2024/10/11,4195,1
r4725,LingOrm,26,294,2024/9/25,116270,1
r4726,LingOrm,7,2,2026/1/22,506,0
r4727,LingOrm,29,2902,2024/9/27,1289159,1
r4728,FayeYoko,34,79,2024/9/26,15977,1
r4729,FreenBecky,12,345,2024/9/30,101163,1
r4730,EngLot,31,216,2024/10/13,179648,1
r4731,LingOrm,14,81,2025/3/28,18171,0
r4732,LingOrm,1,2,2025/3/31,103,0
r4733,LingOrm,1,6,2024/9/26,1440,0
r4734,LingOrm,12,24,2024/9/27,8172,1
r4735,FreenBecky,16,101,2024/11/1,31366,0
r4736,FreenBecky,3,9,2024/10/24,832,0
r4737,JanJingjing,1,3,2026/8/3,106,0
r4738,MilkLove,8,15,2024/9/26,850,0
r4739,ViewJune,6,2,2024/9/27,542,0
r4740,FayMay,23,19,2025/3/28,3559,1
r4741,MilkLove,16,83,2024/9/27,22148,1
r4742,LingOrm,6,11,2024/10/1,1651,0
r4743,LingOrm,4,3,2025/2/3,322,0
r4744,MilkLove,5,49,2024/10/3,1086,1
r4745,EngLot,20,91,2024/10/7,55674,1
r4746,JanJingjing,4,5,2026/6/23,724,0
r4747,LingOrm,12,126,2024/10/18,21684,0
r4748,MeenBabe,7,27,2024/9/29,5922,0
r4749,LingOrm,27,117,2024/9/27,56123,1
r4750,EngLot,40,29,2024/9/28,17165,1
r4751,LingOrm,6,5,2024/9/27,1734,1
r4752,FreenBecky,31,17,2024/9/28,4207,1
r4753,MilkLove,17,18,2024/9/28,4176,1
r4754,FreenBecky,10,6,2024/9/28,1142,1
r4755,LingOrm,14,45,2024/10/1,16449,1
r4756,LingOrm,10,20,2024/9/28,5215,0
r4757,LingOrm,2,1,2024/9/28,233,0
r4758,LingOrm,2,7,2024/9/28,672,0
r4759,LingOrm,21,14,2024/9/29,5784,1
r4760,LingOrm,23,700,2025/2/5,223027,1
r4761,MilkLove,3,48,2024/9/28,1697,1
r4762,LingOrm,15,15,2024/9/28,3662,1
r4764,FreenBecky,1,23,2024/10/23,908,0
r4765,ViewMim,5,19,2025/2/6,982,1
r4766,FreenBecky,3,3,2024/9/28,201,0
r4768,FreenBecky,4,2,2024/9/28,100,1
r4769,EngLot,5,6,2024/9/29,1230,1
r4770,FreenBecky,1,9,2024/9/29,190,0
r4771,EngLot,2,6,2024/12/20,932,0
r4772,LingOrm,10,16,2024/10/4,2142,0
r4773,LingOrm,35,731,2024/10/1,92411,1
r4774,MeenBabe,9,10,2026/4/6,4339,0
r4775,FreenBecky,4,3,2024/9/29,991,0
r4776,FreenBecky,46,107,2024/9/30,71300,1
r4777,FreenBecky,1,3,2024/9/30,203,0
r4778,AndaLookkaew,17,56,2024/9/29,19134,0
r4779,LingOrm,37,97,2024/9/29,38776,1
r4780,LMSY,15,38,2024/10/13,7210,1
r4781,MeenBabe,22,87,2024/10/8,47934,1
r4782,FreenBecky,4,6,2024/9/29,559,0
r4783,LingOrm,1,10,2024/12/1,1004,0
r4784,LingOrm,10,259,2024/9/29,62302,1
r4785,LingOrm,1,27,2024/9/29,3157,1
r4786,FreenBecky,29,63,2024/10/6,18629,0
r4787,LingOrm,2,30,2025/2/24,2909,0
r4788,LingOrm,20,503,2024/9/29,163614,1
r4789,LMSY,5,54,2024/9/29,10823,0
r4790,LenaMiu,9,22,2026/3/30,5371,1
r4791,LMSY,5,32,2024/9/30,6107,0
r4792,ViewJune,13,52,2024/9/30,6908,1
r4793,LingOrm,9,3,2024/9/30,1639,0
r4794,EngLot,1,2,2024/9/30,428,0
r4795,FreenBecky,32,69,2024/9/30,33805,1
r4796,LingOrm,4,9,2024/9/30,1796,1
r4797,FayeYoko,11,31,2024/10/12,3835,1
r4798,FreenBecky,6,39,2024/9/30,4087,0
r4799,LingOrm,5,19,2024/10/13,1823,0
r4800,FreenBecky,4,10,2024/9/30,2511,0
r4801,FreenBecky,7,20,2024/9/30,4728,1
r4802,FreenBecky,14,9,2024/9/30,2413,0
r4803,LMSY,8,53,2024/10/13,7073,0
r4804,LingOrm,21,247,2024/10/1,53130,1
r4805,LingOrm,6,125,2024/10/1,25482,0
r4806,LingOrm,35,648,2024/10/1,143154,1
r4807,FreenBecky,16,37,2024/10/20,10889,1
r4808,FreenBecky,6,44,2024/10/15,5755,1
r4809,LingOrm,1,12,2024/10/2,2664,1
r4810,EngLot,12,62,2024/10/19,28511,1
r4811,EngLot,7,19,2024/10/31,9537,1
r4812,LMSY,12,25,2024/10/1,12362,1
r4813,EngLot,15,117,2024/10/20,32958,1
r4814,ViewJune,1,6,2024/10/9,228,0
r4815,LingOrm,4,19,2024/10/7,7013,0
r4816,LingOrm,39,870,2024/10/12,505199,1
r4817,LMSY,6,11,2024/10/2,1640,1
r4818,FreenBecky,14,14,2024/10/12,1605,1
r4819,FreenBecky,43,36,2024/12/2,13611,1
r4820,MilkLove,7,5,2024/10/2,806,0
r4821,LingOrm,1,2,2024/10/2,155,0
r4822,FreenBecky,4,27,2024/12/7,2358,0
r4823,ViewJune,24,9,2024/10/6,3090,0
r4824,LingOrm,4,4,2024/10/2,1792,0
r4825,LingOrm,12,1061,2024/10/3,234369,1
r4826,LingOrm,6,35,2024/10/3,5970,0
r4827,FreenBecky,20,15,2024/12/25,1814,1
r4828,LingOrm,4,10,2024/10/6,1817,0
r4829,MilkLove,1,109,2024/10/12,6702,1
r4831,LingOrm,10,260,2024/10/3,60930,1
r4832,LingOrm,1,1,2024/10/3,149,0
r4833,FayeYoko,2,7,2024/10/3,960,0
r4834,LingOrm,2,1,2024/10/3,188,0
r4835,LingOrm,7,14,2024/10/3,2359,0
r4836,MeenBabe,10,30,2024/10/7,10377,1
r4837,ViewJune,2,20,2024/10/5,2138,1
r4838,FayeYoko,12,30,2024/10/4,2912,1
r4839,ViewJune,3,32,2024/10/6,2466,0
r4840,LingOrm,22,7,2026/3/12,2532,1
r4841,LingOrm,12,13,2024/10/7,5232,0
r4842,EngLot,19,47,2024/10/10,27960,1
r4843,MeenBabe,17,27,2024/10/16,14043,0
r4844,MilkLove,2,9,2025/1/1,358,0
r4845,EngLot,1,1,2024/10/4,128,0
r4846,FreenBecky,3,4,2024/11/8,161,0
r4847,EngLot,4,7,2024/10/5,926,0
r4848,EngLot,17,25,2024/10/22,8760,0
r4849,MilkLove,2,11,2024/10/4,1163,1
r4850,LMSY,11,42,2024/10/4,16534,1
r4851,LingOrm,1,2,2024/10/11,1830,1
r4852,LingOrm,1,7,2025/2/12,969,0
r4853,LingOrm,52,320,2024/10/5,75519,1
r4854,ViewJune,2,20,2025/1/12,1356,0
r4855,FreenBecky,7,24,2024/11/8,3202,0
r4856,LingOrm,30,266,2024/12/11,105601,1
r4857,LingOrm,9,2132,2025/1/29,283880,0
r4858,LingOrm,10,1280,2025/3/25,169869,1
r4859,LingOrm,20,2008,2024/10/5,632432,1
r4860,LingOrm,3,18,2024/10/13,2407,0
r4861,FreenBecky,18,47,2024/11/12,10324,1
r4862,MilkLove,17,40,2024/12/22,9311,1
r4863,FreenBecky,3,9,2024/11/1,439,0
r4864,LingOrm,15,282,2024/10/10,100585,1
r4865,NamtanFilm,5,20,2024/10/22,1613,1
r4866,FreenBecky,11,261,2024/10/5,49749,1
r4867,LingOrm,22,1196,2024/10/5,449582,1
r4868,LingOrm,6,101,2024/10/8,17836,0
r4869,LingOrm,1,0,2024/10/14,63,0
r4870,MilkLove,7,16,2024/10/8,1878,0
r4871,LingOrm,3,27,2024/10/6,1469,0
r4872,LingOrm,11,116,2024/10/7,14918,0
r4873,LingOrm,6,16,2024/10/6,3861,0
r4874,LingOrm,4,106,2024/11/14,9164,0
r4875,ViewJune,20,45,2026/5/15,6912,1
r4876,EngLot,3,3,2024/10/6,337,0
r4877,ViewJune,2,4,2024/10/5,299,0
r4878,EngLot,9,12,2024/11/15,4086,0
r4879,EngLot,1,3,2024/10/22,361,0
r4880,LingOrm,7,3,2024/10/17,1248,0
r4881,LMSY,5,23,2024/10/15,3224,0
r4882,LMSY,2,4,2024/10/6,599,0
r4883,EngLot,27,64,2024/10/6,15874,1
r4884,MilkLove,5,24,2024/10/17,2651,1
r4885,LingOrm,19,193,2024/10/7,69286,1
r4886,LingOrm,16,110,2024/10/11,30934,1
r4887,FreenBecky,9,9,2024/10/10,903,1
r4888,FayMay,10,54,2024/10/7,13281,0
r4889,EngLot,2,4,2024/10/7,82,0
r4890,LingOrm,13,240,2024/10/7,80676,1
r4891,LingOrm,11,77,2024/10/24,22982,1
r4892,FreenBecky,1,4,2024/10/10,77,0
r4893,FreenBecky,26,60,2024/11/1,19357,1
r4894,FreenBecky,26,51,2024/11/4,18314,1
r4895,FreenBecky,26,73,2024/11/6,15856,1
r4896,EngLot,1,7,2024/10/7,1361,1
r4897,FayeYoko,14,33,2024/10/7,5651,0
r4899,EngLot,2,2,2024/10/7,78,0
r4900,EngLot,1,1,2024/10/8,53,0
r4901,LingOrm,1,6,2024/10/7,825,0
r4902,FayeYoko,3,5,2024/10/7,587,0
r4903,LingOrm,1,6,2024/10/7,741,0
r4905,EngLot,4,2,2024/10/7,411,0
r4906,EngLot,16,37,2024/10/7,24508,1
r4907,LingOrm,1,8,2024/10/24,141,0
r4908,LingOrm,21,2392,2024/10/23,768515,1
r4910,LingOrm,5,5,2024/12/1,1835,0
r4911,MilkLove,10,13,2024/10/19,3495,0
r4912,EngLot,3,1,2024/10/8,312,0
r4913,LingOrm,1,84,2024/10/8,7124,1
r4914,LingOrm,1,25,2024/10/8,3208,0
r4915,FreenBecky,6,3,2024/10/8,315,0
r4916,NamtanFilm,1,8,2024/12/6,563,0
r4917,LingOrm,17,184,2024/10/31,65029,1
r4918,NamneungNoey,5,12,2024/10/11,1847,0
r4919,LingOrm,4,204,2024/11/3,26377,1
r4920,LingOrm,1,11,2024/10/8,2059,1
r4921,NamtanFilm,7,10,2024/10/8,1643,1
r4922,LingOrm,31,723,2024/10/8,320752,1
r4924,MilkLove,2,46,2024/10/8,3495,0
r4925,FayeYoko,6,24,2024/10/8,5446,1
r4926,FreenBecky,5,17,2024/10/8,2832,1
r4927,NamneungNoey,1,1,2024/10/8,51,0
r4928,FreenBecky,15,10,2024/10/8,1496,1
r4929,EngLot,2,1,2024/10/16,73,0
r4930,FreenBecky,2,71,2024/10/20,3797,0
r4931,EngLot,5,0,2024/10/9,445,0
r4932,MilkLove,5,24,2024/10/9,2905,0
r4933,FreenBecky,12,12,2024/10/8,4443,1
r4934,LingOrm,2,8,2024/10/14,1109,0
r4935,LingOrm,25,18,2024/10/8,11807,1
r4936,EmiBonnie,2,50,2025/3/15,3171,0
r4937,EngLot,20,156,2024/10/14,98498,1
r4938,LingOrm,2,0,2024/10/9,201,0
r4939,EngLot,25,988,2024/11/8,518449,1
r4940,EngLot,6,1,2024/10/9,131,0
r4941,EngLot,3,11,2024/10/9,2263,0
r4942,FayeYoko,6,8,2024/10/9,1908,1
r4943,LingOrm,25,621,2024/10/14,216665,1
r4944,BamYada,1,16,2025/8/12,480,0
r4945,EngLot,27,23,2024/10/9,28924,1
r4946,EngLot,7,24,2024/10/9,8597,1
r4947,LingOrm,13,49,2025/3/15,9077,0
r4948,FreenBecky,3,3,2024/10/9,876,1
r4949,EngLot,11,22,2024/10/9,12621,1
r4950,LingOrm,6,3,2024/10/17,1462,0
r4951,ViewJune,13,43,2024/10/9,4893,0
r4952,LingOrm,26,126,2024/10/10,50491,1
r4953,LingOrm,26,128,2024/10/10,61794,1
r4954,LingOrm,3,4,2024/10/12,321,0
r4955,MilkLove,4,2,2024/10/11,365,0
r4956,AndaLookkaew,14,50,2024/10/25,9700,1
r4957,LingOrm,19,396,2024/10/10,115334,1
r4958,LingOrm,14,26,2024/10/10,9584,1
r4959,LingOrm,4,412,2024/11/3,38695,0
r4960,LingOrm,1,8,2024/11/16,876,0
r4962,LingOrm,30,735,2024/10/25,330798,1
r4963,FreenBecky,31,13,2024/12/5,6347,1
r4964,LMSY,5,24,2024/10/13,4860,1
r4965,ViewJune,5,2,2024/10/10,797,0
r4966,LingOrm,28,1975,2024/10/12,766853,1
r4967,FreenBecky,8,8,2024/10/12,865,1
r4968,MeenBabe,19,39,2024/10/12,23282,1
r4969,LingOrm,1,22,2025/3/11,1120,0
r4970,FreenBecky,64,120,2024/10/10,97839,1
r4971,FreenBecky,3,10,2024/10/20,797,1
r4972,LingOrm,1,5,2024/10/10,187,0
r4973,LingOrm,4,6,2024/10/12,719,0
r4974,LingOrm,19,39,2024/10/11,7404,0
r4975,LingOrm,2,7,2025/8/25,743,0
r4976,KaoJaneJaneKao,4,125,2025/11/3,8395,0
r4977,FayMay,10,25,2024/10/14,3829,1
r4978,LingOrm,15,1025,2024/10/17,144374,0
r4979,EngLot,1,34,2024/10/13,4938,1
r4980,LingOrm,2,10,2025/1/11,1833,1
r4981,ViewMim,3,5,2024/10/11,413,0
r4982,FreenBecky,6,3,2024/10/11,213,1
r4983,LingOrm,1,0,2024/10/12,353,0
r4984,ViewJune,2,34,2024/10/11,1288,0
r4985,EngLot,4,1,2024/10/11,185,0
r4986,LingOrm,11,5,2024/10/12,1004,0
r4987,EngLot,22,26,2024/10/15,18412,1
r4988,EngLot,1,1,2024/10/12,146,0
r4989,LingOrm,20,332,2024/10/12,126328,0
r4990,ViewJune,5,23,2024/10/11,4354,0
r4992,LingOrm,28,85,2024/10/20,48627,1
r4993,ViewJune,4,8,2024/10/11,925,1
r4995,EngLot,1,3,2024/10/12,235,0
r4996,LingOrm,5,40,2025/1/7,7899,0
r4998,EngLot,3,2,2024/10/15,230,0
r5000,EngLot,17,25,2024/10/12,13478,1
r5001,LingOrm,3,4,2024/10/15,307,0
r5002,LingOrm,5,15,2024/10/13,3336,0
r5003,LingOrm,20,669,2024/10/14,157980,1
r5004,LMSY,23,24,2024/10/14,10733,1
r5005,LingOrm,7,62,2024/10/12,13334,1
r5006,EngLot,19,144,2024/10/23,87342,1
r5007,LingOrm,17,198,2024/10/21,36114,1
r5008,LMSY,5,21,2024/10/12,2324,0
r5009,LingOrm,17,142,2024/10/20,48237,1
r5010,LingOrm,2,7,2024/10/12,634,0
r5011,FreenBecky,12,7,2026/5/18,1897,0
r5012,NamtanFilm,10,31,2024/10/14,3778,1
r5013,FreenBecky,1,3,2024/10/12,530,1
r5014,NamtanFilm,15,242,2024/10/16,46431,1
r5015,FreenBecky,1,13,2024/10/12,2443,1
r5016,LingOrm,15,92,2024/10/15,26773,1
r5017,LingOrm,4,8,2024/11/16,515,0
r5018,ViewJune,2,2,2024/10/13,87,0
r5019,LingOrm,3,77,2024/11/20,13624,0
r5020,FreenBecky,11,193,2024/10/14,28694,1
r5021,MilkLove,4,15,2024/10/13,1523,1
r5022,MilkLove,18,22,2024/10/13,5994,1
r5023,EngLot,34,28,2024/10/25,21999,1
r5024,LingOrm,3,3,2024/10/13,175,0
r5025,LMSY,13,121,2024/11/3,20170,1
r5026,FreenBecky,8,42,2025/2/1,5241,0
r5027,LingOrm,3,1,2024/10/14,538,0
r5029,LingOrm,25,28,2024/10/23,15952,0
r5030,NamneungNoey,5,0,2024/10/13,33,0
r5032,LingOrm,16,12,2024/11/19,3943,0
r5033,FreenBecky,5,8,2024/10/14,598,1
r5034,LingOrm,6,20,2024/10/17,2387,0
r5035,LingOrm,1,25,2024/10/15,1201,0
r5036,LingOrm,1,0,2024/10/14,65,1
r5037,LingOrm,13,109,2024/10/18,26462,1
r5038,LingOrm,11,111,2024/10/14,12499,0
r5039,EngLot,30,213,2024/11/25,129844,1
r5040,LingOrm,21,95,2025/2/11,32934,1
r5041,EngLot,3,39,2024/10/17,3195,0
r5042,NamtanFilm,32,1962,2024/12/12,531426,1
r5043,LingOrm,12,202,2024/11/2,47855,1
r5044,LingOrm,5,16,2024/10/19,2146,0
r5045,LingOrm,2,0,2025/2/14,78,0
r5046,EngLot,6,26,2025/1/24,5334,0
r5047,LingOrm,10,69,2024/10/21,10002,0
r5048,EngLot,1,2,2024/10/14,280,1
r5049,LingOrm,9,191,2024/10/14,36258,0
r5050,LingOrm,2,4,2024/10/31,292,0
r5051,FreenBecky,1,11,2024/10/14,1758,1
r5053,FreenBecky,20,275,2024/10/15,67208,1
r5054,ViewJune,15,46,2024/10/17,15037,1
r5055,FreenBecky,18,37,2024/12/21,10642,1
r5056,LingOrm,14,692,2025/5/1,200144,1
r5057,FreenBecky,9,11,2024/10/17,752,0
r5058,EngLot,1,1,2024/10/15,443,1
r5059,FreenBecky,6,114,2024/10/17,21051,1
r5060,LingOrm,9,1,2025/5/12,439,0
r5061,FreenBecky,13,55,2024/10/15,14012,1
r5063,EngLot,1,6,2024/10/16,470,0
r5064,EngLot,13,13,2024/10/15,5605,0
r5065,LingOrm,6,2,2024/10/15,851,0
r5066,EngLot,2,0,2025/1/2,105,0
r5067,FreenBecky,18,3,2024/10/25,410,0
r5068,EngLot,1,0,2024/10/16,84,0
r5069,LingOrm,7,3,2026/5/17,716,0
r5071,EmiBonnie,1,1,2025/12/13,131,0
r5072,FreenBecky,8,77,2024/10/16,9329,1
r5073,LingOrm,2,4,2024/10/16,272,0
r5074,LingOrm,11,53,2024/10/15,11622,1
r5075,LingOrm,1,5,2024/10/18,209,0
r5076,ViewJune,11,26,2025/1/11,3850,1
r5077,LingOrm,11,85,2024/10/20,28612,1
r5078,LingOrm,4,3,2024/10/16,404,0
r5079,LingOrm,2,0,2024/10/16,63,0
r5080,LingOrm,1,5,2024/10/16,659,1
r5081,LingOrm,2,1,2024/10/16,107,0
r5082,FreenBecky,13,23,2024/10/16,4330,1
r5083,FreenBecky,30,128,2024/10/22,65982,1
r5084,LingOrm,4,3,2024/10/20,653,0
r5085,LingOrm,31,122,2025/3/17,35320,1
r5086,LingOrm,20,346,2024/11/11,119845,1
r5087,ViewJune,4,8,2024/10/17,674,1
r5088,FreenBecky,8,8,2024/10/17,2512,0
r5089,LingOrm,10,34,2024/10/18,6945,1
r5090,EngLot,12,35,2024/10/18,6194,1
r5091,EngLot,1,2,2024/10/17,620,0
r5092,LingOrm,26,46,2024/10/21,20370,0
r5093,LingOrm,2,2,2024/11/22,415,0
r5094,LingOrm,12,17,2024/10/17,4599,0
r5096,FreenBecky,18,54,2024/11/14,15484,1
r5097,FreenBecky,4,1,2024/10/18,94,0
r5098,LingOrm,29,381,2025/6/16,125751,1
r5099,LingOrm,1,0,2024/10/18,67,1
r5100,LingOrm,22,164,2024/10/25,62045,1
r5101,EngLot,1,0,2024/10/18,113,1
r5102,FreenBecky,10,9,2024/10/24,2058,0
r5103,MilkLove,8,7,2024/10/26,1085,1
r5104,LingOrm,1,2,2024/10/19,211,0
r5105,LingOrm,19,642,2024/10/19,159157,1
r5106,FreenBecky,9,16,2024/10/19,2195,1
r5107,LingOrm,10,48,2024/10/18,17058,1
r5108,LingOrm,5,9,2024/11/13,1479,0
r5109,LingOrm,1,0,2025/1/20,229,0
r5110,LingOrm,16,9,2024/11/7,2919,0
r5111,LingOrm,1,3,2025/1/2,15,0
r5112,LingOrm,1,6,2024/10/18,1845,1
r5113,LingOrm,19,198,2024/10/19,52998,1
r5114,FayMay,13,63,2025/1/6,12217,1
r5115,LingOrm,2,1,2024/10/19,352,0
r5116,EngLot,5,5,2024/10/19,2337,0
r5117,LingOrm,1,1,2024/10/24,335,0
r5118,EngLot,25,22,2024/10/19,12467,1
r5119,LingOrm,3,5,2024/10/19,668,0
r5120,EngLot,8,75,2024/10/19,21751,1
r5121,FreenBecky,3,1,2024/10/26,135,0
r5122,MilkLove,3,33,2024/10/23,3219,0
r5124,MilkLove,2,3,2025/7/17,492,0
r5125,FayeYoko,3,8,2024/10/21,317,0
r5126,EngLot,3,31,2024/10/20,6629,0
r5127,LingOrm,16,274,2024/10/22,73871,1
r5128,LingOrm,2,5,2024/10/19,800,0
r5129,FreenBecky,8,14,2024/11/9,1686,0
r5130,LingOrm,28,187,2025/6/12,96800,1
r5131,NamtanFilm,2,1,2024/10/19,197,0
r5132,LMSY,8,4,2024/10/19,1292,0
r5133,LingOrm,1,7,2024/12/2,703,0
r5134,LingOrm,8,10,2024/10/20,1942,0
r5135,LingOrm,12,14,2024/12/22,3431,0
r5136,FreenBecky,6,6,2025/4/6,1442,0
r5137,MilkLove,6,14,2024/10/20,815,0
r5138,FreenBecky,11,158,2024/11/11,20193,1
r5139,LingOrm,3,1,2024/10/20,129,0
r5141,MilkLove,12,17,2024/10/28,4557,1
r5142,LMSY,2,37,2024/10/21,3706,0
r5143,NamtanFilm,5,27,2024/12/13,3318,0
r5144,LingOrm,1,3,2024/11/3,1122,0
r5145,EngLot,4,11,2024/10/21,2712,1
r5146,LingOrm,19,19,2025/11/13,3533,1
r5148,LingOrm,10,49,2024/10/25,12947,1
r5149,ViewJune,7,23,2024/10/24,2448,0
r5150,FayeYoko,1,16,2024/10/20,1680,0
r5151,FreenBecky,6,5,2024/10/21,317,0
r5152,LingOrm,2,10,2024/10/22,4286,0
r5153,EngLot,4,2,2024/10/22,193,0
r5154,NamneungNoey,1,0,2024/10/20,78,0
r5155,EngLot,5,19,2024/10/22,4428,0
r5157,LingOrm,13,37,2025/4/27,9347,1
r5158,LingOrm,12,153,2024/10/21,46820,1
r5159,LingOrm,6,80,2024/10/21,8399,0
r5160,FreenBecky,2,0,2024/10/21,74,0
r5161,LMSY,3,8,2024/10/26,1482,0
r5162,LingOrm,27,224,2025/6/13,119768,1
r5163,FreenBecky,63,29,2024/10/22,6951,0
r5164,LingOrm,5,10,2024/10/23,1662,0
r5165,LingOrm,4,15,2024/10/21,2053,0
r5166,FreenBecky,4,3,2024/10/21,101,1
r5167,FayeYoko,29,34,2024/10/31,9544,1
r5168,EngLot,5,10,2024/10/21,3246,1
r5169,EngLot,21,4,2024/10/21,2383,1
r5170,LingOrm,1,6,2024/10/22,565,0
r5171,FreenBecky,5,4,2024/10/22,538,0
r5172,FreenBecky,5,1,2024/10/22,206,0
r5173,LingOrm,29,16,2024/11/3,9318,1
r5174,LingOrm,4,8,2024/10/22,1379,0
r5175,LingOrm,18,108,2024/11/5,47586,1
r5176,EngLot,1,0,2024/10/22,374,0
r5177,FreenBecky,15,83,2024/10/22,15410,1
r5178,LingOrm,26,651,2024/10/23,257928,1
r5179,LingOrm,1,2,2024/10/24,145,0
r5180,ViewJune,1,2,2024/10/22,81,0
r5181,LingOrm,8,5,2024/10/22,1080,0
r5182,FreenBecky,10,17,2024/10/22,3111,1
r5183,LingOrm,7,10,2024/10/23,1851,0
r5184,EngLot,1,1,2026/4/3,155,0
r5185,FreenBecky,11,75,2025/2/12,12664,1
r5186,LingOrm,1,0,2024/10/23,97,0
r5187,LingOrm,2,4,2025/3/12,501,0
r5189,EngLot,2,1,2024/10/24,70,0
r5190,FreenBecky,1,5,2024/10/23,174,1
r5191,LingOrm,2,9,2024/11/2,1196,0
r5192,LMSY,4,54,2024/10/25,6160,0
r5193,ViewJune,10,31,2024/10/23,17277,1
r5194,LingOrm,1,0,2024/10/23,367,1
r5195,LingOrm,12,44,2024/10/23,10566,1
r5196,EngLot,51,13,2025/1/1,14476,1
r5197,ViewJune,1,19,2025/12/15,2219,0
r5198,MilkLove,8,10,2024/10/24,1410,0
r5199,NamtanFilm,9,266,2024/10/28,36417,0
r5200,MilkLove,12,73,2024/11/20,15868,1
r5201,LingOrm,2,11,2024/11/3,1301,0
r5202,LMSY,13,68,2024/10/25,11225,0
r5203,ViewJune,5,38,2024/10/28,3860,1
r5204,MeenBabe,2,20,2024/11/10,2675,0
r5205,LingOrm,8,10,2024/10/24,2244,1
r5206,LingOrm,2,3,2024/10/24,246,0
r5207,FayeYoko,18,20,2024/11/14,6866,0
r5209,LingOrm,4,0,2024/11/8,396,0
r5210,ViewJune,3,2,2024/10/24,161,1
r5211,LingOrm,5,31,2024/10/25,5560,0
r5212,EngLot,19,187,2024/11/2,115284,1
r5213,EngLot,20,116,2024/12/7,71117,1
r5214,LingOrm,3,6,2025/3/4,741,0
r5215,EngLot,7,13,2024/10/28,3802,1
r5216,EngLot,11,0,2024/10/26,475,1
r5217,EngLot,10,164,2024/10/29,86011,1
r5218,EngLot,20,61,2024/10/29,33950,1
r5219,LingOrm,3,8,2024/12/1,1589,0
r5220,LingOrm,21,96,2024/11/4,50550,1
r5221,LMSY,8,30,2024/10/25,6000,1
r5222,LingOrm,15,563,2024/10/25,136446,1
r5223,ViewJune,1,3,2024/12/7,77,0
r5224,EngLot,9,4,2025/6/16,1279,1
r5226,LingOrm,25,55,2024/10/25,17548,0
r5227,ViewJune,7,53,2024/10/25,6138,1
r5229,EmiBonnie,1,1,2026/7/29,103,0
r5230,LingOrm,20,242,2024/11/9,105136,1
r5231,LingOrm,7,16,2024/10/25,3539,0
r5232,LingOrm,13,23,2025/1/27,8512,1
r5233,LMSY,1,1,2024/10/25,312,0
r5234,LMSY,10,66,2024/11/11,18909,1
r5235,LingOrm,2,2,2024/10/26,239,0
r5236,NamneungNoey,2,0,2024/10/25,295,1
r5237,EngLot,2,4,2025/4/3,355,0
r5238,LingOrm,5,2,2024/11/3,720,0
r5239,LingOrm,15,19,2024/10/26,6898,1
r5240,LingOrm,31,376,2026/6/7,151024,1
r5241,LingOrm,16,15,2025/2/15,8256,0
r5242,FreenBecky,18,35,2024/10/26,15346,1
r5244,EngLot,1,1,2026/2/26,218,0
r5245,LingOrm,5,0,2024/10/26,104,0
r5246,NamneungNoey,1,1,2024/10/26,19,0
r5247,ViewJune,3,3,2024/10/26,184,0
r5248,LingOrm,5,1,2024/10/29,976,0
r5249,NamtanFilm,17,101,2024/12/3,20545,0
r5250,FreenBecky,22,135,2024/10/26,41948,1
r5252,LingOrm,7,8,2024/10/26,730,0
r5253,LingOrm,14,71,2024/11/2,15555,1
r5254,EngLot,12,20,2024/10/26,11240,1
r5255,MilkLove,3,17,2024/10/27,1907,0
r5256,ViewJune,16,19,2024/10/26,4217,1
r5257,LingOrm,16,65,2024/10/26,18726,1
r5258,ViewJune,14,23,2025/1/30,4168,1
r5259,LingOrm,3,18,2024/11/4,3238,0
r5260,LingOrm,16,1284,2024/11/2,294755,0
r5261,NamneungNoey,9,8,2024/10/28,1593,1
r5262,LingOrm,5,12,2024/10/27,2452,0
r5263,LingOrm,1,1,2024/11/1,100,0
r5264,FreenBecky,9,3,2024/10/29,278,0
r5265,EngLot,10,7,2024/10/27,1886,1
r5267,MilkLove,21,158,2026/5/27,39711,1
r5268,LMSY,2,2,2024/10/28,162,0
r5269,NamtanFilm,6,11,2024/10/27,936,0
r5270,NamneungNoey,3,1,2024/10/27,405,0
r5271,NamneungNoey,1,9,2024/10/27,1084,0
r5272,EngLot,2,1,2024/10/27,251,0
r5273,FreenBecky,8,15,2024/10/28,3344,0
r5274,LingOrm,17,51,2024/10/27,18295,1
r5275,LingOrm,3,6,2025/2/10,831,0
r5276,LMSY,5,16,2024/11/5,4165,1
r5277,LingOrm,10,250,2024/11/21,50893,1
r5278,LingOrm,7,36,2024/10/28,3655,1
r5279,MilkLove,1,32,2024/10/28,1839,1
r5280,LingOrm,1,2,2024/10/28,197,0
r5281,LenaMiu,3,1,2026/6/3,361,0
r5282,MilkLove,4,6,2024/10/28,659,0
r5283,ViewJune,7,15,2024/10/28,2205,1
r5284,LingOrm,7,4,2024/10/28,1933,0
r5285,EngLot,1,3,2024/10/28,194,1
r5286,EngLot,5,3,2024/10/31,734,1
r5287,NamtanFilm,9,11,2024/10/28,2558,1
r5288,LingOrm,8,21,2024/10/29,6788,0
r5289,LingOrm,5,13,2024/10/28,1103,0
r5290,EngLot,1,5,2024/10/28,664,1
r5291,MilkLove,17,175,2024/12/17,29746,1
r5292,LingOrm,11,9,2024/10/29,4028,1
r5293,ViewJune,22,33,2024/10/28,6375,1
r5294,NamtanFilm,1,45,2024/10/28,4099,1
r5295,LMSY,3,3,2024/10/30,1186,0
r5296,AndaLookkaew,26,26,2025/3/12,11870,1
r5297,ViewJune,4,5,2024/10/29,443,0
r5298,EngLot,3,1,2024/10/28,471,0
r5299,EngLot,16,3,2024/10/29,1651,0
r5300,LingOrm,6,10,2024/10/29,1964,1
r5301,EngLot,1,6,2024/10/29,1496,1
r5302,LingOrm,21,246,2025/3/2,99103,1
r5303,LingOrm,12,11,2024/10/29,2563,1
r5304,FreenBecky,3,7,2024/11/3,555,0
r5305,LingOrm,4,20,2024/11/18,1930,0
r5306,EngLot,1,0,2024/11/7,146,0
r5307,FreenBecky,18,43,2024/11/23,10916,1
r5308,EngLot,1,0,2024/10/31,103,0
r5309,LingOrm,5,14,2024/10/29,2556,1
r5310,LingOrm,25,48,2024/10/29,20638,1
r5311,FreenBecky,21,32,2024/10/29,12762,1
r5312,LingOrm,36,705,2024/10/30,337955,1
r5313,LMSY,2,0,2024/11/4,345,0
r5314,LingOrm,18,599,2025/4/25,172877,1
r5315,LingOrm,21,443,2025/6/4,157908,1
r5316,NamtanFilm,1,4,2024/10/29,344,0
r5317,MeenBabe,10,51,2024/10/30,12908,1
r5318,NamtanFilm,6,34,2024/10/31,4504,0
r5319,LingOrm,4,1,2024/10/30,195,0
r5320,NamtanFilm,12,466,2024/11/13,58497,0
r5321,FreenBecky,5,8,2025/1/24,1140,0
r5322,LingOrm,1,7,2024/10/30,1023,1
r5323,EngLot,1,2,2024/10/30,108,0
r5324,LingOrm,4,29,2024/10/30,4755,0
r5325,MilkLove,1,5,2024/10/30,212,0
r5327,FreenBecky,7,53,2024/10/30,6657,0
r5328,FreenBecky,11,28,2024/10/30,4470,1
r5329,NamtanFilm,2,10,2024/10/30,513,0
r5330,LingOrm,6,50,2024/10/31,5513,1
r5331,EngLot,13,73,2024/11/1,21088,1
r5332,FayeYoko,5,17,2024/10/31,1325,0
r5333,FreenBecky,11,125,2024/11/1,18517,1
r5334,FreenBecky,8,8,2024/11/2,1154,0
r5335,NamtanFilm,9,9,2024/10/31,1762,0
r5337,LMSY,2,14,2024/10/31,1365,0
r5338,EngLot,3,6,2024/10/31,693,0
r5339,MeenBabe,28,133,2024/11/16,59356,1
r5340,LingOrm,30,275,2024/11/29,126177,1
r5341,LingOrm,1,4,2024/10/31,605,0
r5342,LingOrm,13,80,2024/10/31,15653,1
r5343,EngLot,10,7,2024/11/8,2543,1
r5344,EngLot,14,23,2024/11/11,18004,1
r5345,ViewJune,4,13,2024/10/31,1586,0
r5346,LingOrm,1,0,2024/10/31,158,0
r5347,LingOrm,22,89,2024/12/3,18629,0
r5348,EngLot,1,7,2024/10/31,1487,1
r5349,LingOrm,36,26,2024/10/31,6930,1
r5350,LMSY,1,3,2025/10/4,422,0
r5351,FreenBecky,18,44,2024/12/22,9381,1
r5352,FreenBecky,5,9,2026/8/6,743,0
r5353,LingOrm,15,25,2024/11/27,7378,0
r5354,FayeYoko,25,35,2024/11/1,8022,1
r5355,FayeYoko,5,80,2024/11/1,6832,0
r5357,FreenBecky,8,70,2024/11/1,12597,1
r5358,EngLot,2,5,2024/11/1,781,1
r5359,LingOrm,10,110,2024/11/2,26041,1
r5360,LingOrm,13,42,2024/11/6,13597,0
r5362,LingOrm,20,224,2025/1/7,58838,0
r5363,LingOrm,11,4,2024/12/1,3024,0
r5364,LingOrm,25,123,2024/11/3,57818,1
r5365,LingOrm,9,43,2024/11/2,12422,1
r5366,FreenBecky,6,1,2024/11/2,194,0
r5367,LingOrm,10,203,2024/11/4,32939,1
r5368,EngLot,20,50,2024/11/4,29389,1
r5369,FayMay,9,65,2024/11/4,7380,0
r5370,NamtanFilm,1,6,2024/11/2,274,0
r5371,LingOrm,15,77,2024/11/7,27834,1
r5372,LingOrm,16,1553,2024/11/8,254637,1
r5373,NamneungNoey,2,4,2024/11/2,516,0
r5374,LingOrm,19,518,2024/11/11,181516,1
r5375,NamtanFilm,11,10,2024/11/4,1457,0
r5376,LingOrm,1,5,2024/11/11,413,0
r5377,LingOrm,3,6,2024/11/16,1420,0
r5378,LingOrm,21,666,2024/11/4,209166,1
r5379,LingOrm,7,23,2024/11/11,3429,0
r5380,FreenBecky,4,4,2024/11/3,598,0
r5381,FreenBecky,1,9,2024/11/3,626,1
r5382,LingOrm,23,38,2024/11/3,13607,1
r5383,LingOrm,5,0,2025/2/23,205,0
r5384,LingOrm,1,5,2024/12/8,455,0
r5386,EngLot,7,2,2024/11/3,362,1
r5387,LingOrm,1,25,2024/11/3,1478,0
r5389,EngLot,5,1,2025/4/1,853,0
r5390,LingOrm,8,17,2024/11/7,4465,0
r5391,LMSY,7,15,2024/11/4,2243,0
r5392,EngLot,11,6,2025/6/29,938,1
r5393,LingOrm,9,8,2024/12/29,1221,0
r5394,LingOrm,2,0,2025/8/3,104,0
r5395,LingOrm,15,297,2024/12/12,64978,1
r5396,EngLot,4,3,2024/11/4,420,0
r5397,MeenBabe,11,40,2024/11/5,7533,1
r5398,MeenBabe,28,122,2024/12/25,37330,1
r5399,LingOrm,4,5,2025/1/4,523,0
r5400,LingOrm,1,0,2024/11/4,247,0
r5402,LingOrm,12,20,2024/11/4,2598,0
r5403,LingOrm,1,148,2024/11/4,7845,1
r5404,LingOrm,21,53,2025/1/1,7182,1
r5405,MilkLove,9,12,2025/2/15,2057,1
r5406,MilkLove,13,5,2024/11/7,804,0
r5407,FreenBecky,1,3,2024/11/4,185,0
r5408,EngLot,9,4,2024/11/4,449,0
r5409,ViewJune,6,14,2024/11/9,532,0
r5410,LingOrm,2,5,2024/11/4,369,0
r5411,LingOrm,28,598,2024/11/7,228495,1
r5412,LingOrm,1,27,2024/11/6,3760,1
r5413,EngLot,19,32,2024/12/20,14374,0
r5414,LingOrm,2,1,2024/11/7,186,0
r5415,LingOrm,2,3,2024/11/5,299,0
r5416,NamneungNoey,2,2,2024/11/5,59,1
r5417,EngLot,9,50,2025/6/3,7670,0
r5418,NamtanFilm,13,36,2025/8/5,8095,0
r5419,FreenBecky,42,263,2025/2/25,102306,1
r5420,FreenBecky,19,174,2024/12/10,38755,1
r5421,EngLot,10,140,2024/11/11,68090,1
r5422,FreenBecky,10,8,2024/11/11,865,1
r5423,LingOrm,20,36,2025/7/13,12638,1
r5424,MilkLove,2,5,2024/11/5,297,0
r5425,LMSY,5,25,2024/11/5,2187,0
r5426,FreenBecky,9,20,2024/11/5,2486,0
r5427,FreenBecky,1,3,2024/11/7,394,1
r5428,NamneungNoey,1,2,2024/11/5,141,0
r5429,EngLot,15,140,2024/11/26,85814,1
r5430,FreenBecky,1,7,2024/11/5,397,1
r5431,MilkLove,3,8,2024/11/5,730,0
r5432,FreenBecky,3,7,2024/11/6,494,0
r5433,FreenBecky,4,8,2024/11/6,470,0
r5434,EngLot,20,73,2024/11/11,38224,1
r5435,LMSY,2,76,2024/11/6,5077,0
r5436,NamtanFilm,5,12,2024/11/8,2842,0
r5437,LingOrm,13,413,2024/11/6,86748,1
r5439,LingOrm,1,4,2024/11/6,1519,0
r5440,LingOrm,20,37,2024/11/23,7396,0
r5441,LingOrm,2,14,2024/11/7,993,0
r5442,LingOrm,10,9,2024/11/7,845,1
r5443,FreenBecky,12,19,2024/11/6,5646,1
r5445,LingOrm,8,75,2024/11/7,4585,0
r5446,LingOrm,9,13,2024/11/7,3636,1
r5447,NamtanFilm,8,202,2024/11/7,25063,0
r5448,FreenBecky,3,24,2024/11/8,1389,0
r5450,LingOrm,1,19,2024/11/12,2490,0
r5451,ViewJune,4,2,2024/11/9,191,0
r5452,ViewJune,15,20,2024/11/12,2926,1
r5453,FreenBecky,4,3,2024/12/5,120,1
r5454,MeenBabe,11,43,2025/1/21,10435,1
r5455,LingOrm,15,104,2024/11/7,37575,1
r5456,LingOrm,16,236,2024/11/18,68818,1
r5457,FreenBecky,11,8,2024/11/9,1442,1
r5458,LingOrm,2,1,2024/11/7,180,0
r5459,LingOrm,1,34,2024/11/7,2450,1
r5461,LingOrm,25,62,2024/11/8,25398,0
r5462,ViewJune,4,2,2024/11/10,317,0
r5463,EngLot,13,31,2024/11/8,17464,1
r5464,NamtanFilm,16,111,2024/12/21,27310,1
r5465,NamneungNoey,4,2,2024/11/8,693,0
r5466,LingOrm,79,707,2024/11/8,240518,1
r5467,LingOrm,3,1,2024/11/8,671,0
r5469,LingOrm,1,34,2024/11/10,3907,1
r5470,LingOrm,30,588,2024/11/9,218941,1
r5471,LingOrm,8,42,2024/12/25,11871,1
r5472,LingOrm,8,21,2024/12/22,3792,0
r5473,FreenBecky,8,43,2024/11/9,7970,0
r5474,EngLot,15,4,2024/11/9,1088,0
r5475,MeenBabe,4,0,2024/11/9,639,0
r5476,LingOrm,4,59,2025/4/27,8997,0
r5477,LingOrm,10,13,2024/12/5,1897,0
r5478,LingOrm,8,96,2024/11/13,17965,1
r5479,ViewJune,6,10,2024/11/11,1489,0
r5480,LingOrm,8,4,2024/11/13,1005,1
r5481,LingOrm,20,313,2024/11/10,115594,1
r5482,MilkLove,10,14,2024/11/9,3109,1
r5483,ViewJune,7,5,2024/11/9,1037,0
r5484,FreenBecky,16,22,2024/11/9,9356,1
r5485,ViewJune,2,2,2024/11/9,123,0
r5486,EngLot,8,11,2024/11/10,2943,1
r5487,LingOrm,19,143,2025/1/25,46632,1
r5488,LMSY,4,28,2024/11/11,3081,0
r5489,LingOrm,25,91,2024/11/10,35993,1
r5490,FreenBecky,3,7,2024/12/8,486,0
r5491,LingOrm,3,3,2024/11/10,681,1
r5492,MilkLove,10,11,2024/11/14,3510,0
r5493,LingOrm,1,3,2024/11/10,992,1
r5494,NamtanFilm,20,45,2024/11/10,14413,0
r5495,NamneungNoey,1,1,2024/11/10,97,0
r5496,FreenBecky,4,1,2024/11/10,221,0
r5497,LingOrm,8,11,2024/11/12,2345,1
r5498,LingOrm,2,95,2024/11/10,15270,0
r5499,LingOrm,14,71,2024/11/24,18479,0
r5500,LingOrm,9,98,2024/11/22,21911,0
r5501,EngLot,4,41,2024/11/10,7546,1
r5502,LingOrm,3,2,2024/11/11,714,1
r5503,EngLot,1,1,2024/11/10,22,0
r5504,EngLot,2,0,2024/12/8,35,0
r5505,LingOrm,21,5,2024/11/10,2426,0
r5506,LingOrm,8,26,2024/11/17,6811,0
r5507,LingOrm,10,5,2024/11/10,2596,0
r5508,EngLot,2,8,2024/11/11,2757,0
r5509,LingOrm,12,162,2024/11/11,44941,1
r5510,MilkLove,3,6,2024/11/17,287,0
r5511,LingOrm,21,3263,2024/12/6,734667,1
r5512,LMSY,3,6,2024/11/11,1022,0
r5513,LingOrm,3,9,2025/1/4,2229,0
r5514,LingOrm,5,6,2024/11/11,662,0
r5515,LingOrm,29,286,2024/11/11,108913,1
r5516,FreenBecky,1,8,2025/2/9,1071,1
r5517,LingOrm,2,2,2024/11/26,197,0
r5518,LingOrm,23,1837,2024/11/11,206150,1
r5519,MeenBabe,13,0,2024/12/3,1430,0
r5520,LingOrm,6,1,2025/1/27,193,0
r5521,FreenBecky,26,38,2024/12/9,11876,1
r5523,LingOrm,8,18,2024/11/11,3935,0
r5524,LingOrm,2,1,2024/11/12,106,0
r5526,LMSY,2,8,2024/12/11,672,0
r5527,LingOrm,62,1207,2024/11/13,765737,1
r5528,LingOrm,5,9,2024/11/13,5055,0
r5529,LingOrm,7,2,2024/11/12,417,0
r5530,NamneungNoey,3,2,2024/11/12,160,1
r5531,FreenBecky,28,8,2024/11/14,2947,1
r5532,FreenBecky,1,1,2024/11/12,34,0
r5533,EngLot,26,255,2025/2/4,141875,1
r5534,LingOrm,8,41,2025/5/5,3041,0
r5535,LingOrm,2,6,2024/11/12,339,0
r5536,EngLot,29,122,2025/2/2,86086,1
r5537,LingOrm,31,68,2024/11/13,49866,0
r5538,LingOrm,29,497,2024/12/16,248415,1
r5539,NamtanFilm,5,25,2024/12/2,1555,1
r5540,LingOrm,7,2,2024/11/12,1190,1
r5541,FreenBecky,44,4,2025/1/13,3061,1
r5542,LingOrm,11,478,2024/11/15,76640,1
r5543,EngLot,6,13,2024/11/15,6687,0
r5544,EngLot,16,15,2024/11/18,10005,1
r5545,FreenBecky,3,4,2024/11/13,160,0
r5546,NamtanFilm,5,8,2024/11/13,538,0
r5547,LingOrm,25,322,2024/11/16,109134,1
r5548,LingOrm,14,158,2024/11/16,44432,0
r5549,EngLot,2,0,2024/11/13,171,0
r5550,NamtanFilm,2,9,2024/11/13,934,0
r5552,LingOrm,24,110,2024/12/7,33994,1
r5553,LingOrm,26,91,2024/11/13,34403,1
r5554,MilkLove,1,4,2024/11/23,87,0
r5555,JanJingjing,7,57,2026/7/3,6885,0
r5556,EngLot,10,53,2025/2/2,25326,1
r5557,LingOrm,1,7,2024/11/14,342,0
r5558,LingOrm,36,1356,2024/11/16,620614,1
r5559,LingOrm,1,3,2024/11/17,293,0
r5560,LingOrm,18,530,2024/11/15,172254,1
r5561,NamtanFilm,16,1090,2024/11/14,196842,1
r5562,FreenBecky,1,1,2024/11/17,66,0
r5563,LingOrm,25,372,2024/11/15,95845,1
r5564,LingOrm,19,1558,2024/12/18,297509,0
r5565,LingOrm,31,1818,2025/4/3,852335,1
r5566,LingOrm,33,29,2024/11/15,18252,0
r5567,LingOrm,31,1397,2024/12/27,533272,1
r5568,NamtanFilm,1,2,2026/4/11,109,0
r5569,ViewJune,4,4,2024/11/15,506,0
r5570,LingOrm,9,129,2024/12/8,26349,1
r5571,FreenBecky,11,16,2024/12/28,3772,0
r5572,EngLot,2,5,2025/1/7,322,0
r5573,JanJingjing,1,1,2025/12/10,65,0
r5574,BamYada,2,5,2024/11/16,998,0
r5575,LingOrm,32,30,2025/12/12,24107,0
r5576,NamtanFilm,17,90,2024/11/22,26950,1
r5577,LingOrm,6,29,2024/11/16,6741,1
r5578,LingOrm,13,11,2024/12/13,3672,1
r5579,EngLot,5,101,2024/11/16,38689,1
r5580,LingOrm,30,61,2024/11/20,32979,1
r5581,FreenBecky,64,113,2025/5/10,78261,1
r5582,NamneungNoey,1,0,2024/11/18,23,0
r5583,LingOrm,12,34,2024/11/20,4060,0
r5584,ViewJune,2,5,2024/11/16,219,0
r5585,NamtanFilm,6,22,2024/11/16,2255,0
r5586,ViewJune,10,15,2024/11/17,1662,0
r5587,EngLot,20,72,2024/11/17,56994,1
r5588,AndaLookkaew,5,8,2024/11/16,1431,0
r5589,FreenBecky,4,9,2024/12/1,1137,0
r5590,ViewJune,8,10,2024/11/17,1659,1
r5591,EngLot,19,27,2024/11/17,30082,1
r5592,LingOrm,11,47,2024/11/17,13627,1
r5593,EmiBonnie,15,70,2025/9/8,19412,1
r5594,LingOrm,18,90,2024/11/17,37260,1
r5595,LingOrm,25,29,2024/12/1,11579,1
r5596,LingOrm,13,139,2024/11/17,51187,1
r5597,EngLot,9,4,2024/11/17,1257,1
r5598,FreenBecky,1,7,2024/11/17,195,1
r5599,NamneungNoey,1,1,2024/11/17,183,0
r5600,EngLot,27,230,2024/12/26,158031,1
r5602,LingOrm,4,2,2024/11/17,651,0
r5603,FreenBecky,9,219,2024/11/25,32701,1
r5604,LingOrm,1,0,2026/7/30,51,0
r5605,NamtanFilm,32,259,2024/11/18,85588,1
r5607,LingOrm,3,9,2024/11/25,390,0
r5608,MilkLove,1,5,2024/11/18,166,0
r5609,ViewJune,12,8,2024/11/18,1658,0
r5610,EngLot,18,66,2025/1/21,44494,1
r5611,EngLot,1,0,2024/12/8,68,0
r5612,LingOrm,1,5,2025/1/7,391,1
r5614,LingOrm,2,1,2026/6/22,97,0
r5616,LMSY,13,41,2024/11/30,14204,1
r5617,LingOrm,4,7,2024/11/18,1361,0
r5618,FayeYoko,4,10,2024/11/20,2008,0
r5619,LingOrm,22,752,2025/2/17,232342,1
r5620,LingOrm,33,54,2024/11/20,35860,1
r5621,FayeYoko,2,13,2024/12/2,796,1
r5622,LingOrm,30,119,2024/11/21,45967,0
r5623,LMSY,12,9,2024/11/19,2254,0
r5624,LingOrm,1,38,2024/11/19,4102,0
r5625,LingOrm,67,3642,2024/12/1,1361379,0
r5626,LingOrm,1,1,2024/11/26,80,0
r5627,LingOrm,8,1,2024/11/23,939,0
r5628,LingOrm,1,12,2024/11/19,1441,1
r5629,LingOrm,4,101,2024/12/3,4313,1
r5630,LingOrm,2,4,2024/11/19,447,0
r5631,LingOrm,3,2,2024/11/20,254,1
r5632,LingOrm,1,28,2024/12/1,1255,0
r5634,LingOrm,7,19,2024/11/19,2336,1
r5635,LingOrm,24,382,2024/12/6,138348,1
r5636,LingOrm,2,15,2024/11/19,2011,0
r5637,NamneungNoey,3,1,2025/6/29,138,0
r5638,NamtanFilm,6,4,2024/11/20,1193,0
r5639,MilkLove,1,15,2026/4/29,529,0
r5640,FreenBecky,4,2,2025/1/23,214,0
r5641,MilkLove,17,24,2024/11/20,7318,1
r5642,MeenBabe,13,77,2024/11/23,20611,1
r5643,LingOrm,8,8,2024/11/20,1870,1
r5644,EngLot,17,97,2024/11/27,68931,1
r5645,EngLot,25,11,2026/5/29,10419,1
r5646,EngLot,13,10,2024/11/21,2985,1
r5648,FreenBecky,14,10,2024/11/20,3306,1
r5649,FreenBecky,2,2,2024/12/6,388,1
r5650,MilkLove,5,42,2024/12/8,4166,0
r5651,EngLot,20,90,2024/11/25,56080,1
r5652,EngLot,17,168,2024/11/26,62483,1
r5653,EngLot,19,66,2024/11/22,48992,1
r5654,LingOrm,2,2,2024/11/25,466,0
r5655,LingOrm,12,219,2025/7/22,39584,0
r5656,FreenBecky,6,7,2025/3/1,1088,1
r5657,NamtanFilm,4,5,2024/12/31,534,0
r5658,LingOrm,4,7,2024/12/29,1988,0
r5659,NamtanFilm,6,123,2024/11/22,20384,1
r5660,FreenBecky,41,19,2024/11/24,4634,1
r5661,LingOrm,8,4,2024/11/22,985,0
r5662,EngLot,10,4,2024/11/22,762,0
r5663,EngLot,25,973,2024/11/24,434857,1
r5664,FreenBecky,24,20,2025/3/23,4075,1
r5665,MilkLove,1,3,2025/4/1,358,0
r5666,LingOrm,10,12,2024/11/22,4902,1
r5667,NamtanFilm,7,342,2024/11/22,55306,0
r5668,MilkLove,11,221,2024/11/29,60694,1
r5669,FreenBecky,18,49,2024/12/28,11939,1
r5670,FreenBecky,6,19,2024/11/26,6876,1
r5671,AndaLookkaew,1,9,2024/11/22,476,0
r5672,FayeYoko,28,50,2024/11/23,14106,1
r5673,LingOrm,6,32,2024/12/6,4487,1
r5674,EngLot,34,40,2024/11/23,30390,1
r5675,FreenBecky,2,5,2024/11/23,318,0
r5676,NamtanFilm,14,154,2024/11/24,35813,1
r5677,FayMay,20,51,2024/11/23,10233,0
r5678,NamneungNoey,1,0,2024/11/23,222,0
r5679,LingOrm,3,3,2024/12/26,377,0
r5680,LingOrm,1,7,2024/11/23,2381,1
r5681,ViewJune,7,24,2024/11/23,2772,1
r5682,LingOrm,16,28,2024/11/28,8760,1
r5683,ViewJune,29,31,2024/11/23,7016,1
r5684,FreenBecky,18,48,2024/12/31,10579,1
r5685,FreenBecky,18,33,2024/12/28,10358,1
r5686,FreenBecky,18,44,2024/12/24,9663,1
r5687,ViewJune,1,7,2024/11/25,433,0
r5688,LingOrm,10,4,2024/12/7,1311,1
r5689,LingOrm,8,44,2024/11/23,5926,0
r5690,LingOrm,3,0,2024/11/23,313,0
r5691,FreenBecky,13,13,2024/11/24,2228,0
r5692,FreenBecky,19,38,2024/12/24,6555,1
r5693,LingOrm,13,30,2024/11/25,6516,1
r5694,LingOrm,44,63,2024/11/26,39748,1
r5695,LingOrm,2,3,2024/12/10,165,0
r5696,LingOrm,17,25,2024/11/24,6489,0
r5697,EngLot,18,12,2024/11/24,7680,1
r5698,LingOrm,44,2945,2025/2/14,1211774,1
r5699,LingOrm,19,827,2024/11/24,239482,1
r5700,LingOrm,1,1,2024/11/24,375,0
r5701,LingOrm,27,40,2024/11/24,19148,1
r5702,LingOrm,36,373,2024/11/30,205894,1
r5703,ViewJune,1,4,2025/1/28,112,0
r5704,MilkLove,13,15,2024/11/30,3569,1
r5705,LingOrm,3,2,2024/11/24,610,0
r5706,FreenBecky,9,86,2024/11/25,18599,1
r5707,LingOrm,3,6,2024/11/25,839,0
r5708,NamtanFilm,13,15,2024/11/26,3844,1
r5709,FayeYoko,14,28,2025/1/25,3633,1
r5710,LingOrm,1,41,2024/11/24,3362,1
r5711,EngLot,8,4,2024/11/27,1478,0
r5712,FreenBecky,3,4,2024/11/25,506,0
r5713,EngLot,2,5,2024/11/30,441,0
r5714,LingOrm,30,2080,2024/11/25,795088,1
r5715,LingOrm,28,83,2024/12/7,28640,1
r5716,EngLot,1,2,2024/11/25,259,0
r5717,LingOrm,20,39,2024/11/26,17768,0
r5718,ViewJune,6,23,2024/11/25,3764,1
r5720,EngLot,2,7,2024/11/30,953,1
r5721,EngLot,8,3,2025/3/31,955,0
r5722,LingOrm,1,8,2024/11/26,1583,1
r5723,EngLot,13,14,2024/11/28,7409,1
r5724,LMSY,5,6,2024/11/27,1172,1
r5725,LingOrm,2,0,2024/11/27,155,0
r5726,LingOrm,1,1,2024/11/26,163,0
r5727,LingOrm,2,5,2024/11/26,413,0
r5728,LingOrm,1,1,2024/12/21,87,0
r5729,LingOrm,23,65,2024/11/26,13695,1
r5730,EngLot,1,3,2025/4/22,275,0
r5732,TkNur,5,32,2025/12/13,3339,0
r5733,FreenBecky,18,55,2025/1/2,11764,1
r5734,NamtanFilm,5,3,2025/1/9,539,0
r5735,LingOrm,19,377,2024/11/27,131065,1
r5736,LingOrm,38,87,2025/1/17,35004,1
r5737,LingOrm,11,12,2024/12/2,3821,1
r5738,ViewJune,2,3,2024/11/29,118,0
r5739,FreenBecky,29,42,2025/1/5,17164,1
r5740,FreenBecky,12,316,2024/12/28,72369,1
r5742,ViewJune,7,7,2024/12/1,891,0
r5743,LingOrm,19,259,2024/11/30,59130,1
r5744,NamtanFilm,14,694,2024/11/29,118176,0
r5745,MilkLove,3,12,2024/11/27,648,0
r5746,LMSY,1,11,2024/12/4,750,0
r5747,LingOrm,41,612,2024/11/30,310246,1
r5748,FreenBecky,4,4,2024/11/28,495,0
r5749,NamtanFilm,1,72,2024/11/27,6452,1
r5750,NamtanFilm,6,56,2024/12/7,8337,0
r5751,ViewJune,9,13,2024/12/3,1637,0
r5752,NamtanFilm,22,770,2024/12/6,187328,1
r5753,LingOrm,33,1716,2024/12/31,838726,1
r5754,FreenBecky,3,9,2025/3/19,539,0
r5755,ViewJune,5,0,2025/4/12,96,0
r5756,LingOrm,1,1,2024/12/3,121,0
r5757,MilkLove,5,7,2024/11/28,737,0
r5758,LingOrm,9,1,2025/1/2,1555,0
r5759,EngLot,3,5,2024/11/29,1125,0
r5760,FreenBecky,3,6,2024/12/4,675,0
r5761,LingOrm,2,18,2024/11/29,1075,0
r5762,JuneMewnich,2,14,2024/11/29,922,0
r5763,LingOrm,3,146,2024/12/14,16987,1
r5764,FreenBecky,1,1,2024/11/29,137,0
r5765,LingOrm,20,13,2024/11/29,2545,1
r5766,LingOrm,17,931,2024/11/29,209226,1
r5767,EngLot,20,87,2024/12/6,42995,1
r5768,MilkLove,11,13,2024/12/12,2484,0
r5769,NamtanFilm,11,45,2024/11/29,7656,1
r5770,FreenBecky,11,6,2024/11/30,1377,0
r5771,ViewJune,12,7,2024/11/30,457,1
r5772,LingOrm,14,40,2024/12/1,11011,1
r5773,EngLot,13,33,2024/12/1,20738,1
r5774,LingOrm,3,5,2024/11/30,560,0
r5775,EnjoyJune,6,50,2024/11/30,5705,0
r5776,MilkLove,6,3,2024/11/30,199,0
r5777,LingOrm,5,6,2024/12/30,1095,0
r5778,LingOrm,3,2,2024/11/30,320,0
r5779,NamtanFilm,2,2,2024/12/2,260,0
r5780,NamneungNoey,2,0,2024/11/30,118,0
r5781,LingOrm,3,2,2024/11/30,442,0
r5782,LingOrm,2,7,2025/4/8,928,0
r5783,EmiBonnie,1,1,2024/11/30,25,0
r5784,LingOrm,2,6,2025/12/11,1335,0
r5785,MilkLove,2,21,2024/12/2,2648,0
r5786,NamneungNoey,3,1,2024/11/30,258,1
r5787,LingOrm,4,11,2024/11/30,1979,0
r5788,LingOrm,6,232,2024/12/1,47407,1
r5789,ViewMim,19,136,2024/12/1,19760,1
r5790,EngLot,3,3,2025/2/16,155,0
r5791,LingOrm,4,16,2024/12/1,3240,0
r5792,NamtanFilm,11,434,2024/12/1,60909,1
r5793,FreenBecky,1,7,2024/12/10,482,0
r5794,LingOrm,3,0,2025/2/19,76,0
r5795,NamtanFilm,1,5,2024/12/1,413,0
r5796,NamtanFilm,3,11,2024/12/9,482,0
r5797,JanJingjing,30,328,2026/6/18,71206,0
r5798,MilkLove,22,326,2024/12/20,88354,1
r5799,ViewJune,3,10,2024/12/1,415,0
r5800,LingOrm,1,1,2024/12/1,249,0
r5801,FayeYoko,2,10,2024/12/1,378,0
r5802,FreenBecky,3,3,2024/12/1,223,0
r5804,MilkLove,4,5,2025/1/7,219,0
r5805,LingOrm,1,11,2024/12/1,1643,1
r5806,MilkLove,8,12,2024/12/3,1486,0
r5807,ViewJune,6,3,2024/12/1,739,0
r5808,LingOrm,1,8,2024/12/1,219,1
r5809,ViewMim,100,126,2025/1/1,60001,1
r5810,FreenBecky,21,6,2024/12/1,940,1
r5811,NamtanFilm,7,8,2024/12/5,1265,0
r5812,NamtanFilm,11,793,2024/12/5,143159,1
r5813,FreenBecky,17,23,2024/12/2,7838,1
r5814,ViewJune,1,2,2025/2/23,43,0
r5815,EngLot,1,0,2025/1/14,295,1
r5816,FreenBecky,31,130,2024/12/6,33726,1
r5817,LingOrm,16,582,2025/1/5,117001,0
r5818,LingOrm,1,3,2024/12/2,334,0
r5819,LingOrm,25,70,2024/12/8,15212,1
r5820,ViewJune,2,4,2024/12/2,335,1
r5821,MilkLove,1,26,2024/12/6,2460,0
r5822,ViewJune,12,21,2024/12/2,3227,1
r5823,LingOrm,40,449,2024/12/5,203085,1
r5824,LingOrm,9,13,2024/12/25,2551,1
r5825,FreenBecky,51,130,2025/3/21,90958,1
r5826,EngLot,4,3,2024/12/2,181,0
r5827,EngLot,10,26,2024/12/4,7070,1
r5828,LingOrm,38,458,2025/2/3,220663,1
r5830,LingOrm,16,258,2024/12/3,72850,1
r5831,EngLot,22,38,2024/12/3,24708,1
r5833,EngLot,9,30,2024/12/4,20512,1
r5834,FreenBecky,3,13,2024/12/8,1564,0
r5835,LingOrm,30,29,2024/12/3,9109,1
r5836,ViewJune,10,7,2024/12/2,1641,1
r5837,ViewJune,2,2,2024/12/3,201,0
r5838,EngLot,1,5,2024/12/12,612,0
r5839,EngLot,23,223,2025/11/12,120983,0
r5840,LingOrm,22,347,2024/12/4,111050,1
r5841,NamtanFilm,15,9,2024/12/3,1522,0
r5842,LingOrm,16,189,2024/12/6,67037,1
r5843,NamtanFilm,22,802,2024/12/28,173887,0
r5844,LingOrm,2,2,2024/12/3,275,0
r5845,FreenBecky,4,7,2024/12/15,775,0
r5846,LingOrm,29,141,2025/7/5,57466,1
r5847,LingOrm,5,5,2024/12/30,663,0
r5848,NamtanFilm,1,13,2024/12/6,1276,0
r5849,NamtanFilm,4,33,2025/1/28,4384,0
r5850,EngLot,1,1,2024/12/4,237,1
r5851,LingOrm,3,4,2024/12/5,451,0
r5853,LingOrm,36,906,2024/12/10,415363,1
r5854,EmiBonnie,10,433,2025/1/18,65586,1
r5855,EngLot,2,1,2024/12/4,287,0
r5856,NamtanFilm,4,4,2024/12/5,605,0
r5857,MilkLove,5,6,2024/12/5,987,0
r5858,ViewJune,21,13,2025/1/1,3379,0
r5859,LingOrm,30,253,2025/2/16,95868,1
r5860,LingOrm,4,7,2024/12/5,1564,0
r5861,FreenBecky,5,2,2024/12/4,124,0
r5862,LingOrm,21,68,2025/1/23,14452,0
r5863,LingOrm,19,16,2024/12/5,7848,0
r5864,LingOrm,37,338,2025/6/17,152454,1
r5865,MilkLove,3,6,2024/12/5,385,0
r5866,NamtanFilm,4,20,2025/1/8,2280,0
r5867,LingOrm,9,47,2025/2/6,10405,0
r5868,LingOrm,5,5,2024/12/5,1139,0
r5869,LingOrm,1,4,2024/12/12,328,0
r5870,LingOrm,1,1,2024/12/12,322,1
r5871,MilkLove,7,4,2024/12/5,503,0
r5872,LingOrm,10,24,2024/12/6,4966,0
r5873,EngLot,13,93,2024/12/9,44773,1
r5874,ViewJune,14,7,2024/12/5,1811,1
r5875,LingOrm,24,159,2025/3/4,42373,0
r5876,EngLot,7,8,2024/12/8,2939,0
r5877,LingOrm,21,1384,2024/12/6,471806,1
r5878,LingOrm,17,789,2024/12/6,217494,1
r5879,ViewJune,5,4,2025/1/6,732,0
r5880,LingOrm,10,3,2025/4/24,566,1
r5881,ViewJune,3,2,2024/12/6,98,0
r5882,LingOrm,20,10,2026/1/4,5161,1
r5883,NamtanFilm,9,147,2024/12/21,21240,0
r5884,FreenBecky,2,2,2024/12/9,126,0
r5885,NamtanFilm,10,510,2024/12/7,79083,1
r5886,LingOrm,13,9,2024/12/6,4109,0
r5887,NamtanFilm,3,6,2025/1/21,600,0
r5888,LingOrm,1,6,2024/12/7,911,1
r5889,LingOrm,14,400,2024/12/7,77209,0
r5890,EngLot,4,0,2025/1/7,264,0
r5891,LingOrm,4,1,2024/12/8,475,0
r5893,EmiBonnie,2,11,2024/12/7,484,0
r5894,ViewJune,1,5,2024/12/10,102,0
r5895,LingOrm,1,0,2024/12/8,62,0
r5896,LingOrm,25,491,2024/12/9,186487,1
r5897,ViewJune,6,5,2024/12/9,560,1
r5898,MilkLove,8,30,2024/12/8,5322,1
r5899,FreenBecky,9,27,2024/12/8,4814,0
r5900,EngLot,8,1,2024/12/8,756,0
r5901,LingOrm,4,0,2024/12/8,310,0
r5902,FreenBecky,1,1,2024/12/8,116,0
r5903,LingOrm,6,0,2024/12/21,93,0
r5904,EmiBonnie,4,213,2025/3/23,26173,1
r5905,EngLot,31,75,2025/3/18,61449,1
r5906,FreenBecky,11,4,2024/12/12,245,1
r5908,LingOrm,3,41,2025/5/3,1860,0
r5909,NamtanFilm,2,63,2024/12/9,8756,0
r5910,LingOrm,4,12,2024/12/8,1698,1
r5911,LingOrm,19,585,2024/12/8,235945,1
r5912,NamtanFilm,14,116,2024/12/8,22256,1
r5913,ViewJune,11,8,2024/12/15,2380,1
r5914,LingOrm,25,180,2024/12/31,78411,1
r5915,EngLot,1,1,2024/12/22,161,0
r5916,LingOrm,23,6,2025/2/11,2498,0
r5917,LingOrm,18,22,2024/12/9,10255,1
r5918,EngLot,13,30,2025/7/9,9642,0
r5919,MilkLove,3,8,2024/12/9,326,0
r5920,LingOrm,29,157,2024/12/8,27389,1
r5921,FreenBecky,8,93,2024/12/12,23482,0
r5922,NamtanFilm,8,58,2024/12/9,9586,0
r5923,FayMay,1,20,2024/12/10,1168,1
r5924,LingOrm,7,7,2025/1/1,686,0
r5925,LingOrm,6,2,2024/12/10,232,0
r5926,EngLot,20,181,2025/1/15,96985,1
r5927,ViewJune,3,3,2024/12/10,444,0
r5928,ViewJune,13,11,2024/12/9,1382,0
r5929,MeenBabe,7,54,2025/1/26,12355,0
r5930,LingOrm,8,8,2024/12/9,1213,1
r5931,LingOrm,17,60,2024/12/11,16231,1
r5932,LingOrm,7,29,2024/12/14,4126,0
r5933,LingOrm,12,17,2024/12/10,5065,1
r5934,LingOrm,5,69,2024/12/10,7253,1
r5935,LingOrm,1,36,2024/12/10,2941,1
r5936,LingOrm,3,2,2026/6/26,181,0
r5937,NamtanFilm,1,6,2024/12/11,550,0
r5938,BamYada,2,21,2024/12/15,1217,0
r5939,LMSY,1,0,2024/12/10,267,0
r5940,LingOrm,3,8,2024/12/10,1182,1
r5941,LingOrm,1,12,2025/2/24,676,1
r5942,EngLot,27,252,2025/2/27,111582,1
r5943,EngLot,1,1,2024/12/10,61,0
r5944,LingOrm,29,615,2024/12/11,261237,1
r5945,FreenBecky,8,40,2024/12/10,8809,1
r5946,LingOrm,27,292,2025/1/12,90137,1
r5947,FreenBecky,2,1,2024/12/15,54,0
r5948,LingOrm,3,0,2025/6/6,87,0
r5949,LingOrm,2,4,2024/12/11,645,0
r5950,LingOrm,47,1702,2024/12/13,803884,1
r5951,LingOrm,6,4,2024/12/11,652,0
r5952,LingOrm,26,821,2025/1/23,323010,1
r5953,LingOrm,115,100,2024/12/16,30062,1
r5954,LingOrm,7,1,2024/12/11,970,1
r5955,LingOrm,5,3,2024/12/11,630,1
r5956,MilkLove,3,4,2024/12/11,378,1
r5957,EngLot,13,181,2024/12/19,79634,1
r5958,LingOrm,5,5,2024/12/13,518,0
r5959,LingOrm,1,31,2024/12/12,2610,1
r5960,LenaMiu,3,2,2026/8/15,306,0
r5961,MeenBabe,3,6,2024/12/12,1010,1
r5962,LingOrm,8,2,2024/12/12,335,0
r5963,LenaMiu,18,127,2026/2/11,33960,0
r5964,LingOrm,4,2,2024/12/14,337,1
r5965,FreenBecky,8,2,2024/12/13,762,0
r5966,MilkLove,1,12,2024/12/24,817,1
r5967,LingOrm,5,10,2025/1/1,1546,0
r5968,LingOrm,4,2,2024/12/12,340,0
r5969,LingOrm,18,387,2024/12/15,107818,1
r5970,FreenBecky,2,31,2024/12/23,2080,0
r5971,LMSY,2,17,2024/12/15,1130,0
r5972,LingOrm,25,98,2024/12/13,44780,1
r5973,EmiBonnie,21,32,2024/12/12,5775,0
r5974,EngLot,24,127,2024/12/14,84301,1
r5975,LingOrm,18,48,2024/12/12,23375,0
r5976,LingOrm,1,3,2024/12/14,461,0
r5977,FreenBecky,14,22,2024/12/15,4576,1
r5978,EngLot,5,10,2024/12/14,3691,0
r5979,NamtanFilm,30,110,2024/12/19,36529,1
r5980,FreenBecky,7,97,2024/12/16,17184,0
r5981,ViewJune,5,7,2024/12/13,454,0
r5982,FreenBecky,1,8,2024/12/13,339,0
r5984,LingOrm,2,6,2024/12/27,314,0
r5985,FayMay,2,3,2024/12/13,573,0
r5986,EngLot,9,7,2025/1/23,1542,1
r5987,EngLot,11,99,2024/12/13,38648,1
r5988,LingOrm,5,2,2025/1/9,411,0
r5989,LingOrm,23,233,2024/12/17,76532,1
r5990,NamneungNoey,2,1,2024/12/13,33,0
r5991,EngLot,10,14,2024/12/19,4423,0
r5992,LMSY,2,0,2024/12/29,287,0
r5993,FreenBecky,32,271,2024/12/14,60492,1
r5994,LingOrm,10,3,2024/12/13,1641,1
r5995,ViewJune,1,6,2025/1/23,213,0
r5996,LingOrm,7,5,2024/12/14,1050,1
r5997,LingOrm,4,4,2025/11/27,389,0
r5998,NamtanFilm,18,224,2024/12/16,45901,1
r5999,LingOrm,19,38,2025/1/24,7299,1
r6000,LingOrm,1,1,2026/4/18,1202,0
r6001,EngLot,15,6,2024/12/15,2160,1
r6002,MilkLove,19,465,2024/12/14,92796,1
r6003,NamtanFilm,7,71,2025/1/3,7313,0
r6004,LenaMiu,25,15,2026/7/8,3059,1
r6005,LingOrm,4,10,2024/12/14,1113,1
r6006,LingOrm,5,49,2024/12/29,5332,0
r6007,FreenBecky,33,33,2025/1/8,12866,1
r6008,LingOrm,12,73,2024/12/14,22975,1
r6009,FreenBecky,6,9,2024/12/22,844,0
r6010,FreenBecky,9,39,2024/12/14,6301,1
r6011,LingOrm,2,7,2024/12/14,556,0
r6012,ViewJune,4,9,2024/12/14,357,0
r6013,LingOrm,28,13,2025/1/5,10977,1
r6014,FayeYoko,20,15,2024/12/15,4471,1
r6015,MeenBabe,2,26,2025/3/27,3401,0
r6016,FreenBecky,13,15,2024/12/15,6195,1
r6017,LingOrm,1,0,2025/5/8,64,0
r6018,LingOrm,17,344,2024/12/15,94348,1
r6019,FreenBecky,7,84,2024/12/15,6072,0
r6020,NamneungNoey,2,0,2024/12/15,22,0
r6021,EngLot,40,606,2024/12/22,411107,1
r6022,FreenBecky,2,7,2024/12/15,414,0
r6023,LingOrm,51,2287,2024/12/17,882498,1
r6024,LingOrm,12,64,2025/4/17,13207,1
r6025,MilkLove,7,58,2024/12/31,9326,1
r6026,ViewJune,16,8,2024/12/15,2158,1
r6027,EngLot,8,9,2024/12/22,2541,1
r6028,FreenBecky,6,6,2024/12/15,1091,1
r6029,LMSY,1,0,2024/12/16,526,1
r6030,EngLot,2,2,2024/12/16,124,0
r6031,EngLot,10,18,2024/12/17,6641,1
r6032,FreenBecky,7,8,2024/12/31,929,0
r6033,LingOrm,70,5498,2024/12/17,2883074,1
r6034,EngLot,5,8,2024/12/16,1227,1
r6035,FreenBecky,3,1,2024/12/16,74,0
r6036,ViewJune,5,2,2024/12/17,427,1
r6037,FayMay,5,21,2024/12/16,2179,0
r6038,EngLot,7,4,2024/12/16,2006,0
r6039,EngLot,8,15,2024/12/16,3404,1
r6040,MilkLove,6,9,2024/12/16,587,0
r6041,LingOrm,1,2,2024/12/16,82,0
r6042,MilkLove,5,30,2025/1/22,3668,0
r6043,FreenBecky,14,11,2024/12/17,3648,0
r6044,LingOrm,2,2,2024/12/17,381,0
r6045,LingOrm,1,0,2025/10/16,189,0
r6046,FreenBecky,5,107,2024/12/25,27823,0
r6047,AndaLookkaew,18,93,2025/2/21,37220,0
r6048,NamtanFilm,15,219,2024/12/17,48298,1
r6050,LingOrm,1,7,2024/12/17,826,1
r6051,LingOrm,10,42,2024/12/18,12195,0
r6052,LingOrm,1,2,2025/1/1,37,0
r6053,NamtanFilm,9,314,2024/12/19,36991,0
r6054,LingOrm,14,87,2024/12/18,22657,0
r6055,LingOrm,9,3,2025/1/21,1544,0
r6056,LingOrm,14,139,2025/2/11,29072,0
r6058,LingOrm,25,17,2024/12/18,3761,0
r6059,LingOrm,32,126,2024/12/18,56595,1
r6061,LingOrm,17,46,2024/12/18,7992,1
r6062,LingOrm,7,10,2024/12/18,1230,1
r6063,EngLot,21,67,2025/1/11,52658,1
r6064,LingOrm,1,442,2025/1/3,17995,0
r6065,MilkLove,17,46,2025/1/8,10155,1
r6066,FreenBecky,5,10,2024/12/18,4094,0
r6067,ViewJune,12,14,2024/12/18,1563,1
r6068,LingOrm,5,0,2024/12/19,194,0
r6069,FreenBecky,4,11,2025/1/19,612,1
r6070,EngLot,5,4,2025/12/5,819,0
r6071,NamtanFilm,2,6,2024/12/19,429,0
r6072,FreenBecky,17,137,2025/1/1,29186,1
r6073,LingOrm,2,1,2024/12/19,118,0
r6074,LingOrm,2,5,2024/12/19,543,0
r6075,EngLot,1,3,2024/12/22,171,0
r6076,LingOrm,10,8,2024/12/23,3786,0
r6077,EngLot,2,3,2024/12/19,555,0
r6078,FreenBecky,34,69,2024/12/22,37784,1
r6079,LingOrm,8,5,2024/12/19,352,0
r6080,LingOrm,4,10,2025/2/17,1192,1
r6081,LingOrm,25,323,2025/1/1,99237,0
r6082,FayeYoko,9,27,2024/12/22,2260,0
r6083,EngLot,9,1,2024/12/20,424,1
r6084,EngLot,4,15,2024/12/27,1937,0
r6085,LingOrm,21,947,2025/9/16,307241,1
r6086,LingOrm,11,69,2025/5/1,9867,1
r6087,LingOrm,7,14,2024/12/20,2914,1
r6088,NamtanFilm,5,13,2024/12/20,1140,0
r6089,LingOrm,2,1,2024/12/20,78,0
r6090,LingOrm,6,10,2024/12/21,1949,0
r6091,EmiBonnie,1,2,2025/10/6,299,0
r6092,FreenBecky,14,13,2024/12/20,2480,0
r6093,LingOrm,17,52,2024/12/21,13788,1
r6094,EngLot,11,1,2024/12/21,213,0
r6095,EngLot,10,9,2024/12/20,1406,1
r6096,FreenBecky,2,15,2024/12/21,657,1
r6097,EngLot,1,20,2025/4/11,1239,0
r6098,FreenBecky,22,43,2024/12/28,18556,1
r6099,LingOrm,27,19,2026/2/22,4350,1
r6101,LingOrm,15,331,2024/12/22,101035,1
r6102,FreenBecky,6,10,2024/12/21,1124,0
r6103,NamtanFilm,5,13,2024/12/21,2002,0
r6104,ViewJune,17,12,2024/12/21,3511,0
r6105,LingOrm,28,805,2024/12/27,131527,1
r6106,NamtanFilm,3,9,2025/2/12,1047,0
r6108,NamneungNoey,3,3,2024/12/21,316,0
r6109,NamneungNoey,2,0,2024/12/23,97,0
r6110,FreenBecky,16,32,2024/12/22,6620,0
r6111,LingOrm,4,15,2024/12/23,1707,0
r6112,LingOrm,25,16,2025/3/16,6583,1
r6113,MilkLove,12,171,2024/12/25,25168,1
r6115,ViewJune,5,5,2024/12/23,720,0
r6116,JuneMewnich,19,18,2024/12/22,3256,1
r6117,EngLot,5,5,2024/12/22,705,1
r6118,LingOrm,3,5,2024/12/24,466,0
r6119,FreenBecky,4,3,2024/12/22,435,0
r6120,LingOrm,1,0,2025/1/14,220,0
r6121,LingOrm,22,1481,2024/12/25,316458,1
r6122,JuneMewnich,3,6,2024/12/22,613,0
r6123,FreenBecky,8,17,2025/1/12,2223,1
r6124,ViewJune,8,90,2024/12/22,9549,1
r6125,LingOrm,4,15,2025/3/15,2316,0
r6126,NamtanFilm,10,169,2024/12/22,20426,0
r6127,NamtanFilm,31,325,2024/12/22,79602,1
r6128,LingOrm,11,0,2025/2/1,652,0
r6129,LingOrm,10,29,2024/12/23,7429,0
r6130,NamtanFilm,2,51,2024/12/26,3438,0
r6131,FreenBecky,42,50,2025/4/27,15581,1
r6132,LingOrm,7,165,2024/12/24,18289,0
r6133,LingOrm,23,195,2025/2/9,58251,1
r6134,LingOrm,10,176,2024/12/24,26436,1
r6135,NamtanFilm,21,73,2024/12/23,21125,1
r6136,LingOrm,13,264,2024/12/24,59661,1
r6138,NamtanFilm,7,274,2024/12/23,32583,0
r6139,LingOrm,2,1,2025/1/13,258,0
r6140,LingOrm,4,5,2025/2/10,705,0
r6141,GraceOaey,5,13,2024/12/23,1577,0
r6142,LingOrm,5,12,2024/12/23,1477,1
r6143,LingOrm,1,59,2024/12/28,3898,1
r6144,FreenBecky,2,1,2024/12/24,116,0
r6145,MilkLove,6,4,2024/12/31,410,0
r6146,LingOrm,1,7,2024/12/26,914,1
r6147,EngLot,12,17,2024/12/31,6428,1
r6148,NamtanFilm,4,7,2024/12/24,3205,1
r6149,LingOrm,4,27,2024/12/30,4894,0
r6150,LingOrm,18,427,2024/12/26,106410,1
r6151,LingOrm,34,20,2025/1/1,6902,0
r6152,LingOrm,2,1,2024/12/25,211,0
r6153,ViewJune,2,3,2024/12/27,713,0
r6154,LingOrm,1,0,2024/12/24,309,0
r6155,NamneungNoey,1,0,2024/12/24,98,0
r6156,LingOrm,2,2,2024/12/24,364,0
r6157,NamtanFilm,7,10,2024/12/27,1245,0
r6158,MilkLove,12,3,2024/12/25,419,0
r6159,LingOrm,12,119,2024/12/28,25109,1
r6160,FreenBecky,1,4,2025/1/25,148,0
r6161,NamtanFilm,5,25,2024/12/25,2526,0
r6162,LingOrm,5,13,2025/5/23,1475,0
r6163,FreenBecky,10,8,2024/12/25,1380,0
r6164,LingOrm,1,0,2025/12/26,28,1
r6165,LMSY,1,1,2024/12/26,282,0
r6166,LingOrm,1,2,2025/2/8,190,0
r6167,MilkLove,8,5,2024/12/26,707,1
r6168,ViewJune,11,4,2024/12/27,814,0
r6169,MilkLove,2,9,2024/12/25,523,0
r6170,FreenBecky,4,14,2024/12/25,2368,1
r6171,NamtanFilm,11,7,2024/12/26,1146,0
r6172,NamtanFilm,10,177,2025/1/4,22547,0
r6173,LingOrm,1,1,2024/12/27,210,0
r6174,FreenBecky,3,2,2024/12/25,170,0
r6175,FreenBecky,30,68,2025/2/7,14966,1
r6176,EngLot,4,2,2024/12/26,227,0
r6177,FreenBecky,12,15,2024/12/26,4452,1
r6178,ViewJune,14,78,2024/12/27,16003,1
r6179,LingOrm,33,211,2024/12/26,62478,1
r6180,EngLot,2,1,2026/7/27,148,0
r6181,FreenBecky,20,37,2025/2/22,7083,1
r6182,MilkLove,22,17,2024/12/31,3284,1
r6183,LingOrm,3,14,2025/2/19,2593,0
r6184,FayeYoko,1,26,2024/12/26,2317,1
r6185,EngLot,7,10,2024/12/29,2023,0
r6186,FreenBecky,15,74,2024/12/27,15537,0
r6187,ViewJune,10,15,2024/12/26,1520,1
r6188,ViewJune,4,6,2024/12/26,340,0
r6189,ViewJune,6,4,2024/12/26,346,1
r6190,FreenBecky,17,52,2024/12/28,17994,1
r6191,EngLot,3,4,2024/12/28,436,1
r6192,FreenBecky,1,1,2024/12/27,32,0
r6193,ViewJune,14,10,2024/12/26,2221,1
r6194,EngLot,2,5,2024/12/26,410,0
r6195,LingOrm,1,758,2024/12/26,36519,1
r6196,NamtanFilm,19,351,2025/1/1,51513,0
r6197,LingOrm,5,183,2025/1/3,25765,0
r6198,NamneungNoey,10,3,2024/12/27,99,0
r6199,LingOrm,20,160,2024/12/28,47063,1
r6200,LingOrm,7,5,2024/12/27,933,0
r6201,MeenBabe,1,12,2025/5/14,647,0
r6202,FayMay,3,7,2024/12/27,589,0
r6203,EngLot,35,1349,2024/12/27,912491,1
r6204,MeenBabe,22,45,2025/3/31,18262,1
r6205,LingOrm,5,2,2025/1/17,344,0
r6207,MilkLove,1,5,2024/12/27,246,0
r6208,EngLot,30,38,2024/12/28,19714,1
r6209,LingOrm,33,652,2024/12/28,258790,1
r6210,MilkLove,7,16,2024/12/28,2289,0
r6211,ViewJune,2,26,2024/12/28,1260,1
r6212,FreenBecky,8,51,2025/2/1,9307,0
r6213,LingOrm,7,10,2024/12/28,880,0
r6214,LingOrm,25,198,2025/1/4,103874,1
r6215,PahnFond,4,9,2026/7/16,693,0
r6216,NamtanFilm,12,51,2025/1/9,9355,1
r6217,LingOrm,5,10,2024/12/28,927,0
r6218,MilkLove,11,14,2024/12/28,3577,1
r6220,LingOrm,1,3,2024/12/30,748,1
r6221,FreenBecky,2,18,2025/5/15,915,0
r6222,NamtanFilm,17,100,2024/12/29,26068,0
r6223,MilkLove,1,51,2024/12/28,1740,0
r6224,LingOrm,19,135,2024/12/28,53356,1
r6225,EngLot,11,17,2024/12/28,7687,1
r6226,LingOrm,11,154,2024/12/31,22619,0
r6227,MilkLove,5,35,2026/7/29,3307,0
r6228,LingOrm,6,4,2024/12/28,654,1
r6229,NamtanFilm,1,41,2025/1/6,1678,0
r6230,LingOrm,41,38,2025/2/8,19640,1
r6231,FreenBecky,5,8,2024/12/29,1222,0
r6232,LingOrm,1,1,2025/1/24,105,0
r6233,LingOrm,2,1,2024/12/29,133,0
r6234,LingOrm,20,608,2025/4/10,124037,0
r6235,ViewMim,6,14,2024/12/30,2109,1
r6236,LingOrm,21,375,2024/12/29,127753,1
r6237,MilkLove,3,7,2024/12/29,373,1
r6238,NamneungNoey,1,0,2024/12/29,83,1
r6239,MilkLove,7,7,2024/12/29,1571,1
r6240,EngLot,1,0,2024/12/29,167,0
r6241,LingOrm,4,140,2025/5/27,12496,1
r6242,NamneungNoey,9,2,2024/12/29,492,0
r6243,NamtanFilm,14,177,2025/2/18,39248,1
r6244,NamtanFilm,9,115,2025/1/2,19407,1
r6245,MilkLove,3,7,2024/12/31,575,0
r6246,NamtanFilm,10,491,2025/1/2,70547,0
r6247,LingOrm,11,45,2025/1/1,19785,1
r6248,NamtanFilm,1,57,2025/9/21,2088,0
r6249,MilkLove,2,18,2024/12/31,2753,1
r6250,LingOrm,5,5,2024/12/30,1338,0
r6251,MilkLove,3,5,2024/12/30,304,1
r6252,ViewMim,3,5,2025/3/3,400,0
r6253,EngLot,3,4,2025/1/5,146,0
r6254,NamtanFilm,5,32,2025/1/1,5597,1
r6255,MilkLove,5,21,2024/12/31,2167,0
r6256,LingOrm,2,1,2024/12/31,134,0
r6257,MeenBabe,8,6,2024/12/31,824,0
r6258,MilkLove,11,16,2024/12/31,1384,1
r6259,BamYada,2,5,2024/12/31,711,0
r6260,NamtanFilm,7,27,2025/1/2,4661,0
r6261,FreenBecky,1,2,2024/12/31,128,0
r6262,LingOrm,43,1450,2025/1/26,609235,1
r6263,NamneungNoey,1,0,2024/12/31,40,1
r6264,MilkLove,1,2,2025/1/31,27,0
r6265,ViewJune,2,5,2024/12/31,163,0
r6266,LingOrm,12,24,2024/12/31,5749,1
r6267,MilkLove,1,26,2025/1/3,1686,1
r6268,ViewJune,6,13,2024/12/31,2014,1
r6269,MeenBabe,6,7,2025/1/10,1462,1
r6270,LingOrm,1,5,2025/1/1,367,1
r6271,LingOrm,17,195,2025/1/3,56104,1
r6272,LingOrm,3,2,2025/1/1,288,0
r6273,LingOrm,3,1,2025/8/3,219,0
r6274,ViewMim,4,28,2025/2/2,2066,0
r6275,EngLot,7,3,2025/1/3,436,0
r6276,NamtanFilm,1,64,2025/2/19,2407,0
r6277,LingOrm,33,414,2025/1/12,123628,1
r6278,EngLot,1,4,2025/1/1,843,0
r6279,EngLot,15,12,2025/1/1,3114,0
r6280,LingOrm,8,10,2025/1/2,2638,0
r6281,EngLot,16,61,2025/1/12,22391,0
r6282,LingOrm,1,63,2026/3/11,13065,0
r6283,EngLot,16,208,2025/2/5,131661,1
r6284,LingOrm,27,1319,2025/1/2,349330,1
r6285,LingOrm,7,9,2025/1/15,1320,0
r6286,LingOrm,20,480,2025/1/2,146030,1
r6287,EngLot,3,0,2025/1/2,182,0
r6288,NamtanFilm,4,330,2025/1/5,34256,0
r6289,MilkLove,19,312,2025/1/5,75407,1
r6290,FreenBecky,35,12,2025/8/1,2812,1
r6291,LingOrm,7,8,2025/1/2,1765,1
r6292,FreenBecky,43,290,2025/1/24,92711,1
r6293,NamtanFilm,4,11,2025/3/24,984,0
r6295,LingOrm,8,1437,2025/1/21,108085,1
r6296,ViewJune,5,8,2025/1/4,1086,0
r6297,EmiBonnie,14,46,2025/3/7,8562,1
r6298,EngLot,12,8,2025/1/3,2690,1
r6299,FreenBecky,10,17,2025/1/3,2795,1
r6300,LingOrm,26,78,2025/1/20,33529,1
r6301,LingOrm,58,232,2025/1/14,134874,1
r6302,FreenBecky,13,180,2025/1/3,42068,1
r6303,NamtanFilm,4,55,2025/1/3,5722,0
r6304,MeenBabe,2,6,2025/2/7,781,0
r6305,LingOrm,8,4,2025/1/3,1844,0
r6306,LingOrm,3,1,2025/5/5,137,0
r6307,LingOrm,7,106,2025/1/3,23502,0
r6308,LingOrm,2,1,2025/1/3,282,0
r6309,EngLot,20,87,2025/1/6,55542,1
r6310,LingOrm,62,1367,2025/1/6,911652,1
r6311,NamtanFilm,2,27,2025/1/30,1907,0
r6312,NamtanFilm,3,4,2025/1/3,232,0
r6313,LingOrm,18,526,2025/8/13,132951,1
r6314,LingOrm,24,203,2025/1/18,111734,1
r6315,LingOrm,1,2,2025/1/5,118,0
r6316,MeenBabe,6,27,2025/1/3,3607,1
r6317,FreenBecky,3,5,2025/1/3,461,0
r6318,NamtanFilm,10,150,2025/1/6,25566,1
r6319,EngLot,2,1,2025/1/3,211,0
r6320,LingOrm,28,673,2025/6/28,264472,1
r6321,NamtanFilm,9,26,2025/1/6,4674,0
r6322,MeenBabe,3,15,2025/1/8,1986,0
r6323,ViewMim,7,54,2025/1/5,6095,1
r6324,NamtanFilm,11,119,2025/1/15,15606,0
r6325,MilkLove,1,6,2025/1/3,347,0
r6326,LingOrm,4,2,2025/3/15,290,0
r6328,LingOrm,4,8,2025/1/19,927,0
r6329,FreenBecky,7,2,2025/1/4,438,1
r6330,LingOrm,25,914,2025/7/31,296813,1
r6331,EngLot,1,1,2025/1/3,37,0
r6332,MeenBabe,7,18,2025/1/4,4010,0
r6333,LingOrm,3,58,2025/5/3,5592,0
r6334,LingOrm,5,1,2025/1/4,399,0
r6335,JuneMewnich,42,57,2025/1/3,8793,1
r6336,NamtanFilm,5,30,2025/1/4,3106,0
r6337,NamtanFilm,4,8,2025/1/4,1007,0
r6338,FreenBecky,3,3,2025/1/8,526,0
r6339,LingOrm,6,26,2025/1/4,4726,1
r6340,LingOrm,16,657,2025/1/6,172855,1
r6341,NamtanFilm,1,1,2025/1/4,117,0
r6342,EngLot,25,429,2025/2/10,185048,1
r6343,NamneungNoey,5,12,2025/3/8,1297,0
r6344,MilkLove,2,7,2025/1/28,618,0
r6346,ViewJune,13,12,2025/1/5,2022,1
r6347,LingOrm,23,1969,2025/1/16,485151,1
r6348,LenaMiu,1,0,2025/1/4,71,0
r6349,LingOrm,11,8,2025/1/4,1073,0
r6350,LingOrm,5,13,2025/1/4,1325,0
r6351,NamtanFilm,3,12,2025/2/1,860,0
r6352,LingOrm,5,2,2025/9/26,376,0
r6353,NamtanFilm,3,10,2025/1/4,458,0
r6354,LingOrm,1,22,2025/1/4,2604,0
r6355,LingOrm,4,1,2025/5/3,255,0
r6356,FreenBecky,10,12,2025/1/4,3794,0
r6357,LingOrm,10,104,2025/1/5,8700,0
r6358,LingOrm,14,4,2025/1/4,1894,0
r6360,FreenBecky,50,338,2025/5/24,127111,1
r6361,NamtanFilm,21,441,2025/1/5,137783,1
r6362,LingOrm,4,6,2025/1/5,163,0
r6363,LingOrm,21,271,2025/1/29,86605,0
r6364,AndaLookkaew,23,96,2025/1/5,54271,0
r6365,LingOrm,11,9,2025/1/13,1262,1
r6367,LingOrm,24,287,2025/2/15,58409,1
r6368,LingOrm,20,7,2025/12/27,2044,1
r6369,LingOrm,6,42,2025/1/5,4357,0
r6370,LingOrm,28,1077,2025/1/6,364258,1
r6371,LingOrm,24,32,2025/1/5,10381,1
r6372,MeenBabe,7,3,2025/1/5,898,1
r6373,LingOrm,6,4,2025/1/5,298,0
r6375,FreenBecky,64,93,2025/1/28,80847,1
r6376,MilkLove,8,46,2025/2/13,12708,1
r6377,MilkLove,13,117,2025/8/9,23142,0
r6378,LingOrm,1,1,2025/1/6,188,1
r6379,MilkLove,20,38,2025/3/14,7964,1
r6380,FayeYoko,15,34,2025/2/28,6652,1
r6381,LingOrm,5,13,2025/1/29,3524,0
r6382,LingOrm,2,2,2025/7/10,133,0
r6383,MilkLove,7,15,2025/1/6,1805,0
r6384,LingOrm,7,1,2025/1/10,354,0
r6385,LingOrm,4,11,2025/1/7,1039,0
r6386,LingOrm,2,9,2025/1/6,456,0
r6387,LingOrm,7,6,2025/1/7,2131,0
r6388,LingOrm,3,8,2025/1/6,1487,0
r6389,LingOrm,18,780,2025/2/18,229661,1
r6390,LingOrm,12,30,2025/1/7,12772,1
r6391,LingOrm,1,2,2025/1/8,51,0
r6392,FreenBecky,2,6,2025/1/12,300,0
r6393,LingOrm,66,2102,2025/1/11,1081862,1
r6394,LingOrm,1,3,2025/1/7,461,0
r6395,NamtanFilm,3,5,2025/1/14,1304,0
r6396,NamtanFilm,2,5,2025/1/9,337,0
r6397,LingOrm,2,4,2025/1/7,226,0
r6398,LingOrm,10,9,2025/1/7,1449,0
r6399,EngLot,14,6,2025/1/8,3860,0
r6400,LingOrm,1,1,2025/1/9,31,0
r6401,LingOrm,5,5,2025/1/7,184,0
r6402,MilkLove,3,2,2025/1/29,86,0
r6403,NamtanFilm,12,276,2025/2/16,40135,0
r6404,EngLot,2,1,2025/1/7,129,0
r6405,LingOrm,2,22,2025/1/21,822,0
r6406,MilkLove,20,245,2025/1/26,56377,1
r6407,NamtanFilm,12,67,2025/1/26,19692,1
r6408,LingOrm,22,315,2025/1/10,103988,1
r6409,LingOrm,31,371,2025/1/9,147599,1
r6410,FreenBecky,6,4,2026/7/21,895,0
r6411,EngLot,19,251,2025/1/16,131595,1
r6412,EngLot,4,0,2025/1/8,396,0
r6413,LingOrm,20,464,2025/1/23,154706,1
r6414,LingOrm,9,412,2025/1/9,61667,1
r6415,FreenBecky,29,36,2025/1/9,11066,1
r6416,NamtanFilm,11,10,2025/1/23,1321,0
r6417,NamtanFilm,11,64,2025/1/9,14710,1
r6418,FayeYoko,17,11,2025/1/8,2561,0
r6419,NamtanFilm,8,79,2025/1/10,7833,1
r6420,EngLot,2,2,2025/1/8,61,0
r6421,FreenBecky,22,11,2025/1/9,2941,0
r6422,EngLot,13,25,2025/1/8,17841,1
r6423,MilkLove,7,15,2025/1/11,2070,1
r6424,LingOrm,1,332,2025/1/16,24144,1
r6425,EmiBonnie,3,53,2025/4/18,3246,0
r6426,LingOrm,14,274,2025/1/10,83358,1
r6427,NamtanFilm,1,3,2025/1/9,128,0
r6428,NamtanFilm,11,19,2025/1/9,2984,1
r6429,LingOrm,24,55,2025/1/13,18151,1
r6430,LingOrm,37,64,2025/1/13,16600,0
r6431,FreenBecky,3,8,2025/2/4,790,0
r6432,LingOrm,23,172,2025/1/9,54500,0
r6433,FayeAtom,3,10,2025/2/18,1236,0
r6434,EngLot,19,18,2025/1/24,20030,1
r6435,LingOrm,11,3,2025/1/10,1078,0
r6436,NamtanFilm,1,7,2025/1/14,267,0
r6437,LingOrm,15,102,2025/1/15,24482,1
r6438,LingOrm,12,1058,2025/4/3,171518,0
r6439,NamtanFilm,4,8,2025/2/9,1523,0
r6440,EngLot,44,935,2025/2/21,667699,1
r6441,NamtanFilm,10,48,2025/1/10,9530,0
r6442,LingOrm,34,289,2025/1/12,186892,1
r6443,ViewJune,12,6,2025/1/12,1265,0
r6444,EngLot,1,0,2025/1/10,627,1
r6446,LingOrm,7,1,2025/1/10,238,0
r6447,EngLot,1,35,2025/5/10,1607,0
r6449,EngLot,1,1,2025/1/11,235,1
r6450,LingOrm,12,21,2025/3/16,6290,1
r6451,LingOrm,3,3,2025/1/10,432,0
r6452,LingOrm,16,18,2025/1/11,4916,1
r6453,LingOrm,3,5,2025/1/11,173,0
r6454,LingOrm,22,175,2025/1/11,42214,1
r6455,NamtanFilm,19,31,2025/1/11,8289,0
r6456,EmiBonnie,14,251,2025/1/28,34729,0
r6457,EngLot,3,6,2025/2/8,1420,0
r6458,FreenBecky,39,8,2025/3/7,4375,1
r6459,EngLot,4,0,2025/1/11,261,0
r6460,LingOrm,11,94,2025/1/11,14682,1
r6461,NamtanFilm,5,26,2025/3/10,3489,1
r6462,LingOrm,1,0,2025/3/25,230,0
r6463,ViewJune,1,5,2025/1/12,268,0
r6464,FreenBecky,21,6,2025/4/15,1660,0
r6465,LingOrm,39,32,2025/1/12,10491,1
r6466,AndaLookkaew,25,95,2025/9/19,28463,1
r6467,EmiBonnie,5,92,2025/1/19,9474,0
r6468,NamtanFilm,7,333,2025/1/13,40301,0
r6469,LingOrm,5,1,2025/1/12,837,1
r6470,LingOrm,27,433,2025/3/21,174287,1
r6471,ViewMim,1,5,2025/1/12,182,0
r6472,FreenBecky,1,4,2025/1/12,133,0
r6473,EngLot,15,157,2025/1/30,41150,1
r6474,FayMay,10,145,2025/2/8,23764,1
r6475,EngLot,18,16,2025/1/12,5682,1
r6477,NamneungNoey,1,18,2025/1/12,1590,0
r6478,EngLot,1,1,2025/1/12,317,0
r6479,MilkLove,40,14,2025/2/3,4072,0
r6480,LingOrm,1,1,2025/1/12,140,0
r6481,NamtanFilm,4,7,2025/1/24,606,0
r6482,LingOrm,22,1443,2025/1/22,561141,1
r6483,NamtanFilm,22,100,2025/3/27,25544,1
r6484,LingOrm,27,69,2025/2/19,38573,1
r6485,LingOrm,5,2,2025/1/16,267,0
r6486,MilkLove,17,50,2025/4/1,14814,1
r6487,NamneungNoey,4,2,2025/1/13,192,0
r6488,FayeYoko,20,12,2025/1/13,3136,0
r6489,EngLot,6,10,2025/1/13,4137,0
r6490,LingOrm,1,2,2025/1/13,154,0
r6491,LingOrm,19,154,2025/1/26,49978,1
r6492,NamneungNoey,2,1,2025/3/14,174,0
r6493,LingOrm,1,1,2025/1/13,260,1
r6495,EngLot,2,3,2025/1/13,407,1
r6496,LingOrm,36,1384,2025/2/7,497206,1
r6497,NamtanFilm,1,1,2025/1/14,99,0
r6498,MilkLove,13,174,2025/1/17,28978,1
r6499,EngLot,7,5,2025/1/14,794,0
r6500,LingOrm,12,10,2025/1/13,3474,1
r6501,NamtanFilm,4,39,2025/1/29,4214,0
r6502,ViewJune,2,4,2025/1/13,236,0
r6503,FreenBecky,7,22,2025/2/2,2452,1
r6504,LingOrm,46,39,2025/1/16,44977,1
r6505,ArhoungPam,2,26,2025/9/30,2343,0
r6506,FreenBecky,1,8,2025/6/26,479,0
r6507,NamtanFilm,4,4,2025/2/9,827,0
r6508,NamtanFilm,3,6,2025/1/15,440,1
r6509,LingOrm,16,58,2025/1/27,9416,1
r6510,LingOrm,27,410,2025/1/19,148550,1
r6511,LMSY,15,12,2025/1/16,4995,1
r6512,LingOrm,2,5,2025/4/20,719,0
r6513,LingOrm,2,1,2025/1/18,141,0
r6514,LingOrm,1,3,2025/1/14,93,0
r6515,LingOrm,7,4,2025/1/15,1797,0
r6516,EngLot,10,32,2025/1/14,8221,1
r6517,FreenBecky,10,162,2025/1/17,29028,1
r6518,LingOrm,19,1,2025/1/26,1280,0
r6519,NamneungNoey,1,0,2025/1/15,333,1
r6520,NamtanFilm,2,48,2025/1/20,4005,0
r6521,NamtanFilm,10,187,2025/1/15,24888,1
r6522,LingOrm,17,349,2025/1/17,86557,1
r6523,LingOrm,21,332,2025/1/27,82874,1
r6524,NamtanFilm,6,13,2025/1/15,1401,1
r6526,LingOrm,29,519,2025/1/15,238006,1
r6527,LingOrm,2,1,2025/4/26,155,0
r6528,LingOrm,6,65,2025/2/11,5366,1
r6530,NamtanFilm,8,9,2025/1/19,1489,0
r6531,ViewJune,1,7,2025/3/20,481,0
r6532,EngLot,5,14,2025/1/17,2024,0
r6533,ViewJune,27,26,2025/1/15,2598,1
r6534,EngLot,6,3,2025/1/30,209,0
r6535,EngLot,2,6,2025/1/15,334,0
r6536,NamtanFilm,16,184,2025/1/18,38557,0
r6537,EngLot,25,90,2025/1/16,24773,1
r6538,NamtanFilm,1,2,2026/3/22,191,0
r6539,EngLot,17,27,2025/1/17,18775,1
r6540,EmiBonnie,4,3,2025/6/16,162,0
r6541,EngLot,3,47,2025/2/9,6824,1
r6542,LingOrm,3,4,2025/1/16,1082,0
r6543,LingOrm,5,7,2025/1/20,742,1
r6544,LingOrm,13,3,2025/1/16,1794,0
r6545,FreenBecky,3,8,2025/4/3,406,0
r6546,MilkLove,3,8,2025/1/16,190,0
r6547,EngLot,1,1,2025/3/10,50,0
r6548,NamneungNoey,3,0,2025/1/17,79,0
r6549,FreenBecky,1,14,2025/2/2,1012,0
r6550,EngLot,20,6,2025/1/23,1182,0
r6551,NamtanFilm,1,3,2025/1/16,349,1
r6552,LingOrm,17,103,2025/1/17,33719,0
r6553,LingOrm,6,10,2025/1/16,1515,0
r6554,ViewJune,22,13,2025/1/16,4071,1
r6555,FreenBecky,10,22,2025/1/16,3885,1
r6556,LingOrm,42,22,2025/1/16,8650,0
r6557,NamneungNoey,3,3,2025/1/16,509,0
r6558,LingOrm,16,221,2025/1/23,60008,1
r6559,LingOrm,6,4,2025/1/17,496,0
r6560,LingOrm,10,49,2025/1/20,7015,0
r6561,NamtanFilm,1,8,2025/1/18,630,1
r6562,LingOrm,3,1,2025/1/17,249,0
r6563,LingOrm,11,18,2025/1/18,2997,0
r6564,NamtanFilm,3,6,2025/3/26,499,0
r6565,LingOrm,2,4,2025/2/8,206,0
r6566,LingOrm,2,5,2025/1/18,380,0
r6567,LingOrm,1,2,2025/1/17,279,0
r6568,MilkLove,1,5,2025/1/17,228,0
r6569,MeenBabe,8,11,2025/1/17,2377,0
r6570,ViewJune,4,4,2025/1/17,514,0
r6571,LingOrm,26,192,2025/6/17,88412,1
r6572,LingOrm,2,2,2025/1/17,233,0
r6573,ViewJune,20,5,2025/1/17,725,1
r6574,BamYada,29,36,2025/1/17,5807,1
r6575,ViewJune,10,7,2025/1/26,734,1
r6576,LingOrm,25,102,2025/1/19,20859,0
r6577,FreenBecky,18,42,2025/2/25,9859,1
r6578,LingOrm,5,14,2025/1/21,2422,0
r6579,LingOrm,1,0,2025/1/18,80,0
r6580,LenaMiu,1,0,2025/1/18,49,0
r6581,NamtanFilm,24,426,2025/3/15,106448,0
r6582,AndaLookkaew,19,51,2025/2/15,18770,0
r6583,EmiBonnie,7,60,2025/1/18,6998,1
r6584,LingOrm,1,3,2025/3/6,213,0
r6585,MeenBabe,1,44,2025/1/22,3061,0
r6586,LingOrm,1,0,2025/4/21,44,0
r6587,FayeYoko,9,9,2025/1/24,2388,1
r6588,NamtanFilm,6,49,2025/1/26,4684,1
r6589,ViewMim,13,16,2025/1/22,3333,1
r6590,MilkLove,5,8,2025/1/25,670,0
r6591,EngLot,2,21,2025/1/19,5042,0
r6592,LingOrm,14,18,2025/1/19,12002,1
r6593,FreenBecky,17,48,2025/1/19,16958,1
r6594,NamtanFilm,1,19,2025/1/24,780,0
r6595,LingOrm,20,295,2025/3/1,86871,1
r6596,FreenBecky,27,27,2025/10/1,8624,1
r6597,LingOrm,1,4,2025/1/23,485,1
r6598,ViewMim,5,16,2025/1/19,1730,1
r6599,FreenBecky,18,62,2025/1/19,18279,1
r6600,ViewJune,19,38,2025/1/19,8905,1
r6601,EngLot,18,26,2025/2/4,17657,1
r6602,ViewJune,13,2,2025/1/21,916,1
r6603,NamtanFilm,18,165,2025/2/12,28836,0
r6604,NamtanFilm,10,83,2025/1/20,11750,0
r6605,LingOrm,12,10,2025/1/20,6187,1
r6606,FreenBecky,35,56,2025/3/18,29146,1
r6607,LingOrm,22,40,2025/2/9,15538,1
r6608,LingOrm,7,6,2025/1/21,1343,0
r6609,NamtanFilm,9,11,2025/1/20,1918,0
r6610,FayMay,21,58,2025/4/23,14727,1
r6611,MilkLove,29,312,2025/2/21,99354,1
r6612,EngLot,22,91,2025/1/23,52744,1
r6613,LingOrm,8,4,2025/1/20,1187,0
r6614,LingOrm,9,5,2026/2/8,285,0
r6615,FreenBecky,12,21,2025/1/22,5051,1
r6616,NamneungNoey,1,25,2025/1/22,3464,0
r6617,MilkLove,20,29,2025/1/20,10097,1
r6618,LingOrm,15,146,2025/1/30,43985,1
r6619,LingOrm,10,70,2025/6/20,17720,1
r6620,LingOrm,10,8,2025/1/26,336,0
r6621,LingOrm,20,48,2025/1/21,27495,1
r6623,NamneungNoey,3,0,2025/1/20,604,1
r6624,FreenBecky,13,21,2025/4/10,6214,1
r6625,LingOrm,42,90,2025/1/23,51588,1
r6626,FreenBecky,1,7,2025/10/10,97,0
r6627,FreenBecky,6,35,2025/1/26,5295,1
r6628,FayeYoko,7,9,2025/1/25,1392,1
r6629,LingOrm,9,76,2025/1/20,7422,1
r6630,LingOrm,42,1243,2025/1/23,361972,1
r6631,LingOrm,6,18,2025/1/23,3494,1
r6632,LingOrm,13,8,2025/1/25,3743,0
r6633,MilkLove,1,4,2025/1/21,272,0
r6634,NamtanFilm,19,74,2025/2/3,22746,0
r6635,LingOrm,3,10,2025/1/21,1112,0
r6636,FayeYoko,13,19,2025/1/23,2271,1
r6637,LingOrm,21,689,2025/1/22,236222,1
r6638,AndaLookkaew,26,23,2025/6/28,11387,1
r6639,LingOrm,4,1,2025/1/24,352,0
r6640,LingOrm,10,19,2025/1/22,2525,0
r6641,NamtanFilm,9,247,2025/2/16,25326,0
r6642,LingOrm,5,19,2025/1/22,2561,0
r6643,MilkLove,1,6,2025/3/2,573,1
r6644,NamneungNoey,26,17,2025/1/23,13768,1
r6645,MeenBabe,1,8,2025/5/8,747,0
r6646,NamtanFilm,1,16,2025/1/22,1416,0
r6647,ViewJune,7,10,2025/1/25,945,1
r6648,LingOrm,4,2,2025/1/22,115,0
r6649,LingOrm,18,120,2025/10/10,27173,1
r6650,LingOrm,1,2,2025/1/22,268,0
r6651,NamtanFilm,3,3,2025/1/22,219,0
r6652,ViewJune,14,11,2025/1/23,2991,1
r6653,FreenBecky,4,12,2025/2/2,1076,0
r6654,NamtanFilm,10,20,2025/1/22,3018,0
r6656,LingOrm,1,11,2025/1/26,1141,0
r6657,MilkLove,5,27,2025/1/23,2832,0
r6658,LingOrm,23,54,2025/2/1,15110,1
r6659,ViewMim,85,56,2025/2/21,23039,1
r6660,MilkLove,8,46,2025/1/24,7134,1
r6661,LingOrm,3,4,2025/1/23,1046,1
r6662,NamneungNoey,1,0,2025/1/25,123,0
r6663,FreenBecky,15,87,2025/1/26,19124,0
r6664,LingOrm,1,6,2025/1/29,709,1
r6665,ViewJune,4,1,2025/1/26,149,0
r6666,LingOrm,4,7,2025/1/23,1285,0
r6667,NamtanFilm,6,26,2025/2/9,6546,0
r6668,LingOrm,17,121,2025/1/26,36035,0
r6669,LingOrm,20,375,2025/2/3,120356,1
r6670,LingOrm,7,3,2025/1/24,1155,0
r6671,FreenBecky,3,3,2026/5/14,266,0
r6672,MilkLove,29,41,2025/4/20,16984,1
r6673,FreenBecky,11,10,2025/1/25,3273,1
r6675,LingOrm,36,144,2025/5/24,56654,0
r6676,MilkLove,4,3,2025/1/24,163,0
r6677,FreenBecky,2,7,2025/2/24,381,0
r6678,LingOrm,21,190,2025/1/27,43931,1
r6679,EngLot,2,3,2025/1/24,69,0
r6680,LingOrm,9,3,2025/3/7,1202,0
r6681,NamneungNoey,6,1,2025/1/24,58,0
r6682,NamneungNoey,1,0,2025/1/25,82,0
r6683,LingOrm,4,13,2025/1/25,1286,0
r6684,LingOrm,2,0,2025/1/25,91,0
r6685,EmiBonnie,4,2,2025/7/4,415,0
r6686,LingOrm,25,71,2025/1/24,20150,1
r6687,NamtanFilm,2,3,2025/1/29,486,0
r6688,NamtanFilm,3,6,2025/1/25,440,0
r6689,LingOrm,11,1,2025/1/26,648,0
r6690,NamneungNoey,8,0,2025/1/25,396,0
r6691,LingOrm,8,82,2025/1/27,11552,1
r6692,LingOrm,8,187,2025/1/26,36825,1
r6693,FayeYoko,13,11,2025/1/26,4239,1
r6694,FayeAtom,5,9,2025/5/14,620,0
r6695,FreenBecky,7,4,2025/1/25,474,0
r6696,MeenBabe,15,22,2025/2/2,8455,0
r6697,NamneungNoey,1,0,2025/1/25,131,1
r6698,NamtanFilm,3,15,2025/1/26,1041,0
r6699,NamtanFilm,1,32,2025/2/20,1118,0
r6700,EngLot,20,8,2025/1/25,2373,1
r6702,FreenBecky,30,7,2025/2/6,3546,1
r6703,LingOrm,2,1,2025/1/26,72,0
r6704,MablePangjie,7,8,2025/1/25,733,0
r6705,ViewJune,2,1,2025/1/26,92,1
r6706,NamtanFilm,2,8,2025/1/26,816,0
r6707,LingOrm,3,3,2025/1/26,250,0
r6708,LingOrm,16,36,2025/1/26,9163,1
r6709,EngLot,1,7,2025/2/16,551,0
r6710,LingOrm,2,26,2025/2/6,1019,0
r6711,LingOrm,2,9,2025/1/26,666,0
r6712,MilkLove,4,14,2025/1/26,1430,0
r6713,LingOrm,5,29,2025/2/21,3812,0
r6714,LingOrm,6,2,2025/1/26,1217,1
r6715,NamtanFilm,9,32,2025/1/27,4832,1
r6716,MilkLove,6,17,2025/1/26,3384,1
r6717,LingOrm,4,172,2025/2/14,10676,0
r6718,ViewJune,10,16,2025/1/27,1421,0
r6719,FayMay,3,19,2025/1/29,1341,0
r6720,ViewJune,9,0,2025/1/26,459,0
r6721,LingOrm,1,16,2025/1/27,1963,1
r6722,LingOrm,30,270,2025/1/31,102738,1
r6723,LingOrm,2,3,2025/1/29,351,0
r6725,LingOrm,8,47,2025/4/1,6803,0
r6726,NamtanFilm,1,5,2025/1/27,135,0
r6727,LingOrm,35,411,2025/2/1,204212,1
r6728,LingOrm,9,24,2025/1/28,2906,0
r6729,FreenBecky,1,3,2025/7/22,166,0
r6730,LingOrm,27,64,2025/1/27,25849,1
r6731,LingOrm,1,25,2025/1/27,1013,0
r6732,EngLot,1,73,2025/1/27,11113,1
r6733,LingOrm,17,172,2025/5/2,48501,1
r6734,ViewJune,2,1,2025/1/27,73,0
r6735,LingOrm,4,15,2025/2/7,2487,0
r6736,EngLot,8,15,2025/1/28,5182,1
r6737,NamtanFilm,5,26,2025/2/23,4115,0
r6738,LingOrm,3,5,2025/1/27,329,0
r6739,EngLot,2,5,2025/2/2,518,0
r6740,FreenBecky,5,5,2025/1/27,226,0
r6741,LingOrm,44,946,2025/1/29,386338,0
r6742,NamtanFilm,1,4,2025/1/28,256,0
r6743,LingOrm,3,2,2025/2/24,361,0
r6744,ViewMim,1,2,2025/2/12,653,0
r6745,LingOrm,24,61,2025/2/10,34740,1
r6746,LingOrm,4,3,2025/3/23,1117,0
r6747,NamtanFilm,7,5,2025/1/30,297,0
r6748,FayeYoko,2,9,2025/1/28,467,0
r6749,LingOrm,5,5,2025/1/29,896,1
r6750,LingOrm,11,499,2025/1/30,136068,1
r6751,EngLot,13,6,2025/1/28,7271,1
r6752,NamtanFilm,21,259,2025/3/19,48885,0
r6753,LingOrm,11,23,2025/1/28,8994,1
r6754,MilkLove,6,6,2025/1/28,682,0
r6755,LingOrm,15,45,2025/2/5,14713,1
r6756,LingOrm,14,41,2025/1/30,11649,1
r6757,NamtanFilm,14,130,2025/2/1,23436,0
r6758,LingOrm,2,2,2025/1/29,335,0
r6759,LingOrm,15,23,2025/2/1,7580,1
r6760,LingOrm,31,428,2025/2/1,156123,1
r6761,FreenBecky,5,4,2025/1/29,1307,1
r6762,MilkLove,20,57,2025/1/29,18053,1
r6763,LingOrm,14,5,2025/2/5,1938,0
r6764,MilkLove,2,3,2025/1/31,121,0
r6765,LingOrm,13,78,2025/1/29,21337,1
r6766,NamtanFilm,37,258,2025/2/11,37037,0
r6767,LingOrm,12,10,2025/2/2,2877,1
r6768,LingOrm,15,601,2025/2/4,125324,1
r6769,LingOrm,1,9,2025/1/29,823,0
r6770,EngLot,10,1,2026/6/17,711,0
r6771,FreenBecky,17,37,2025/4/5,7109,0
r6772,LingOrm,31,16,2025/1/29,10774,1
r6773,FreenBecky,4,5,2025/1/29,182,0
r6774,EngLot,17,22,2025/2/2,19468,1
r6775,LingOrm,4,15,2025/2/6,1370,0
r6776,LingOrm,21,9,2025/2/23,4142,1
r6777,LingOrm,8,3,2025/1/30,582,0
r6778,EngLot,1,0,2025/1/30,61,0
r6779,MilkLove,8,16,2025/2/1,1277,1
r6780,LingOrm,3,5,2025/1/30,242,0
r6781,FreenBecky,54,143,2025/4/11,71802,1
r6782,FreenBecky,13,72,2025/2/11,8948,0
r6783,LingOrm,1,7,2025/2/2,1113,1
r6784,FreenBecky,10,28,2025/2/1,6215,1
r6785,GraceOaey,2,1,2025/10/15,183,0
r6786,ViewJune,6,16,2025/2/15,1775,1
r6787,LingOrm,8,0,2025/2/1,887,0
r6788,EngLot,1,2,2025/3/28,218,0
r6789,MilkLove,5,17,2025/1/31,1255,0
r6790,LingOrm,3,42,2025/2/6,5549,0
r6791,LingOrm,6,4,2025/1/31,496,1
r6792,EngLot,9,3,2025/2/2,1241,0
r6793,NamtanFilm,4,21,2025/4/1,1773,0
r6794,ViewJune,1,2,2025/1/31,34,0
r6795,MilkLove,13,155,2025/2/15,32907,1
r6796,LingOrm,27,304,2025/2/20,138104,1
r6797,LingOrm,7,3,2025/2/1,557,0
r6798,FreenBecky,26,131,2025/2/1,36070,1
r6799,MilkLove,9,10,2025/1/31,2065,1
r6800,LingOrm,34,4,2025/4/29,1451,0
r6801,NamtanFilm,8,15,2025/2/1,3208,1
r6802,FreenBecky,4,24,2025/2/1,2007,0
r6803,MilkLove,1,14,2025/2/1,932,1
r6804,LingOrm,10,23,2025/2/1,7078,0
r6805,NamtanFilm,1,2,2025/3/12,272,0
r6806,LingOrm,6,4,2025/3/5,663,0
r6807,NamtanFilm,13,132,2025/2/16,28460,1
r6808,ViewJune,6,17,2025/3/25,2335,1
r6809,FreenBecky,6,1,2025/2/1,213,0
r6810,LingOrm,1,5,2025/2/1,539,0
r6811,LingOrm,21,77,2025/2/3,23332,1
r6812,NamtanFilm,8,5,2025/2/1,1203,0
r6813,LingOrm,8,22,2025/2/17,4216,1
r6814,MeenBabe,5,3,2025/2/3,398,0
r6815,FreenBecky,32,26,2025/2/15,10425,1
r6816,EngLot,41,1558,2025/2/9,1042341,1
r6817,LingOrm,3,2,2025/2/2,146,0
r6818,LingOrm,31,482,2025/2/12,175636,1
r6819,LingOrm,26,93,2025/2/23,48147,1
r6820,FreenBecky,4,1,2025/2/2,208,0
r6821,LingOrm,1,9,2025/2/3,1595,1
r6822,NamneungNoey,2,0,2025/2/2,56,1
r6823,NamtanFilm,1,7,2025/2/2,168,0
r6824,JanJingjing,3,42,2026/5/11,2858,0
r6825,LingOrm,2,8,2025/2/10,1350,0
r6826,EmiBonnie,8,21,2025/2/22,2741,0
r6827,EngLot,21,77,2025/2/7,45778,1
r6828,NamtanFilm,21,178,2025/2/5,57810,1
r6829,NamneungNoey,1,5,2025/2/2,636,0
r6830,FreenBecky,3,1,2025/2/5,214,1
r6831,NamtanFilm,2,22,2025/2/16,1790,0
r6832,LingOrm,27,882,2025/2/3,383617,1
r6833,MilkLove,9,15,2025/2/2,3209,1
r6834,EngLot,26,40,2025/3/15,32918,1
r6835,NamtanFilm,25,58,2025/5/3,25151,1
r6836,FreenBecky,1,2,2025/2/5,170,0
r6837,ViewJune,6,4,2025/2/2,590,1
r6838,LingOrm,18,18,2025/2/6,10350,0
r6840,EngLot,5,1,2025/2/2,852,0
r6841,LingOrm,2,14,2025/2/5,1274,0
r6842,LingOrm,40,850,2025/3/3,256390,1
r6843,LingOrm,8,86,2025/2/3,14985,1
r6844,ViewJune,1,4,2025/3/5,116,0
r6845,LingOrm,19,166,2025/2/7,57447,1
r6846,EngLot,2,4,2025/2/3,329,0
r6847,LingOrm,19,68,2025/9/3,17836,1
r6848,LingOrm,11,18,2025/3/17,3947,0
r6849,NamneungNoey,5,8,2025/2/9,2735,1
r6850,MilkLove,12,15,2025/2/6,2977,1
r6852,EmiBonnie,1,1,2025/2/3,39,0
r6853,NamtanFilm,1,5,2025/2/4,617,0
r6854,FreenBecky,12,10,2025/3/23,1207,1
r6855,NamtanFilm,13,26,2025/2/4,6667,1
r6856,FreenBecky,18,46,2025/3/1,10750,1
r6857,LingOrm,9,6,2025/5/15,762,0
r6858,MilkLove,15,337,2025/2/7,80671,1
r6859,EmiBonnie,10,839,2025/2/9,114804,1
r6860,NamtanFilm,5,37,2025/2/4,2300,0
r6861,LingOrm,40,1148,2025/2/13,536683,1
r6862,MilkLove,1,13,2025/2/4,978,0
r6863,LingOrm,10,129,2025/3/22,13483,0
r6865,LingOrm,14,3,2025/3/26,605,0
r6867,EngLot,21,254,2025/2/5,171290,1
r6868,EngLot,17,78,2025/2/22,47044,1
r6869,LingOrm,9,102,2025/2/8,19526,1
r6870,LingOrm,4,16,2025/2/8,1395,0
r6871,ViewMim,7,17,2025/8/6,1972,0
r6872,LingOrm,8,7,2025/2/4,2260,1
r6873,FreenBecky,2,2,2025/3/8,108,0
r6874,LingOrm,4,4,2025/2/8,672,0
r6875,NamtanFilm,3,11,2025/2/20,1164,0
r6876,LingOrm,34,61,2025/2/8,27737,1
r6877,NamtanFilm,1,8,2025/2/5,764,1
r6878,FreenBecky,14,25,2025/4/7,4427,1
r6879,ViewJune,1,4,2025/2/5,232,1
r6880,FreenBecky,18,8,2025/2/5,2166,0
r6881,NamtanFilm,17,217,2025/3/4,46450,1
r6882,LingOrm,1,1,2025/2/10,509,0
r6883,FreenBecky,4,1,2025/2/6,80,0
r6884,LingOrm,35,380,2025/2/5,141007,1
r6885,AndaLookkaew,14,37,2025/8/7,12143,0
r6886,EngLot,16,20,2025/10/9,17065,1
r6887,EngLot,13,24,2025/2/14,5821,0
r6888,LingOrm,3,2,2025/2/5,241,0
r6889,NamtanFilm,4,17,2025/2/6,802,0
r6890,LingOrm,1,1,2025/2/5,374,0
r6891,MilkLove,7,41,2025/2/5,6423,1
r6892,MilkLove,3,11,2025/2/15,3645,0
r6893,LingOrm,6,4,2025/2/6,719,0
r6894,NamneungNoey,15,5,2025/2/27,867,1
r6895,LingOrm,2,2,2025/2/6,273,1
r6896,LingOrm,34,90,2025/2/6,37060,0
r6897,LingOrm,4,6,2025/2/6,1080,0
r6898,LingOrm,3,1,2025/2/6,165,0
r6899,FreenBecky,17,97,2025/2/6,14519,1
r6900,LingOrm,19,78,2025/2/6,22914,1
r6901,LingOrm,11,0,2025/12/15,247,0
r6902,LingOrm,35,48,2025/3/1,42339,1
r6903,MilkLove,35,265,2025/5/28,111988,1
r6904,LingOrm,23,91,2025/2/25,34000,1
r6905,LingOrm,3,18,2025/2/22,877,0
r6906,MilkLove,1,4,2025/2/16,600,0
r6907,EmiBonnie,10,255,2025/2/9,29625,1
r6908,FreenBecky,4,3,2025/2/24,220,0
r6909,NamtanFilm,16,16,2025/2/26,3787,0
r6910,LingOrm,8,11,2025/3/2,4604,0
r6911,EmiBonnie,6,19,2026/2/5,2142,0
r6912,NamneungNoey,2,1,2025/2/7,45,1
r6913,MeenBabe,4,4,2025/12/7,869,0
r6914,LingOrm,11,1,2025/2/9,526,0
r6915,FreenBecky,5,3,2025/2/7,130,0
r6916,ViewJune,2,3,2025/2/7,89,0
r6917,NamneungNoey,1,5,2025/2/7,137,0
r6918,EmiBonnie,4,128,2025/2/8,13691,0
r6919,MeenBabe,11,9,2025/3/30,3009,1
r6920,LingOrm,3,1,2025/2/8,365,0
r6921,ViewJune,5,5,2025/2/8,359,0
r6922,FayeYoko,3,12,2025/2/25,537,1
r6923,EngLot,19,188,2025/6/29,107847,1
r6924,EngLot,27,325,2025/3/31,193717,1
r6925,LingOrm,3,3,2025/2/8,469,1
r6926,LingOrm,10,228,2025/2/8,31140,1
r6927,FreenBecky,3,10,2025/2/13,427,0
r6928,LingOrm,12,563,2025/2/10,114090,1
r6929,LingOrm,7,18,2025/2/8,3915,1
r6930,EngLot,2,6,2025/2/8,837,0
r6931,FayeYoko,15,17,2025/2/10,2653,1
r6932,LingOrm,15,41,2025/2/11,13318,1
r6933,FreenBecky,6,3,2025/2/9,336,1
r6934,EngLot,2,4,2025/2/8,823,0
r6935,LingOrm,28,376,2025/2/8,201438,1
r6936,LingOrm,4,7,2025/2/9,208,0
r6937,ViewMim,1,10,2025/2/8,523,0
r6938,MilkLove,7,11,2025/2/8,842,0
r6939,LingOrm,14,6,2025/2/8,2840,1
r6940,EngLot,31,325,2025/2/17,200161,1
r6941,MilkLove,3,10,2025/2/22,1054,0
r6942,NamtanFilm,1,0,2025/2/14,75,0
r6943,FreenBecky,69,167,2025/2/17,117727,1
r6944,LingOrm,4,58,2025/3/11,8787,0
r6945,EmiBonnie,9,62,2025/4/12,8731,1
r6946,LingOrm,34,1871,2025/4/5,870014,1
r6947,EngLot,15,83,2025/3/1,51478,1
r6948,EmiBonnie,1,27,2025/2/9,1568,0
r6949,ViewMim,1,5,2025/2/9,299,0
r6950,EngLot,4,4,2025/2/9,281,0
r6951,EngLot,17,60,2025/5/16,18210,1
r6952,ViewJune,8,8,2025/2/9,1494,1
r6953,EmiBonnie,8,102,2025/3/12,9721,1
r6954,LingOrm,7,8,2025/2/9,1871,0
r6956,EmiBonnie,5,110,2025/2/9,11276,1
r6957,MeenBabe,14,13,2025/2/9,4417,0
r6958,ViewJune,1,4,2025/3/1,125,0
r6959,LingOrm,9,4,2025/7/22,2545,0
r6960,LingOrm,3,1,2025/2/11,394,0
r6961,MilkLove,12,7,2025/7/4,2990,1
r6962,LenaMiu,5,20,2025/2/15,4711,0
r6963,LingOrm,2,12,2025/2/20,1269,0
r6964,FreenBecky,18,43,2025/3/2,9800,1
r6965,LingOrm,15,11,2025/3/10,5473,0
r6966,LingOrm,1,21,2025/2/15,1857,1
r6967,FreenBecky,1,10,2025/2/10,746,1
r6968,EngLot,5,1,2025/2/10,244,0
r6969,NamneungNoey,8,36,2025/2/22,4821,0
r6970,EngLot,2,5,2025/2/10,352,0
r6971,ViewMim,1,5,2025/2/10,295,0
r6972,EngLot,4,19,2025/2/14,3033,0
r6973,NamtanFilm,12,9,2025/3/10,1651,0
r6974,MeenBabe,8,16,2025/2/10,2422,1
r6975,LingOrm,10,29,2025/2/12,3229,1
r6976,LingOrm,11,14,2025/2/11,3406,1
r6977,LingOrm,20,3,2025/2/11,1042,1
r6978,FreenBecky,2,11,2025/2/11,1752,0
r6979,EmiBonnie,12,960,2025/2/11,132323,1
r6980,FreenBecky,4,7,2025/2/17,672,0
r6981,LingOrm,2,10,2025/2/13,670,0
r6982,LingOrm,20,244,2025/5/10,85557,1
r6983,LingOrm,8,2,2025/2/15,293,0
r6984,LingOrm,4,8,2025/2/14,1368,1
r6985,FreenBecky,11,19,2025/2/11,3147,1
r6986,MilkLove,12,12,2025/2/11,2628,1
r6987,LingOrm,7,56,2025/2/12,11142,1
r6988,EngLot,31,233,2025/3/3,157834,1
r6989,LingOrm,4,3,2025/2/11,497,0
r6990,EngLot,18,45,2025/2/12,23542,1
r6991,ViewJune,18,35,2025/2/12,8418,1
r6992,LingOrm,3,5,2025/2/12,676,0
r6993,LingOrm,10,26,2025/2/19,8089,0
r6994,LingOrm,2,5,2025/2/12,486,0
r6995,NamtanFilm,9,22,2025/2/12,3609,0
r6996,MilkLove,25,53,2025/5/15,17019,1
r6997,ViewJune,2,1,2025/2/22,83,0
r6998,AndaLookkaew,31,49,2025/2/12,22256,1
r6999,MilkLove,8,30,2025/2/12,3773,0
r7000,LingOrm,6,19,2025/2/17,2368,0
r7001,FayMay,10,26,2025/2/12,3337,0
r7002,LingOrm,6,48,2025/2/12,6627,1
r7003,MilkLove,12,15,2025/3/16,2646,0
r7004,LingOrm,1,1,2025/2/12,120,0
r7005,FreenBecky,5,3,2025/2/12,153,0
r7006,MilkLove,25,21,2026/2/28,6681,0
r7007,NamneungNoey,8,23,2025/2/13,2422,0
r7008,NamneungNoey,1,0,2025/2/12,584,1
r7009,LingOrm,5,1,2025/2/12,399,0
r7010,EngLot,3,2,2025/2/12,607,1
r7011,ViewJune,1,11,2025/2/13,884,0
r7012,MilkLove,2,3,2025/2/16,243,0
r7013,EngLot,20,128,2025/2/18,79122,1
r7014,LingOrm,8,87,2025/5/13,5941,0
r7015,MilkLove,3,9,2025/3/4,296,0
r7016,LingOrm,2,7,2025/2/13,367,0
r7017,NamtanFilm,17,356,2025/3/30,93774,1
r7018,LingOrm,1,43,2025/2/16,3559,1
r7019,FayeYoko,4,7,2025/2/13,336,0
r7020,JuneMewnich,16,26,2025/2/13,5295,1
r7021,FreenBecky,5,18,2025/4/21,1938,0
r7022,EmiBonnie,11,666,2025/3/19,79060,1
r7023,EmiBonnie,3,34,2025/2/15,1691,0
r7024,EmiBonnie,1,5,2025/2/23,313,0
r7025,LingOrm,26,992,2025/3/5,356780,1
r7026,LingOrm,22,9,2025/9/23,7087,0
r7027,LenaMiu,15,619,2025/11/26,136475,1
r7028,LingOrm,8,98,2025/2/14,13176,0
r7029,EmiBonnie,10,412,2025/2/14,56379,1
r7030,EngLot,5,1,2025/2/14,492,0
r7031,LingOrm,1,3,2025/2/18,422,0
r7032,EngLot,13,9,2025/2/15,2280,1
r7033,EmiBonnie,11,76,2025/2/14,13714,1
r7034,LingOrm,2,32,2025/2/23,1338,0
r7035,FreenBecky,1,5,2025/6/22,864,0
r7036,LingOrm,4,5,2025/2/17,694,0
r7037,MilkLove,13,7,2025/4/7,1062,0
r7038,LingOrm,5,27,2025/2/15,3712,1
r7039,LingOrm,1,22,2025/2/19,2469,1
r7040,LingOrm,4,2,2025/2/15,370,0
r7042,FreenBecky,7,4,2025/2/15,657,1
r7043,FreenBecky,1,1,2025/2/15,88,0
r7044,FayeYoko,26,21,2025/2/15,8634,1
r7045,LingOrm,4,2,2025/2/16,180,0
r7046,ViewMim,37,26,2025/3/7,8905,1
r7047,MilkLove,6,5,2025/2/17,535,0
r7048,FayeYoko,2,7,2025/2/16,899,1
r7049,ViewJune,8,11,2025/2/15,3132,1
r7050,EmiBonnie,9,53,2025/2/15,8330,1
r7051,FreenBecky,5,9,2025/2/15,1225,0
r7052,EngLot,53,53,2025/3/10,48317,1
r7053,EngLot,19,159,2025/5/13,73081,1
r7054,LingOrm,24,168,2025/3/12,21607,0
r7055,LingOrm,13,2,2026/5/15,473,0
r7056,ViewJune,11,18,2025/2/16,3110,1
r7058,EngLot,3,4,2025/4/30,243,0
r7059,MilkLove,12,24,2025/2/15,3469,1
r7060,NamtanFilm,8,8,2025/2/16,1248,1
r7061,LingOrm,63,547,2025/2/17,214117,1
r7062,GraceOaey,28,7,2025/2/17,2238,1
r7063,NamtanFilm,2,4,2025/2/20,399,0
r7064,KaoJaneJaneKao,1,1,2026/7/30,65,0
r7065,NamtanFilm,4,7,2025/2/17,1918,1
r7066,LingOrm,1,6,2025/2/16,572,1
r7067,FreenBecky,5,1,2025/2/16,438,0
r7068,GraceOaey,18,15,2025/3/2,2941,1
r7069,LingOrm,38,619,2025/3/30,196076,1
r7070,LingOrm,2,10,2025/3/4,791,0
r7071,MilkLove,6,6,2025/2/16,514,1
r7072,LingOrm,21,811,2025/2/16,97774,0
r7073,LenaMiu,12,356,2025/5/17,68253,1
r7074,LingOrm,12,27,2025/3/7,7637,1
r7075,LingOrm,1,9,2025/3/23,1107,1
r7076,LingOrm,23,91,2025/2/18,36775,1
r7077,LingOrm,3,3,2025/2/17,288,0
r7078,LingOrm,6,6,2025/2/18,745,0
r7079,LingOrm,2,1,2025/2/17,35,0
r7080,EngLot,1,3,2025/2/17,409,0
r7081,LingOrm,13,130,2025/2/17,22822,1
r7082,LingOrm,6,1,2025/2/17,1090,0
r7083,EmiBonnie,1,0,2026/6/30,35,0
r7084,LingOrm,6,3,2025/2/18,440,0
r7085,LingOrm,7,26,2025/2/17,4620,0
r7086,LingOrm,4,3,2025/2/17,666,0
r7087,LingOrm,7,132,2025/3/17,14150,1
r7088,NamtanFilm,24,59,2025/2/17,16490,1
r7089,FreenBecky,6,20,2025/2/18,4891,1
r7090,FreenBecky,18,40,2025/3/18,10232,1
r7091,FreenBecky,18,39,2025/3/20,9364,1
r7092,FreenBecky,18,28,2025/3/29,6524,1
r7093,MilkLove,6,16,2025/2/17,2690,1
r7094,LingOrm,15,5,2025/2/17,985,0
r7095,NamtanFilm,7,5,2025/3/2,821,0
r7096,ViewJune,6,16,2025/2/19,926,0
r7097,LingOrm,1,1,2025/2/19,31,0
r7098,FreenBecky,1,1,2025/2/18,67,1
r7099,LingOrm,2,33,2026/4/27,916,0
r7100,EmiBonnie,12,89,2025/4/5,12667,1
r7101,LingOrm,4,6,2025/2/21,551,0
r7102,EmiBonnie,13,799,2025/2/24,111754,1
r7103,LingOrm,23,231,2025/5/8,82305,1
r7104,FreenBecky,1,4,2025/4/18,167,0
r7105,FreenBecky,9,72,2025/2/18,10771,1
r7106,LingOrm,7,10,2025/2/18,2340,0
r7107,EmiBonnie,4,15,2025/2/18,845,0
r7108,LingOrm,8,5,2025/2/18,913,0
r7109,LingOrm,5,4,2025/2/20,735,0
r7110,FreenBecky,18,5,2025/8/17,955,0
r7111,LingOrm,1,47,2025/2/22,1223,0
r7113,MilkLove,8,13,2025/2/23,1418,0
r7114,LingOrm,5,6,2025/4/12,514,0
r7116,ViewJune,3,4,2025/2/19,229,0
r7117,NamtanFilm,7,5,2025/3/16,462,0
r7118,EngLot,18,86,2025/5/2,48277,1
r7119,NamtanFilm,12,37,2025/2/20,9440,1
r7121,LingOrm,29,292,2025/2/27,94260,1
r7122,LingOrm,28,122,2025/6/26,27284,1
r7123,EngLot,7,6,2025/2/23,1552,0
r7124,LingOrm,1,34,2025/2/22,3597,1
r7125,EngLot,2,5,2025/2/20,680,0
r7126,ViewJune,1,9,2025/2/20,150,0
r7127,MilkLove,4,53,2026/5/21,4122,0
r7128,EmiBonnie,13,22,2025/2/20,4502,1
r7129,LingOrm,13,74,2025/3/30,12883,0
r7130,FayeYoko,4,6,2025/2/21,380,0
r7131,FreenBecky,21,11,2025/2/20,2387,0
r7132,LingOrm,3,26,2025/2/20,2233,0
r7133,LingOrm,2,3,2025/2/20,185,0
r7134,LingOrm,13,29,2025/2/22,8989,1
r7135,LingOrm,16,6,2025/2/23,2133,1
r7136,LingOrm,1,44,2025/2/21,2377,1
r7137,NamtanFilm,16,392,2025/8/14,88636,1
r7138,LingOrm,19,3,2025/2/22,1796,0
r7139,LingOrm,32,412,2025/2/24,145973,1
r7140,MilkLove,4,23,2025/2/22,1681,0
r7141,NamtanFilm,15,13,2025/2/21,1836,0
r7142,NamtanFilm,3,14,2025/2/21,1180,0
r7143,LingOrm,9,15,2025/3/13,4605,0
r7144,NamtanFilm,5,9,2025/2/21,2691,0
r7145,NamtanFilm,30,72,2025/3/1,15039,0
r7146,LingOrm,3,0,2025/2/21,127,0
r7147,NamtanFilm,6,9,2025/2/22,1346,0
r7148,LingOrm,17,318,2025/2/25,75673,1
r7149,EngLot,25,232,2025/3/4,186523,1
r7150,EngLot,5,9,2025/5/25,528,0
r7151,NamneungNoey,3,1,2025/2/21,158,1
r7153,FreenBecky,5,7,2025/2/25,1229,1
r7154,MilkLove,1,5,2025/3/2,249,1
r7155,MilkLove,2,2,2025/2/22,322,0
r7156,LingOrm,7,49,2025/2/22,7458,1
r7157,LingOrm,12,7,2025/2/21,415,0
r7158,NamneungNoey,3,1,2025/2/22,55,0
r7159,NamneungNoey,1,0,2025/2/21,52,0
r7160,MeenBabe,2,2,2025/2/22,359,0
r7161,FayeYoko,4,7,2025/2/23,617,0
r7162,MilkLove,1,2,2025/2/22,67,0
r7163,LingOrm,16,80,2025/4/13,20320,1
r7164,LingOrm,2,7,2025/4/27,916,0
r7165,EmiBonnie,12,530,2025/2/23,87187,1
r7166,NamtanFilm,4,3,2025/3/15,529,0
r7167,LingOrm,6,97,2025/2/22,14363,0
r7168,EngLot,1,10,2025/6/28,1880,0
r7169,LingOrm,2,4,2025/2/22,343,1
r7170,LingOrm,6,42,2025/4/1,6983,0
r7171,LingOrm,20,3,2025/5/11,3246,1
r7172,LingOrm,8,9,2025/5/9,1312,0
r7173,FreenBecky,3,9,2025/2/24,1826,0
r7174,LingOrm,2,0,2025/2/23,99,0
r7175,FayeYoko,14,15,2025/4/12,3435,1
r7176,LingOrm,17,4,2025/2/22,2249,0
r7177,FayMay,3,19,2025/2/22,1030,0
r7178,EngLot,3,3,2025/2/22,769,0
r7179,LingOrm,18,5,2025/2/22,3394,0
r7180,FreenBecky,5,4,2025/2/25,924,0
r7181,LingOrm,2,9,2025/4/6,887,0
r7182,LingOrm,8,65,2025/2/25,13367,1
r7183,LingOrm,19,1,2025/2/23,1758,0
r7184,ViewJune,5,6,2025/2/23,879,0
r7185,MablePangjie,1,24,2026/2/15,2144,0
r7186,EmiBonnie,20,1161,2025/2/25,177113,1
r7187,LingOrm,1,34,2025/2/23,8040,1
r7188,EngLot,9,13,2025/3/1,1656,0
r7189,EmiBonnie,3,3,2025/3/28,199,0
r7190,LingOrm,28,218,2025/2/24,90266,1
r7191,MilkLove,2,30,2025/2/24,1403,0
r7192,MeenBabe,3,2,2025/2/23,526,0
r7193,FreenBecky,9,19,2025/2/28,3141,1
r7194,LingOrm,5,0,2026/3/20,329,0
r7195,LingOrm,47,1237,2025/3/6,616659,1
r7196,ViewJune,1,0,2025/2/25,17,0
r7197,EngLot,15,22,2025/2/24,12313,1
r7198,NamtanFilm,1,12,2026/4/23,290,0
r7199,LingOrm,5,2,2025/2/24,497,0
r7200,LingOrm,38,40,2025/2/27,10050,1
r7201,FayMay,5,7,2025/2/24,649,0
r7202,LingOrm,3,4,2025/5/1,296,0
r7203,LingOrm,2,0,2026/3/3,123,0
r7204,NamtanFilm,5,20,2025/4/2,1808,0
r7205,EmiBonnie,5,2,2025/4/17,161,0
r7206,MilkLove,3,7,2025/3/8,619,1
r7207,LingOrm,2,6,2025/2/24,749,1
r7208,FreenBecky,5,31,2025/2/24,4754,1
r7209,LingOrm,2,1,2025/3/14,128,0
r7210,MilkLove,10,33,2025/2/27,8090,1
r7211,FreenBecky,8,30,2025/2/25,4246,0
r7212,FreenBecky,20,9,2025/2/25,2793,1
r7213,EmiBonnie,1,37,2025/2/25,3190,1
r7214,EngLot,1,0,2025/2/25,70,0
r7215,EmiBonnie,6,388,2025/2/27,33435,0
r7216,EngLot,3,4,2025/2/27,1169,0
r7217,LMSY,1,1,2025/2/27,218,0
r7218,LingOrm,21,188,2025/4/6,71146,1
r7219,EngLot,1,1,2025/2/26,53,0
r7220,NamtanFilm,1,6,2025/2/26,308,0
r7221,NamtanFilm,12,20,2025/2/25,5609,1
r7222,LingOrm,2,5,2025/3/2,312,0
r7223,FreenBecky,20,22,2025/3/9,4717,0
r7224,FreenBecky,17,5,2025/2/25,1327,1
r7225,LingOrm,29,35,2025/3/16,18119,1
r7226,EmiBonnie,10,628,2025/2/26,88092,1
r7227,LingOrm,9,7,2026/3/1,2100,1
r7228,LingOrm,1,4,2025/7/22,198,0
r7229,FreenBecky,9,13,2025/2/26,1939,1
r7230,LingOrm,1,8,2025/5/14,1263,0
r7231,MilkLove,2,11,2025/3/6,392,0
r7232,EngLot,10,0,2025/2/27,319,0
r7233,LingOrm,12,3,2025/2/26,1012,0
r7234,FreenBecky,70,138,2025/7/25,134136,1
r7235,LingOrm,12,19,2025/5/29,2027,1
r7237,ViewJune,7,15,2025/3/1,2510,1
r7238,EmiBonnie,7,12,2025/3/4,1166,1
r7239,EmiBonnie,6,254,2025/2/28,26856,0
r7240,LingOrm,11,1,2025/4/13,249,0
r7241,LingOrm,61,1062,2025/4/15,1325172,0
r7242,FayeYoko,16,5,2025/3/1,1158,0
r7243,NamneungNoey,2,4,2025/2/28,49,1
r7244,FreenBecky,27,8,2025/2/28,1891,1
r7245,LingOrm,37,31,2025/2/28,14498,0
r7248,LingOrm,27,501,2025/3/3,195948,1
r7249,FreenBecky,18,39,2025/4/29,8463,1
r7250,EngLot,9,4,2025/2/28,370,0
r7251,FreenBecky,27,19,2025/3/1,7132,1
r7252,LingOrm,1,3,2025/2/28,848,1
r7253,LingOrm,17,47,2025/3/1,12793,1
r7254,LingOrm,27,10,2025/2/28,4693,1
r7255,LingOrm,17,55,2025/4/16,15164,0
r7256,FreenBecky,10,151,2025/3/8,25626,1
r7257,LingOrm,15,614,2025/3/1,117114,1
r7258,ViewMim,88,48,2025/4/19,20640,1
r7259,MilkLove,12,4,2025/2/28,903,0
r7260,FreenBecky,13,21,2025/3/2,6111,0
r7261,MilkLove,14,14,2025/3/1,4972,1
r7262,EngLot,15,31,2025/3/1,19098,1
r7263,FreenBecky,3,7,2025/4/14,535,0
r7264,EmiBonnie,11,16,2025/3/1,3204,0
r7265,LingOrm,41,1247,2025/3/2,598450,1
r7266,LingOrm,14,14,2025/3/9,3151,1
r7267,FayeYoko,5,13,2025/3/1,503,0
r7268,MilkLove,2,0,2026/7/1,116,0
r7269,EngLot,3,2,2025/3/8,117,0
r7270,LingOrm,32,840,2025/3/15,351546,0
r7271,LingOrm,10,7,2025/3/1,768,0
r7272,FreenBecky,1,1,2025/3/1,89,1
r7273,MilkLove,7,20,2025/3/1,2254,0
r7274,LingOrm,1,4,2025/3/2,416,0
r7275,LingOrm,1,1,2025/3/2,241,0
r7276,FreenBecky,1,5,2026/1/6,327,0
r7277,LingOrm,5,55,2025/3/1,10634,1
r7278,LingOrm,1,0,2025/3/3,195,0
r7279,EngLot,13,325,2025/3/2,115872,1
r7280,LingOrm,19,235,2025/3/27,28519,1
r7281,LingOrm,29,18,2025/4/12,5985,1
r7282,NamtanFilm,2,18,2025/3/2,1021,0
r7283,EmiBonnie,19,308,2025/3/2,63463,0
r7284,LingOrm,14,23,2025/3/5,3489,1
r7285,EmiBonnie,2,138,2025/3/6,16317,0
r7286,LingOrm,21,7,2025/3/8,4098,1
r7287,LingOrm,3,5,2025/3/2,227,0
r7288,GinJay,5,29,2025/3/3,3412,0
r7289,FreenBecky,1,3,2025/3/2,823,1
r7290,FayeYoko,29,15,2025/3/3,4473,1
r7291,LingOrm,8,1,2026/1/27,122,0
r7292,LingOrm,3,0,2025/3/2,56,0
r7293,LingOrm,10,41,2025/3/3,12938,1
r7294,LingOrm,4,4,2025/3/3,577,0
r7295,EmiBonnie,4,6,2025/3/2,795,0
r7296,JanJingjing,2,6,2025/3/3,527,0
r7297,EmiBonnie,3,5,2025/3/4,422,0
r7298,MilkLove,9,29,2025/3/3,6033,1
r7299,LingOrm,4,47,2025/3/17,4231,0
r7300,FreenBecky,27,31,2025/3/3,7294,1
r7301,LingOrm,23,105,2025/3/20,46918,1
r7302,LingOrm,25,574,2025/3/7,215957,1
r7303,EngLot,4,0,2025/3/10,22,0
r7304,ViewJune,2,3,2025/3/3,176,0
r7305,LingOrm,6,5,2025/4/24,1307,0
r7306,FreenBecky,18,144,2025/3/4,27406,1
r7307,LingOrm,3,1,2025/5/14,221,0
r7308,EngLot,18,139,2025/3/4,60218,1
r7309,LingOrm,3,1,2025/3/3,185,0
r7310,FreenBecky,5,6,2025/3/4,563,0
r7311,EmiBonnie,8,65,2025/4/25,8217,1
r7312,EngLot,4,14,2025/3/4,2054,0
r7313,EngLot,6,0,2025/5/10,294,0
r7314,EngLot,17,36,2025/3/19,15263,0
r7315,MilkLove,1,4,2025/3/4,120,0
r7316,NamtanFilm,2,1,2025/3/18,241,0
r7317,EngLot,2,5,2025/4/29,350,0
r7318,FreenBecky,1,7,2025/3/4,1386,1
r7319,EmiBonnie,1,1,2025/5/28,77,0
r7320,EngLot,5,25,2025/3/5,2766,0
r7321,NamneungNoey,2,0,2025/3/4,53,0
r7322,LingOrm,34,256,2025/3/29,108360,1
r7323,EngLot,1,4,2025/3/4,324,0
r7324,LingOrm,3,0,2025/3/6,321,0
r7325,LingOrm,8,5,2025/3/7,1780,0
r7326,LingOrm,1,4,2025/3/8,200,0
r7327,NamneungNoey,9,20,2025/3/6,4245,0
r7328,NamtanFilm,7,9,2025/3/22,2031,1
r7329,LingOrm,71,7,2025/3/6,5853,0
r7330,EngLot,6,4,2025/3/6,2259,1
r7331,EmiBonnie,1,601,2025/12/23,56621,0
r7332,ViewJune,2,1,2025/3/5,12,0
r7333,LingOrm,19,547,2025/11/12,177174,0
r7334,LingOrm,7,9,2025/3/17,1797,0
r7335,EngLot,17,64,2025/3/16,37280,1
r7336,EngLot,3,4,2025/3/6,320,0
r7337,MeenBabe,5,10,2025/5/9,2383,0
r7338,FreenBecky,3,4,2025/3/6,195,0
r7339,LingOrm,15,156,2025/4/6,56726,1
r7340,LingOrm,48,95,2025/3/12,63129,1
r7341,LingOrm,1,3,2025/3/22,145,0
r7342,EmiBonnie,2,20,2025/3/18,1304,0
r7343,LingOrm,10,40,2025/3/29,7105,0
r7344,FreenBecky,32,12,2025/3/10,4161,1
r7345,LingOrm,20,17,2025/3/14,9879,1
r7346,FreenBecky,2,5,2025/3/5,341,0
r7347,LingOrm,3,3,2025/6/15,340,1
r7349,ViewJune,7,29,2025/3/8,3228,1
r7350,MilkLove,19,44,2025/3/7,11618,1
r7351,MeenBabe,4,8,2025/3/6,2044,0
r7352,NamtanFilm,11,24,2025/3/8,6168,0
r7353,LingOrm,1,1,2025/3/6,55,0
r7354,NamtanFilm,21,209,2025/3/19,36530,1
r7355,FreenBecky,19,40,2025/3/6,11772,1
r7356,LingOrm,16,23,2025/3/21,9484,1
r7357,FreenBecky,3,5,2025/3/6,731,0
r7359,LingOrm,14,60,2025/3/14,16028,1
r7360,NamtanFilm,2,14,2025/3/16,999,0
r7361,EmiBonnie,10,61,2025/3/6,10582,0
r7362,LingOrm,1,9,2025/4/11,891,1
r7363,LingOrm,4,13,2025/3/7,1273,0
r7364,EmiBonnie,1,5,2025/4/1,494,0
r7365,AndaLookkaew,6,59,2025/4/5,8480,0
r7366,MilkLove,25,13,2025/4/15,1300,1
r7367,EngLot,14,9,2025/3/29,3304,0
r7368,LingOrm,2,4,2025/3/24,225,0
r7369,LingOrm,11,10,2025/3/7,2238,1
r7370,FayeAtom,6,6,2025/5/12,1698,1
r7371,FreenBecky,8,35,2025/3/7,6128,1
r7372,LingOrm,3,6,2025/3/8,260,0
r7373,LingOrm,14,17,2025/12/31,3592,0
r7374,LingOrm,5,3,2025/3/8,452,1
r7375,EmiBonnie,2,30,2025/3/20,2320,0
r7376,FreenBecky,1,1,2025/3/7,45,0
r7377,FreenBecky,18,6,2025/3/8,932,1
r7378,EmiBonnie,7,52,2025/3/8,5466,1
r7379,EmiBonnie,3,9,2025/3/24,817,0
r7380,LingOrm,3,1,2025/10/20,204,0
r7381,LingOrm,25,371,2025/3/8,129191,1
r7382,EmiBonnie,9,850,2025/3/10,93198,0
r7383,FreenBecky,19,12,2025/3/8,3426,0
r7384,JuneMewnich,9,17,2025/3/8,1940,1
r7385,FreenBecky,2,10,2025/3/23,542,0
r7386,FayeYoko,16,23,2025/4/2,4088,1
r7387,LingOrm,35,126,2025/3/8,52418,1
r7388,EngLot,3,4,2025/3/8,527,0
r7390,FreenBecky,3,3,2025/3/11,208,0
r7391,LingOrm,7,26,2025/3/8,5862,0
r7392,LingOrm,11,8,2025/3/18,656,0
r7393,LingOrm,18,52,2025/3/13,19759,1
r7394,LingOrm,4,0,2025/3/9,135,0
r7395,NamtanFilm,2,5,2025/3/12,166,0
r7396,LingOrm,31,1299,2025/3/12,551959,1
r7397,MilkLove,4,2,2025/3/9,117,0
r7398,LingOrm,2,3,2025/4/20,98,0
r7399,EmiBonnie,5,45,2025/3/12,4165,0
r7400,LingOrm,13,7,2025/3/9,1509,0
r7401,FreenBecky,1,0,2025/3/9,69,0
r7402,MilkLove,4,57,2025/3/17,9048,0
r7403,EngLot,3,31,2025/5/1,4050,1
r7405,EngLot,11,18,2025/6/4,5063,0
r7406,LingOrm,4,1,2025/3/9,102,0
r7407,LingOrm,6,4,2025/3/12,458,0
r7409,LingOrm,3,1,2025/3/10,289,0
r7410,EngLot,5,1,2025/3/10,794,0
r7411,LingOrm,42,47,2025/3/15,23724,1
r7412,ViewJune,10,8,2025/3/9,1546,1
r7413,EngLot,1,1,2026/2/20,98,0
r7414,NamtanFilm,24,124,2025/3/10,41927,1
r7415,EngLot,2,3,2025/3/10,99,0
r7416,EmiBonnie,2,10,2025/3/11,914,0
r7417,FreenBecky,7,4,2025/3/10,423,0
r7418,EmiBonnie,18,27,2025/3/11,3484,0
r7419,LingOrm,9,11,2025/3/10,5539,0
r7420,LingOrm,1,0,2025/3/11,24,0
r7421,LingOrm,9,63,2026/3/27,9946,0
r7422,FreenBecky,16,21,2025/3/10,3744,1
r7423,EngLot,20,452,2025/4/3,203292,1
r7424,LingOrm,5,4,2025/3/11,631,0
r7425,EngLot,27,270,2025/4/1,117373,1
r7426,FreenBecky,5,17,2025/3/10,1076,1
r7427,LingOrm,9,2,2025/3/11,524,0
r7429,LingOrm,1,2,2025/3/10,193,0
r7430,MilkLove,21,120,2025/3/11,37972,1
r7431,LingOrm,3,5,2025/3/10,1274,0
r7432,EngLot,30,4,2025/3/10,3609,1
r7433,LingOrm,21,12,2025/3/14,3113,1
r7434,LingOrm,21,132,2025/3/25,24271,1
r7435,FreenBecky,37,313,2025/3/12,102946,1
r7436,LingOrm,6,3,2025/3/31,1123,0
r7437,EmiBonnie,10,105,2025/3/11,16014,1
r7438,LingOrm,12,454,2025/3/11,86706,0
r7439,MilkLove,4,9,2025/3/15,696,0
r7440,LingOrm,3,0,2025/3/11,38,0
r7441,ViewJune,13,6,2025/3/11,923,0
r7442,LingOrm,8,8,2025/3/11,643,0
r7443,EngLot,6,7,2025/3/13,1714,1
r7444,NamneungNoey,1,3,2025/3/16,389,1
r7446,LingOrm,11,3,2025/4/12,1781,1
r7447,FreenBecky,10,6,2025/3/20,1144,1
r7448,EmiBonnie,15,27,2025/3/11,3717,0
r7449,NamtanFilm,27,45,2025/3/20,10968,0
r7450,LingOrm,7,13,2025/3/11,3639,0
r7451,FayMay,15,30,2025/3/27,5096,0
r7452,LingOrm,29,868,2025/3/21,321229,1
r7453,EngLot,10,12,2025/3/12,2732,0
r7454,EmiBonnie,3,5,2025/3/25,769,0
r7455,NamtanFilm,5,24,2025/3/12,3258,0
r7456,FreenBecky,3,5,2025/3/12,207,0
r7457,EngLot,18,24,2025/3/12,15007,1
r7458,LingOrm,3,2,2025/3/12,157,0
r7459,LingOrm,11,11,2025/3/13,3397,1
r7460,EngLot,1,20,2025/3/22,946,0
r7461,EmiBonnie,1,2,2025/3/13,255,0
r7462,EngLot,13,34,2025/3/14,13452,0
r7463,LingOrm,6,4,2025/3/12,484,0
r7464,LingOrm,2,7,2025/4/6,261,0
r7465,NamtanFilm,29,33,2025/4/2,15219,1
r7466,FreenBecky,2,2,2025/3/12,67,0
r7467,LingOrm,21,75,2025/3/12,26669,1
r7468,ViewJune,8,5,2025/3/16,372,1
r7469,LingOrm,3,2,2025/3/12,746,0
r7470,FayMay,12,32,2025/3/13,6312,1
r7471,EmiBonnie,8,46,2025/11/21,5850,0
r7472,LingOrm,6,4,2025/5/27,735,0
r7473,MilkLove,6,9,2025/3/12,1675,1
r7474,EmiBonnie,30,49,2025/3/14,9058,1
r7475,MilkLove,19,52,2025/4/14,18277,1
r7476,LingOrm,4,1,2025/3/13,281,0
r7477,LingOrm,7,68,2025/3/24,11240,0
r7478,LingOrm,1,2,2025/3/12,352,0
r7479,LingOrm,11,41,2025/3/13,10292,0
r7480,LingOrm,5,2,2025/3/31,291,0
r7481,EmiBonnie,6,45,2025/3/13,5486,0
r7482,LingOrm,16,18,2025/3/17,4433,0
r7483,EngLot,14,64,2025/3/27,41285,1
r7484,LingOrm,4,186,2025/6/5,19269,0
r7485,EmiBonnie,9,26,2025/3/18,4292,1
r7488,EngLot,3,1,2025/3/13,285,0
r7489,LingOrm,23,253,2025/3/18,98937,1
r7490,FreenBecky,1,3,2025/3/14,130,0
r7491,EngLot,13,13,2025/3/14,7704,1
r7492,EmiBonnie,11,31,2025/3/14,6244,0
r7493,LingOrm,1,0,2025/3/14,87,0
r7494,NamtanFilm,1,2,2026/5/23,197,0
r7495,LingOrm,18,19,2025/3/13,5251,0
r7496,LingOrm,21,3,2025/3/16,1848,0
r7497,LingOrm,66,299,2025/6/1,161460,0
r7498,NamtanFilm,4,22,2025/4/5,2935,0
r7499,FreenBecky,23,7,2025/3/29,3514,1
r7500,LingOrm,69,404,2025/3/24,197970,1
r7501,LingOrm,4,22,2025/3/15,4179,0
r7502,MilkLove,3,1,2025/3/15,101,0
r7503,LMSY,5,7,2025/3/14,1641,0
r7504,LingOrm,75,115,2025/7/9,62647,1
r7505,JanJingjing,2,82,2026/7/14,4368,0
r7506,JuneMewnich,10,23,2025/3/14,2694,1
r7507,ViewJune,5,9,2025/4/8,955,1
r7508,LingOrm,23,171,2025/3/14,59046,0
r7509,EmiBonnie,3,72,2025/3/22,5634,0
r7510,FreenBecky,1,2,2025/3/21,85,0
r7511,NamneungNoey,8,0,2025/3/14,274,1
r7512,LingOrm,15,429,2025/3/17,124815,1
r7513,LingOrm,8,28,2025/3/15,2498,0
r7514,EmiBonnie,9,596,2025/3/24,83791,0
r7515,LingOrm,2,1,2025/3/16,477,0
r7516,FreenBecky,6,13,2025/3/15,1436,0
r7517,EmiBonnie,12,204,2025/3/15,31910,0
r7518,EmiBonnie,4,2,2025/3/15,359,0
r7519,LingOrm,39,56,2025/3/14,17764,1
r7520,FreenBecky,9,100,2025/3/19,6663,1
r7521,LMSY,1,16,2025/3/15,967,1
r7522,EmiBonnie,10,748,2025/3/17,93675,1
r7523,LingOrm,6,7,2025/3/15,1609,1
r7524,LingOrm,35,1203,2025/3/17,414603,1
r7525,EmiBonnie,2,65,2025/3/17,3383,0
r7526,LingOrm,5,2,2025/3/15,454,0
r7527,FreenBecky,9,24,2025/3/21,3933,0
r7528,LingOrm,25,40,2025/3/15,16282,1
r7529,BamYada,17,29,2025/3/17,8323,1
r7530,LingOrm,10,38,2025/3/19,7331,1
r7531,LingOrm,6,6,2025/3/16,701,0
r7532,NamtanFilm,21,258,2025/4/29,53066,1
r7533,LingOrm,44,12,2025/3/29,8264,0
r7534,FreenBecky,2,3,2025/3/29,735,0
r7535,EmiBonnie,7,47,2025/3/15,4098,1
r7536,NamneungNoey,1,2,2025/3/15,28,0
r7537,FreenBecky,3,6,2025/3/15,135,0
r7538,NamtanFilm,2,38,2025/3/16,2292,0
r7539,MilkLove,3,6,2025/3/15,434,0
r7540,LingOrm,11,96,2025/3/16,33033,1
r7541,EmiBonnie,18,40,2025/3/18,9581,1
r7542,FreenBecky,1,7,2025/3/25,290,1
r7543,NamneungNoey,2,0,2025/3/16,211,0
r7544,MilkLove,8,14,2025/3/18,3913,1
r7545,FreenBecky,7,10,2025/4/2,963,1
r7546,EmiBonnie,6,33,2025/3/16,2955,0
r7547,MilkLove,22,43,2025/4/9,12676,1
r7548,EmiBonnie,14,720,2025/5/18,111004,1
r7549,LMSY,1,13,2025/3/16,675,0
r7550,LingOrm,1,0,2025/3/16,74,0
r7551,LingOrm,1,2,2026/1/17,61,0
r7552,LingOrm,43,151,2025/4/18,88787,1
r7553,LingOrm,18,16,2025/5/12,4708,0
r7554,LingOrm,50,815,2025/3/16,470754,1
r7555,MilkLove,1,10,2025/3/18,264,0
r7556,LingOrm,13,104,2025/3/25,26904,1
r7557,LingOrm,9,22,2025/3/16,3983,1
r7558,FreenBecky,4,3,2025/3/16,278,0
r7559,LingOrm,7,10,2025/3/16,1220,0
r7560,LingOrm,41,41,2025/3/17,15595,1
r7561,FreenBecky,6,7,2025/4/2,835,0
r7562,AndaLookkaew,37,77,2025/4/16,20847,1
r7563,NamtanFilm,8,236,2025/3/16,22010,0
r7564,FreenBecky,5,15,2025/4/5,2853,0
r7565,ViewJune,15,2,2025/3/19,717,0
r7566,LingOrm,2,8,2025/3/16,915,0
r7567,EngLot,15,146,2025/5/2,48145,1
r7568,EmiBonnie,7,5,2025/3/16,498,0
r7569,NamtanFilm,17,563,2025/3/16,101729,1
r7570,EngLot,23,13,2025/3/16,8117,1
r7573,LingOrm,9,13,2025/3/27,2521,1
r7574,FreenBecky,10,37,2025/3/18,8629,1
r7575,FreenBecky,1,7,2025/3/18,1472,1
r7576,EmiBonnie,2,45,2025/3/22,2582,0
r7577,LingOrm,9,8,2025/3/21,1393,1
r7579,LingOrm,2,3,2025/12/13,128,0
r7580,EmiBonnie,3,5,2025/3/28,632,0
r7581,LingOrm,19,168,2025/3/27,26574,1
r7582,LingOrm,1,4,2025/3/17,304,0
r7583,FreenBecky,13,7,2025/3/19,1430,0
r7584,EmiBonnie,4,20,2025/3/17,2295,1
r7585,LingOrm,8,7,2025/3/26,1310,1
r7587,NamtanFilm,7,22,2025/3/17,2589,1
r7588,NamneungNoey,1,0,2026/8/21,4,0
r7589,EngLot,17,25,2025/3/17,9033,1
r7590,LingOrm,28,38,2025/3/18,20062,1
r7591,NamtanFilm,5,41,2025/3/18,5253,0
r7592,EmiBonnie,10,152,2025/3/17,28298,1
r7593,EmiBonnie,2,4,2025/3/18,435,0
r7594,ViewJune,1,2,2026/8/5,17,0
r7595,LingOrm,3,0,2025/3/19,207,0
r7596,ViewJune,9,21,2025/3/18,2129,0
r7597,ViewJune,1,3,2025/5/4,210,0
r7598,LingOrm,18,39,2025/4/3,14107,1
r7599,LingOrm,1,0,2026/8/24,46,0
r7600,EmiBonnie,14,246,2025/3/24,52844,1
r7601,LingOrm,6,9,2025/6/13,1384,0
r7602,EmiBonnie,17,102,2025/3/23,23586,1
r7603,LingOrm,14,27,2025/3/24,11665,0
r7604,FreenBecky,5,1,2025/4/9,158,0
r7605,ViewJune,11,6,2025/3/18,1074,0
r7606,LingOrm,17,52,2025/3/19,12163,1
r7607,NamneungNoey,1,0,2025/3/18,24,1
r7608,MilkLove,2,3,2025/4/15,344,0
r7609,LingOrm,25,615,2025/3/19,253973,1
r7610,EngLot,10,1,2025/3/18,1334,1
r7611,EngLot,1,1,2025/3/18,396,0
r7612,LingOrm,2,0,2025/3/18,217,0
r7613,LingOrm,5,67,2025/3/19,11760,1
r7614,LingOrm,4,2,2025/3/19,317,0
r7615,FreenBecky,16,56,2025/3/18,9862,1
r7616,MilkLove,1,4,2025/3/19,201,0
r7619,LingOrm,1,1,2025/3/18,180,0
r7620,EmiBonnie,20,107,2025/3/19,26359,1
r7621,LingOrm,4,0,2025/6/2,212,0
r7622,LingOrm,28,70,2025/3/21,44687,1
r7623,EngLot,1,3,2025/3/18,22,0
r7625,NamtanFilm,2,12,2025/3/19,1135,0
r7626,FreenBecky,26,47,2025/5/5,12299,1
r7627,NamtanFilm,21,29,2025/5/29,7799,0
r7628,NamtanFilm,8,19,2025/3/19,2404,1
r7629,LingOrm,4,8,2025/3/19,583,0
r7630,LingOrm,1,3,2025/7/12,93,0
r7631,LingOrm,8,6,2025/5/5,1533,0
r7632,LingOrm,1,2,2025/4/12,330,0
r7633,LingOrm,23,103,2025/3/23,43618,1
r7635,EmiBonnie,9,72,2025/3/22,10672,1
r7636,EmiBonnie,9,41,2025/3/19,5186,1
r7637,MilkLove,3,3,2025/4/1,290,0
r7638,NamtanFilm,13,88,2025/4/2,15072,1
r7639,ViewMim,10,4,2025/3/19,1290,1
r7640,EngLot,2,4,2025/3/24,666,0
r7642,EmiBonnie,25,76,2025/3/20,17016,1
r7643,LingOrm,2,10,2025/3/19,629,0
r7644,EmiBonnie,8,39,2025/3/19,5004,1
r7645,MilkLove,1,3,2025/3/20,133,0
r7646,EngLot,3,1,2025/3/20,352,0
r7647,MilkLove,21,85,2025/3/21,26166,1
r7648,ViewJune,6,7,2025/3/19,839,0
r7649,NamtanFilm,2,2,2025/4/8,128,0
r7650,EngLot,15,6,2025/4/2,6275,1
r7651,LingOrm,6,21,2025/3/20,3860,0
r7652,NamtanFilm,26,85,2025/3/20,25938,1
r7653,EmiBonnie,4,15,2025/3/20,1145,0
r7654,NamneungNoey,1,4,2025/3/20,636,0
r7655,MilkLove,6,8,2025/3/20,1217,0
r7656,MilkLove,10,2,2025/5/1,565,1
r7657,EmiBonnie,2,8,2025/3/22,616,0
r7658,EmiBonnie,11,37,2025/3/20,4938,1
r7659,LingOrm,1,0,2025/3/20,456,1
r7660,LingOrm,17,74,2025/3/20,28480,0
r7661,EmiBonnie,6,7,2025/3/20,1224,0
r7662,NamneungNoey,1,4,2025/3/20,157,0
r7663,MilkLove,6,48,2025/3/20,6503,0
r7664,EngLot,9,8,2025/3/20,1550,1
r7665,EmiBonnie,13,157,2025/3/20,26492,1
r7666,MilkLove,5,16,2025/3/21,1529,0
r7667,EmiBonnie,1,4,2025/3/21,208,0
r7668,LingOrm,4,55,2025/3/22,3017,0
r7669,AndaLookkaew,1,7,2025/3/21,477,0
r7670,EngLot,4,31,2025/5/10,5019,0
r7672,NamtanFilm,4,14,2025/3/22,1930,0
r7673,FreenBecky,74,99,2025/11/22,90038,1
r7674,EngLot,16,216,2025/3/28,72588,1
r7675,FreenBecky,1,3,2025/3/20,98,0
r7676,EngLot,8,58,2026/3/2,5815,0
r7677,EmiBonnie,7,10,2026/4/1,1276,0
r7678,LingOrm,9,14,2025/3/21,4114,1
r7679,FayeYoko,1,8,2025/3/23,213,0
r7680,NamtanFilm,5,75,2025/9/23,9591,1
r7681,MilkLove,24,17,2025/3/21,5278,1
r7682,LingOrm,3,1,2025/6/8,34,0
r7683,EngLot,5,15,2025/3/23,1026,0
r7684,EmiBonnie,3,5,2026/4/15,829,0
r7685,NamtanFilm,1,18,2025/7/23,742,0
r7686,LingOrm,10,11,2025/3/23,2577,1
r7688,ViewJune,5,3,2025/3/21,255,0
r7689,MeenBabe,1,5,2025/6/28,434,0
r7690,NamtanFilm,12,17,2025/3/26,3476,0
r7691,EmiBonnie,10,48,2025/3/24,7422,1
r7693,LingOrm,10,5,2025/8/25,728,1
r7694,FayMay,1,8,2025/3/22,381,0
r7695,EmiBonnie,10,68,2025/3/21,9837,1
r7696,EmiBonnie,2,11,2025/3/21,554,0
r7697,EngLot,2,5,2025/3/21,746,1
r7698,NamneungNoey,8,37,2025/4/3,7408,0
r7699,AndaLookkaew,21,38,2025/4/5,10627,1
r7700,LingOrm,2,0,2025/8/31,69,0
r7701,LingOrm,4,3,2025/3/21,287,1
r7702,MilkLove,8,9,2025/4/18,1838,0
r7703,NamtanFilm,26,1295,2025/3/23,287597,1
r7704,LingOrm,1,56,2025/3/26,1333,0
r7705,LingOrm,15,3,2025/5/14,748,0
r7706,FreenBecky,1,1,2025/4/21,41,0
r7707,LingOrm,1,6,2025/3/22,650,1
r7708,LingOrm,3,1,2025/3/22,141,0
r7709,LingOrm,12,0,2025/3/22,760,0
r7710,LingOrm,9,2,2025/4/23,421,0
r7711,FreenBecky,1,1,2025/8/17,186,0
r7712,LingOrm,5,6,2025/3/22,1003,1
r7713,FreenBecky,15,285,2025/3/23,45101,1
r7714,MilkLove,5,4,2025/3/22,526,0
r7715,EmiBonnie,1,9,2025/3/22,890,0
r7716,EmiBonnie,2,53,2025/4/19,2773,0
r7718,EngLot,23,71,2025/4/3,57439,1
r7719,NamtanFilm,40,90,2025/7/19,16479,0
r7720,LingOrm,9,39,2025/3/24,5993,1
r7721,ViewJune,1,15,2025/3/23,336,0
r7722,FreenBecky,11,10,2025/3/28,731,1
r7723,EngLot,8,5,2025/3/24,1640,0
r7724,LingOrm,4,32,2025/4/12,2810,0
r7725,FreenBecky,14,11,2025/4/7,3378,1
r7726,LingOrm,2,19,2025/3/23,1494,0
r7727,LingOrm,2,2,2025/3/27,403,0
r7728,LingOrm,34,581,2025/4/3,332781,1
r7729,NamtanFilm,1,0,2025/3/22,37,0
r7730,MilkLove,23,48,2025/3/26,21949,1
r7731,EmiBonnie,8,97,2025/4/4,13644,1
r7732,ViewJune,10,2,2025/10/31,374,0
r7733,MilkLove,3,19,2025/3/25,984,0
r7734,FreenBecky,7,8,2025/3/23,1264,0
r7735,EngLot,1,0,2025/3/23,56,1
r7736,LingOrm,12,27,2025/4/1,4421,0
r7737,LingOrm,4,3,2025/3/25,123,0
r7738,LingOrm,19,360,2025/7/28,82522,1
r7739,MilkLove,7,14,2025/4/10,1540,0
r7740,EngLot,1,3,2025/3/23,249,0
r7741,EngLot,28,1493,2025/3/23,680767,1
r7742,LMSY,3,68,2025/4/15,7555,0
r7743,FayeYoko,1,13,2025/3/23,248,1
r7744,EngLot,18,167,2025/3/23,30327,1
r7745,NamneungNoey,1,1,2025/3/23,166,1
r7746,EngLot,5,6,2025/5/20,1644,0
r7747,LingOrm,18,50,2025/4/19,17764,1
r7748,LingOrm,1,84,2025/3/25,3924,0
r7749,EngLot,18,18,2025/3/24,10612,1
r7750,LingOrm,2,2,2025/3/23,349,0
r7751,LingOrm,6,42,2025/9/20,4437,0
r7752,JuneMewnich,3,4,2025/5/21,577,0
r7753,LingOrm,15,21,2025/3/23,5980,1
r7754,EngLot,1,1,2025/3/24,193,0
r7755,NamtanFilm,2,28,2025/3/30,2631,0
r7756,EmiBonnie,8,19,2025/3/24,2764,1
r7757,EngLot,11,21,2025/8/3,12422,1
r7758,LingOrm,32,1730,2025/3/24,683863,1
r7759,LingOrm,3,1,2025/3/24,55,0
r7760,LingOrm,5,0,2025/3/24,139,0
r7761,FreenBecky,26,48,2025/5/7,9927,1
r7762,FreenBecky,26,44,2025/5/2,11628,1
r7763,EmiBonnie,16,68,2025/3/24,10632,0
r7764,LingOrm,9,361,2025/3/27,46112,1
r7765,LingOrm,3,0,2025/3/31,193,0
r7766,LingOrm,6,11,2025/8/10,1777,0
r7767,FreenBecky,14,4,2025/3/25,737,0
r7768,TkNur,9,47,2025/10/22,9116,1
r7769,LingOrm,6,10,2025/3/24,2537,1
r7770,FreenBecky,1,2,2025/3/25,79,0
r7771,EmiBonnie,1,5,2025/3/24,232,0
r7772,EmiBonnie,16,19,2025/3/24,3169,0
r7773,LingOrm,1,214,2025/3/24,10453,1
r7774,EngLot,38,946,2025/4/3,500221,1
r7775,EmiBonnie,10,222,2025/4/16,38842,1
r7776,NamtanFilm,8,5,2025/3/24,933,0
r7777,FreenBecky,88,162,2025/4/12,165579,1
r7778,LingOrm,3,5,2025/3/24,434,0
r7779,LingOrm,4,0,2025/3/24,74,0
r7780,LingOrm,1,1,2025/3/29,124,0
r7781,ViewJune,1,3,2025/3/25,68,0
r7782,LingOrm,5,0,2025/4/14,146,0
r7783,LingOrm,2,0,2025/3/25,75,1
r7784,MilkLove,9,3,2025/3/26,657,1
r7785,EngLot,1,25,2025/3/26,565,0
r7786,FreenBecky,4,2,2025/3/24,231,0
r7787,FayeYoko,1,1,2025/3/25,77,0
r7788,LingOrm,7,21,2025/3/27,3360,1
r7789,LenaMiu,6,215,2025/4/12,33243,0
r7790,ViewJune,7,12,2025/4/4,2222,1
r7791,LingOrm,14,48,2025/4/9,13717,1
r7792,EmiBonnie,9,280,2025/3/29,33396,1
r7793,LingOrm,35,1530,2025/9/15,525831,1
r7794,FreenBecky,1,8,2025/3/25,526,0
r7795,NamtanFilm,9,18,2025/3/30,2937,0
r7796,LingOrm,11,11,2025/5/18,3537,1
r7797,LingOrm,6,39,2025/9/24,3081,0
r7798,EngLot,10,20,2025/3/25,5079,1
r7799,FreenBecky,4,3,2025/3/25,522,1
r7800,LingOrm,29,40,2025/3/26,10811,1
r7801,EngLot,8,13,2025/3/25,5758,1
r7802,NamtanFilm,11,60,2025/3/25,9207,1
r7803,EmiBonnie,22,149,2025/7/27,48940,1
r7804,ViewJune,10,6,2025/3/26,744,0
r7805,LingOrm,7,3,2025/3/26,676,1
r7806,FreenBecky,1,4,2025/4/8,126,0
r7807,FreenBecky,23,125,2025/3/26,30139,1
r7808,LingOrm,1,2,2025/4/26,154,0
r7809,MilkLove,8,7,2025/3/26,641,0
r7810,EmiBonnie,12,62,2025/3/27,9833,1
r7811,FreenBecky,1,1,2025/3/31,81,0
r7812,LingOrm,3,7,2025/4/2,369,0
r7813,LingOrm,5,2,2025/3/26,454,1
r7814,EngLot,14,45,2025/4/3,15887,0
r7815,MilkLove,18,138,2025/3/27,26508,0
r7816,EmiBonnie,4,13,2025/3/26,1177,0
r7817,EngLot,3,1,2025/3/27,289,0
r7818,LingOrm,9,8,2025/4/7,2009,0
r7819,EngLot,5,13,2025/3/26,6227,1
r7820,EmiBonnie,10,9,2025/3/26,1327,1
r7821,EmiBonnie,22,17,2025/3/26,6772,1
r7822,FreenBecky,6,8,2025/3/27,1239,0
r7823,LingOrm,14,112,2025/3/29,31794,1
r7824,NamtanFilm,10,7,2025/3/27,2637,1
r7825,LingOrm,9,7,2025/3/26,1491,1
r7826,LingOrm,4,4,2025/3/27,161,0
r7827,MeenBabe,9,11,2025/4/26,2764,1
r7828,LingOrm,6,6,2025/4/11,997,0
r7830,LingOrm,7,4,2025/3/27,291,0
r7831,FreenBecky,18,20,2025/3/27,9606,1
r7832,EmiBonnie,7,37,2025/3/27,8624,1
r7833,LingOrm,7,33,2025/4/2,2634,0
r7834,JanJingjing,3,53,2026/5/19,4778,0
r7835,EmiBonnie,10,19,2025/3/27,2857,1
r7836,EngLot,5,1,2025/3/27,760,1
r7837,EmiBonnie,8,162,2025/3/30,23937,1
r7838,LingOrm,10,15,2025/5/8,4807,0
r7839,EmiBonnie,14,2,2025/4/8,389,0
r7840,MilkLove,7,6,2025/4/1,896,0
r7841,EngLot,2,1,2025/3/27,101,0
r7842,FreenBecky,5,1,2025/3/28,113,0
r7843,EmiBonnie,3,10,2025/3/28,1602,1
r7844,EmiBonnie,9,36,2025/4/10,5453,1
r7845,EmiBonnie,9,19,2025/4/17,2360,1
r7846,EmiBonnie,2,10,2025/3/29,637,0
r7847,FreenBecky,18,57,2025/4/26,14524,1
r7848,FreenBecky,18,44,2025/4/27,8528,1
r7849,FreenBecky,18,48,2025/4/27,9861,1
r7850,NamtanFilm,21,60,2025/3/28,15976,0
r7851,LingOrm,8,33,2025/3/29,11586,1
r7852,NamtanFilm,2,3,2025/3/28,102,0
r7853,LingOrm,3,191,2025/6/15,9784,0
r7854,LingOrm,21,15,2025/3/28,5374,1
r7855,ViewJune,14,14,2025/3/29,3014,1
r7856,FreenBecky,3,1,2025/3/28,290,0
r7857,KaoJaneJaneKao,4,7,2025/3/28,916,1
r7858,LingOrm,16,8,2025/4/3,1886,1
r7859,LingOrm,1,0,2025/5/1,75,0
r7860,ViewJune,10,7,2025/3/30,801,1
r7861,MeenBabe,18,73,2025/3/30,20666,1
r7862,EngLot,8,43,2025/3/28,5868,0
r7863,FreenBecky,27,37,2025/3/31,10945,1
r7864,NamtanFilm,20,61,2025/3/28,13058,1
r7865,ViewJune,14,3,2025/4/2,494,0
r7866,LingOrm,17,21,2025/3/31,9581,1
r7867,NamtanFilm,2,11,2025/4/18,576,0
r7868,KaoJaneJaneKao,2,116,2025/3/31,8300,0
r7869,LingOrm,17,172,2025/3/29,42912,1
r7870,LingOrm,2,5,2025/3/29,923,1
r7871,EmiBonnie,27,777,2025/3/29,187973,1
r7873,LingOrm,17,30,2025/5/22,13799,0
r7875,EngLot,4,4,2025/3/29,1372,0
r7876,EngLot,13,3,2025/3/30,2871,1
r7877,LMSY,3,2,2026/4/15,271,0
r7878,EmiBonnie,17,141,2025/3/29,33678,1
r7879,LingOrm,20,176,2025/8/3,51463,1
r7880,FreenBecky,1,2,2025/4/24,103,0
r7881,ViewMim,7,78,2025/3/30,6633,0
r7882,FreenBecky,2,4,2025/4/8,315,0
r7883,EngLot,2,0,2025/3/30,185,0
r7884,NamtanFilm,1,2,2025/3/30,192,0
r7885,ViewJune,5,3,2025/3/30,34,0
r7886,EmiBonnie,6,56,2025/3/30,4653,0
r7887,LingOrm,4,6,2025/3/30,1690,0
r7888,LingOrm,21,30,2025/7/27,8684,1
r7889,EngLot,17,302,2025/5/15,95275,1
r7890,EngLot,20,226,2026/5/13,53158,1
r7891,LingOrm,2,1,2025/3/30,24,0
r7892,LingOrm,15,3,2025/3/30,439,0
r7893,EmiBonnie,12,113,2025/3/31,18590,1
r7894,EngLot,7,49,2025/4/7,12201,0
r7895,MeenBabe,2,1,2025/5/1,113,0
r7896,LingOrm,1,0,2025/3/30,109,1
r7897,LingOrm,24,24,2025/4/23,4659,0
r7898,FreenBecky,1,2,2025/3/31,43,0
r7899,LingOrm,19,41,2025/4/7,17112,1
r7900,FreenBecky,3,2,2025/7/6,192,0
r7901,EngLot,7,32,2025/3/30,9775,1
r7902,LenaMiu,1,20,2026/7/20,565,0
r7903,ViewJune,3,1,2025/3/30,122,0
r7904,EngLot,2,1,2025/5/22,863,1
r7905,LingOrm,5,5,2025/3/31,1072,1
r7906,MeenBabe,8,5,2025/3/30,1869,0
r7907,LingOrm,7,135,2025/4/5,23749,1
r7908,NamtanFilm,2,3,2025/3/30,123,0
r7909,FreenBecky,5,1,2025/4/12,666,1
r7910,LingOrm,1,2,2025/3/30,150,0
r7911,LingOrm,4,25,2025/4/10,1701,0
r7912,EmiBonnie,14,944,2025/4/13,201325,1
r7913,NamneungNoey,1,0,2025/6/27,15,0
r7914,LingOrm,23,75,2025/3/31,16140,1
r7915,FreenBecky,16,24,2025/3/31,4455,1
r7916,NamtanFilm,1,1,2025/3/30,184,0
r7917,FreenBecky,9,27,2025/3/31,6832,0
r7918,EmiBonnie,9,13,2025/4/6,3108,1
r7919,LingOrm,28,126,2025/5/14,52417,1
r7920,LingOrm,1,26,2025/4/3,2339,0
r7921,FreenBecky,27,49,2025/4/1,18388,1
r7922,ViewJune,2,11,2025/5/7,627,1
r7923,ViewJune,3,12,2025/4/15,1639,1
r7924,FreenBecky,1,0,2025/3/31,74,1
r7925,FreenBecky,1,1,2025/3/31,54,0
r7926,LingOrm,15,636,2025/4/4,174594,1
r7927,EmiBonnie,11,14,2025/3/31,1749,1
r7928,EmiBonnie,5,17,2025/4/25,2242,0
r7929,LingOrm,9,6,2025/3/31,1068,1
r7930,LingOrm,7,5,2025/4/1,1023,1
r7931,LingOrm,2,1,2025/3/31,32,0
r7932,FreenBecky,3,2,2025/4/1,291,0
r7933,NamneungNoey,66,23,2025/4/13,29615,1
r7934,FreenBecky,18,78,2025/5/30,15855,1
r7935,EngLot,9,23,2025/5/1,8243,0
r7936,LingOrm,46,15,2025/3/31,5232,1
r7937,LingOrm,8,38,2025/4/14,10286,1
r7938,FreenBecky,1,0,2025/4/1,51,0
r7939,EmiBonnie,4,10,2025/4/5,1355,1
r7940,FreenBecky,12,49,2025/4/1,10104,1
r7941,EngLot,6,4,2025/4/5,395,0
r7942,LingOrm,14,14,2025/4/7,3016,0
r7943,EngLot,12,173,2025/4/2,71920,1
r7944,MilkLove,23,34,2025/5/10,9253,0
r7945,LingOrm,30,1089,2025/4/1,359533,1
r7946,FreenBecky,7,66,2025/4/2,6556,1
r7947,MilkLove,22,232,2025/5/16,70846,1
r7948,ViewJune,10,4,2025/4/5,401,0
r7949,LingOrm,1,6,2025/5/30,709,0
r7951,LingOrm,5,10,2025/4/2,1098,1
r7952,LingOrm,1,20,2025/4/1,1175,1
r7953,KaoJaneJaneKao,1,78,2025/4/1,3911,0
r7954,EmiBonnie,8,8,2025/4/5,1344,0
r7955,EngLot,14,12,2025/4/2,6674,1
r7956,FreenBecky,16,3,2025/10/13,541,0
r7957,EngLot,19,9,2025/4/14,6829,1
r7958,LingOrm,18,27,2025/4/2,7565,1
r7959,LMSY,3,1,2025/4/1,179,0
r7960,MilkLove,11,8,2025/4/18,1390,0
r7961,NamtanFilm,18,308,2025/4/13,58808,0
r7962,FreenBecky,9,8,2025/4/8,1847,0
r7963,EmiBonnie,12,848,2025/4/6,126066,1
r7964,FreenBecky,12,60,2025/4/13,9344,1
r7965,EngLot,3,5,2025/4/4,604,0
r7966,LingOrm,26,25,2025/4/3,11081,1
r7967,EmiBonnie,8,4,2025/4/2,1505,0
r7968,LingOrm,4,1,2025/4/2,153,0
r7969,FreenBecky,18,42,2025/5/3,8869,1
r7970,LingOrm,30,845,2025/4/6,348074,1
r7971,LingOrm,1,0,2025/4/12,70,0
r7972,LingOrm,2,2,2025/4/2,84,0
r7973,EmiBonnie,1,58,2025/4/10,2689,1
r7974,MilkLove,1,1,2025/4/3,73,0
r7975,LingOrm,23,4,2025/4/21,2020,0
r7976,EmiBonnie,3,18,2025/4/2,1450,0
r7977,LingOrm,2,11,2025/4/2,714,1
r7978,EmiBonnie,11,31,2025/4/2,7051,1
r7979,EngLot,2,3,2025/4/2,1472,1
r7980,FreenBecky,10,28,2025/4/4,3759,0
r7981,FreenBecky,8,5,2025/4/3,1299,0
r7982,NamneungNoey,1,10,2025/4/2,371,0
r7983,LingOrm,3,1,2025/4/2,69,0
r7985,NamtanFilm,13,43,2025/4/24,12019,1
r7986,NamtanFilm,11,56,2025/4/8,7555,0
r7987,FreenBecky,14,25,2025/4/3,10082,1
r7988,EngLot,1,1,2025/4/3,724,1
r7989,EmiBonnie,3,3,2025/6/21,702,0
r7990,LingOrm,14,62,2025/4/29,16067,1
r7991,LingOrm,5,9,2025/6/3,2683,1
r7992,EngLot,19,19,2025/4/3,9908,1
r7993,NamneungNoey,1,0,2025/4/3,191,0
r7994,LingOrm,2,0,2025/4/2,96,0
r7995,LingOrm,1,5,2025/4/12,219,0
r7996,NamneungNoey,1,8,2025/7/14,819,0
r7997,FreenBecky,17,100,2025/4/4,16357,1
r7998,FreenBecky,6,12,2025/4/4,792,0
r7999,LingOrm,39,869,2025/4/4,380659,1
r8000,LingOrm,3,1,2025/4/3,192,0
r8001,NamtanFilm,2,1,2025/12/29,233,0
r8002,MilkLove,1,3,2025/4/3,172,0
r8003,ViewJune,10,20,2025/4/22,2363,0
r8004,EmiBonnie,4,14,2025/4/3,2561,0
r8005,NamtanFilm,7,2,2025/4/3,517,1
r8006,ViewMim,12,15,2025/4/3,2313,0
r8007,FayMay,8,28,2025/4/23,4035,1
r8008,BamYada,11,21,2025/6/8,3428,1
r8009,LingOrm,5,4,2025/4/4,206,1
r8010,LingOrm,6,73,2025/4/3,8973,0
r8011,FreenBecky,25,28,2025/4/14,15514,0
r8012,FreenBecky,3,0,2025/4/21,75,0
r8013,ViewJune,1,5,2025/4/4,272,1
r8014,FreenBecky,12,137,2025/4/5,19698,1
r8015,LingOrm,2,0,2025/4/3,118,0
r8016,LingOrm,1,7,2025/4/11,409,0
r8017,LingOrm,21,88,2025/4/4,27095,1
r8018,LingOrm,23,1341,2025/4/4,385395,1
r8019,LingOrm,13,15,2025/4/3,5135,1
r8020,LingOrm,7,9,2025/4/7,3611,0
r8021,NamtanFilm,19,43,2025/4/4,11867,1
r8022,LenaMiu,5,82,2025/4/14,11294,0
r8023,EngLot,4,15,2025/4/11,3046,0
r8024,LingOrm,18,235,2025/5/7,91767,1
r8025,NamtanFilm,10,112,2025/4/6,16293,1
r8026,LingOrm,12,30,2025/5/2,7527,1
r8027,LingOrm,12,38,2025/9/5,14791,1
r8028,KaoJaneJaneKao,11,180,2025/4/9,34644,1
r8029,NamtanFilm,1,3,2025/4/4,59,0
r8030,EmiBonnie,13,635,2025/4/6,110687,0
r8031,LingOrm,1,13,2025/6/17,568,0
r8032,LingOrm,7,191,2025/5/6,32126,0
r8033,EngLot,1,1,2025/4/4,269,1
r8034,LingOrm,1,8,2025/4/4,908,1
r8035,FreenBecky,6,4,2025/4/4,647,0
r8036,LingOrm,5,2,2025/4/4,759,1
r8037,EngLot,1,9,2025/4/4,1796,1
r8038,EngLot,20,254,2025/4/29,198911,1
r8039,EmiBonnie,7,83,2025/4/4,8565,0
r8040,EngLot,5,0,2025/4/4,73,0
r8041,EmiBonnie,4,25,2025/4/5,2069,1
r8042,EngLot,8,16,2025/4/4,2652,0
r8043,LingOrm,19,135,2025/4/21,36015,0
r8044,EmiBonnie,8,80,2025/4/6,14150,1
r8045,MilkLove,2,0,2025/4/5,161,0
r8046,FreenBecky,10,1,2025/5/11,239,0
r8047,MeenBabe,3,4,2025/4/6,623,1
r8048,EmiBonnie,3,7,2025/4/4,931,1
r8049,LingOrm,44,1055,2025/4/5,436985,1
r8050,LingOrm,30,78,2025/4/5,40230,0
r8051,EmiBonnie,12,702,2025/5/19,90841,1
r8053,LingOrm,10,9,2025/4/6,1941,1
r8054,NamtanFilm,3,31,2025/4/6,1656,0
r8055,FreenBecky,6,3,2025/4/5,854,0
r8056,LingOrm,1,1,2025/7/21,28,0
r8057,LingOrm,25,1122,2025/8/17,386880,1
r8058,MilkLove,22,56,2025/5/20,25946,1
r8059,LingOrm,32,63,2025/7/2,41044,1
r8060,MeenBabe,18,93,2025/4/9,27323,0
r8061,MeenBabe,6,7,2025/4/10,2378,1
r8062,LingOrm,11,5,2025/4/5,924,1
r8063,FayMay,22,19,2025/4/28,3815,1
r8064,FreenBecky,37,80,2025/10/20,23952,1
r8065,BamYada,6,9,2025/4/19,2172,1
r8066,LingOrm,10,214,2025/4/5,49455,0
r8067,LingOrm,6,18,2025/4/5,2455,1
r8068,FreenBecky,1,1,2025/4/5,21,0
r8069,LingOrm,20,234,2025/5/3,57601,1
r8070,LingOrm,13,17,2025/5/6,3664,0
r8071,LingOrm,12,21,2025/4/5,4937,0
r8072,EngLot,27,7,2025/4/5,1815,1
r8073,LingOrm,20,238,2025/4/16,73970,1
r8074,MilkLove,15,88,2025/4/16,20599,1
r8075,LingOrm,2,17,2025/4/9,1441,0
r8076,LingOrm,20,124,2025/4/20,35988,1
r8077,EmiBonnie,9,214,2025/4/6,35426,1
r8078,EngLot,2,3,2025/4/7,514,0
r8079,FreenBecky,4,0,2026/7/26,44,0
r8080,LingOrm,1,1,2025/4/7,190,0
r8081,NamtanFilm,3,2,2025/4/7,289,0
r8082,NamneungNoey,2,0,2025/4/5,37,0
r8083,LingOrm,50,397,2025/4/16,111038,1
r8084,NamneungNoey,1,0,2025/4/6,16,0
r8085,MilkLove,1,12,2025/5/10,574,0
r8086,FreenBecky,14,7,2026/4/25,2165,0
r8087,LingOrm,19,4,2025/4/29,2873,0
r8088,LingOrm,8,275,2025/4/6,58022,0
r8089,EngLot,5,3,2025/4/6,905,0
r8090,LingOrm,34,1624,2025/8/9,636630,1
r8091,LingOrm,2,1,2025/4/6,61,0
r8092,EngLot,11,4,2025/4/6,1846,1
r8093,LingOrm,34,610,2025/4/6,181019,1
r8094,FreenBecky,7,7,2025/6/29,2903,0
r8095,FreenBecky,5,17,2025/4/6,2684,0
r8096,JuneMewnich,2,4,2025/5/2,356,1
r8097,NamtanFilm,7,12,2025/4/9,1538,0
r8098,EngLot,1,3,2025/4/6,303,0
r8099,LingOrm,22,153,2025/4/6,45781,1
r8101,LingOrm,5,8,2025/4/7,1990,1
r8103,LingOrm,1,3,2025/4/6,478,0
r8104,MilkLove,2,5,2025/4/6,314,0
r8105,AndaLookkaew,7,6,2025/4/8,1538,0
r8106,FreenBecky,12,23,2025/4/6,5623,1
r8107,LingOrm,12,4,2025/5/11,858,0
r8108,LingOrm,34,326,2025/10/18,152986,1
r8109,EngLot,21,181,2025/4/15,140383,1
r8110,LingOrm,7,1,2025/4/8,162,0
r8111,EngLot,18,14,2025/4/6,2625,1
r8112,FreenBecky,5,10,2025/4/6,921,0
r8113,FreenBecky,2,2,2025/4/7,181,0
r8114,LingOrm,16,32,2025/5/2,6803,1
r8115,LingOrm,30,350,2025/4/13,149117,1
r8116,LingOrm,18,40,2025/4/7,13251,1
r8117,FreenBecky,9,15,2025/4/8,2955,1
r8118,EngLot,1,0,2025/4/7,6,0
r8119,LingOrm,3,4,2025/4/6,185,0
r8120,LenaMiu,7,5,2026/7/30,1223,0
r8121,LingOrm,19,9,2025/4/14,3065,1
r8122,LingOrm,3,0,2025/4/7,43,0
r8123,FreenBecky,6,24,2025/4/6,1644,1
r8124,EngLot,1,10,2025/4/25,295,0
r8125,NamtanFilm,16,32,2025/10/14,10973,1
r8126,FreenBecky,3,2,2025/4/7,185,0
r8127,LingOrm,9,34,2025/4/7,4210,1
r8128,NamneungNoey,2,1,2025/4/7,513,0
r8129,MeenBabe,26,28,2025/6/17,20724,0
r8130,NamtanFilm,7,12,2025/4/7,2057,0
r8132,LingOrm,1,13,2025/6/9,1398,0
r8133,LingOrm,6,1,2025/5/28,481,0
r8134,LingOrm,6,11,2025/4/7,903,1
r8135,MeenBabe,13,73,2025/4/13,18843,1
r8136,EngLot,3,1,2025/5/15,485,0
r8137,NamtanFilm,5,2,2025/4/8,809,1
r8138,NamtanFilm,1,2,2025/5/13,82,0
r8139,NamtanFilm,4,119,2025/4/10,11970,0
r8140,ViewJune,12,9,2025/4/7,1337,1
r8141,LingOrm,1,0,2025/5/31,26,0
r8142,LingOrm,1,24,2025/4/7,1162,0
r8143,EngLot,22,7,2025/4/7,6314,1
r8144,EngLot,5,52,2025/12/14,8087,0
r8145,FreenBecky,1,1,2025/4/10,130,0
r8146,LingOrm,5,11,2025/4/9,880,0
r8147,LingOrm,5,4,2025/4/7,910,1
r8148,NamneungNoey,1,5,2025/5/3,251,0
r8149,LingOrm,8,30,2025/4/10,7741,0
r8150,LingOrm,6,9,2025/4/7,1117,0
r8151,FreenBecky,28,18,2025/4/10,10719,1
r8152,LMSY,1,5,2025/4/8,392,1
r8153,LingOrm,14,24,2025/4/9,3876,1
r8154,FreenBecky,18,6,2025/4/8,938,1
r8155,LingOrm,18,123,2025/4/20,36686,1
r8156,LingOrm,21,17,2025/4/13,5518,1
r8157,LingOrm,4,44,2025/4/19,8433,0
r8158,ViewMim,5,7,2025/4/8,201,0
r8159,LenaMiu,5,67,2025/4/8,14407,1
r8160,FreenBecky,4,9,2025/4/19,680,0
r8161,LingOrm,2,8,2025/4/8,1557,0
r8162,EngLot,7,4,2025/4/8,4483,0
r8163,EmiBonnie,1,1,2025/4/14,407,0
r8164,LingOrm,16,21,2025/4/15,6681,1
r8165,LMSY,1,3,2025/8/13,175,0
r8166,EngLot,12,152,2025/5/23,49349,1
r8167,LingOrm,3,0,2025/4/8,86,0
r8168,EngLot,7,2,2025/4/27,815,0
r8169,LingOrm,3,0,2025/4/9,65,0
r8170,FreenBecky,4,5,2025/4/8,635,0
r8171,ViewJune,13,4,2025/5/12,1001,1
r8172,LingOrm,2,2,2025/4/12,509,0
r8173,LingOrm,1,1,2025/4/8,47,0
r8174,ViewJune,2,12,2025/4/8,410,0
r8175,EngLot,15,281,2025/4/14,127233,1
r8176,EmiBonnie,20,31,2025/4/8,9494,1
r8177,FreenBecky,11,7,2025/4/8,1500,0
r8178,EmiBonnie,8,5,2025/4/9,393,0
r8179,FreenBecky,2,3,2025/4/9,308,0
r8180,FreenBecky,12,10,2025/4/17,2143,1
r8181,FreenBecky,3,3,2025/4/9,435,0
r8182,LingOrm,3,2,2025/4/12,497,1
r8183,LingOrm,1,4,2025/5/1,327,0
r8185,MilkLove,25,6,2025/4/8,1815,1
r8186,LMSY,13,30,2025/4/9,8107,0
r8187,NamneungNoey,1,0,2025/4/8,111,0
r8188,EmiBonnie,4,22,2025/4/8,2180,0
r8189,LingOrm,7,2,2025/4/8,536,0
r8190,EmiBonnie,12,197,2025/4/16,38337,1
r8191,MilkLove,10,9,2025/4/8,1953,1
r8192,EmiBonnie,1,3,2025/4/15,178,0
r8194,MilkLove,2,7,2025/4/25,950,0
r8195,FreenBecky,12,16,2025/4/9,2439,1
r8196,EngLot,5,3,2025/5/5,325,0
r8197,LingOrm,3,16,2025/4/9,1806,0
r8198,LingOrm,16,304,2025/4/10,55040,1
r8199,LenaMiu,1,2,2026/7/12,461,0
r8200,LingOrm,29,27,2025/4/9,14443,1
r8201,MilkLove,3,17,2025/4/10,2416,0
r8202,MilkLove,35,131,2025/7/11,56854,1
r8203,LingOrm,24,41,2025/4/9,7164,0
r8204,FreenBecky,3,9,2025/4/9,766,0
r8205,EngLot,11,23,2025/4/9,10233,1
r8206,FreenBecky,2,3,2025/4/9,236,0
r8207,EmiBonnie,11,13,2025/4/9,2536,1
r8208,LingOrm,14,111,2025/4/10,31508,1
r8209,EmiBonnie,1,13,2025/4/9,682,1
r8210,EmiBonnie,5,11,2025/4/10,1567,0
r8211,LenaMiu,9,150,2025/4/10,18367,1
r8212,LingOrm,2,2,2025/4/9,554,0
r8213,EngLot,29,3,2025/6/9,975,1
r8214,FreenBecky,4,3,2025/4/15,294,0
r8215,EngLot,10,117,2025/4/13,28444,1
r8216,EngLot,1,0,2025/4/10,29,0
r8217,EngLot,1,4,2026/5/7,147,0
r8218,LingOrm,1,4,2025/4/10,541,1
r8219,LingOrm,12,75,2025/4/17,16890,0
r8220,EmiBonnie,18,795,2025/5/6,163214,1
r8221,EmiBonnie,1,11,2025/4/10,1216,1
r8222,MeenBabe,3,32,2025/4/11,2903,0
r8223,LingOrm,22,489,2025/4/16,129094,1
r8224,EnjoyJune,16,78,2025/4/16,27393,1
r8225,EngLot,3,0,2025/4/10,179,0
r8226,FreenBecky,2,1,2025/4/11,52,0
r8227,LingOrm,29,7,2025/4/11,2722,1
r8228,FreenBecky,8,3,2025/4/12,596,0
r8229,EmiBonnie,13,252,2025/4/10,54303,1
r8230,FreenBecky,5,0,2025/9/6,120,0
r8231,FreenBecky,5,3,2025/4/15,660,0
r8232,EngLot,25,12,2025/4/10,4578,1
r8233,MeenBabe,24,8,2025/4/10,2714,1
r8234,MeenBabe,24,27,2025/4/11,7294,1
r8235,LingOrm,3,4,2025/4/11,264,0
r8236,EmiBonnie,2,7,2025/7/12,591,0
r8237,FreenBecky,5,3,2025/4/10,608,1
r8238,FreenBecky,4,6,2025/4/10,447,0
r8239,LingOrm,19,57,2025/7/29,10126,0
r8240,EmiBonnie,10,11,2025/4/12,3273,0
r8241,EngLot,4,7,2025/4/10,2873,0
r8242,LingOrm,1,4,2025/4/11,384,0
r8243,EmiBonnie,15,211,2025/4/11,53313,1
r8244,GinJay,20,18,2026/4/4,6159,1
r8245,MeenBabe,2,4,2025/4/11,646,0
r8246,LingOrm,3,7,2025/4/23,614,0
r8247,LingOrm,7,11,2025/4/13,1831,0
r8248,FreenBecky,6,4,2025/4/11,445,0
r8249,LingOrm,5,4,2025/4/14,591,0
r8250,LingOrm,26,483,2025/4/20,170667,0
r8251,EmiBonnie,5,6,2025/4/16,718,0
r8252,LingOrm,35,344,2025/4/11,121382,1
r8253,LingOrm,17,120,2025/4/11,33985,1
r8254,MeenBabe,13,4,2025/4/12,1393,0
r8255,LingOrm,8,0,2025/4/11,298,0
r8256,LingOrm,21,32,2025/4/12,13672,1
r8257,MilkLove,7,5,2025/4/11,1361,0
r8258,EmiBonnie,15,24,2025/5/5,8656,1
r8259,LingOrm,9,165,2025/4/13,21965,1
r8260,ViewJune,3,6,2025/4/12,188,0
r8261,NamtanFilm,5,2,2026/1/12,241,0
r8262,LingOrm,22,42,2025/4/11,8600,0
r8263,LingOrm,42,95,2025/4/23,66339,1
r8264,MeenBabe,11,30,2025/4/12,7422,1
r8265,LingOrm,16,385,2025/4/15,86680,0
r8266,EmiBonnie,18,31,2025/4/12,6538,1
r8267,FreenBecky,1,22,2025/4/11,1091,1
r8268,EngLot,5,20,2025/4/14,3754,1
r8269,EngLot,16,43,2025/4/27,5857,1
r8270,FreenBecky,22,8,2025/4/17,1995,0
r8271,FreenBecky,22,48,2025/5/17,12204,1
r8272,LingOrm,18,61,2025/4/16,22906,1
r8273,JuneMewnich,9,33,2025/5/5,9312,1
r8274,LingOrm,15,509,2025/4/28,106303,1
r8275,ViewJune,4,2,2025/4/11,162,1
r8276,NamtanFilm,3,16,2025/4/11,1128,1
r8277,EmiBonnie,2,24,2025/4/11,1200,1
r8278,EmiBonnie,11,408,2025/4/12,56151,1
r8279,FreenBecky,3,9,2025/4/12,367,0
r8280,LingOrm,9,172,2025/4/17,56201,1
r8281,EmiBonnie,11,98,2025/4/13,17487,1
r8282,EmiBonnie,1,9,2025/4/12,335,0
r8283,LingOrm,4,14,2025/7/2,3474,0
r8284,NamtanFilm,3,8,2025/5/15,490,0
r8285,EmiBonnie,1,28,2025/4/16,1624,0
r8286,LingOrm,16,403,2025/4/26,94824,0
r8287,LingOrm,1,1,2025/4/12,376,1
r8288,NamneungNoey,1,1,2025/4/20,69,0
r8289,LingOrm,11,159,2025/4/12,82786,1
r8290,LingOrm,3,29,2025/4/12,4829,0
r8291,MilkLove,2,3,2025/4/20,621,0
r8292,LingOrm,7,16,2025/4/12,1317,0
r8293,EngLot,9,20,2025/4/12,6853,1
r8295,NamneungNoey,2,0,2025/4/12,95,0
r8296,EmiBonnie,1,2,2025/5/7,174,0
r8297,NamtanFilm,10,10,2025/4/13,1378,0
r8298,ViewJune,11,3,2025/4/23,1007,0
r8299,LingOrm,1,10,2025/4/12,1469,1
r8300,ViewJune,1,2,2025/4/12,60,0
r8301,LingOrm,14,47,2025/4/12,5736,0
r8302,FreenBecky,13,5,2025/4/12,1438,1
r8303,EmiBonnie,21,49,2025/4/15,14249,0
r8304,EmiBonnie,13,671,2025/4/22,101906,0
r8305,LingOrm,1,1,2025/4/13,25,0
r8306,EngLot,21,56,2025/4/18,16505,1
r8307,LingOrm,7,39,2025/4/18,4188,0
r8308,LingOrm,1,61,2025/4/13,10497,1
r8309,LingOrm,5,16,2025/4/14,1588,1
r8310,EngLot,30,254,2025/5/17,151612,1
r8311,LingOrm,4,11,2025/4/13,2278,0
r8312,EmiBonnie,10,7,2025/4/13,1317,1
r8313,LMSY,3,0,2025/4/13,375,0
r8314,LingOrm,24,15,2025/4/16,7107,0
r8315,LingOrm,1,11,2025/5/13,1233,0
r8316,LingOrm,11,7,2025/4/13,1241,1
r8317,EngLot,19,24,2025/4/13,18488,0
r8318,MeenBabe,2,6,2025/4/19,292,0
r8319,LingOrm,5,29,2025/4/13,1785,1
r8320,NamtanFilm,1,2,2025/4/13,414,1
r8321,LMSY,6,8,2025/4/18,1260,1
r8322,NamneungNoey,59,2,2025/4/13,4303,0
r8323,LingOrm,5,32,2025/8/7,4674,1
r8324,LingOrm,91,1810,2025/5/2,1358654,1
r8325,LingOrm,1,53,2025/4/15,2894,0
r8326,LingOrm,1,0,2025/4/14,80,0
r8327,EngLot,2,2,2025/4/19,239,1
r8328,EngLot,36,1092,2025/4/15,637188,1
r8329,LingOrm,26,40,2025/5/15,22476,1
r8330,LingOrm,3,6,2025/4/14,739,0
r8331,LenaMiu,5,228,2025/4/14,37745,0
r8332,EngLot,1,0,2025/4/14,64,0
r8333,LingOrm,20,22,2025/4/14,4311,1
r8334,EmiBonnie,8,81,2025/4/16,10369,1
r8335,LingOrm,3,3,2025/4/14,127,0
r8337,LingOrm,2,0,2025/6/26,77,0
r8338,LingOrm,35,81,2025/4/19,46931,1
r8339,LenaMiu,14,249,2025/4/24,44513,0
r8340,ViewJune,2,2,2025/4/14,160,1
r8341,MilkLove,1,1,2025/10/10,21,0
r8342,LingOrm,25,159,2025/4/14,92117,1
r8343,NamtanFilm,7,53,2025/4/20,7095,0
r8344,MilkLove,17,5,2025/8/1,1091,1
r8345,EngLot,11,1,2025/4/15,171,0
r8346,LingOrm,1,2,2025/4/19,277,0
r8347,LingOrm,1,40,2025/4/20,946,0
r8348,EmiBonnie,2,0,2025/4/15,75,0
r8349,LingOrm,15,4,2025/4/16,737,0
r8350,MilkLove,13,32,2025/4/16,8385,1
r8351,NamtanFilm,18,112,2025/4/16,27035,1
r8352,LingOrm,1,4,2025/4/15,1064,0
r8353,EngLot,11,6,2025/4/15,714,1
r8354,LingOrm,4,8,2025/4/15,752,0
r8355,LingOrm,5,7,2025/4/15,1097,0
r8356,LingOrm,9,38,2025/4/16,4700,0
r8357,EngLot,7,8,2025/4/15,4592,0
r8358,EngLot,28,20,2025/4/15,10037,1
r8359,LingOrm,6,9,2025/4/18,1023,1
r8360,FreenBecky,5,9,2025/4/15,384,0
r8361,LingOrm,1,5,2025/4/15,106,0
r8362,LingOrm,6,3,2025/4/15,310,1
r8363,LingOrm,16,9,2025/5/2,2244,0
r8364,EmiBonnie,10,7,2025/4/15,1274,0
r8365,LingOrm,21,39,2025/4/18,15473,1
r8366,EngLot,17,16,2025/4/15,8689,1
r8367,LingOrm,3,0,2025/4/15,154,0
r8368,LingOrm,9,3,2025/4/29,751,0
r8369,LingOrm,10,27,2025/4/15,3751,0
r8370,LingOrm,6,4,2025/4/15,350,0
r8371,LingOrm,4,28,2026/5/6,4150,0
r8372,NamneungNoey,2,2,2026/8/17,77,1
r8373,FreenBecky,25,15,2025/4/22,9432,1
r8374,LingOrm,6,2,2025/4/16,256,0
r8375,NamneungNoey,5,1,2025/4/16,2069,0
r8376,EngLot,2,0,2025/4/20,90,0
r8377,NamtanFilm,1,0,2025/4/16,28,0
r8378,EngLot,22,7,2025/4/16,1573,1
r8379,EmiBonnie,10,21,2025/4/17,2667,0
r8380,LingOrm,4,11,2025/4/17,1548,0
r8381,FreenBecky,9,34,2025/4/16,2660,0
r8382,ViewMim,7,1,2025/4/16,279,0
r8383,LingOrm,10,14,2025/4/22,3459,0
r8384,LingOrm,1,7,2025/4/16,2454,1
r8385,NamtanFilm,4,1,2025/4/18,539,1
r8386,FayeYoko,4,11,2025/4/19,578,1
r8387,EngLot,16,39,2025/4/16,20737,1
r8388,LingOrm,1,14,2025/4/16,3319,1
r8389,LingOrm,9,10,2025/5/7,1592,0
r8390,LingOrm,55,417,2025/4/18,73082,1
r8391,LingOrm,15,7,2025/4/16,1102,1
r8392,LingOrm,9,4,2025/4/17,642,1
r8393,LingOrm,1,9,2025/4/17,467,1
r8394,ViewJune,1,2,2025/4/16,68,1
r8395,LingOrm,16,7,2025/4/16,4352,1
r8396,EmiBonnie,11,8,2025/4/17,1362,1
r8397,LingOrm,27,13,2025/4/18,3915,1
r8398,FreenBecky,9,4,2025/5/3,318,0
r8399,EmiBonnie,1,2,2025/4/16,275,0
r8400,EngLot,2,1,2025/4/16,51,0
r8401,BamYada,15,11,2025/5/3,4256,1
r8402,LingOrm,3,14,2025/4/20,2920,0
r8403,EngLot,5,20,2025/4/28,2487,0
r8404,LingOrm,1,1,2025/4/16,224,1
r8405,NamtanFilm,18,209,2025/4/25,49655,1
r8406,FreenBecky,7,2,2025/4/16,391,0
r8407,EngLot,1,2,2025/4/17,142,1
r8408,MilkLove,2,1,2025/4/17,53,0
r8409,LMSY,10,17,2025/4/19,5200,1
r8411,FreenBecky,12,35,2025/4/17,6601,1
r8412,EmiBonnie,1,5,2025/8/19,157,0
r8413,EngLot,22,16,2025/4/17,7075,1
r8414,LingOrm,18,13,2025/4/20,4423,1
r8415,FreenBecky,14,19,2025/5/20,5163,1
r8416,LingOrm,28,1284,2025/4/25,525465,1
r8417,EmiBonnie,5,8,2025/4/17,562,1
r8418,EngLot,4,2,2025/4/17,894,0
r8420,NamneungNoey,3,4,2025/4/17,499,1
r8421,MilkLove,1,7,2025/4/17,748,1
r8422,LingOrm,21,5,2025/4/17,977,0
r8423,EmiBonnie,7,201,2025/4/21,23194,1
r8424,LingOrm,8,2,2025/4/19,712,1
r8425,NamneungNoey,1,1,2025/4/17,190,0
r8426,LingOrm,1,1,2025/4/17,49,0
r8427,NamtanFilm,2,1,2025/4/18,119,0
r8428,MilkLove,1,5,2025/4/17,303,0
r8429,FayeYoko,13,13,2025/4/24,2096,1
r8430,LingOrm,3,4,2025/4/18,323,0
r8431,LingOrm,2,2,2025/4/17,182,1
r8433,LingOrm,13,8,2025/4/21,2949,1
r8434,LingOrm,3,0,2025/5/24,420,0
r8435,EngLot,15,10,2025/4/18,6475,0
r8436,LenaMiu,13,202,2025/4/18,62934,1
r8437,LingOrm,21,654,2025/4/18,164857,1
r8438,EngLot,3,2,2025/5/25,63,0
r8439,LingOrm,1,2,2025/5/9,191,0
r8440,LingOrm,10,17,2025/6/14,4463,1
r8441,LingOrm,6,5,2025/4/18,456,0
r8442,LingOrm,15,174,2025/4/21,20997,1
r8443,NamtanFilm,12,84,2025/4/18,12182,1
r8444,LingOrm,3,1,2025/4/18,99,0
r8445,LingOrm,3,9,2025/4/19,883,0
r8446,EmiBonnie,6,52,2025/4/20,7120,0
r8447,ViewJune,2,5,2025/4/30,204,0
r8448,NamneungNoey,1,0,2025/4/18,151,0
r8449,FreenBecky,1,0,2025/4/18,34,0
r8450,MilkLove,2,8,2025/4/18,479,0
r8451,LingOrm,1,0,2025/4/18,41,0
r8452,LingOrm,2,1,2025/4/20,304,0
r8453,LMSY,18,38,2025/4/18,6646,1
r8454,EngLot,1,1,2025/4/19,127,1
r8455,LingOrm,4,1,2025/4/21,105,0
r8456,NamtanFilm,1,2,2025/4/18,475,1
r8457,EngLot,5,10,2025/4/18,1704,0
r8458,NamtanFilm,3,4,2025/4/18,1000,0
r8459,ViewJune,4,6,2025/4/20,606,0
r8460,EngLot,15,18,2025/4/18,11765,1
r8461,LingOrm,5,0,2025/5/6,514,0
r8462,MeenBabe,10,26,2025/4/18,8137,1
r8463,EngLot,11,8,2025/10/21,3811,1
r8464,LingOrm,2,18,2025/4/18,2846,1
r8465,MilkLove,11,14,2025/4/19,2329,1
r8466,EngLot,2,10,2025/4/19,1879,0
r8467,EmiBonnie,10,63,2025/8/7,12990,0
r8468,EmiBonnie,24,203,2025/4/22,60152,1
r8469,EngLot,26,31,2025/4/19,20977,1
r8470,FreenBecky,2,5,2025/4/19,138,0
r8471,EngLot,10,140,2025/5/4,37208,1
r8472,LingOrm,22,9,2025/4/19,2395,1
r8473,MeenBabe,3,1,2025/4/19,375,0
r8475,LingOrm,27,157,2025/4/25,62329,1
r8476,LingOrm,5,150,2025/4/19,14536,0
r8477,EmiBonnie,9,70,2025/4/22,10953,1
r8478,LingOrm,3,18,2025/4/29,1139,0
r8479,FreenBecky,3,2,2025/6/4,403,0
r8480,EngLot,5,0,2025/4/19,284,0
r8481,LingOrm,1,1,2025/4/19,47,0
r8482,ViewMim,5,18,2025/4/19,1258,0
r8483,LingOrm,1,21,2025/4/19,1145,1
r8484,FreenBecky,10,21,2026/6/17,3129,0
r8485,LingOrm,6,5,2025/4/20,584,1
r8487,EngLot,23,310,2025/4/19,134796,1
r8488,EngLot,42,508,2025/5/8,389254,1
r8491,LingOrm,25,2,2025/5/1,3047,0
r8492,ViewMim,18,58,2025/7/6,9622,1
r8493,LingOrm,1,2,2025/4/19,87,1
r8494,EngLot,2,4,2025/6/17,796,0
r8495,LingOrm,1,147,2025/4/19,19204,0
r8496,LingOrm,40,847,2025/4/20,557639,1
r8497,NamtanFilm,9,50,2025/4/22,7345,1
r8498,MeenBabe,8,23,2026/7/5,3499,0
r8499,FreenBecky,12,7,2025/4/19,727,1
r8500,FayMay,3,9,2025/4/20,398,0
r8501,LingOrm,4,18,2025/4/19,5894,0
r8502,LingOrm,1,6,2025/4/19,525,0
r8503,EmiBonnie,1,3,2025/7/8,376,0
r8504,EngLot,12,6,2025/4/20,452,0
r8505,MeenBabe,2,9,2025/4/20,881,0
r8506,LingOrm,34,25,2025/4/20,11162,1
r8507,EmiBonnie,11,27,2025/4/25,7714,1
r8508,EngLot,12,45,2025/4/22,5067,1
r8509,EngLot,14,1,2025/4/20,863,1
r8510,LingOrm,1,1,2025/4/20,7,0
r8511,EmiBonnie,14,67,2025/4/20,12057,1
r8513,LingOrm,6,17,2025/4/20,5744,0
r8514,EmiBonnie,9,11,2025/4/28,1047,0
r8515,LingOrm,2,0,2025/4/22,53,0
r8516,LingOrm,32,11,2025/4/20,2753,0
r8517,GinJay,32,133,2025/12/1,50816,1
r8518,NamneungNoey,2,1,2025/11/8,163,0
r8519,LingOrm,6,43,2025/4/20,3912,0
r8520,LingOrm,1,3,2025/4/20,272,1
r8521,ViewMim,6,15,2025/4/22,1195,0
r8522,EngLot,5,1,2025/5/2,373,0
r8523,LingOrm,1,1,2025/4/23,54,0
r8524,EmiBonnie,3,15,2025/5/23,794,1
r8525,FayMay,2,10,2025/4/20,296,0
r8526,EngLot,3,7,2025/4/20,609,0
r8527,LenaMiu,7,45,2026/6/27,7602,0
r8528,EngLot,7,4,2025/4/20,1174,0
r8529,EngLot,10,0,2025/4/21,629,1
r8530,FreenBecky,18,40,2025/5/6,8701,1
r8531,NamtanFilm,20,16,2025/4/20,1850,1
r8532,FreenBecky,18,41,2025/5/8,9673,1
r8533,EngLot,22,60,2025/4/23,47339,1
r8534,EmiBonnie,3,1,2025/4/20,130,0
r8535,LingOrm,10,63,2025/9/29,13119,1
r8536,FreenBecky,18,40,2025/5/3,9215,1
r8537,LingOrm,10,2,2025/4/20,1382,0
r8538,FreenBecky,10,14,2025/9/3,2950,0
r8539,EmiBonnie,9,133,2025/4/22,23076,1
r8540,ViewJune,2,2,2025/4/20,95,0
r8541,LingOrm,1,9,2025/4/21,570,0
r8542,LenaMiu,2,86,2025/4/28,6231,0
r8543,NamtanFilm,2,6,2025/4/21,505,0
r8544,FreenBecky,3,4,2025/4/21,251,0
r8545,LingOrm,7,18,2025/4/22,2777,1
r8547,LingOrm,2,2,2025/4/21,104,0
r8548,LingOrm,10,67,2025/4/25,8785,0
r8549,LingOrm,5,32,2025/4/21,5838,1
r8550,LingOrm,10,2,2025/4/21,619,1
r8551,LingOrm,4,1,2025/4/21,26,0
r8552,FreenBecky,3,7,2025/4/21,341,0
r8554,EmiBonnie,1,6,2025/4/21,213,0
r8555,EmiBonnie,1,5,2025/4/22,169,0
r8557,NamneungNoey,1,0,2025/4/23,9,1
r8558,LingOrm,2,9,2025/4/23,577,0
r8559,GraceOaey,20,6,2025/10/15,1670,1
r8560,FreenBecky,3,6,2025/4/21,841,0
r8561,EngLot,7,2,2025/4/21,1116,0
r8562,FayeYoko,15,14,2025/4/21,2013,1
r8563,EmiBonnie,15,4,2025/4/22,461,1
r8564,EngLot,6,3,2025/5/14,793,0
r8565,LingOrm,3,4,2025/4/21,278,1
r8566,LingOrm,19,138,2025/4/22,15372,1
r8567,EngLot,11,15,2025/12/23,3367,0
r8568,LingOrm,6,6,2025/4/23,740,0
r8569,MilkLove,1,1,2025/4/23,162,0
r8570,MeenBabe,21,78,2025/4/22,25979,1
r8571,EngLot,1,0,2025/4/21,34,0
r8572,LingOrm,4,7,2025/4/24,764,1
r8573,EmiBonnie,3,5,2025/4/23,286,0
r8574,LingOrm,6,8,2025/5/5,1939,1
r8575,EmiBonnie,14,108,2025/4/22,18391,1
r8576,LingOrm,7,5,2025/5/18,1021,0
r8577,EngLot,7,1,2025/4/22,470,1
r8578,EngLot,4,69,2026/4/19,8835,0
r8579,EngLot,49,49,2025/4/22,25951,1
r8580,LingOrm,2,0,2025/5/6,163,0
r8581,LingOrm,29,592,2025/4/22,185972,1
r8582,EngLot,32,157,2025/7/7,119849,1
r8584,EngLot,19,6,2025/4/22,2937,1
r8585,EmiBonnie,2,5,2025/4/22,680,1
r8587,FreenBecky,13,23,2025/4/23,2772,1
r8588,NamtanFilm,3,0,2025/11/1,152,0
r8589,MilkLove,2,7,2025/4/22,729,0
r8590,EmiBonnie,11,7,2026/4/19,1161,0
r8591,LingOrm,1,1,2025/9/11,57,0
r8592,LingOrm,5,37,2025/5/5,14239,0
r8593,LingOrm,2,14,2025/4/23,1514,1
r8594,LingOrm,3,0,2025/4/22,108,0
r8595,LingOrm,12,16,2025/5/1,2298,1
r8596,LingOrm,1,1,2025/4/24,118,1
r8597,MilkLove,10,3,2025/4/24,586,0
r8598,FreenBecky,9,3,2025/5/30,283,0
r8600,LingOrm,2,1,2025/4/24,93,0
r8601,FreenBecky,20,29,2025/4/23,12276,0
r8602,EngLot,17,128,2025/4/26,97262,1
r8603,FreenBecky,4,0,2026/6/23,100,0
r8604,AndaLookkaew,2,7,2025/5/22,342,0
r8605,EmiBonnie,7,331,2025/4/23,44406,1
r8606,FreenBecky,3,6,2025/4/23,325,0
r8607,LingOrm,30,12,2025/5/9,2725,1
r8608,LingOrm,19,58,2025/4/23,18267,1
r8609,LingOrm,12,312,2025/4/23,37554,1
r8610,AndaLookkaew,13,78,2025/4/23,12891,1
r8611,FreenBecky,5,3,2025/4/23,297,0
r8612,NamtanFilm,19,61,2025/5/16,9853,0
r8613,EngLot,8,43,2025/4/23,11511,1
r8614,NamtanFilm,6,4,2025/4/23,1033,1
r8615,NamtanFilm,1,5,2025/4/24,96,0
r8616,LingOrm,1,1,2025/4/23,75,0
r8617,LingOrm,3,3,2025/4/23,535,1
r8620,LingOrm,4,22,2025/4/24,4732,1
r8621,LingOrm,7,1,2025/4/24,123,0
r8622,EmiBonnie,14,23,2025/4/23,6280,1
r8623,EmiBonnie,3,6,2025/4/23,540,0
r8624,NamtanFilm,3,3,2025/4/23,64,0
r8625,MilkLove,5,12,2025/4/25,1387,0
r8626,EmiBonnie,11,367,2025/4/29,52628,0
r8627,EmiBonnie,6,5,2025/4/23,417,0
r8628,EmiBonnie,10,41,2025/4/26,8473,0
r8629,LingOrm,4,5,2025/4/24,2161,1
r8630,EmiBonnie,17,60,2025/5/30,12904,1
r8631,EmiBonnie,10,10,2025/4/23,1230,0
r8632,EngLot,9,22,2025/4/23,4726,0
r8633,LingOrm,10,77,2025/4/24,15845,1
r8634,EngLot,5,0,2025/4/23,279,1
r8635,LingOrm,28,153,2025/4/23,54044,0
r8636,EmiBonnie,10,10,2025/4/24,1713,0
r8637,NamtanFilm,44,162,2025/7/28,41042,1
r8638,LingOrm,29,161,2025/4/26,66975,1
r8639,NamtanFilm,22,669,2025/4/24,114966,0
r8640,EngLot,2,1,2025/5/12,70,0
r8641,LingOrm,2,3,2025/4/23,92,0
r8642,EmiBonnie,19,666,2025/4/24,120622,1
r8643,EngLot,2,1,2025/4/23,140,0
r8644,EmiBonnie,12,499,2025/5/3,72298,1
r8645,EmiBonnie,3,3,2025/4/24,366,0
r8646,EngLot,8,12,2025/4/26,6695,0
r8647,FreenBecky,2,9,2025/6/11,754,1
r8648,LingOrm,10,5,2025/7/8,847,1
r8649,EngLot,9,6,2025/4/25,1175,1
r8650,EngLot,2,15,2025/4/24,1047,0
r8651,LingOrm,6,82,2025/4/30,7256,0
r8653,FreenBecky,5,10,2025/5/17,910,0
r8654,FreenBecky,2,1,2025/4/24,286,1
r8655,LingOrm,1,19,2025/4/24,2573,1
r8656,LingOrm,9,5,2025/4/24,1405,1
r8657,LingOrm,13,11,2025/4/25,1521,1
r8658,LingOrm,15,49,2025/4/25,9113,0
r8659,LingOrm,3,1,2025/4/24,98,0
r8661,EmiBonnie,10,807,2025/4/25,115168,1
r8662,EngLot,3,2,2025/4/24,213,1
r8663,LingOrm,16,9,2025/5/1,1134,1
r8664,EmiBonnie,16,289,2025/12/8,44357,0
r8665,LingOrm,12,13,2025/8/2,3949,0
r8666,FreenBecky,4,2,2025/4/24,196,1
r8667,LingOrm,3,29,2025/4/25,1570,0
r8668,LingOrm,2,0,2025/4/24,261,0
r8669,NamtanFilm,13,87,2025/4/25,16340,0
r8670,LingOrm,12,39,2025/4/27,4645,0
r8671,LingOrm,3,5,2025/4/24,869,1
r8672,LingOrm,16,16,2025/4/25,12017,0
r8673,EngLot,8,6,2025/10/8,4555,0
r8674,MilkLove,3,15,2025/4/29,1590,0
r8675,LingOrm,23,123,2025/5/2,33829,1
r8676,EngLot,1,0,2025/4/25,46,0
r8677,LingOrm,2,2,2025/4/25,103,0
r8678,EngLot,2,3,2025/4/25,313,0
r8679,AndaLookkaew,25,35,2025/4/25,6518,1
r8680,LingOrm,15,33,2025/4/25,8552,1
r8682,EmiBonnie,2,3,2025/4/26,120,0
r8683,EngLot,17,31,2025/6/16,29492,1
r8684,LingOrm,5,33,2025/4/26,4135,0
r8685,LingOrm,6,19,2025/7/12,2546,1
r8686,LingOrm,8,5,2025/4/25,858,1
r8687,LingOrm,43,140,2025/5/19,68683,1
r8688,EngLot,1,8,2025/4/27,273,0
r8689,NamtanFilm,2,3,2025/4/26,140,0
r8690,LMSY,9,20,2025/5/16,2998,0
r8691,NamneungNoey,2,1,2025/4/25,163,0
r8692,NamneungNoey,3,11,2025/4/26,1039,0
r8693,EngLot,11,32,2025/4/26,8636,1
r8694,LingOrm,13,4,2025/7/24,736,0
r8697,LingOrm,14,64,2025/4/25,25157,1
r8698,FreenBecky,16,7,2025/5/7,790,0
r8699,EngLot,3,6,2025/8/6,730,0
r8700,EmiBonnie,4,6,2025/4/26,514,0
r8701,EmiBonnie,12,16,2025/5/1,2956,1
r8702,EmiBonnie,26,104,2025/4/28,26081,1
r8703,LingOrm,4,0,2025/4/27,108,0
r8704,ViewMim,6,47,2025/5/11,3502,0
r8705,EngLot,16,72,2025/4/26,22652,1
r8706,EngLot,1,5,2025/4/26,615,0
r8707,NamneungNoey,1,5,2025/4/25,722,0
r8708,LenaMiu,9,76,2025/4/26,10994,0
r8709,LingOrm,1,3,2025/4/26,151,0
r8710,EngLot,2,4,2025/5/15,381,0
r8711,LingOrm,2,3,2025/4/26,96,0
r8712,MilkLove,1,6,2025/4/27,301,0
r8713,FreenBecky,1,2,2025/5/24,75,0
r8714,NamneungNoey,1,0,2025/4/27,66,0
r8715,ViewJune,13,4,2025/4/26,1048,0
r8716,LingOrm,23,245,2025/5/22,76383,1
r8717,LingOrm,3,2,2025/4/26,292,0
r8718,LingOrm,24,259,2025/4/27,60137,0
r8719,ViewMim,80,62,2025/6/25,28521,1
r8720,ViewJune,4,2,2025/4/26,334,0
r8721,LingOrm,15,36,2025/4/27,9021,1
r8722,LingOrm,6,32,2025/9/9,7164,0
r8723,LingOrm,4,23,2025/4/26,2470,0
r8724,NamtanFilm,12,28,2025/4/26,4142,1
r8725,LingOrm,3,7,2025/4/27,695,0
r8726,LingOrm,28,14,2025/4/27,15713,0
r8727,LingOrm,4,4,2025/5/1,1377,1
r8728,EngLot,1,0,2025/6/5,15,0
r8729,EngLot,9,15,2025/4/27,2582,1
r8730,EngLot,1,1,2025/4/27,132,0
r8731,LingOrm,5,4,2025/4/27,765,0
r8732,EngLot,5,0,2025/4/27,416,1
r8733,LingOrm,1,1,2025/4/27,96,0
r8734,ViewJune,1,2,2025/4/27,74,1
r8735,MilkLove,2,26,2025/4/29,1742,0
r8736,LingOrm,12,21,2025/4/28,4837,0
r8737,AndaLookkaew,27,35,2025/5/4,21282,1
r8738,LingOrm,8,0,2025/4/27,393,0
r8739,FreenBecky,4,3,2025/4/27,111,0
r8740,EngLot,2,1,2025/4/27,107,0
r8742,FreenBecky,25,66,2025/4/29,29775,1
r8743,EmiBonnie,4,4,2025/4/28,725,1
r8744,FayeYoko,1,0,2025/4/27,79,0
r8745,EmiBonnie,7,7,2025/4/28,405,0
r8746,MilkLove,1,3,2025/8/27,158,0
r8747,EmiBonnie,3,2,2025/4/29,131,0
r8748,LingOrm,1,4,2025/4/27,183,0
r8749,LingOrm,3,6,2025/4/27,605,0
r8750,EmiBonnie,6,11,2025/5/9,1223,1
r8751,NamneungNoey,3,0,2025/4/28,63,0
r8752,EmiBonnie,2,7,2025/5/1,317,0
r8753,EmiBonnie,13,38,2025/5/4,7172,1
r8754,LingOrm,22,205,2025/4/27,89309,1
r8755,EmiBonnie,9,98,2025/5/4,12121,1
r8756,LingOrm,2,10,2025/4/28,246,0
r8757,LingOrm,10,98,2025/5/8,18074,1
r8758,EngLot,28,14,2025/4/30,11572,1
r8759,LenaMiu,2,34,2025/11/23,2696,0
r8760,EmiBonnie,15,124,2025/4/28,30807,1
r8761,LingOrm,1,3,2025/5/1,62,0
r8762,LingOrm,1,4,2025/4/29,350,0
r8763,EmiBonnie,24,8,2025/6/28,2459,1
r8764,EngLot,2,13,2025/4/29,1996,0
r8765,LingOrm,3,0,2025/4/28,218,0
r8766,EmiBonnie,4,16,2025/4/30,698,0
r8767,LingOrm,12,51,2025/4/30,13039,1
r8768,EngLot,20,91,2025/5/25,86356,1
r8770,LingOrm,15,12,2025/4/29,3938,0
r8771,EmiBonnie,1,11,2025/4/28,528,0
r8773,LingOrm,10,144,2025/4/28,9596,1
r8774,LingOrm,1,4,2025/4/28,384,1
r8775,LingOrm,1,3,2025/4/28,124,0
r8776,LingOrm,2,1,2025/4/28,121,0
r8777,EngLot,15,405,2025/5/1,156800,1
r8778,LingOrm,4,11,2025/4/28,633,0
r8779,LingOrm,1,2,2025/4/29,64,0
r8780,EngLot,21,75,2025/7/6,55126,1
r8781,NamtanFilm,1,13,2025/9/21,237,0
r8782,AndaLookkaew,20,19,2025/5/11,9947,1
r8783,EmiBonnie,14,14,2025/4/29,2142,1
r8784,EngLot,3,1,2025/4/28,310,1
r8785,FreenBecky,16,37,2025/4/29,8082,1
r8786,FreenBecky,10,47,2025/4/29,3180,0
r8787,FreenBecky,1,2,2025/4/29,128,0
r8788,EmiBonnie,7,2,2025/5/6,462,0
r8789,LingOrm,6,0,2025/5/13,116,0
r8790,FreenBecky,10,9,2025/5/1,3184,1
r8791,LingOrm,1,0,2025/4/29,18,0
r8792,FreenBecky,61,90,2025/4/29,70130,1
r8793,LingOrm,40,13,2025/4/30,8191,1
r8794,EmiBonnie,14,45,2025/4/29,8521,1
r8795,EngLot,6,0,2025/4/29,138,0
r8796,EngLot,14,114,2025/4/30,36927,1
r8797,LingOrm,3,60,2025/6/28,6888,0
r8798,EngLot,4,2,2025/4/29,540,1
r8799,LingOrm,16,363,2025/4/30,79446,1
r8800,EmiBonnie,10,7,2025/4/29,984,1
r8801,EngLot,17,133,2025/8/1,74783,1
r8802,LingOrm,3,1,2025/5/1,136,0
r8803,FreenBecky,12,173,2025/5/13,17406,0
r8804,MilkLove,3,6,2025/4/30,341,0
r8805,LingOrm,13,7,2025/4/29,1926,1
r8807,FreenBecky,25,74,2025/4/29,20157,1
r8808,LingOrm,9,5,2025/4/29,712,0
r8809,LingOrm,1,9,2025/5/3,1675,1
r8810,LingOrm,29,228,2025/5/22,89042,1
r8811,LingOrm,2,0,2025/9/30,466,0
r8812,EmiBonnie,14,22,2025/4/29,7572,1
r8813,NamtanFilm,1,1,2025/5/2,61,0
r8814,LingOrm,32,576,2025/5/19,279810,1
r8816,FreenBecky,4,3,2025/4/30,128,0
r8817,LingOrm,22,13,2025/4/29,7397,0
r8818,LingOrm,2,2,2025/4/29,24,0
r8819,EngLot,8,17,2025/4/30,4504,1
r8820,NamtanFilm,17,4,2025/4/29,698,0
r8821,ViewJune,2,2,2025/4/30,92,0
r8822,LingOrm,3,2,2025/8/7,384,0
r8823,EngLot,6,7,2025/4/30,1476,0
r8824,EngLot,5,4,2025/5/1,789,0
r8825,EmiBonnie,1,0,2025/4/30,21,0
r8826,LingOrm,14,107,2025/4/30,37943,1
r8827,FreenBecky,3,84,2025/4/30,6818,1
r8828,EmiBonnie,10,106,2025/4/30,14447,1
r8829,EngLot,3,2,2025/4/30,681,1
r8830,EmiBonnie,4,67,2025/5/4,7229,0
r8831,FreenBecky,11,6,2025/4/30,952,0
r8832,LingOrm,1,1,2025/4/30,145,0
r8833,FreenBecky,4,5,2025/5/4,497,0
r8834,MilkLove,1,13,2026/3/31,2674,0
r8835,LingOrm,2,3,2025/4/30,247,0
r8836,LingOrm,2,6,2025/4/30,523,1
r8837,EngLot,15,22,2025/5/2,7522,1
r8838,LingOrm,15,21,2025/5/1,9922,1
r8839,LingOrm,24,8,2025/5/9,6074,1
r8840,EngLot,8,219,2025/4/30,17317,0
r8841,FreenBecky,12,61,2025/4/30,12658,0
r8842,EngLot,10,17,2025/4/30,7790,1
r8843,EmiBonnie,5,10,2025/4/30,1002,1
r8844,LingOrm,20,182,2025/5/1,24718,0
r8845,EngLot,8,28,2025/5/3,837,1
r8846,FreenBecky,17,4,2025/5/2,409,1
r8847,EmiBonnie,11,4,2025/5/1,366,0
r8848,LingOrm,7,19,2025/5/1,1553,1
r8849,EmiBonnie,25,49,2025/5/5,13700,1
r8850,LingOrm,1,1,2025/5/6,298,0
r8851,FreenBecky,6,8,2025/5/1,798,0
r8852,ViewJune,3,1,2025/5/1,183,0
r8853,FayeYoko,32,51,2025/5/4,18989,1
r8854,EmiBonnie,2,3,2025/5/18,782,0
r8855,EngLot,14,69,2025/8/20,12991,0
r8856,EmiBonnie,18,533,2025/7/29,90514,1
r8857,LingOrm,36,70,2025/5/1,22806,1
r8858,EngLot,2,35,2025/6/14,3881,1
r8859,LingOrm,5,7,2025/5/2,348,1
r8860,LMSY,4,1,2025/5/1,401,0
r8861,JanJingjing,2,8,2026/8/16,520,0
r8862,LingOrm,9,2,2025/6/7,1114,0
r8863,LingOrm,18,8,2025/5/3,616,0
r8864,FreenBecky,8,3,2025/5/1,245,0
r8865,FreenBecky,47,52,2025/5/15,27217,1
r8866,LingOrm,1,93,2025/5/8,3058,0
r8867,LingOrm,15,213,2025/5/4,70138,1
r8868,MilkLove,2,3,2025/5/10,139,0
r8869,FreenBecky,1,0,2025/5/4,552,0
r8870,LingOrm,1,3,2025/7/20,147,0
r8871,EmiBonnie,16,26,2025/5/15,7228,0
r8872,EngLot,12,99,2025/5/4,68663,1
r8873,FreenBecky,4,1,2025/5/1,153,0
r8874,LingOrm,3,3,2025/5/1,744,0
r8875,LingOrm,31,186,2025/6/19,60024,1
r8876,EmiBonnie,10,9,2025/5/5,2316,1
r8877,EngLot,8,1,2025/5/2,388,1
r8878,NamtanFilm,14,28,2025/5/7,9796,0
r8879,FreenBecky,14,14,2025/6/13,1400,0
r8880,MilkLove,1,4,2025/5/4,235,0
r8881,NamtanFilm,6,8,2025/5/2,654,0
r8882,LingOrm,21,42,2025/5/4,12379,1
r8883,EmiBonnie,8,19,2025/5/2,3196,1
r8884,NamneungNoey,16,202,2025/5/19,32472,1
r8885,LingOrm,1,1,2025/5/2,21,0
r8886,LingOrm,1,0,2025/5/2,13,0
r8887,LingOrm,62,18,2025/5/2,9121,0
r8888,LingOrm,33,140,2025/5/2,18880,1
r8889,LingOrm,12,4,2025/5/2,1366,1
r8890,LingOrm,22,83,2025/5/2,11470,1
r8891,LingOrm,53,96,2025/5/25,52516,1
r8892,MilkLove,7,4,2025/5/2,430,0
r8893,LingOrm,15,5,2025/5/4,3018,1
r8894,FreenBecky,16,43,2025/5/3,9201,1
r8895,LingOrm,10,6,2025/5/2,2521,1
r8896,EngLot,11,11,2025/5/14,9180,1
r8897,EmiBonnie,13,161,2025/5/7,21313,0
r8898,MeenBabe,5,5,2025/5/2,991,1
r8899,LingOrm,6,26,2025/5/3,1768,0
r8900,FayeYoko,11,10,2025/5/4,1817,0
r8901,EmiBonnie,3,4,2025/5/2,522,0
r8902,LingOrm,2,1,2025/5/4,105,0
r8903,NamneungNoey,4,1,2025/5/3,367,0
r8904,FreenBecky,1,0,2025/5/2,26,0
r8905,NamtanFilm,1,8,2025/5/2,524,1
r8906,NamtanFilm,6,4,2025/5/6,525,0
r8907,LingOrm,13,69,2025/5/3,30758,0
r8908,LingOrm,11,248,2025/5/17,63417,0
r8909,NamtanFilm,2,6,2025/5/3,292,0
r8910,ViewJune,9,12,2025/5/6,1446,0
r8911,EmiBonnie,6,4,2025/5/3,621,0
r8912,LingOrm,6,1,2025/5/3,117,0
r8913,MablePangjie,4,17,2025/11/29,1226,0
r8914,LingOrm,28,1398,2025/5/4,551939,1
r8915,LingOrm,25,112,2025/5/11,66740,1
r8916,FayMay,9,19,2025/5/3,3003,1
r8917,LingOrm,9,5,2025/5/3,874,0
r8918,EmiBonnie,13,735,2025/5/22,152616,1
r8919,EmiBonnie,7,27,2025/5/4,3850,1
r8920,LingOrm,2,1,2025/5/3,45,0
r8921,EmiBonnie,1,4,2025/5/8,177,0
r8922,EmiBonnie,10,51,2025/5/3,9632,1
r8923,EngLot,3,1,2025/5/3,137,0
r8924,EmiBonnie,12,6,2025/5/3,1954,1
r8925,LingOrm,5,17,2025/5/3,1545,1
r8926,EngLot,1,0,2025/5/3,48,0
r8927,EngLot,39,61,2025/5/11,44616,1
r8928,LingOrm,4,47,2025/6/21,10181,0
r8929,EmiBonnie,1,30,2025/6/27,1565,0
r8930,LingOrm,1,8,2025/5/4,938,1
r8931,EngLot,11,32,2025/5/3,12495,1
r8932,EmiBonnie,3,5,2025/5/8,686,1
r8933,NamtanFilm,3,1,2025/5/3,125,0
r8934,LingOrm,3,0,2025/5/3,58,0
r8935,FreenBecky,8,1,2025/5/8,541,1
r8936,LingOrm,1,7,2025/5/3,1144,1
r8937,EmiBonnie,2,4,2025/5/3,120,0
r8938,FreenBecky,2,9,2025/5/4,336,0
r8939,EngLot,4,18,2025/5/3,2461,0
r8940,EngLot,6,2,2025/6/5,1223,0
r8941,LenaMiu,3,9,2025/5/4,1084,0
r8942,LingOrm,8,4,2025/5/6,822,0
r8943,LingOrm,3,2,2025/5/14,155,0
r8944,EngLot,2,2,2025/5/3,102,0
r8945,FreenBecky,2,1,2025/5/3,25,0
r8946,ViewJune,2,0,2025/5/5,77,0
r8947,LingOrm,10,20,2025/8/27,3661,1
r8948,EmiBonnie,5,76,2025/5/4,7307,0
r8949,LingOrm,3,2,2025/12/29,561,0
r8950,NamtanFilm,11,5,2025/5/4,671,0
r8951,EngLot,13,4,2025/5/4,1843,1
r8952,EngLot,2,5,2025/5/4,235,0
r8953,FreenBecky,2,10,2025/5/10,310,0
r8954,LingOrm,49,55,2025/6/8,34107,0
r8955,LingOrm,14,212,2025/5/5,27779,1
r8956,LingOrm,14,9,2025/5/5,3638,1
r8957,NamtanFilm,4,6,2025/5/5,497,0
r8958,LingOrm,1,4,2025/5/4,196,0
r8959,EngLot,2,1,2026/4/10,167,0
r8960,LingOrm,1,8,2025/5/12,561,1
r8961,FreenBecky,10,176,2025/5/5,30985,1
r8962,LingOrm,11,5,2025/5/13,3435,1
r8963,FreenBecky,14,257,2025/6/14,48283,1
r8964,MilkLove,17,26,2025/5/4,8341,1
r8965,FreenBecky,10,154,2025/8/27,25764,1
r8966,JuneMewnich,3,5,2025/5/10,613,0
r8967,LingOrm,56,46,2025/5/7,45212,1
r8968,EngLot,8,21,2025/5/5,5002,0
r8969,MilkLove,5,8,2026/4/18,1696,0
r8970,FreenBecky,27,54,2025/7/10,9463,1
r8971,FreenBecky,2,2,2025/5/7,202,0
r8972,EngLot,1,2,2025/5/4,55,0
r8973,EmiBonnie,9,5,2025/5/4,932,0
r8974,LingOrm,6,4,2025/5/5,584,1
r8975,MilkLove,15,66,2025/5/10,16252,1
r8976,LingOrm,3,1,2025/5/5,179,0
r8977,EmiBonnie,4,52,2025/5/30,3970,0
r8978,LingOrm,26,75,2025/5/5,19295,1
r8979,EngLot,2,2,2025/5/5,251,0
r8980,EmiBonnie,1,3,2025/5/5,136,0
r8981,EmiBonnie,11,69,2025/5/17,14255,0
r8982,EmiBonnie,1,4,2025/5/26,252,0
r8983,LingOrm,17,21,2025/7/24,2667,0
r8984,EngLot,9,20,2025/8/18,28370,1
r8985,LingOrm,29,219,2025/5/9,111356,1
r8986,LingOrm,6,1,2025/5/5,16,0
r8987,FreenBecky,5,7,2025/5/5,478,0
r8988,NamtanFilm,6,11,2025/5/5,3364,1
r8989,LingOrm,28,325,2025/5/5,112469,1
r8990,LingOrm,2,2,2025/5/5,77,0
r8991,LingOrm,1,5,2025/5/6,770,1
r8992,LingOrm,1,0,2025/5/5,79,0
r8993,NamtanFilm,4,0,2025/5/5,21,0
r8994,LingOrm,8,142,2025/5/6,10976,1
r8995,LingOrm,1,5,2025/5/5,699,0
r8996,NamtanFilm,36,43,2025/5/8,11682,1
r8997,LingOrm,1,30,2025/5/7,1286,0
r8998,LingOrm,1,2,2025/6/7,115,0
r8999,LingOrm,8,2,2025/5/5,593,1
r9000,LingOrm,27,195,2025/5/23,85847,1
r9001,EmiBonnie,5,8,2025/5/5,612,0
r9002,EmiBonnie,20,161,2025/5/7,33444,1
r9003,MeenBabe,16,3,2025/5/5,1214,0
r9004,OomBam,2,2,2025/5/5,357,1
r9005,EmiBonnie,18,294,2025/5/6,72094,1
r9006,LingOrm,1,1,2025/5/6,39,0
r9007,LingOrm,18,97,2025/5/6,29156,0
r9008,LingOrm,2,2,2025/5/5,210,0
r9009,ViewMim,3,23,2025/5/5,2229,1
r9010,EngLot,15,17,2025/5/5,5521,1
r9011,EmiBonnie,1,25,2025/5/5,1342,1
r9012,FreenBecky,31,3,2025/6/4,2760,1
r9013,LingOrm,2,23,2025/10/10,1423,0
r9014,EngLot,7,8,2026/7/7,3014,1
r9015,LingOrm,11,14,2025/5/6,2389,1
r9016,EngLot,1,4,2026/3/2,97,0
r9017,EmiBonnie,1,2,2025/5/15,85,0
r9018,EngLot,1,1,2025/5/6,355,0
r9019,NamtanFilm,19,104,2025/7/8,25054,0
r9020,EngLot,1,10,2025/5/5,946,1
r9021,LingOrm,5,2,2025/5/6,391,0
r9022,LingOrm,10,4,2025/5/6,1015,0
r9023,EmiBonnie,3,28,2025/5/7,2894,0
r9024,MilkLove,4,9,2025/5/14,1487,0
r9025,NamneungNoey,3,8,2025/5/6,809,0
r9026,LingOrm,4,3,2025/5/6,243,0
r9027,LingOrm,5,1,2025/5/7,119,0
r9028,ViewJune,1,3,2025/5/6,108,0
r9029,LingOrm,15,33,2025/5/13,11881,1
r9030,FreenBecky,11,22,2025/5/6,5201,0
r9031,MilkLove,2,3,2025/12/18,175,0
r9032,LingOrm,30,122,2025/5/6,56818,1
r9033,FreenBecky,6,4,2025/5/6,295,0
r9034,EmiBonnie,2,17,2025/5/6,1467,0
r9035,LingOrm,6,4,2025/5/7,1834,1
r9036,EngLot,3,10,2025/5/7,871,0
r9037,LingOrm,47,729,2025/5/6,230450,1
r9038,LingOrm,11,38,2025/5/6,7226,0
r9039,EngLot,9,8,2025/5/7,2110,1
r9040,LingOrm,1,1,2025/5/6,27,0
r9041,EmiBonnie,2,308,2025/5/10,14169,0
r9042,LingOrm,3,4,2025/5/11,172,0
r9043,NamneungNoey,3,0,2025/5/6,55,0
r9044,LingOrm,41,15,2025/5/9,3567,1
r9045,LingOrm,53,210,2025/6/30,77152,1
r9046,EngLot,11,6,2025/5/8,1858,0
r9047,LingOrm,14,16,2025/5/20,3455,1
r9048,LingOrm,20,42,2025/8/19,30130,1
r9049,LingOrm,42,158,2025/5/31,79823,1
r9050,ViewMim,2,2,2025/5/7,186,0
r9051,LingOrm,1,2,2025/5/6,813,1
r9052,EngLot,27,117,2025/5/24,97644,1
r9053,EmiBonnie,1,4,2026/1/7,87,0
r9054,EmiBonnie,5,3,2025/5/6,391,0
r9055,LingOrm,20,25,2025/5/6,7353,1
r9056,EmiBonnie,2,4,2025/6/21,417,0
r9057,EmiBonnie,3,2,2025/5/11,278,0
r9058,FreenBecky,29,29,2025/8/30,10647,1
r9059,FreenBecky,16,19,2025/5/16,4495,1
r9060,LingOrm,2,4,2025/5/7,863,0
r9061,EmiBonnie,6,6,2025/5/7,502,0
r9062,EngLot,7,2,2025/5/7,2134,1
r9063,EngLot,7,7,2025/5/7,1010,0
r9064,EngLot,3,3,2025/5/7,142,0
r9065,NamneungNoey,1,1,2025/5/7,146,1
r9066,NamtanFilm,21,331,2025/5/20,104866,0
r9067,NamtanFilm,24,102,2025/5/7,28601,1
r9068,EngLot,13,175,2025/5/7,53772,1
r9069,FreenBecky,10,100,2025/5/8,12279,1
r9071,MilkLove,9,52,2025/5/26,6725,1
r9072,LingOrm,1,61,2025/5/7,9011,1
r9073,EngLot,30,172,2026/5/4,103097,0
r9074,MilkLove,10,45,2025/5/12,9056,1
r9075,EngLot,11,18,2025/5/7,10746,1
r9076,EmiBonnie,9,61,2025/5/7,8488,1
r9077,NamtanFilm,6,7,2025/5/7,744,1
r9078,LingOrm,11,56,2025/5/7,11809,0
r9079,LingOrm,16,28,2025/5/7,3947,1
r9080,FreenBecky,5,2,2025/5/8,180,0
r9081,FreenBecky,3,6,2025/5/7,465,0
r9082,LingOrm,27,10,2025/5/7,3590,0
r9083,LingOrm,17,6,2025/5/7,2697,1
r9084,EngLot,4,19,2025/5/8,1475,0
r9085,EmiBonnie,10,91,2025/5/14,19640,1
r9086,EngLot,6,20,2025/5/11,2362,1
r9087,EmiBonnie,5,27,2025/5/7,3982,0
r9088,LingOrm,5,2,2025/5/7,747,0
r9089,LingOrm,13,24,2025/5/8,6641,1
r9090,LingOrm,29,21,2025/5/11,14823,1
r9091,EngLot,15,7,2025/5/7,3910,1
r9092,LingOrm,7,2,2025/5/7,381,0
r9094,LingOrm,34,12,2025/5/7,4499,1
r9095,FreenBecky,38,28,2025/5/17,15880,1
r9096,LingOrm,7,19,2025/5/7,1480,0
r9097,NamneungNoey,32,7,2025/5/7,2835,1
r9098,EmiBonnie,16,22,2025/7/5,6496,1
r9099,LingOrm,17,674,2025/5/13,157308,1
r9100,LingOrm,19,31,2025/5/10,14574,1
r9101,EmiBonnie,4,5,2025/5/8,462,0
r9102,FreenBecky,1,1,2025/5/12,21,0
r9103,LingOrm,8,0,2025/5/8,278,0
r9104,LingOrm,4,2,2025/5/8,138,0
r9105,LingOrm,19,8,2025/5/8,2063,0
r9106,ViewMim,12,13,2025/5/8,2427,0
r9107,LingOrm,3,0,2025/5/16,43,0
r9108,LingOrm,28,1217,2025/5/15,610260,1
r9110,EmiBonnie,6,17,2026/2/7,997,1
r9111,NamtanFilm,18,258,2025/5/19,58317,1
r9112,EngLot,9,14,2025/5/21,6788,0
r9113,LingOrm,9,43,2025/5/8,4141,1
r9114,EngLot,1,2,2025/5/8,41,0
r9115,LingOrm,3,2,2025/5/8,185,0
r9116,FreenBecky,18,10,2025/5/9,2439,1
r9117,EmiBonnie,12,191,2025/5/9,27135,0
r9118,LingOrm,18,12,2025/6/6,11997,0
r9119,EmiBonnie,15,131,2025/5/8,29205,1
r9120,LingOrm,11,129,2025/5/12,30173,1
r9121,MilkLove,2,7,2025/5/13,300,0
r9122,EngLot,1,3,2025/5/8,470,1
r9123,NamneungNoey,2,0,2025/5/20,93,0
r9124,LingOrm,1,1,2026/1/25,28,0
r9125,LingOrm,1,2,2025/5/26,98,0
r9126,LingOrm,6,3,2025/5/24,853,1
r9127,EmiBonnie,24,26,2025/5/8,7282,0
r9128,LingOrm,18,0,2025/5/8,380,0
r9129,LingOrm,2,245,2025/5/15,20954,0
r9130,LingOrm,19,11,2025/5/8,4556,1
r9131,LingOrm,28,133,2025/6/24,77127,1
r9132,LingOrm,2,0,2025/5/9,56,0
r9133,EngLot,9,3,2025/5/9,2252,1
r9134,LingOrm,9,14,2025/5/11,2329,0
r9135,LingOrm,8,6,2025/5/9,1041,1
r9136,EngLot,11,91,2025/5/9,20898,1
r9137,ViewJune,10,7,2025/5/18,763,1
r9138,FreenBecky,2,1,2025/6/2,81,0
r9139,LingOrm,12,4,2025/5/9,1118,0
r9140,EmiBonnie,8,31,2025/5/12,5209,1
r9141,LingOrm,10,11,2025/5/9,1769,1
r9142,LingOrm,6,9,2025/5/9,502,0
r9143,EngLot,1,1,2025/5/9,177,0
r9144,MeenBabe,11,6,2025/5/10,2193,1
r9145,FreenBecky,31,33,2025/5/11,12234,1
r9146,LingOrm,1,0,2026/2/28,43,0
r9147,EngLot,7,4,2025/5/10,1049,1
r9148,LingOrm,27,161,2025/5/15,61211,1
r9149,LingOrm,3,0,2025/5/9,162,0
r9150,LingOrm,3,6,2025/5/9,332,1
r9151,NamtanFilm,7,14,2025/5/10,3314,1
r9152,EngLot,16,9,2025/5/24,6898,1
r9153,FreenBecky,7,42,2025/5/10,3158,0
r9154,EmiBonnie,6,24,2025/5/10,3496,1
r9155,LingOrm,5,2,2025/5/10,716,1
r9156,FreenBecky,2,2,2025/5/10,77,0
r9157,LingOrm,6,10,2025/6/22,3084,0
r9158,LingOrm,1,87,2025/5/16,5075,1
r9159,FreenBecky,7,137,2025/5/17,15344,0
r9160,LingOrm,9,16,2025/5/14,2159,0
r9161,ViewJune,4,5,2025/5/24,490,0
r9162,LMSY,13,16,2025/5/11,5259,1
r9163,MilkLove,13,35,2025/8/16,7494,1
r9164,LingOrm,2,5,2025/5/10,716,1
r9165,LingOrm,1,0,2026/2/15,53,0
r9166,EngLot,5,12,2025/5/10,2079,1
r9167,LingOrm,6,6,2025/5/10,940,1
r9168,LingOrm,9,59,2025/7/23,11787,1
r9170,MeenBabe,2,6,2025/10/28,364,0
r9171,EmiBonnie,1,4,2025/5/10,453,1
r9172,LingOrm,1,4,2025/5/11,134,0
r9173,EngLot,12,164,2025/5/11,48559,1
r9174,EmiBonnie,4,4,2025/5/10,778,0
r9175,FreenBecky,1,5,2025/11/13,100,0
r9176,EmiBonnie,6,7,2025/5/12,1065,0
r9177,LenaMiu,8,61,2025/5/10,16887,0
r9178,ViewMim,1,0,2026/6/14,19,0
r9179,NamneungNoey,1,0,2025/5/10,10,0
r9180,LingOrm,2,10,2025/5/15,6510,0
r9181,LingOrm,12,74,2025/5/23,36067,1
r9182,MilkLove,1,1,2025/5/11,82,0
r9183,LingOrm,7,1,2025/5/11,171,0
r9184,LingOrm,15,31,2025/5/11,9455,0
r9185,MeenBabe,9,4,2025/5/12,2125,1
r9186,NamtanFilm,1,2,2025/5/11,144,0
r9187,LingOrm,24,6,2025/5/11,3156,1
r9188,EngLot,5,4,2025/5/16,374,0
r9189,LingOrm,9,4,2025/5/11,261,0
r9190,LingOrm,6,9,2025/5/11,882,0
r9191,LingOrm,2,7,2025/5/11,810,1
r9192,EngLot,2,12,2025/6/28,2033,0
r9193,EngLot,17,9,2025/5/11,1988,1
r9194,LingOrm,4,3,2025/5/11,146,0
r9195,EngLot,1,3,2025/5/11,244,0
r9196,LingOrm,6,3,2025/5/11,529,1
r9197,LingOrm,6,1,2025/5/11,134,0
r9198,EngLot,2,3,2025/5/18,391,0
r9199,NamtanFilm,1,8,2025/5/11,944,1
r9200,EmiBonnie,6,2,2025/5/12,1340,0
r9201,LingOrm,2,11,2025/5/25,1647,1
r9202,LingOrm,2,1,2025/5/11,199,1
r9203,LingOrm,7,62,2026/7/28,21297,0
r9204,LingOrm,1,0,2025/5/11,158,0
r9205,NamtanFilm,10,45,2025/5/11,5635,0
r9206,EngLot,1,1,2025/5/11,41,0
r9207,LingOrm,2,0,2025/5/19,188,0
r9208,LingOrm,31,103,2025/6/18,61936,1
r9209,MilkLove,1,0,2025/5/11,34,0
r9210,EmiBonnie,13,28,2025/5/15,6107,1
r9211,EmiBonnie,10,1,2025/12/7,257,0
r9212,ViewJune,1,1,2025/5/11,57,1
r9213,EmiBonnie,3,1,2025/5/12,169,0
r9214,LingOrm,5,13,2025/5/18,600,0
r9215,MilkLove,5,6,2025/5/11,191,0
r9217,LingOrm,9,2,2025/9/11,1302,0
r9218,LingOrm,1,1,2025/5/12,20,0
r9219,FreenBecky,1,22,2025/5/27,2609,1
r9220,FreenBecky,13,12,2025/5/12,2860,1
r9221,LingOrm,12,16,2026/4/6,3972,1
r9222,FreenBecky,17,22,2025/6/8,6203,1
r9223,EngLot,1,2,2025/5/12,45,0
r9224,LingOrm,15,17,2025/5/12,2763,1
r9226,LingOrm,2,1,2025/5/12,39,0
r9227,LingOrm,7,11,2025/5/12,714,0
r9228,LingOrm,1,4,2025/5/12,1294,1
r9229,LingOrm,2,0,2025/5/12,55,0
r9230,LingOrm,12,19,2025/5/12,2813,1
r9231,FreenBecky,35,11,2025/6/3,7685,1
r9232,EngLot,15,26,2025/5/13,12946,1
r9233,LingOrm,7,136,2025/5/14,15910,1
r9234,EmiBonnie,3,19,2025/5/12,1202,0
r9235,LingOrm,9,13,2026/4/5,635,0
r9236,LingOrm,1,6,2025/5/12,203,1
r9237,EngLot,14,34,2025/5/12,5954,1
r9238,LingOrm,1,0,2025/9/15,6,0
r9239,LingOrm,4,15,2025/5/13,1664,0
r9240,LingOrm,4,11,2025/5/12,1451,0
r9241,LingOrm,1,0,2025/5/12,36,0
r9242,MilkLove,4,14,2025/7/20,2162,0
r9243,LingOrm,1,0,2025/5/12,27,0
r9244,LingOrm,2,3,2025/5/12,677,0
r9245,EngLot,7,20,2025/5/16,2584,0
r9246,LingOrm,3,4,2025/6/4,320,0
r9247,LingOrm,2,3,2025/7/16,167,0
r9248,LingOrm,5,14,2025/9/11,2401,0
r9249,LingOrm,3,9,2025/5/13,1276,1
r9250,LingOrm,18,182,2025/5/20,56918,0
r9251,LingOrm,20,149,2025/5/13,47550,1
r9252,EngLot,6,5,2025/7/5,3881,1
r9253,EngLot,20,4,2025/5/13,1642,1
r9254,LingOrm,2,2,2025/5/15,379,1
r9255,LingOrm,10,10,2025/5/13,1949,1
r9256,FreenBecky,4,3,2025/5/15,206,0
r9257,NamtanFilm,2,4,2025/5/14,211,0
r9258,EmiBonnie,1,5,2026/1/4,143,0
r9259,LingOrm,20,703,2025/5/13,265929,1
r9260,LingOrm,2,6,2025/5/13,468,0
r9261,EmiBonnie,10,58,2025/5/14,9639,1
r9262,MeenBabe,17,127,2025/8/11,37380,1
r9263,LingOrm,4,2,2025/6/8,152,0
r9264,LingOrm,9,36,2025/5/18,7110,1
r9265,GinJay,16,66,2026/2/25,16577,1
r9266,LingOrm,51,414,2025/5/23,280766,1
r9267,EmiBonnie,14,44,2025/5/14,8895,1
r9268,EngLot,7,12,2025/5/18,5080,0
r9269,LingOrm,14,81,2025/5/19,15863,0
r9270,NamtanFilm,8,1,2025/5/14,537,1
r9271,LingOrm,9,6,2025/5/27,375,0
r9272,FreenBecky,40,30,2025/5/14,12777,1
r9273,LingOrm,7,8,2025/5/14,444,0
r9274,LingOrm,16,3,2025/7/13,2338,1
r9275,EngLot,4,6,2025/5/14,691,0
r9276,LingOrm,14,31,2025/5/20,10831,1
r9277,NamtanFilm,20,162,2025/5/31,38962,0
r9278,EmiBonnie,1,6,2025/5/26,247,1
r9280,FreenBecky,26,9,2025/5/23,2655,1
r9281,EngLot,21,10,2025/5/14,5374,1
r9282,FayeYoko,5,15,2025/6/21,551,1
r9283,LingOrm,10,8,2025/5/21,1224,0
r9284,LingOrm,28,49,2025/5/19,30607,1
r9285,EngLot,11,0,2025/5/15,96,1
r9286,KaoJaneJaneKao,12,6,2025/5/14,775,0
r9287,LingOrm,29,453,2025/5/17,207034,1
r9289,LingOrm,2,1,2025/5/15,25,0
r9290,GraceOaey,14,4,2025/6/25,1203,0
r9291,MilkLove,20,36,2025/5/18,12030,0
r9292,LingOrm,1,0,2025/5/18,55,0
r9293,EmiBonnie,10,8,2025/5/14,793,1
r9294,LingOrm,4,1,2025/5/14,248,0
r9295,NamtanFilm,3,5,2026/3/8,396,0
r9296,LingOrm,9,5,2025/5/20,1509,1
r9297,LingOrm,75,801,2025/5/18,325034,1
r9298,MeenBabe,3,5,2025/7/4,949,0
r9299,FreenBecky,4,8,2025/8/26,590,0
r9300,FreenBecky,22,100,2025/5/22,19154,1
r9301,LingOrm,24,243,2025/5/20,103748,1
r9302,EmiBonnie,5,7,2025/5/15,659,1
r9303,LingOrm,6,120,2025/5/15,42119,1
r9304,EngLot,4,2,2025/5/15,122,0
r9305,LingOrm,13,10,2025/5/15,1615,1
r9306,EmiBonnie,2,3,2025/7/21,201,0
r9307,LingOrm,1,4,2025/5/15,270,0
r9308,EngLot,13,14,2025/6/1,5882,1
r9309,FreenBecky,7,3,2025/5/15,697,0
r9310,EngLot,3,9,2025/5/15,1326,0
r9311,LingOrm,22,132,2025/5/18,55469,1
r9312,LingOrm,14,8,2025/5/15,2535,1
r9313,LingOrm,3,2,2025/5/15,129,0
r9314,LingOrm,37,1010,2025/5/16,466708,1
r9315,LingOrm,3,1,2025/5/17,303,0
r9316,EmiBonnie,3,6,2025/5/15,659,0
r9317,LingOrm,1,0,2025/5/16,85,0
r9318,NamneungNoey,21,3,2025/5/15,547,0
r9319,NamtanFilm,11,25,2025/7/6,4312,0
r9320,FreenBecky,1,1,2025/7/11,96,0
r9321,EmiBonnie,4,8,2025/5/15,462,1
r9322,EngLot,4,2,2025/5/18,181,0
r9323,EmiBonnie,26,11,2025/5/15,2385,1
r9324,FreenBecky,25,16,2025/5/16,5064,1
r9325,LingOrm,9,40,2025/5/17,6429,0
r9326,EmiBonnie,9,199,2025/5/27,23039,1
r9327,LingOrm,10,165,2025/5/18,15392,0
r9328,LingOrm,43,26,2025/10/20,11824,1
r9329,LingOrm,1,0,2025/6/26,103,0
r9330,LingOrm,10,40,2025/5/16,7884,1
r9331,LingOrm,18,6,2025/5/16,2888,0
r9332,LingOrm,17,199,2025/5/18,47537,1
r9334,LingOrm,15,52,2025/5/18,12274,1
r9335,FreenBecky,9,14,2025/5/17,2543,0
r9336,LingOrm,9,4,2025/5/16,1021,1
r9337,LingOrm,20,618,2025/5/18,102434,1
r9338,NamtanFilm,1,2,2025/5/16,247,1
r9339,EngLot,21,1,2025/5/17,250,0
r9340,EngLot,3,3,2025/5/18,706,0
r9341,LingOrm,1,1,2025/5/16,36,0
r9342,EmiBonnie,3,110,2025/5/17,7236,0
r9343,FreenBecky,25,117,2025/7/4,27504,1
r9344,LingOrm,16,223,2025/5/17,39893,0
r9345,LingOrm,6,6,2025/6/3,754,1
r9346,LingOrm,16,22,2025/5/17,7835,1
r9347,LingOrm,3,2,2026/4/4,995,0
r9348,LingOrm,1,35,2025/5/18,2883,1
r9349,EmiBonnie,3,2,2025/5/17,112,0
r9350,EmiBonnie,1,7,2025/8/17,287,0
r9351,LingOrm,4,2,2025/5/30,728,0
r9352,EngLot,16,83,2025/5/17,87571,1
r9354,MeenBabe,3,15,2025/5/27,1853,0
r9355,NamtanFilm,5,11,2025/5/17,569,1
r9356,EmiBonnie,1,0,2025/5/18,178,0
r9357,LingOrm,5,4,2025/5/17,398,1
r9359,EngLot,10,98,2025/5/17,30741,1
r9360,EngLot,2,1,2025/5/17,113,0
r9361,EmiBonnie,11,257,2025/7/11,41572,1
r9362,LingOrm,9,166,2025/5/17,36214,1
r9363,LingOrm,5,8,2025/5/17,628,0
r9364,FreenBecky,26,35,2025/5/18,11144,1
r9365,FreenBecky,2,3,2025/5/18,104,0
r9366,LingOrm,7,20,2025/5/17,5280,1
r9367,ViewJune,2,4,2025/5/27,163,0
r9368,EmiBonnie,3,17,2025/5/26,1535,0
r9369,EmiBonnie,1,6,2025/5/18,370,0
r9370,LingOrm,1,1,2025/7/25,34,0
r9371,EngLot,1,1,2025/5/17,109,0
r9372,EngLot,7,5,2025/5/18,1063,1
r9373,EngLot,1,2,2025/5/19,104,0
r9374,EngLot,21,3,2025/5/18,1126,0
r9375,EmiBonnie,2,12,2025/5/18,1342,0
r9376,LingOrm,2,3,2026/4/21,525,0
r9377,FreenBecky,6,4,2025/5/18,318,0
r9378,LingOrm,3,7,2025/6/10,371,0
r9379,EngLot,2,16,2025/5/18,2373,1
r9380,LingOrm,2,0,2025/5/18,159,0
r9381,LingOrm,19,364,2025/5/18,106410,1
r9382,FreenBecky,11,25,2025/5/20,3259,0
r9383,LingOrm,27,90,2025/5/24,10694,0
r9384,EngLot,6,6,2025/5/25,2431,0
r9385,NamneungNoey,1,0,2025/5/18,37,0
r9388,FreenBecky,37,53,2025/6/22,16295,1
r9389,EmiBonnie,11,21,2025/5/28,2969,1
r9390,EngLot,1,0,2025/5/18,46,0
r9391,LingOrm,32,12,2025/5/18,4352,1
r9392,LingOrm,29,67,2025/5/21,44960,1
r9393,LingOrm,2,1,2025/5/18,93,0
r9394,EmiBonnie,9,27,2026/3/15,4997,0
r9395,EmiBonnie,5,64,2025/5/19,7965,0
r9396,MilkLove,3,2,2025/5/18,228,0
r9397,LingOrm,3,14,2025/5/19,1339,0
r9398,FreenBecky,1,5,2025/5/19,168,1
r9399,EngLot,9,2,2025/5/18,996,1
r9400,EmiBonnie,9,93,2025/5/22,10853,0
r9401,LingOrm,3,2,2025/5/19,82,0
r9402,NamtanFilm,2,4,2025/5/19,187,0
r9403,EngLot,4,5,2025/5/22,1577,0
r9404,LingOrm,19,163,2025/5/23,63739,1
r9405,LingOrm,1,0,2025/5/19,70,0
r9406,FreenBecky,14,8,2025/5/23,1423,1
r9407,EmiBonnie,2,11,2025/5/21,856,0
r9408,FreenBecky,8,5,2025/5/19,824,1
r9409,LingOrm,15,36,2025/5/20,9986,1
r9410,MilkLove,14,7,2025/5/19,2207,0
r9411,LingOrm,1,3,2026/6/26,99,0
r9412,EmiBonnie,4,8,2025/6/12,744,0
r9413,LingOrm,31,203,2025/5/20,132116,1
r9414,LingOrm,2,2,2025/5/20,484,0
r9415,TkNur,7,52,2025/11/10,8197,1
r9416,FreenBecky,17,33,2025/6/16,11532,1
r9417,ViewMim,8,11,2025/5/19,1657,0
r9418,LingOrm,3,0,2025/5/20,76,0
r9419,LingOrm,3,5,2025/5/19,231,0
r9420,EmiBonnie,18,16,2025/5/20,2845,0
r9421,LingOrm,31,89,2025/5/21,72035,1
r9422,EmiBonnie,5,26,2025/6/2,2108,0
r9423,LingOrm,41,53,2025/5/22,11880,1
r9424,LingOrm,17,26,2025/6/10,8739,1
r9425,EmiBonnie,17,260,2025/5/27,59438,1
r9426,EngLot,3,3,2026/4/28,177,0
r9427,LingOrm,2,8,2025/5/21,743,0
r9428,LingOrm,16,34,2025/5/20,10006,1
r9429,LingOrm,15,141,2025/5/30,34751,1
r9430,LingOrm,24,38,2025/6/13,11761,1
r9431,LingOrm,24,15,2025/5/26,2950,1
r9432,EngLot,7,16,2026/3/13,6235,1
r9433,LingOrm,26,185,2025/11/21,58304,1
r9434,ViewJune,1,3,2025/5/21,78,0
r9435,EngLot,1,24,2025/5/21,849,0
r9436,LingOrm,42,83,2025/7/10,44352,1
r9437,EngLot,17,35,2025/5/25,12154,1
r9438,EmiBonnie,5,25,2025/6/11,2384,0
r9439,EngLot,18,75,2025/5/22,22933,1
r9440,EmiBonnie,11,54,2025/5/22,11286,0
r9441,NamneungNoey,1,2,2025/5/21,77,0
r9443,EngLot,1,1,2025/5/24,108,0
r9444,LingOrm,4,0,2025/5/22,582,0
r9445,LingOrm,1,2,2025/5/22,545,1
r9446,FreenBecky,31,16,2025/5/22,7271,1
r9447,EngLot,17,104,2025/5/30,33183,1
r9448,EngLot,15,290,2025/6/1,116895,1
r9449,LingOrm,20,80,2025/5/26,28534,1
r9450,LingOrm,22,62,2025/6/27,18077,0
r9451,EngLot,1,1,2025/5/22,275,0
r9452,LingOrm,10,13,2025/5/25,2819,1
r9453,LingOrm,2,2,2025/5/23,181,0
r9454,FreenBecky,16,19,2025/6/9,4390,1
r9455,EngLot,18,85,2025/5/25,84211,1
r9456,LingOrm,1,3,2025/10/25,197,0
r9457,LingOrm,12,30,2025/5/23,4293,0
r9458,NamneungNoey,12,0,2025/6/23,817,1
r9459,EngLot,1,1,2025/5/22,27,0
r9460,LingOrm,2,5,2025/5/23,179,0
r9461,EngLot,1,1,2025/5/22,84,0
r9462,LenaMiu,7,73,2025/5/25,10276,0
r9463,MilkLove,14,12,2025/5/26,2295,1
r9464,LingOrm,1,1,2025/5/23,191,0
r9465,LingOrm,12,25,2025/5/23,6010,0
r9466,LingOrm,1,1,2026/3/14,38,0
r9467,LingOrm,20,21,2025/6/24,7990,1
r9468,LingOrm,10,5,2025/5/26,2025,1
r9470,EmiBonnie,6,12,2025/5/23,1848,0
r9471,LingOrm,4,3,2025/5/23,382,0
r9472,EmiBonnie,2,1,2025/5/24,122,0
r9473,LingOrm,15,365,2025/6/24,102977,1
r9474,LingOrm,29,1357,2025/5/24,588245,1
r9475,LingOrm,10,4,2025/5/24,673,0
r9476,LingOrm,5,0,2025/5/25,71,0
r9477,FreenBecky,1,0,2025/5/24,28,0
r9478,LingOrm,38,417,2025/6/3,300174,1
r9479,EmiBonnie,4,19,2025/5/26,2475,0
r9480,EngLot,1,8,2025/5/24,963,0
r9481,LingOrm,14,23,2025/5/24,7934,1
r9482,LingOrm,1,140,2025/5/28,16458,1
r9483,LingOrm,23,68,2025/5/26,19332,1
r9484,LingOrm,2,0,2025/6/8,36,0
r9485,EmiBonnie,30,15,2025/5/24,5100,1
r9486,NamneungNoey,4,0,2025/5/24,1234,0
r9487,LingOrm,6,184,2025/5/24,16281,1
r9488,EngLot,24,9,2025/5/24,14619,1
r9489,EmiBonnie,5,28,2025/5/25,2263,0
r9490,NamtanFilm,14,12,2025/5/27,2348,1
r9491,LingOrm,1,0,2025/5/24,62,0
r9492,LingOrm,2,1,2025/5/24,590,0
r9493,EmiBonnie,3,22,2025/5/25,1622,0
r9494,LingOrm,7,3,2025/5/26,423,0
r9495,LingOrm,5,16,2025/5/25,4204,0
r9496,LingOrm,6,0,2025/5/26,548,0
r9497,MeenBabe,25,15,2025/5/25,3801,1
r9498,LingOrm,5,30,2025/10/31,7975,0
r9499,FreenBecky,2,1,2025/7/2,71,0
r9500,EmiBonnie,1,1,2025/5/25,66,0
r9501,LingOrm,2,17,2025/5/26,479,0
r9502,EmiBonnie,5,3,2025/5/25,619,0
r9503,LingOrm,4,4,2025/12/3,554,1
r9504,LingOrm,11,22,2025/5/28,5977,1
r9505,NamtanFilm,6,7,2025/7/23,864,0
r9506,LingOrm,9,128,2025/5/25,11999,1
r9507,LingOrm,2,0,2025/5/26,48,0
r9508,NamtanFilm,14,45,2025/8/15,12839,0
r9509,LingOrm,21,56,2025/5/25,11344,1
r9510,NamneungNoey,7,4,2025/6/13,887,0
r9511,FreenBecky,10,34,2025/5/25,4812,1
r9512,EmiBonnie,3,0,2025/5/25,35,0
r9513,EmiBonnie,7,2,2025/5/25,232,0
r9514,LingOrm,8,1,2025/6/8,270,0
r9515,MilkLove,26,167,2026/1/15,43339,1
r9516,MilkLove,2,6,2025/5/25,209,1
r9517,EngLot,2,1,2025/5/25,105,0
r9518,LenaMiu,5,27,2025/11/20,5108,0
r9519,MilkLove,3,1,2025/5/25,179,0
r9520,KaoJaneJaneKao,20,234,2025/5/26,43587,0
r9521,LenaMiu,1,42,2025/6/4,2823,0
r9522,LingOrm,11,34,2025/5/30,2445,1
r9523,FreenBecky,14,6,2025/6/6,2056,0
r9524,EmiBonnie,9,46,2025/5/31,5989,1
r9525,LingOrm,7,4,2025/5/26,315,0
r9526,NamtanFilm,5,3,2025/7/8,430,0
r9527,MeenBabe,3,6,2025/5/28,1045,0
r9528,FreenBecky,4,172,2025/6/7,14229,0
r9529,FreenBecky,10,97,2025/5/27,13977,1
r9530,EmiBonnie,2,3,2025/5/26,135,0
r9531,LingOrm,16,10,2025/6/1,4536,1
r9532,LingOrm,18,95,2025/6/1,42871,1
r9533,LingOrm,36,120,2025/6/1,56960,1
r9534,EngLot,3,2,2026/6/12,71,0
r9535,LingOrm,1,0,2025/5/26,57,0
r9536,NamtanFilm,9,12,2025/5/27,2205,0
r9537,KaoJaneJaneKao,3,7,2025/6/4,863,0
r9538,FreenBecky,4,120,2025/6/1,7988,0
r9539,NamtanFilm,5,6,2025/5/27,1081,0
r9540,AndaLookkaew,5,15,2025/5/28,2603,0
r9541,EngLot,4,24,2025/5/28,5014,0
r9542,EngLot,57,457,2025/8/16,315138,1
r9543,LingOrm,5,2,2025/5/29,223,0
r9544,EngLot,28,10,2025/5/27,9035,1
r9545,EmiBonnie,26,53,2025/5/27,17163,1
r9546,FayeYoko,4,4,2025/5/27,213,0
r9547,LingOrm,4,1,2025/5/27,138,1
r9548,ViewJune,11,9,2025/6/1,1251,0
r9549,EngLot,16,3,2025/6/5,959,1
r9550,EmiBonnie,1,5,2025/6/19,250,0
r9551,EmiBonnie,10,19,2025/5/30,6017,1
r9552,LingOrm,2,8,2025/6/22,783,0
r9553,EngLot,14,98,2025/6/2,78972,1
r9554,FreenBecky,1,2,2025/5/29,282,1
r9555,LingOrm,4,0,2025/7/5,339,0
r9556,LingOrm,1,0,2025/11/20,101,0
r9557,LingOrm,11,13,2025/5/28,3452,1
r9558,LingOrm,21,484,2025/5/29,130967,1
r9559,LingOrm,6,19,2025/6/3,4943,0
r9560,EngLot,2,4,2025/7/16,107,0
r9561,LingOrm,14,8,2025/5/28,2159,0
r9562,EmiBonnie,17,71,2025/8/11,17204,1
r9563,LingOrm,13,46,2025/6/1,13977,1
r9564,FreenBecky,12,11,2025/5/31,1186,1
r9565,LingOrm,3,1,2025/5/30,246,0
r9566,LingOrm,13,117,2025/6/7,24643,1
r9567,FreenBecky,1,0,2025/6/13,39,0
r9568,EngLot,67,431,2025/6/7,479541,0
r9569,LingOrm,8,5,2025/5/29,773,1
r9570,FreenBecky,11,99,2025/9/19,13950,1
r9571,LingOrm,2,19,2025/6/4,1470,0
r9572,MilkLove,7,10,2025/5/28,885,0
r9573,EngLot,4,2,2025/6/1,277,0
r9574,EngLot,18,29,2025/6/1,20393,1
r9575,EmiBonnie,12,14,2025/6/25,3984,1
r9576,EmiBonnie,12,33,2026/2/12,5060,0
r9577,NamneungNoey,1,1,2025/5/28,202,0
r9578,EmiBonnie,18,319,2025/6/21,75278,1
r9579,NamtanFilm,1,0,2025/6/3,54,0
r9580,JuneMewnich,5,4,2025/7/14,737,0
r9581,EmiBonnie,2,48,2025/6/13,1998,0
r9582,KaoJaneJaneKao,3,9,2025/8/23,1535,0
r9583,MilkLove,1,3,2025/5/29,459,0
r9584,EmiBonnie,2,4,2025/5/30,653,0
r9585,LingOrm,61,72,2025/5/29,52614,1
r9586,FreenBecky,13,19,2025/6/18,3039,1
r9587,LingOrm,20,46,2025/6/6,18364,1
r9588,FreenBecky,25,26,2025/6/9,8918,1
r9589,LingOrm,2,16,2025/5/30,1130,0
r9590,LingOrm,16,2,2025/5/31,1198,0
r9591,FreenBecky,4,11,2025/5/30,818,0
r9592,FreenBecky,1,0,2025/5/30,26,0
r9593,LingOrm,24,44,2025/5/30,19772,0
r9595,EmiBonnie,3,2,2025/5/30,402,0
r9596,LingOrm,3,2,2025/5/30,601,0
r9597,NamneungNoey,1,3,2025/5/30,59,0
r9598,LingOrm,27,789,2025/6/10,375296,1
r9599,LingOrm,18,31,2025/6/5,17639,1
r9600,FreenBecky,44,27,2025/6/11,24844,1
r9601,LingOrm,24,107,2025/5/31,41578,1
r9602,LingOrm,17,65,2025/6/20,19645,1
r9603,EmiBonnie,15,61,2025/6/1,21894,0
r9604,NamtanFilm,1,1,2025/5/31,389,1
r9605,FreenBecky,1,3,2025/5/30,212,0
r9606,LingOrm,1,8,2025/5/30,363,1
r9607,ViewJune,2,0,2025/6/1,172,0
r9608,LingOrm,4,3,2025/5/31,132,0
r9609,EmiBonnie,21,552,2025/7/20,135155,1
r9610,LingOrm,1,0,2025/5/31,39,0
r9611,LingOrm,2,1,2025/5/30,245,0
r9612,EngLot,23,215,2025/6/7,108699,1
r9613,LingOrm,4,2,2025/5/31,541,0
r9614,LingOrm,4,35,2025/6/1,3582,0
r9615,MilkLove,26,200,2025/6/21,46266,0
r9616,LingOrm,4,7,2025/5/31,811,0
r9617,ViewJune,1,3,2025/6/4,47,0
r9618,LingOrm,1,23,2025/5/31,663,0
r9619,LingOrm,6,2,2025/5/31,424,0
r9620,LingOrm,36,906,2025/6/23,458808,0
r9621,FreenBecky,26,16,2025/6/8,4446,1
r9622,LingOrm,39,405,2025/5/31,66847,1
r9623,LingOrm,28,129,2025/5/31,76098,1
r9624,LingOrm,10,0,2025/6/1,606,1
r9625,MilkLove,1,0,2025/6/1,182,0
r9626,LingOrm,3,0,2025/6/2,118,0
r9628,LingOrm,16,23,2025/5/31,8529,1
r9629,FreenBecky,9,2,2025/5/31,536,1
r9630,EmiBonnie,7,57,2025/6/18,9189,0
r9631,NamneungNoey,52,17,2025/5/31,10642,1
r9632,EmiBonnie,8,3,2025/6/7,274,0
r9633,FreenBecky,4,4,2025/11/8,499,0
r9634,EmiBonnie,6,2,2025/6/1,897,1
r9635,LingOrm,6,8,2025/6/4,503,0
r9636,LingOrm,5,7,2025/6/1,1373,1
r9637,LingOrm,5,2,2025/6/1,526,1
r9638,EngLot,4,3,2025/6/1,503,1
r9639,EmiBonnie,5,17,2025/6/1,1559,0
r9640,LingOrm,17,245,2025/6/1,57654,1
r9641,NamtanFilm,1,1,2025/6/1,160,1
r9642,EmiBonnie,14,30,2025/6/14,6372,1
r9643,EngLot,10,3,2025/6/1,2045,0
r9644,EmiBonnie,6,4,2025/6/1,744,1
r9645,EngLot,10,6,2025/6/1,3254,1
r9646,EmiBonnie,5,8,2025/6/1,498,0
r9647,LingOrm,37,12,2025/6/30,12295,1
r9648,EngLot,1,1,2025/6/2,74,0
r9649,EngLot,7,2,2025/6/1,461,0
r9650,NamneungNoey,12,81,2025/6/3,9829,1
r9651,LingOrm,24,44,2025/8/24,19390,1
r9652,NamneungNoey,13,72,2026/5/20,12403,1
r9653,LingOrm,1,2,2025/6/1,181,0
r9654,EngLot,14,4,2025/7/19,3818,1
r9655,FreenBecky,10,13,2025/6/1,3090,0
r9656,ViewJune,25,12,2025/6/1,3499,0
r9657,LingOrm,5,1,2025/6/1,103,0
r9658,LingOrm,3,0,2025/6/2,97,0
r9659,EmiBonnie,2,110,2026/3/27,12637,0
r9660,LingOrm,3,1,2025/9/27,147,0
r9661,EngLot,11,30,2025/6/1,15038,1
r9662,MeenBabe,5,11,2025/6/15,2745,0
r9663,LingOrm,4,4,2025/6/2,257,0
r9664,LingOrm,5,3,2025/6/1,286,0
r9665,FreenBecky,31,8,2025/6/7,3645,1
r9666,LingOrm,5,0,2025/6/18,129,0
r9667,FreenBecky,5,11,2025/6/2,653,0
r9669,LingOrm,2,2,2025/6/2,279,1
r9670,LingOrm,1,8,2025/6/2,705,0
r9671,ViewMim,2,3,2025/6/2,529,0
r9672,FreenBecky,9,9,2025/6/7,1625,0
r9673,LingOrm,26,32,2025/6/3,15574,1
r9674,EngLot,26,412,2025/6/9,233600,1
r9675,LingOrm,12,35,2025/6/5,10076,0
r9676,BamYada,11,10,2025/6/15,1225,1
r9677,LingOrm,3,3,2025/6/6,412,0
r9678,NamtanFilm,10,16,2025/6/2,2958,1
r9680,LingOrm,3,3,2025/6/2,154,0
r9681,LingOrm,21,227,2025/6/7,65581,1
r9682,LingOrm,13,13,2025/6/2,880,1
r9683,NamtanFilm,4,4,2026/7/7,888,0
r9685,LingOrm,12,6,2025/6/3,859,0
r9686,LingOrm,26,11,2025/8/10,2215,1
r9687,EngLot,1,0,2025/12/2,47,0
r9688,LingOrm,22,266,2025/6/6,118183,1
r9689,LingOrm,7,40,2025/6/2,3418,0
r9690,FreenBecky,21,14,2025/6/3,2767,1
r9691,LingOrm,24,268,2025/8/8,96411,1
r9692,NamtanFilm,1,4,2026/3/29,217,0
r9693,EngLot,1,1,2025/6/2,107,0
r9694,LingOrm,2,4,2025/6/4,338,0
r9695,EmiBonnie,32,159,2025/6/3,53982,1
r9696,EngLot,1,9,2025/6/3,851,1
r9698,FreenBecky,1,1,2025/6/3,41,0
r9699,LingOrm,1,2,2025/6/3,72,0
r9700,EmiBonnie,10,9,2025/6/15,2181,1
r9702,LingOrm,4,0,2025/7/16,58,0
r9703,LingOrm,21,49,2025/6/7,8476,0
r9704,LingOrm,54,1001,2025/6/7,518312,1
r9705,NamtanFilm,5,2,2025/6/4,182,0
r9706,FayMay,7,27,2025/6/8,2405,0
r9707,EngLot,2,11,2026/6/28,1477,0
r9708,EngLot,24,43,2025/6/3,19487,1
r9709,EmiBonnie,1,3,2025/7/12,144,0
r9710,EngLot,30,69,2025/6/10,48024,0
r9711,NamneungNoey,7,34,2025/6/7,3543,1
r9712,LingOrm,2,4,2026/3/1,582,0
r9713,EmiBonnie,4,6,2025/6/4,445,0
r9714,LingOrm,8,9,2025/6/4,1713,1
r9715,LingOrm,15,2,2025/6/5,2016,0
r9716,LingOrm,7,195,2025/6/8,29261,0
r9717,EngLot,1,3,2025/8/10,257,0
r9718,LingOrm,3,4,2025/6/4,242,0
r9719,LingOrm,21,127,2025/6/4,49052,1
r9720,LingOrm,1,1,2025/6/6,51,0
r9721,EngLot,16,27,2025/6/5,8001,1
r9722,LingOrm,20,1,2025/7/11,1111,0
r9723,FreenBecky,2,3,2025/6/4,141,0
r9724,NamtanFilm,4,81,2026/8/1,5559,0
r9725,LingOrm,1,2,2025/6/5,135,0
r9726,FreenBecky,8,5,2026/1/17,531,0
r9727,LingOrm,11,54,2025/6/6,12402,0
r9728,EngLot,3,2,2025/6/27,727,0
r9729,ViewJune,25,8,2025/6/7,2492,1
r9730,EmiBonnie,1,4,2025/6/6,262,0
r9732,FreenBecky,20,10,2025/9/29,1118,0
r9733,LingOrm,18,672,2025/6/29,140710,0
r9734,EngLot,7,7,2025/6/7,2858,1
r9735,FreenBecky,10,171,2025/6/11,19165,1
r9736,LingOrm,15,21,2025/6/9,7854,1
r9737,LingOrm,10,4,2025/6/11,775,0
r9738,FreenBecky,12,201,2025/6/8,38597,1
r9739,NamtanFilm,8,181,2025/11/1,26857,0
r9740,LingOrm,7,0,2025/6/6,225,0
r9741,LingOrm,1,1,2025/6/18,64,0
r9742,LingOrm,8,3,2025/6/6,1067,0
r9743,EngLot,1,0,2025/6/6,88,1
r9744,LingOrm,8,9,2025/6/6,2467,1
r9745,LingOrm,1,0,2025/6/10,80,0
r9746,NamneungNoey,1,0,2025/6/6,25,0
r9747,LingOrm,1,0,2025/6/6,51,0
r9748,LingOrm,3,1,2025/6/6,211,0
r9749,FreenBecky,3,1,2025/8/13,146,0
r9750,LingOrm,3,0,2025/6/7,87,0
r9751,FreenBecky,18,51,2025/7/5,9963,1
r9752,FreenBecky,18,40,2025/7/1,9194,1
r9753,LingOrm,24,401,2025/6/16,135385,1
r9754,LingOrm,1,7,2025/8/11,189,0
r9755,FreenBecky,7,3,2025/6/7,1534,1
r9756,LingOrm,2,0,2025/6/7,372,0
r9757,LingOrm,16,14,2025/7/20,2516,1
r9758,FreenBecky,25,85,2025/10/10,21349,1
r9759,LingOrm,21,17,2025/6/7,6566,1
r9760,LingOrm,1,2,2025/6/7,246,0
r9761,LingOrm,3,0,2025/6/7,66,0
r9762,LingOrm,26,49,2025/6/7,14304,1
r9763,LingOrm,7,6,2026/1/25,587,0
r9764,EngLot,11,50,2025/6/10,9746,0
r9765,EngLot,16,7,2025/6/7,3442,1
r9766,LingOrm,16,13,2025/6/8,3451,1
r9767,MeenBabe,18,12,2025/12/29,7671,1
r9768,LingOrm,12,21,2025/6/7,7295,0
r9769,LMSY,11,1,2025/6/8,624,0
r9770,LingOrm,12,5,2025/6/8,1807,1
r9771,LingOrm,4,2,2025/6/8,155,0
r9772,LingOrm,1,3,2025/6/8,347,1
r9773,EngLot,3,2,2025/6/8,124,0
r9774,LingOrm,6,0,2025/6/8,331,0
r9775,LingOrm,12,4,2025/6/8,751,1
r9776,EngLot,12,10,2025/6/9,4125,1
r9777,FreenBecky,4,3,2025/7/26,295,0
r9778,FreenBecky,5,3,2025/6/8,188,0
r9779,FreenBecky,27,5,2025/7/5,3141,1
r9780,LingOrm,22,73,2025/6/9,42092,1
r9781,EngLot,15,104,2025/6/14,87262,1
r9782,EmiBonnie,10,15,2025/6/9,4146,1
r9783,LingOrm,20,19,2025/8/13,5740,1
r9784,EmiBonnie,15,52,2025/11/7,10619,1
r9785,FayeYoko,15,3,2025/6/18,1441,1
r9786,EmiBonnie,14,123,2025/6/9,20917,1
r9787,NamneungNoey,2,1,2025/6/9,96,1
r9788,LingOrm,14,0,2025/6/9,974,0
r9789,LingOrm,3,6,2025/6/10,362,0
r9790,LingOrm,4,4,2025/6/20,606,1
r9791,LingOrm,3,1,2025/6/11,45,0
r9792,EmiBonnie,21,53,2025/6/13,12474,1
r9793,EmiBonnie,3,10,2025/6/10,765,1
r9794,LingOrm,30,396,2025/6/14,176384,1
r9795,LingOrm,6,13,2025/6/15,2144,0
r9796,NamtanFilm,22,280,2025/6/13,76032,1
r9797,LingOrm,2,2,2025/6/10,132,0
r9798,AndaLookkaew,20,41,2025/6/22,13594,1
r9799,LingOrm,2,5,2025/6/10,485,1
r9800,LingOrm,35,335,2025/6/10,162464,1
r9801,LingOrm,28,121,2025/6/10,59114,1
r9802,LingOrm,31,2377,2025/8/16,736053,0
r9803,LingOrm,33,41,2025/6/10,24792,1
r9804,EnjoyJune,1,22,2025/6/24,1969,0
r9805,LingOrm,2,5,2025/6/11,357,1
r9806,ViewJune,2,2,2025/6/10,147,0
r9807,KaoJaneJaneKao,6,69,2025/6/14,5520,0
r9808,MilkLove,17,11,2025/6/16,1781,0
r9809,LingOrm,18,205,2025/6/13,90270,1
r9810,LingOrm,22,9,2025/6/11,1624,1
r9811,EngLot,18,11,2025/7/7,7972,1
r9812,EngLot,7,14,2025/6/12,1959,0
r9813,LingOrm,2,1,2025/6/11,23,0
r9814,LingOrm,7,1,2025/6/11,227,0
r9815,EngLot,1,0,2025/6/12,22,0
r9816,FreenBecky,2,0,2025/6/12,104,0
r9817,EmiBonnie,2,10,2025/6/15,1530,0
r9818,EngLot,14,11,2025/6/12,3286,0
r9819,LingOrm,18,33,2025/6/14,18159,1
r9820,FreenBecky,61,137,2025/6/22,137195,1
r9821,NamtanFilm,6,9,2025/6/12,1854,0
r9822,LingOrm,3,2,2026/5/15,125,0
r9823,JuneMewnich,3,9,2025/6/12,369,0
r9824,FreenBecky,14,84,2025/6/12,14711,1
r9825,EngLot,2,2,2025/6/12,202,0
r9826,LingOrm,2,0,2025/6/12,126,0
r9827,NamtanFilm,9,12,2025/6/14,2250,0
r9828,LingOrm,3,0,2025/6/22,195,0
r9829,LingOrm,6,2,2025/6/12,153,0
r9830,FreenBecky,35,24,2025/6/13,12947,0
r9831,FreenBecky,27,23,2025/7/14,13096,1
r9832,EnjoyJune,7,102,2025/6/14,26008,1
r9833,LingOrm,16,197,2025/6/17,37161,1
r9835,LingOrm,4,1,2025/6/15,476,0
r9836,AndaLookkaew,13,67,2025/6/16,15348,0
r9837,LingOrm,10,31,2025/6/24,8594,0
r9838,LingOrm,3,21,2025/6/14,1724,0
r9839,NamneungNoey,1,0,2025/6/12,110,0
r9840,EmiBonnie,7,423,2025/8/6,47711,0
r9841,EmiBonnie,5,14,2025/6/16,1776,0
r9842,LingOrm,20,245,2025/6/22,81484,1
r9843,LingOrm,12,37,2025/6/15,5124,0
r9844,EngLot,8,7,2025/6/13,3362,1
r9845,LingOrm,17,344,2025/6/14,124579,1
r9846,LingOrm,20,503,2025/9/2,142516,1
r9847,LingOrm,19,12,2025/6/14,2546,1
r9848,LingOrm,23,82,2025/6/14,29592,1
r9849,LingOrm,4,0,2025/6/13,124,0
r9850,LingOrm,37,54,2025/6/20,48702,1
r9851,FayeYoko,1,0,2025/6/13,47,0
r9852,MilkLove,6,31,2025/7/7,3925,0
r9853,EngLot,8,2,2025/6/15,787,0
r9854,LingOrm,13,12,2025/6/13,3317,1
r9855,EnjoyJune,36,342,2025/6/19,147500,1
r9856,FreenBecky,1,1,2025/6/14,259,0
r9857,EnjoyJune,5,60,2025/6/14,10972,1
r9858,EmiBonnie,5,13,2025/6/17,1573,0
r9859,MilkLove,4,1,2025/6/14,148,0
r9860,FreenBecky,3,110,2026/7/9,25051,0
r9861,LingOrm,45,75,2025/6/14,28293,1
r9863,NamneungNoey,2,2,2025/6/14,253,0
r9864,LingOrm,1,0,2025/6/14,83,0
r9865,MilkLove,3,1,2025/6/15,93,0
r9866,NamneungNoey,2,0,2025/6/14,66,1
r9867,LingOrm,13,211,2025/6/14,24746,1
r9868,LingOrm,4,2,2025/6/15,726,0
r9869,LingOrm,3,28,2025/6/16,1132,0
r9870,LingOrm,1,2,2025/6/14,283,0
r9871,MilkLove,6,4,2025/6/14,549,0
r9872,LingOrm,13,5,2025/6/16,1927,0
r9873,ViewJune,1,1,2025/6/14,65,0
r9874,LingOrm,1,1,2025/6/14,22,0
r9875,LingOrm,12,8,2025/6/17,2019,1
r9876,EngLot,1,6,2025/6/15,905,0
r9878,EngLot,29,19,2025/6/15,10502,1
r9879,LingOrm,21,100,2025/6/20,30395,1
r9880,LingOrm,19,7,2025/6/25,6343,0
r9881,EngLot,29,534,2025/6/15,296253,1
r9882,EngLot,12,118,2025/6/28,80933,1
r9883,MilkLove,1,0,2025/8/16,82,0
r9884,EngLot,1,2,2025/6/15,272,0
r9886,FreenBecky,11,50,2025/7/6,6353,1
r9887,LingOrm,2,0,2025/6/15,121,0
r9888,FreenBecky,2,6,2025/6/15,275,0
r9889,EngLot,17,2,2025/6/22,709,0
r9890,LingOrm,1,0,2025/6/15,178,1
r9891,LingOrm,2,263,2025/6/24,37417,1
r9892,EngLot,12,7,2025/6/15,4098,1
r9893,LingOrm,2,0,2025/6/15,82,0
r9894,MilkLove,8,4,2026/3/13,739,0
r9896,LingOrm,15,21,2025/6/27,10450,1
r9897,EngLot,25,6,2025/9/13,6063,1
r9898,LingOrm,5,5,2026/5/21,449,0
r9899,LingOrm,13,9,2025/6/26,4708,0
r9901,LingOrm,3,24,2025/6/16,4479,0
r9902,LingOrm,35,4,2025/6/18,2834,0
r9903,LingOrm,4,23,2026/6/1,2118,0
r9904,LingOrm,3,1,2025/6/24,111,0
r9905,LingOrm,3,13,2025/6/16,833,0
r9906,FreenBecky,12,16,2025/7/1,2249,1
r9907,EngLot,1,4,2025/6/21,551,0
r9908,EngLot,3,0,2025/6/16,527,1
r9909,EmiBonnie,19,80,2025/6/19,21814,0
r9910,EngLot,10,2,2025/6/17,385,1
r9911,EngLot,14,10,2025/6/16,4343,1
r9912,FreenBecky,16,173,2025/7/7,33456,1
r9913,FreenBecky,4,3,2025/6/16,95,0
r9914,EngLot,3,8,2025/6/16,731,0
r9915,MilkLove,1,15,2025/6/16,1148,1
r9916,FreenBecky,14,17,2025/6/20,2816,0
r9917,MeenBabe,6,8,2025/6/25,4788,1
r9918,LingOrm,3,2,2025/6/17,218,0
r9919,EngLot,30,188,2025/6/24,90910,1
r9920,EnjoyJune,16,100,2025/6/29,23931,0
r9921,LingOrm,2,8,2025/9/16,499,0
r9922,EngLot,14,331,2025/7/5,86167,1
r9923,AndaLookkaew,13,33,2025/6/18,6209,0
r9924,LingOrm,31,42,2025/6/19,14832,1
r9925,LingOrm,24,76,2025/6/17,22439,0
r9926,EmiBonnie,2,2,2025/6/18,132,0
r9927,LingOrm,8,8,2025/6/17,1168,1
r9928,EngLot,11,4,2025/6/17,1376,1
r9929,LingOrm,32,10,2025/6/19,3787,0
r9930,MilkLove,34,56,2025/7/17,24562,1
r9931,EngLot,1,1,2025/6/17,279,0
r9932,EngLot,14,2,2025/6/17,1020,1
r9933,EnjoyJune,12,38,2025/7/6,9454,0
r9934,NamtanFilm,11,4,2025/6/17,1125,1
r9935,FreenBecky,1,1,2025/7/10,73,0
r9936,LingOrm,2,0,2025/6/18,178,0
r9937,FayMay,10,24,2025/6/22,4019,1
r9938,LingOrm,1,2,2025/6/24,37,0
r9939,LingOrm,23,738,2025/6/18,298122,1
r9940,ViewJune,2,0,2025/6/20,14,0
r9941,LingOrm,2,1,2025/10/30,220,0
r9942,EnjoyJune,17,224,2025/6/24,50969,0
r9943,AtomMer,5,8,2025/8/10,553,0
r9944,EnjoyJune,4,113,2025/6/28,11332,0
r9945,LingOrm,33,66,2025/7/26,25248,1
r9946,LingOrm,14,39,2025/6/30,10833,1
r9947,FayMay,7,18,2025/8/11,3245,1
r9948,EmiBonnie,30,187,2025/7/1,70785,1
r9949,MilkLove,6,31,2025/7/22,5943,1
r9950,EngLot,13,5,2025/6/18,2065,1
r9951,EngLot,11,3,2025/6/19,502,1
r9952,LingOrm,6,0,2025/6/18,466,0
r9953,EngLot,11,3,2025/6/18,1014,1
r9954,LingOrm,3,1,2025/6/22,179,1
r9955,FreenBecky,5,46,2026/2/12,3124,0
r9956,LingOrm,59,2649,2025/6/25,1446841,1
r9957,LingOrm,27,129,2025/7/2,41075,1
r9958,EmiBonnie,1,1,2025/7/11,212,0
r9959,EmiBonnie,1,3,2025/6/18,65,0
r9960,LingOrm,1,2,2025/6/18,73,1
r9961,LingOrm,35,18,2025/7/6,8239,1
r9962,LingOrm,3,0,2025/6/30,36,0
r9963,FreenBecky,17,15,2025/6/30,3676,1
r9964,EnjoyJune,16,414,2025/6/22,93300,0
r9965,NamneungNoey,3,1,2025/6/20,277,0
r9966,FreenBecky,3,52,2025/8/3,3473,0
r9967,FreenBecky,4,2,2025/8/16,278,0
r9968,LingOrm,4,92,2025/6/19,6401,0
r9969,LingOrm,1,1056,2025/6/24,43654,1
r9970,FreenBecky,1,3,2025/6/19,66,0
r9971,FayeYoko,9,3,2025/6/28,740,1
r9972,EnjoyJune,18,217,2025/6/28,55090,0
r9973,EngLot,1,8,2025/6/19,895,1
r9974,LingOrm,11,2,2025/6/19,672,0
r9975,EnjoyJune,4,56,2025/6/19,8666,0
r9976,LingOrm,10,3,2025/6/19,382,0
r9977,LingOrm,3,25,2026/5/13,1958,0
r9978,LingOrm,9,103,2025/7/30,22853,0
r9979,EngLot,12,0,2025/6/20,595,1
r9980,EmiBonnie,11,65,2025/6/26,9950,1
r9981,LingOrm,5,0,2025/6/20,211,0
r9982,EngLot,12,1,2025/6/20,746,1
r9983,EngLot,11,12,2025/6/20,3852,0
r9984,NamtanFilm,1,24,2025/8/18,673,0
r9985,LingOrm,3,5,2025/6/20,829,0
r9986,LingOrm,3,2,2025/8/9,693,1
r9988,FreenBecky,54,279,2025/6/22,126437,1
r9989,FreenBecky,17,449,2025/6/22,96066,1
r9990,KaoJaneJaneKao,8,69,2025/6/21,9464,1
r9991,EnjoyJune,10,184,2025/6/22,33818,0
r9992,LingOrm,10,237,2025/6/21,44823,1
r9993,LingOrm,1,0,2025/7/10,122,0
r9994,FreenBecky,2,7,2025/9/29,150,0
r9995,LingOrm,1,2,2025/6/21,104,0
r9996,JuneMewnich,14,9,2025/6/22,1685,0
r9997,LingOrm,33,248,2025/6/24,93563,1
r9998,LingOrm,13,70,2025/8/7,32861,0
r9999,EnjoyJune,3,38,2025/6/21,3455,0
r10000,NamtanFilm,1,3,2025/6/21,220,0
r10001,EmiBonnie,8,346,2025/7/12,40547,0
r10002,LingOrm,1,10,2025/6/21,1110,0
r10003,NamtanFilm,4,9,2025/6/22,1031,0
r10004,EngLot,9,3,2025/7/14,3566,0
r10005,LingOrm,38,13,2025/7/20,4414,1
r10006,FreenBecky,1,0,2025/6/22,37,0
r10007,LingOrm,6,2,2025/6/22,106,0
r10008,LingOrm,42,205,2025/6/25,92207,1
r10009,NamtanFilm,12,167,2026/5/12,23628,1
r10010,LingOrm,1,2,2025/10/14,319,1
r10011,NamtanFilm,5,175,2025/6/22,15935,0
r10012,LingOrm,18,241,2025/6/26,83442,1
r10013,EnjoyJune,20,138,2025/6/25,40997,1
r10014,LingOrm,1,0,2025/6/22,20,0
r10015,LingOrm,3,1,2025/6/22,319,1
r10016,LingOrm,3,1,2025/6/22,191,0
r10018,LingOrm,2,1,2026/8/22,47,0
r10019,FreenBecky,1,1,2025/12/12,100,0
r10020,LingOrm,3,0,2025/6/22,24,0
r10021,FayMay,15,33,2025/10/21,6768,1
r10022,EnjoyJune,7,8,2025/7/16,1919,0
r10023,LingOrm,2,4,2025/6/22,401,1
r10024,EmiBonnie,6,52,2025/8/30,4551,0
r10025,LingOrm,2,1,2025/6/22,82,0
r10026,EngLot,1,0,2025/6/22,521,1
r10027,MilkLove,6,3,2025/6/23,1234,0
r10028,EngLot,2,7,2025/6/23,1126,0
r10029,JuneMewnich,15,84,2025/8/21,11803,1
r10030,ViewMim,3,3,2025/6/22,182,0
r10032,NamneungNoey,20,13,2025/7/26,9927,1
r10033,LingOrm,1,3,2025/6/22,129,0
r10034,EnjoyJune,12,37,2025/6/24,7251,1
r10035,LingOrm,5,6,2025/6/23,1104,0
r10036,EngLot,1,7,2025/6/23,1514,1
r10037,LingOrm,15,8,2025/6/23,606,0
r10038,LingOrm,22,174,2025/6/26,77231,1
r10039,LingOrm,4,1,2025/6/25,161,0
r10040,LingOrm,15,4,2025/12/18,963,0
r10041,EnjoyJune,15,114,2025/6/24,25232,0
r10042,MilkLove,3,14,2025/6/23,930,0
r10043,EngLot,10,0,2025/6/26,763,1
r10044,LingOrm,33,6,2025/6/23,4016,1
r10045,EnjoyJune,26,245,2025/7/10,88912,1
r10046,EmiBonnie,2,1,2026/4/22,126,0
r10047,EngLot,44,37,2025/6/26,53524,1
r10049,EnjoyJune,1,21,2025/6/24,2213,1
r10050,KaoJaneJaneKao,4,59,2025/6/27,5055,0
r10052,LingOrm,6,4,2025/6/24,789,0
r10053,LingOrm,10,21,2025/6/30,6005,1
r10054,EnjoyJune,20,100,2025/7/5,28370,1
r10055,MilkLove,5,6,2025/9/22,960,0
r10056,EngLot,11,107,2025/7/3,38651,1
r10057,EnjoyJune,4,50,2025/6/30,5076,0
r10058,LingOrm,2,2,2025/6/24,153,0
r10059,MeenBabe,10,34,2025/7/6,8500,1
r10060,JanJingjing,5,2,2026/8/21,309,0
r10061,EmiBonnie,2,2,2025/6/25,378,0
r10062,EngLot,4,1,2025/6/24,408,0
r10063,EngLot,4,11,2025/7/11,2792,0
r10064,EngLot,3,0,2025/6/27,123,0
r10065,LingOrm,26,230,2025/7/14,101877,1
r10066,FreenBecky,12,9,2025/7/11,2445,0
r10067,LingOrm,31,72,2025/7/17,40951,1
r10068,LingOrm,5,140,2025/9/14,11839,0
r10069,EngLot,12,8,2025/6/25,2155,1
r10070,NamtanFilm,9,1,2025/6/25,956,0
r10071,MeenBabe,23,13,2025/7/3,12761,1
r10072,FreenBecky,8,6,2025/6/30,830,1
r10073,LingOrm,4,10,2025/6/25,1436,0
r10074,LingOrm,2,3,2025/6/26,332,0
r10075,EngLot,2,0,2025/6/25,166,0
r10076,LingOrm,2,5,2025/6/26,197,0
r10077,LingOrm,4,24,2025/7/1,2340,0
r10079,LingOrm,4,0,2025/6/27,205,0
r10080,NamtanFilm,33,466,2025/7/14,151671,1
r10081,LingOrm,2,12,2025/6/26,245,0
r10082,EnjoyJune,36,123,2025/6/26,53716,0
r10083,NamneungNoey,2,1,2025/6/29,542,0
r10084,EmiBonnie,4,7,2025/8/12,1047,0
r10085,EngLot,4,44,2025/6/26,8872,1
r10086,EmiBonnie,23,108,2025/9/4,35752,1
r10087,LingOrm,11,19,2025/6/28,2988,0
r10088,EngLot,1,2,2025/6/26,276,0
r10089,LingOrm,4,1,2025/7/27,128,1
r10090,EngLot,14,18,2025/6/26,9080,1
r10091,EngLot,1,1,2025/6/26,137,0
r10092,LingOrm,1,136,2025/7/5,15081,1
r10093,EmiBonnie,1,3,2025/10/16,64,0
r10094,MilkLove,27,231,2025/6/28,59560,0
r10095,LingOrm,9,6,2025/7/7,833,0
r10096,LingOrm,27,617,2025/11/15,272428,1
r10097,EngLot,15,2,2025/6/26,1929,0
r10098,EnjoyJune,2,46,2025/6/27,4036,0
r10099,LingOrm,2,6,2025/6/28,2050,1
r10100,FreenBecky,18,46,2025/7/22,8503,1
r10101,FreenBecky,18,39,2025/7/24,6797,1
r10102,FreenBecky,18,28,2025/7/6,6143,1
r10103,FreenBecky,18,25,2025/8/2,5492,1
r10104,LingOrm,11,28,2025/6/29,7983,1
r10105,MilkLove,7,3,2025/6/27,446,0
r10106,EmiBonnie,5,2,2025/6/27,135,0
r10107,LingOrm,2,6,2025/7/6,153,0
r10108,LingOrm,1,4,2025/6/29,107,0
r10109,LingOrm,39,153,2025/7/7,56799,1
r10110,LingOrm,1,4,2025/6/27,185,0
r10111,LingOrm,4,1,2025/12/16,77,0
r10112,LingOrm,1,3,2025/6/27,408,0
r10113,NamtanFilm,3,5,2025/6/29,837,0
r10114,LingOrm,20,37,2025/6/27,13511,0
r10115,LingOrm,34,91,2025/7/28,61522,1
r10116,LingOrm,4,4,2025/6/29,465,1
r10117,EnjoyJune,2,25,2025/7/22,1485,0
r10118,EmiBonnie,5,5,2025/6/28,891,0
r10119,KaoJaneJaneKao,7,84,2025/6/28,7151,0
r10120,EnjoyJune,2,35,2025/7/5,3488,1
r10121,LingOrm,19,53,2026/6/16,6254,0
r10122,LingOrm,41,96,2025/6/30,60425,1
r10123,EngLot,1,7,2025/7/13,556,0
r10124,MeenBabe,12,3,2025/7/10,2083,1
r10125,EmiBonnie,1,5,2025/7/3,727,0
r10126,FreenBecky,12,65,2025/6/29,7091,0
r10129,LingOrm,31,218,2025/6/30,154451,1
r10130,LingOrm,2,1,2025/6/28,17,0
r10131,EngLot,8,5,2025/6/28,2052,0
r10132,ViewMim,100,17,2026/3/13,9812,1
r10133,LingOrm,7,11,2025/6/29,1303,0
r10134,LingOrm,28,2,2025/7/5,1395,0
r10135,EngLot,1,1,2025/6/29,54,0
r10136,LingOrm,4,24,2025/6/29,2117,0
r10137,LingOrm,9,67,2025/6/29,10653,1
r10138,MilkLove,1,6,2025/9/1,160,0
r10139,EnjoyJune,20,212,2025/6/29,66385,0
r10140,EngLot,17,40,2025/7/23,20938,1
r10141,LingOrm,2,1,2025/6/29,29,0
r10142,EngLot,1,2,2025/7/11,160,0
r10143,EmiBonnie,11,178,2025/7/14,26234,0
r10144,LingOrm,3,1,2025/6/29,29,0
r10145,NamtanFilm,3,1,2025/7/7,567,0
r10146,FayeYoko,6,0,2025/7/2,367,1
r10147,LingOrm,1,0,2025/7/28,35,0
r10148,LMSY,25,16,2026/1/2,3519,1
r10149,EmiBonnie,2,21,2025/6/29,2863,0
r10150,NamtanFilm,1,10,2025/7/11,448,0
r10151,KaoJaneJaneKao,1,5,2025/6/29,363,0
r10152,LingOrm,1,2,2025/6/30,117,0
r10153,LingOrm,7,8,2025/6/30,1110,1
r10154,ViewJune,2,1,2025/6/30,78,0
r10156,LingOrm,1,1,2025/7/6,35,0
r10157,MilkLove,19,159,2025/7/4,39906,0
r10158,NamtanFilm,4,12,2025/7/8,1425,0
r10159,EngLot,11,16,2025/7/10,6467,0
r10160,NamtanFilm,12,259,2025/7/2,51747,1
r10162,LingOrm,7,110,2025/8/14,27927,1
r10163,LingOrm,20,75,2025/7/5,36302,1
r10164,EmiBonnie,10,29,2025/6/30,5517,1
r10165,EngLot,2,2,2025/6/30,68,0
r10166,FreenBecky,20,15,2025/7/5,5185,0
r10167,LingOrm,1,5,2025/6/30,216,1
r10168,LingOrm,24,566,2025/7/5,274798,1
r10169,EngLot,16,333,2025/7/7,156139,1
r10170,MilkLove,2,1,2025/7/14,301,0
r10171,LingOrm,24,23,2025/12/30,10499,1
r10172,EngLot,10,4,2025/7/1,2703,1
r10173,FreenBecky,1,83,2025/10/7,3331,1
r10174,FreenBecky,8,37,2025/7/1,6271,0
r10175,LingOrm,23,25,2025/7/5,10777,1
r10176,LingOrm,32,189,2025/7/11,95836,1
r10177,EnjoyJune,6,24,2025/7/2,3195,1
r10178,LingOrm,3,3,2025/9/8,868,1
r10179,LingOrm,10,48,2025/9/8,8246,0
r10180,LingOrm,3,1,2025/7/1,46,0
r10181,NamtanFilm,3,13,2025/8/25,1221,0
r10182,EmiBonnie,10,9,2025/7/13,935,0
r10183,EngLot,1,1,2025/7/1,27,0
r10184,LingOrm,46,316,2025/12/4,153977,1
r10185,NamneungNoey,2,0,2025/7/1,119,0
r10186,NamneungNoey,9,4,2025/8/12,1859,1
r10187,LingOrm,17,376,2025/7/20,79267,0
r10188,EmiBonnie,7,3,2025/7/2,821,0
r10189,LingOrm,16,133,2025/7/9,33734,1
r10190,EngLot,4,2,2025/7/2,160,0
r10191,NamtanFilm,1,1,2025/7/6,114,0
r10192,MilkLove,1,2,2025/7/16,222,0
r10193,LingOrm,7,3,2025/7/2,209,1
r10194,EngLot,1,7,2025/10/21,1003,1
r10196,EngLot,11,8,2025/7/9,4298,1
r10197,EmiBonnie,10,194,2025/7/11,27559,1
r10198,ViewMim,2,1,2025/7/3,400,0
r10199,LingOrm,25,552,2025/7/26,194248,1
r10200,LingOrm,35,1337,2025/7/6,638310,1
r10201,EmiBonnie,12,525,2025/7/6,82636,1
r10202,LingOrm,2,5,2025/7/13,352,1
r10203,AndaLookkaew,1,60,2025/7/5,2219,0
r10204,LingOrm,6,4,2025/7/3,587,0
r10205,LingOrm,19,109,2025/7/3,10595,1
r10206,EmiBonnie,5,74,2025/7/4,7463,0
r10207,LingOrm,4,12,2025/7/5,800,0
r10208,LingOrm,2,9,2025/7/23,1047,0
r10209,LingOrm,1,0,2025/7/4,23,0
r10210,LingOrm,3,1,2025/7/3,77,0
r10211,LingOrm,32,116,2025/7/6,43335,1
r10212,NamtanFilm,2,3,2025/7/4,134,0
r10213,NamtanFilm,12,3,2025/7/4,309,0
r10214,LingOrm,32,891,2025/7/10,320024,1
r10215,EnjoyJune,8,59,2025/7/4,19282,1
r10216,EngLot,5,7,2025/7/4,930,0
r10217,LingOrm,23,443,2025/7/5,150537,1
r10218,MeenBabe,2,5,2025/7/4,738,0
r10219,MilkLove,13,39,2025/7/5,6360,1
r10220,EnjoyJune,8,31,2025/7/4,7875,0
r10221,LingOrm,13,61,2025/7/4,14720,0
r10222,EmiBonnie,14,210,2025/8/15,42863,0
r10223,LingOrm,4,2,2025/7/28,712,0
r10224,ViewJune,3,2,2025/7/4,182,0
r10225,EmiBonnie,21,127,2025/9/17,43294,1
r10226,FreenBecky,3,1,2025/7/4,171,0
r10227,FayMay,6,25,2025/7/19,2399,1
r10228,LingOrm,7,62,2025/7/6,14527,0
r10229,FreenBecky,15,21,2025/7/5,3558,0
r10230,FreenBecky,1,0,2025/7/5,37,0
r10231,EmiBonnie,5,59,2025/8/26,5232,1
r10232,EngLot,1,0,2025/7/5,69,1
r10233,EmiBonnie,3,5,2025/8/16,636,0
r10234,LingOrm,2,0,2025/7/5,12,0
r10235,LingOrm,15,8,2025/7/5,2056,1
r10236,LingOrm,2,0,2025/7/5,42,0
r10237,FreenBecky,1,4,2025/7/6,508,0
r10238,FreenBecky,2,8,2025/10/25,240,0
r10239,LingOrm,12,8,2025/7/6,6161,0
r10240,MilkLove,1,12,2025/7/6,819,0
r10241,EnjoyJune,22,61,2025/7/6,21152,1
r10242,NamneungNoey,1,0,2025/7/5,27,0
r10243,LingOrm,9,1,2025/7/6,547,0
r10244,EmiBonnie,8,66,2025/7/6,8583,1
r10245,MilkLove,2,2,2025/7/6,105,0
r10246,EmiBonnie,13,9,2025/8/1,915,0
r10247,MeenBabe,2,1,2025/7/11,197,0
r10248,EngLot,2,0,2025/7/5,184,0
r10249,LingOrm,40,97,2025/7/17,44407,1
r10250,LingOrm,22,33,2026/1/6,9160,1
r10251,FreenBecky,3,2,2025/7/6,152,0
r10252,LingOrm,32,910,2025/7/7,375591,1
r10253,LingOrm,11,3,2025/7/7,469,1
r10254,LingOrm,31,67,2025/7/8,45971,1
r10255,MilkLove,1,0,2025/7/7,60,0
r10256,LingOrm,1,0,2025/7/6,174,0
r10257,EnjoyJune,10,46,2025/7/6,7141,0
r10258,EmiBonnie,18,79,2025/7/6,13433,1
r10259,LingOrm,1,1,2025/7/12,128,0
r10260,FreenBecky,2,7,2025/7/6,292,0
r10261,ViewJune,1,3,2025/7/6,66,0
r10262,EngLot,13,34,2025/7/9,26348,0
r10263,LingOrm,10,6,2025/7/6,986,1
r10264,MilkLove,6,4,2025/7/6,347,0
r10265,FreenBecky,5,6,2025/7/6,157,0
r10266,EnjoyJune,10,41,2025/7/7,9652,1
r10267,EmiBonnie,2,1,2025/7/6,176,0
r10269,FreenBecky,1,0,2025/7/6,42,0
r10270,NamneungNoey,1,0,2025/7/6,7,0
r10271,LingOrm,3,22,2026/4/30,858,0
r10272,EnjoyJune,1,67,2025/7/7,2953,0
r10273,NamtanFilm,2,5,2025/7/10,384,0
r10274,LingOrm,29,272,2025/9/14,176501,1
r10275,MilkLove,7,7,2025/7/7,717,0
r10276,NamtanFilm,12,233,2025/8/22,45476,1
r10277,NamtanFilm,16,321,2025/9/21,75122,1
r10278,LingOrm,3,5,2025/7/7,689,0
r10279,EnjoyJune,11,106,2025/7/16,26442,1
r10280,EngLot,23,281,2025/7/7,154854,1
r10281,NamtanFilm,1,2,2025/7/7,215,0
r10282,ViewJune,1,26,2026/7/12,6609,0
r10283,EmiBonnie,24,915,2025/8/18,234648,1
r10284,FreenBecky,32,175,2025/7/14,32435,1
r10285,NamtanFilm,10,6,2025/7/7,1179,1
r10286,EmiBonnie,22,52,2025/7/7,15023,1
r10287,LingOrm,23,167,2025/7/25,63582,1
r10288,LingOrm,1,0,2025/7/20,61,0
r10289,FreenBecky,6,4,2025/8/8,347,1
r10290,LingOrm,14,3,2025/7/8,1421,1
r10291,LingOrm,8,0,2025/7/8,261,0
r10292,LMSY,1,0,2026/1/5,147,0
r10293,LingOrm,18,40,2025/7/9,15079,1
r10294,LingOrm,13,4,2025/9/13,2089,0
r10295,EmiBonnie,7,20,2025/7/20,3878,0
r10296,EnjoyJune,2,18,2025/8/19,1490,0
r10298,LingOrm,21,189,2025/7/25,85426,1
r10299,LingOrm,1,5,2025/7/8,270,0
r10300,LingOrm,42,69,2025/7/8,28541,1
r10301,LingOrm,17,0,2025/7/11,250,1
r10302,LingOrm,11,17,2025/7/9,6972,0
r10303,EmiBonnie,14,77,2025/7/10,15277,1
r10304,LingOrm,1,3,2025/8/4,69,0
r10305,EmiBonnie,4,2,2025/7/9,244,0
r10306,EngLot,7,9,2025/7/9,1422,0
r10307,EngLot,6,17,2025/7/8,3630,0
r10308,FayeAtom,15,15,2025/7/10,1744,0
r10309,LingOrm,1,1,2025/7/9,143,0
r10310,LingOrm,44,35,2025/7/10,17206,1
r10311,LingOrm,18,130,2025/7/13,31190,0
r10312,LingOrm,13,0,2025/7/8,213,0
r10313,EnjoyJune,10,47,2025/12/5,8122,0
r10314,MilkLove,1,4,2025/7/14,117,0
r10315,FreenBecky,2,8,2025/11/14,287,0
r10316,LingOrm,19,197,2025/7/10,73928,1
r10317,MilkLove,12,40,2025/7/9,5400,1
r10318,LingOrm,22,4,2025/7/9,1578,1
r10319,LingOrm,1,2,2025/7/11,140,0
r10320,EmiBonnie,3,230,2025/7/25,18991,0
r10323,EmiBonnie,4,12,2025/11/29,1183,0
r10324,EmiBonnie,15,46,2025/7/9,8695,1
r10325,LingOrm,24,1018,2025/7/15,271965,0
r10326,LingOrm,3,10,2025/7/10,666,0
r10327,MilkLove,1,1,2025/7/18,96,0
r10328,LingOrm,19,628,2025/9/23,193433,1
r10329,EnjoyJune,22,59,2025/7/10,20382,1
r10330,LingOrm,9,6,2025/7/9,667,1
r10331,EnjoyJune,29,58,2025/9/15,10842,1
r10332,EnjoyJune,23,161,2025/7/26,40085,1
r10333,EngLot,27,24,2025/7/10,9294,1
r10334,LingOrm,5,0,2025/7/10,372,0
r10335,EnjoyJune,11,24,2025/7/10,3997,1
r10336,FayMay,4,22,2025/7/10,1643,1
r10337,LingOrm,9,0,2025/7/19,320,0
r10338,EngLot,11,2,2025/7/21,3093,1
r10339,NamneungNoey,2,0,2025/7/10,1650,0
r10340,LingOrm,4,7,2025/7/11,629,0
r10341,FreenBecky,4,0,2025/7/11,115,0
r10342,EmiBonnie,20,5,2025/7/10,2278,1
r10343,NamneungNoey,10,1,2025/11/12,149,1
r10344,LingOrm,30,40,2025/7/11,19727,1
r10345,EngLot,11,7,2025/7/10,869,0
r10346,LingOrm,14,3,2026/4/23,690,0
r10347,LingOrm,9,5,2025/7/19,1704,0
r10348,LingOrm,18,5,2025/12/23,2502,0
r10349,EmiBonnie,20,36,2025/7/13,6648,1
r10350,FreenBecky,12,18,2025/7/28,2809,1
r10351,LingOrm,3,4,2025/7/11,201,0
r10352,LingOrm,7,7,2025/7/20,1260,0
r10353,LingOrm,16,9,2025/7/30,3743,0
r10354,LingOrm,11,1,2025/7/11,1278,0
r10355,EnjoyJune,20,165,2025/7/22,50282,1
r10356,EngLot,10,5,2025/7/11,2512,1
r10357,EngLot,26,330,2025/8/31,200060,1
r10358,EngLot,14,5,2025/7/18,802,0
r10359,LingOrm,11,1,2025/7/11,470,0
r10360,LingOrm,18,59,2025/12/13,27567,1
r10361,MeenBabe,1,21,2025/7/21,643,0
r10362,FreenBecky,14,5,2025/7/12,599,0
r10364,LingOrm,2,0,2025/7/11,11,0
r10365,ViewJune,3,1,2025/7/11,49,0
r10366,LingOrm,3,8,2025/7/11,403,1
r10367,FreenBecky,1,1,2025/7/12,74,0
r10368,EnjoyJune,20,202,2025/8/4,43092,1
r10369,FreenBecky,1,0,2025/9/17,8,0
r10370,EmiBonnie,2,5,2025/7/12,435,0
r10371,EngLot,1,3,2025/7/12,1137,0
r10372,NamtanFilm,2,1,2025/7/11,159,0
r10373,EngLot,29,1085,2025/8/1,442710,1
r10374,EngLot,1,0,2025/7/12,45,0
r10375,EngLot,4,1,2025/7/11,264,1
r10376,NamtanFilm,7,22,2025/7/15,3429,0
r10378,LingOrm,5,14,2025/8/27,2086,0
r10379,EngLot,1,0,2025/7/11,28,0
r10380,LingOrm,1,0,2025/7/11,80,0
r10381,LingOrm,2,0,2025/7/12,50,1
r10382,EmiBonnie,6,29,2025/7/13,2839,0
r10384,LingOrm,2,4,2025/7/13,134,0
r10385,LingOrm,4,169,2026/5/24,13059,0
r10386,EngLot,1,0,2025/7/12,50,0
r10387,NamtanFilm,1,1,2025/7/14,111,0
r10388,EngLot,4,15,2025/7/27,7097,0
r10389,NamneungNoey,7,3,2025/7/12,151,0
r10390,FreenBecky,4,15,2025/7/13,901,0
r10391,NamtanFilm,3,4,2025/7/12,192,0
r10392,LingOrm,18,6,2025/7/13,5108,1
r10393,EngLot,10,1,2025/7/13,642,1
r10394,NamneungNoey,1,0,2025/10/31,29,1
r10395,EnjoyJune,21,37,2025/7/28,6980,0
r10396,LingOrm,18,10,2025/7/12,3754,1
r10397,EnjoyJune,20,35,2025/8/3,8933,1
r10398,EnjoyJune,1,29,2025/7/12,1731,0
r10399,EmiBonnie,36,158,2025/7/27,52961,1
r10400,EngLot,16,316,2025/7/14,188422,1
r10401,MilkLove,2,1,2025/7/12,38,0
r10402,LingOrm,24,689,2025/7/17,296024,1
r10403,MilkLove,3,1,2025/7/13,116,0
r10404,EnjoyJune,26,105,2025/7/16,38630,1
r10405,NamtanFilm,2,5,2026/6/3,356,0
r10406,EmiBonnie,10,7,2025/7/12,1265,1
r10407,MilkLove,1,0,2025/8/1,61,0
r10408,LingOrm,2,1,2025/7/13,90,0
r10409,LingOrm,12,46,2025/7/15,10908,0
r10410,EngLot,27,228,2026/1/25,131620,1
r10411,NamtanFilm,3,11,2025/8/17,916,0
r10412,LingOrm,25,70,2025/11/21,16871,1
r10413,LingOrm,12,7,2025/7/13,1469,1
r10414,LingOrm,5,9,2025/7/13,459,0
r10415,LingOrm,8,34,2025/7/22,6637,0
r10416,LingOrm,30,564,2025/7/14,173396,1
r10417,LingOrm,13,428,2025/7/15,87465,1
r10418,LingOrm,36,40,2025/7/14,10147,1
r10419,FreenBecky,42,646,2025/9/10,282753,1
r10420,FreenBecky,4,3,2025/7/13,70,0
r10421,NamtanFilm,4,4,2025/8/9,258,0
r10422,NamtanFilm,12,42,2025/7/15,7690,1
r10423,LingOrm,4,12,2025/8/30,1587,1
r10424,FreenBecky,3,0,2025/7/13,112,0
r10425,LingOrm,28,104,2025/7/17,48140,1
r10426,EnjoyJune,8,21,2025/7/14,4741,1
r10427,LingOrm,4,10,2026/4/26,1902,0
r10428,MilkLove,1,5,2025/7/13,273,0
r10429,LingOrm,3,5,2026/2/17,801,0
r10430,EnjoyJune,18,33,2025/7/18,7292,0
r10431,EmiBonnie,2,0,2025/8/8,65,0
r10432,LingOrm,9,2,2025/7/14,634,0
r10433,EmiBonnie,21,16,2025/7/15,3338,1
r10434,FreenBecky,23,7,2025/7/24,1595,1
r10435,LingOrm,7,0,2025/7/14,96,0
r10436,LingOrm,15,7,2025/7/14,1680,1
r10437,LingOrm,1,0,2025/7/22,13,0
r10438,EmiBonnie,1,7,2025/7/18,558,0
r10439,EngLot,5,43,2025/7/14,4789,1
r10440,LingOrm,2,0,2025/7/14,97,0
r10441,LingOrm,14,130,2025/7/19,40025,1
r10442,LingOrm,1,32,2025/7/19,2202,1
r10443,FayMay,24,174,2025/7/30,24020,1
r10444,LingOrm,6,1,2025/7/15,294,0
r10445,LingOrm,7,1,2025/7/17,696,0
r10446,MeenBabe,7,7,2025/8/18,1247,0
r10449,MeenBabe,8,2,2025/7/14,539,1
r10450,EngLot,22,318,2025/9/19,176443,1
r10451,EnjoyJune,17,33,2025/7/15,10508,0
r10452,EnjoyJune,2,18,2025/7/15,841,0
r10453,LingOrm,17,5,2025/7/15,600,0
r10454,NamtanFilm,3,2,2025/7/14,375,1
r10455,EmiBonnie,8,4,2025/7/14,1146,0
r10456,EngLot,7,3,2025/7/14,729,0
r10457,LingOrm,22,3,2025/7/15,786,1
r10458,EmiBonnie,3,4,2025/7/16,516,0
r10459,EmiBonnie,11,384,2025/7/21,60717,1
r10460,EmiBonnie,1,5,2025/7/16,365,0
r10461,EnjoyJune,4,14,2025/7/15,2187,0
r10462,EngLot,24,3,2025/8/19,5032,1
r10463,LingOrm,9,3,2025/7/15,577,0
r10464,LingOrm,14,25,2025/7/16,8346,0
r10465,LingOrm,23,37,2025/7/18,13905,0
r10466,LingOrm,1,1,2025/10/18,17,0
r10467,EmiBonnie,6,4,2025/7/15,570,0
r10468,EnjoyJune,18,106,2025/7/15,35830,1
r10469,FreenBecky,14,7,2025/8/2,799,1
r10470,EngLot,4,26,2025/7/16,16108,0
r10471,FreenBecky,2,2,2025/7/16,117,0
r10472,EnjoyJune,1,9,2025/7/16,648,0
r10473,MeenBabe,1,9,2025/7/16,682,0
r10474,NamtanFilm,6,3,2025/7/18,598,1
r10475,EnjoyJune,14,43,2025/7/27,8123,1
r10476,LingOrm,2,22,2025/7/19,3015,0
r10477,EmiBonnie,11,13,2025/7/20,2413,1
r10478,MilkLove,3,7,2025/7/17,599,1
r10479,EnjoyJune,5,32,2025/7/17,3827,0
r10480,FreenBecky,15,48,2025/8/23,9247,1
r10481,EnjoyJune,6,31,2025/7/16,5589,0
r10482,FreenBecky,2,4,2025/7/17,140,0
r10483,LingOrm,20,19,2025/7/19,5687,1
r10484,LingOrm,5,2,2025/7/16,354,0
r10485,LingOrm,3,1,2025/7/16,305,0
r10486,EnjoyJune,17,76,2025/7/18,29758,1
r10487,EmiBonnie,10,31,2025/7/26,4643,0
r10488,LingOrm,16,112,2025/8/8,49091,1
r10489,EnjoyJune,15,234,2025/7/18,44501,1
r10490,LingOrm,27,4,2025/7/18,4939,1
r10491,EngLot,1,1,2025/7/17,179,0
r10492,EngLot,4,6,2025/7/18,761,0
r10493,EngLot,25,56,2025/7/17,39132,1
r10494,EngLot,5,0,2025/7/17,70,0
r10495,LingOrm,6,39,2025/7/20,4350,0
r10496,LingOrm,1,0,2025/8/30,115,0
r10497,EmiBonnie,17,481,2025/7/28,78609,0
r10498,LingOrm,10,8,2025/7/18,462,0
r10499,LingOrm,15,441,2025/7/20,125413,1
r10500,EnjoyJune,3,48,2025/7/19,4556,0
r10501,FreenBecky,48,60,2025/7/19,50609,1
r10502,FreenBecky,1,0,2025/7/18,81,0
r10503,EmiBonnie,8,52,2025/7/21,8012,1
r10504,NamtanFilm,3,4,2025/12/15,628,0
r10505,FreenBecky,21,41,2026/1/13,6653,1
r10506,LingOrm,16,22,2025/7/18,8473,1
r10507,EmiBonnie,1,7,2025/7/20,669,0
r10508,LMSY,9,15,2025/7/23,5187,0
r10509,EngLot,1,15,2025/8/3,3263,0
r10510,ViewJune,7,6,2026/2/24,606,0
r10511,EmiBonnie,1,1,2025/8/13,127,0
r10512,EmiBonnie,3,2,2025/7/19,237,0
r10513,LingOrm,3,5,2025/7/19,136,0
r10514,LingOrm,35,43,2025/7/21,13766,1
r10516,MilkLove,1,3,2025/7/19,161,0
r10517,LingOrm,1,5,2025/7/19,604,1
r10518,LingOrm,7,1,2025/7/20,296,0
r10519,JuneMewnich,11,10,2025/7/19,2080,0
r10520,LingOrm,1,1,2025/7/19,103,1
r10521,LingOrm,1,1,2025/8/8,39,0
r10522,FreenBecky,3,4,2025/10/5,90,0
r10523,NamneungNoey,4,17,2025/7/26,1393,1
r10524,EngLot,2,2,2025/8/23,174,0
r10525,EmiBonnie,42,299,2025/7/28,108582,1
r10526,FreenBecky,2,5,2025/7/20,464,0
r10527,ViewMim,2,3,2025/7/20,223,0
r10529,LingOrm,1,0,2025/7/19,27,0
r10530,EngLot,4,1,2025/7/19,295,0
r10531,LingOrm,12,48,2025/7/22,8877,0
r10532,EngLot,14,5,2025/7/19,3173,0
r10533,EmiBonnie,5,12,2025/7/20,1535,0
r10534,LingOrm,13,2,2025/7/20,698,0
r10535,LingOrm,19,6,2025/8/10,1472,1
r10536,NamtanFilm,3,1,2025/7/19,168,0
r10537,MilkLove,14,12,2025/8/3,4160,1
r10538,BamYada,1,6,2025/9/6,719,1
r10539,EmiBonnie,3,64,2025/7/20,6125,1
r10541,MeenBabe,14,16,2025/9/19,8495,1
r10542,FreenBecky,5,4,2025/7/20,454,0
r10543,LingOrm,17,17,2025/7/23,3223,0
r10544,MilkLove,2,5,2025/7/25,539,0
r10545,EmiBonnie,1,0,2025/7/20,48,0
r10546,EnjoyJune,3,21,2025/7/21,2853,0
r10547,EmiBonnie,21,917,2025/8/6,217217,1
r10548,LingOrm,1,0,2026/7/25,23,0
r10549,EmiBonnie,4,13,2025/7/24,1918,0
r10550,ViewMim,8,8,2026/3/24,538,0
r10551,FreenBecky,22,15,2025/7/20,2741,1
r10552,EmiBonnie,4,40,2025/8/6,2596,0
r10553,LingOrm,4,10,2025/8/1,396,0
r10554,LingOrm,1,3,2025/7/22,210,0
r10555,LMSY,2,0,2025/7/26,126,0
r10556,EmiBonnie,1,0,2025/8/25,47,0
r10557,EngLot,1,3,2025/7/22,472,0
r10558,LingOrm,30,481,2025/7/22,193291,1
r10559,LingOrm,24,13,2026/2/9,6371,1
r10560,LingOrm,14,42,2025/10/5,16854,0
r10561,EmiBonnie,1,13,2025/7/21,1198,0
r10562,LingOrm,1,0,2025/8/30,46,0
r10563,EmiBonnie,6,53,2025/8/13,7224,1
r10564,LingOrm,17,79,2025/7/26,27177,1
r10565,EnjoyJune,22,66,2025/7/26,20231,1
r10566,EmiBonnie,5,7,2025/7/21,1078,1
r10567,EnjoyJune,10,75,2025/7/21,12247,1
r10568,MilkLove,4,22,2025/7/22,2402,0
r10569,LingOrm,20,62,2025/7/22,35415,1
r10570,JuneMewnich,3,24,2025/7/24,1669,0
r10571,MilkLove,3,60,2025/7/28,7024,0
r10572,JuneMewnich,9,46,2025/7/22,5273,1
r10573,LingOrm,28,612,2025/7/29,260115,1
r10574,LingOrm,26,48,2025/7/22,17665,1
r10575,FreenBecky,16,105,2025/7/22,17986,0
r10576,LingOrm,22,9,2025/7/22,2870,1
r10577,MeenBabe,14,18,2025/8/3,4703,0
r10578,FreenBecky,5,18,2025/7/22,1823,0
r10579,LingOrm,18,19,2025/7/31,7807,1
r10580,MilkLove,7,2,2025/7/22,232,1
r10581,LingOrm,26,256,2025/7/26,144706,1
r10582,EmiBonnie,6,0,2026/2/9,71,0
r10583,LingOrm,38,164,2025/7/25,115251,1
r10584,LingOrm,1,0,2025/7/22,80,0
r10585,FreenBecky,1,0,2025/7/27,62,0
r10586,EngLot,1,1,2025/7/22,389,0
r10587,NamneungNoey,1,0,2025/8/20,37,0
r10588,LingOrm,31,142,2025/8/1,48729,1
r10589,EmiBonnie,7,6,2025/7/22,321,0
r10591,LingOrm,5,29,2025/7/26,3982,0
r10592,LingOrm,12,43,2025/8/1,15586,1
r10593,LingOrm,7,5,2025/7/26,877,1
r10594,LingOrm,8,0,2025/7/23,739,0
r10595,FreenBecky,4,5,2025/7/23,305,0
r10596,NamtanFilm,15,150,2025/8/4,31159,1
r10597,LingOrm,4,1,2025/7/23,251,0
r10598,EnjoyJune,4,56,2025/7/23,6149,0
r10599,FreenBecky,8,8,2025/7/24,813,0
r10600,FayeAtom,4,7,2025/7/24,444,0
r10601,FreenBecky,8,8,2025/9/10,653,0
r10602,LingOrm,1,1,2025/7/23,89,0
r10603,NamneungNoey,3,16,2025/7/23,1545,0
r10604,MilkLove,1,3,2025/7/23,186,0
r10605,FreenBecky,1,2,2025/7/24,14,0
r10606,EmiBonnie,7,6,2026/7/31,537,0
r10607,LingOrm,25,34,2025/7/25,6901,0
r10609,LingOrm,24,130,2025/9/7,48687,1
r10610,LingOrm,2,2,2025/7/24,1197,0
r10611,LingOrm,1,0,2025/7/24,12,0
r10612,MilkLove,2,7,2025/7/26,433,0
r10613,EnjoyJune,5,19,2025/8/9,2071,0
r10614,LenaMiu,10,294,2025/8/2,58534,1
r10615,LingOrm,9,10,2025/7/24,3071,0
r10616,FreenBecky,13,62,2026/3/24,7192,1
r10617,EngLot,25,193,2025/8/4,82013,1
r10618,LingOrm,1,2,2025/7/24,70,0
r10619,LingOrm,5,68,2026/3/8,4270,0
r10621,FreenBecky,25,107,2025/7/24,19684,1
r10622,MilkLove,29,10,2025/7/24,2219,1
r10623,FreenBecky,41,126,2025/8/24,43599,1
r10624,EngLot,4,0,2025/7/30,161,1
r10626,LingOrm,15,251,2025/7/28,56554,0
r10627,EnjoyJune,23,81,2025/7/27,23725,1
r10628,EmiBonnie,1,2,2025/7/25,101,0
r10629,EngLot,6,3,2025/7/26,796,0
r10630,ViewMim,5,40,2025/7/29,2493,0
r10631,MilkLove,7,5,2025/7/25,569,0
r10632,NamtanFilm,4,1,2025/7/26,102,0
r10633,EngLot,3,3,2025/7/27,196,0
r10634,EnjoyJune,14,90,2025/7/26,27214,1
r10635,EnjoyJune,3,11,2025/7/26,1221,1
r10636,EnjoyJune,23,133,2025/7/28,37227,0
r10637,EngLot,22,293,2025/8/4,162459,1
r10638,MilkLove,8,13,2025/8/5,3069,0
r10640,OomBam,1,32,2026/3/19,2477,0
r10641,LingOrm,24,10,2025/7/30,2793,1
r10642,LingOrm,27,165,2025/7/26,50098,0
r10643,EngLot,19,149,2025/7/26,105573,1
r10644,NamneungNoey,3,0,2025/7/26,205,0
r10645,LingOrm,54,21,2025/7/27,16636,1
r10646,FreenBecky,7,6,2025/7/26,368,0
r10647,FreenBecky,1,2,2025/7/30,42,0
r10648,LingOrm,22,38,2025/8/4,15320,1
r10649,ViewMim,2,9,2025/7/26,659,0
r10651,ViewJune,1,3,2025/7/26,117,0
r10652,EngLot,32,152,2025/9/21,95774,1
r10653,LingOrm,3,1,2026/2/21,92,0
r10654,LingOrm,2,0,2025/7/26,27,0
r10655,FreenBecky,5,12,2025/7/27,991,1
r10656,EngLot,28,110,2025/8/1,86152,1
r10657,NamtanFilm,3,26,2025/7/28,4547,0
r10658,LingOrm,11,9,2025/8/9,3017,1
r10659,LingOrm,26,65,2025/7/28,34094,1
r10660,LingOrm,12,5,2025/7/27,1507,0
r10661,EnjoyJune,6,14,2025/7/27,1054,1
r10662,ViewJune,1,3,2025/7/28,261,1
r10663,ViewJune,1,2,2025/7/27,138,0
r10664,EmiBonnie,12,8,2025/7/27,1026,1
r10665,LingOrm,13,71,2025/8/1,21596,1
r10666,FreenBecky,13,11,2025/7/31,1868,0
r10667,EngLot,2,1,2025/7/27,183,0
r10668,NamneungNoey,1,1,2025/7/27,231,1
r10669,EnjoyJune,25,48,2025/8/1,8036,0
r10670,LingOrm,1,3,2025/7/28,46,0
r10671,MilkLove,2,17,2025/7/27,1679,0
r10672,EngLot,9,2,2025/7/27,455,0
r10673,EngLot,2,0,2026/3/27,191,0
r10674,EnjoyJune,4,44,2025/7/28,6020,0
r10675,EmiBonnie,6,7,2025/7/27,487,0
r10676,LingOrm,4,1,2025/7/27,70,0
r10677,NamneungNoey,3,1,2025/7/27,204,0
r10678,GinJay,19,18,2026/4/4,4874,0
r10679,LingOrm,4,48,2025/11/7,8017,0
r10680,LingOrm,17,73,2025/10/6,21023,1
r10681,EnjoyJune,3,31,2025/7/28,2477,0
r10682,LingOrm,12,88,2025/8/12,9031,0
r10683,EngLot,14,4,2025/7/28,1172,0
r10684,FreenBecky,2,0,2025/7/28,32,0
r10685,FreenBecky,2,7,2025/7/30,562,0
r10686,LingOrm,21,16,2025/8/3,11589,1
r10687,LingOrm,11,9,2025/7/28,1239,0
r10688,JuneMewnich,6,1,2025/8/1,448,0
r10689,EmiBonnie,6,14,2025/8/31,1056,0
r10690,MilkLove,14,74,2025/7/31,14713,1
r10691,LingOrm,3,6,2025/8/3,733,0
r10692,EmiBonnie,4,160,2025/10/20,9778,0
r10693,EngLot,35,481,2025/8/13,268234,1
r10694,LingOrm,18,2,2025/7/29,1178,1
r10695,EmiBonnie,1,3,2025/7/28,111,0
r10696,NamtanFilm,11,18,2025/11/9,4656,0
r10697,EnjoyJune,12,133,2025/8/14,25805,0
r10698,NamneungNoey,2,0,2025/7/28,18,1
r10699,NamtanFilm,1,8,2025/7/28,887,1
r10700,EmiBonnie,13,30,2025/7/28,16242,0
r10701,EnjoyJune,7,64,2025/11/1,9144,0
r10702,EmiBonnie,2,6,2025/8/10,583,0
r10703,LingOrm,1,2,2025/7/28,56,0
r10704,LingOrm,1,7,2025/7/28,719,0
r10705,NamtanFilm,1,4,2025/8/11,188,0
r10706,EmiBonnie,1,8,2025/8/3,623,1
r10707,LingOrm,13,4,2025/9/29,3231,0
r10708,FreenBecky,14,171,2025/8/1,35153,0
r10709,LingOrm,1,1,2025/7/28,27,0
r10710,NamneungNoey,1,1,2025/7/29,91,0
r10711,NamneungNoey,4,6,2025/8/16,706,0
r10712,EnjoyJune,57,168,2025/8/16,90161,1
r10713,MilkLove,10,47,2025/7/31,7738,0
r10714,FreenBecky,18,35,2025/8/30,5680,1
r10715,JuneMewnich,1,5,2025/7/29,311,0
r10716,FreenBecky,18,35,2025/8/31,5979,1
r10717,FreenBecky,18,32,2025/9/6,5824,1
r10718,FreenBecky,18,35,2025/8/31,7698,1
r10719,FreenBecky,18,32,2025/9/9,6408,1
r10720,FreenBecky,18,32,2025/9/11,6118,1
r10722,FreenBecky,18,68,2025/7/31,16785,1
r10723,LingOrm,1,0,2025/7/29,22,0
r10724,LingOrm,15,22,2025/8/4,8033,1
r10725,EngLot,4,11,2025/9/24,2031,0
r10726,NamtanFilm,1,1,2025/7/30,46,0
r10727,FreenBecky,3,26,2026/8/17,1247,0
r10728,LingOrm,13,153,2025/7/31,48258,1
r10729,EmiBonnie,7,58,2025/8/29,12379,1
r10730,LingOrm,1,1,2026/2/28,85,0
r10731,EmiBonnie,30,12,2025/7/30,2602,1
r10732,LingOrm,29,63,2025/8/23,42667,1
r10733,LingOrm,26,1,2025/7/31,980,1
r10734,LingOrm,2,3,2025/8/11,130,0
r10735,EmiBonnie,39,249,2025/9/7,109388,1
r10736,AndaLookkaew,29,76,2025/8/14,23636,1
r10737,EmiBonnie,9,1,2025/7/30,544,0
r10738,LingOrm,15,98,2025/8/5,38597,1
r10739,EngLot,1,2,2025/7/30,184,0
r10740,NamtanFilm,7,5,2025/7/30,800,1
r10741,LMSY,1,3,2025/8/13,378,0
r10742,LingOrm,5,14,2025/7/30,2412,0
r10743,LingOrm,33,398,2025/8/17,273919,1
r10744,AndaLookkaew,1,3,2025/7/30,217,0
r10745,LingOrm,1,15,2025/7/31,1876,0
r10746,MeenBabe,16,17,2025/8/7,10498,1
r10747,LingOrm,11,1,2025/7/31,211,0
r10748,EmiBonnie,4,251,2025/12/25,33785,0
r10749,FreenBecky,4,1,2025/8/5,101,0
r10750,LingOrm,4,0,2025/8/1,91,0
r10751,EmiBonnie,1,1,2025/8/1,120,1
r10752,FreenBecky,2,1,2025/8/1,122,0
r10753,EmiBonnie,18,24,2025/8/1,3457,1
r10754,NamneungNoey,6,1,2025/8/1,223,0
r10755,EngLot,10,3,2025/8/1,654,0
r10756,EnjoyJune,4,27,2025/8/10,2292,0
r10757,LingOrm,8,1,2025/8/1,82,0
r10758,EngLot,1,5,2025/8/1,494,0
r10759,LingOrm,25,4,2025/8/2,1810,1
r10760,LingOrm,5,3,2025/9/30,173,0
r10761,EmiBonnie,9,46,2025/8/7,5397,1
r10764,LingOrm,1,0,2025/9/11,75,0
r10765,EmiBonnie,2,1,2025/8/4,151,0
r10766,LingOrm,1,2,2025/8/1,175,0
r10767,EngLot,21,28,2025/8/3,23861,1
r10768,EmiBonnie,4,7,2025/8/1,649,1
r10769,EmiBonnie,3,0,2025/8/5,42,0
r10770,EngLot,5,2,2025/8/1,345,0
r10771,LingOrm,36,75,2025/8/11,28472,1
r10772,EnjoyJune,17,66,2025/8/1,19824,1
r10773,LingOrm,13,11,2025/8/1,3285,1
r10774,LingOrm,1,4,2025/8/8,1219,0
r10775,EmiBonnie,13,59,2025/8/1,10301,1
r10776,MilkLove,2,1,2025/8/1,59,0
r10777,FreenBecky,1,3,2025/8/1,57,0
r10778,LingOrm,17,20,2025/8/2,3559,0
r10779,EmiBonnie,3,18,2025/8/1,2492,0
r10780,LingOrm,11,0,2025/8/3,202,0
r10781,EmiBonnie,7,123,2025/8/5,14196,0
r10782,LMSY,7,8,2025/8/2,1103,1
r10783,KaoJaneJaneKao,2,4,2025/8/2,1027,1
r10784,LingOrm,26,904,2025/8/10,334344,1
r10785,LingOrm,11,75,2025/9/16,15127,0
r10786,LingOrm,2,0,2025/8/2,27,0
r10787,NamtanFilm,7,1,2025/8/13,352,0
r10788,EmiBonnie,7,2,2025/8/3,566,0
r10789,NamtanFilm,2,2,2025/10/24,189,0
r10790,EngLot,20,16,2025/8/3,6389,1
r10791,EmiBonnie,3,0,2025/8/15,212,0
r10792,EmiBonnie,11,77,2025/8/15,16063,1
r10793,LingOrm,7,30,2025/8/3,5758,1
r10794,EnjoyJune,12,33,2025/8/2,10061,1
r10795,EmiBonnie,16,164,2025/9/1,34157,1
r10796,EngLot,5,6,2025/8/2,1520,1
r10797,EmiBonnie,1,1,2025/8/3,269,0
r10798,FreenBecky,15,16,2025/8/21,3113,1
r10799,LingOrm,2,2,2025/8/25,83,0
r10800,TkNur,23,111,2025/12/25,31833,1
r10801,EmiBonnie,1,1,2026/2/8,175,0
r10802,LingOrm,30,184,2025/8/27,90877,1
r10803,EngLot,9,4,2025/8/10,1760,0
r10804,LingOrm,1,4,2025/8/5,503,1
r10805,LingOrm,6,5,2025/11/23,253,0
r10806,EmiBonnie,9,12,2025/8/14,1491,0
r10807,FreenBecky,9,11,2025/8/24,756,1
r10808,NamtanFilm,2,3,2025/8/6,126,0
r10809,EngLot,9,2,2025/8/7,752,0
r10810,LingOrm,6,0,2025/8/3,283,0
r10811,ViewJune,1,6,2025/8/6,340,1
r10812,EmiBonnie,2,11,2025/8/10,603,0
r10813,EnjoyJune,7,50,2025/8/4,9628,1
r10814,LingOrm,1,1,2025/8/3,85,0
r10815,LingOrm,23,121,2025/8/23,35723,1
r10816,MilkLove,1,2,2025/8/3,77,0
r10817,EngLot,7,7,2025/8/8,2013,1
r10818,EmiBonnie,14,17,2025/8/3,3643,0
r10819,LingOrm,1,2,2025/8/3,35,0
r10820,EmiBonnie,1,13,2025/8/19,1111,0
r10821,LingOrm,19,12,2026/1/1,4226,1
r10822,FreenBecky,3,22,2025/8/11,2120,1
r10823,NamtanFilm,12,28,2025/8/5,5669,0
r10824,EmiBonnie,11,56,2025/8/4,8377,1
r10825,EngLot,4,0,2025/8/4,189,1
r10826,EngLot,4,6,2025/8/4,355,0
r10827,LingOrm,7,1,2026/3/16,468,0
r10828,EnjoyJune,2,11,2025/9/21,466,0
r10829,LingOrm,5,1,2025/10/5,208,0
r10830,EmiBonnie,8,6,2025/8/4,1185,0
r10831,LingOrm,53,145,2025/9/21,58938,1
r10832,LingOrm,22,14,2026/1/4,6629,0
r10833,EmiBonnie,5,50,2025/8/4,7485,0
r10834,EnjoyJune,7,13,2026/5/3,2476,0
r10835,JuneMewnich,4,9,2025/8/4,843,0
r10836,LingOrm,3,5,2025/8/4,658,0
r10837,EnjoyJune,21,100,2025/10/7,35432,1
r10838,FayMay,57,18,2025/8/5,5704,0
r10839,EnjoyJune,6,20,2025/8/5,2591,0
r10840,NamtanFilm,18,14,2025/8/4,5634,1
r10841,LingOrm,15,137,2025/8/16,38420,1
r10842,NamtanFilm,1,17,2025/8/9,644,0
r10843,LingOrm,8,15,2025/8/23,1179,1
r10844,LingOrm,2,1,2025/8/4,16,0
r10845,MilkLove,14,5,2025/8/9,1835,1
r10846,LingOrm,17,91,2025/8/8,19970,1
r10847,LingOrm,10,4,2025/8/6,679,1
r10848,EmiBonnie,2,2,2026/2/8,376,0
r10849,FayeYoko,5,1,2025/8/5,221,0
r10850,EmiBonnie,2,2,2025/8/4,122,0
r10851,EnjoyJune,10,28,2025/8/10,4145,0
r10852,EnjoyJune,37,46,2025/12/8,14620,1
r10853,LingOrm,1,5,2025/9/18,724,1
r10854,EmiBonnie,8,16,2025/9/1,1489,0
r10856,NamneungNoey,1,1,2025/8/5,52,0
r10857,ViewJune,2,5,2025/8/5,483,0
r10858,LingOrm,1,6,2025/8/5,223,1
r10859,LingOrm,1,0,2025/8/5,45,0
r10861,LingOrm,12,39,2025/8/6,4602,1
r10862,LingOrm,3,1,2025/8/5,465,0
r10863,ViewJune,1,0,2025/8/18,36,0
r10864,EngLot,17,22,2025/8/25,17295,1
r10865,LingOrm,24,61,2025/8/17,11587,0
r10866,LingOrm,14,10,2025/11/21,3209,1
r10867,LingOrm,2,0,2025/8/8,70,0
r10868,LingOrm,18,193,2025/8/7,75368,1
r10869,LingOrm,20,20,2025/11/23,4290,1
r10870,LingOrm,2,0,2025/8/6,40,0
r10871,LingOrm,4,2,2026/4/17,475,0
r10872,LingOrm,2,1,2025/8/10,59,0
r10873,FreenBecky,3,2,2025/8/11,183,1
r10874,LingOrm,22,44,2025/10/3,17297,1
r10875,NamtanFilm,2,7,2025/8/16,542,0
r10876,EnjoyJune,7,12,2025/8/6,1050,0
r10877,MeenBabe,4,1,2026/6/2,142,0
r10878,LingOrm,33,43,2025/8/14,19620,1
r10879,EngLot,7,2,2025/8/7,1509,0
r10880,LingOrm,15,49,2026/1/4,10293,1
r10881,LingOrm,25,46,2025/8/25,24541,1
r10882,EmiBonnie,18,50,2025/8/7,4490,0
r10883,KaoJaneJaneKao,2,47,2025/8/7,4079,0
r10884,LingOrm,2,1,2025/8/6,38,0
r10885,LingOrm,37,60,2025/8/8,32087,1
r10886,EmiBonnie,12,7,2025/8/7,1386,1
r10887,ViewJune,1,14,2025/10/30,151,0
r10888,LingOrm,6,42,2025/8/7,4658,0
r10889,EnjoyJune,14,20,2025/8/7,4121,0
r10890,LingOrm,2,1,2025/8/10,137,0
r10891,LingOrm,28,8,2025/8/12,1216,0
r10892,LingOrm,63,29,2025/8/8,20946,1
r10893,EnjoyJune,12,78,2025/8/8,8278,0
r10894,LingOrm,5,72,2025/11/2,16509,1
r10895,EngLot,4,2,2025/8/8,849,0
r10896,LingOrm,2,0,2025/8/8,102,0
r10897,EngLot,33,3,2025/8/18,347,0
r10898,LingOrm,4,5,2025/8/9,472,0
r10899,EmiBonnie,7,18,2025/8/9,1506,0
r10900,LingOrm,11,12,2025/8/9,2237,0
r10901,EnjoyJune,10,33,2025/8/10,7173,1
r10902,EnjoyJune,13,131,2025/8/8,26493,1
r10903,EmiBonnie,5,109,2026/4/12,7533,0
r10904,LingOrm,3,6,2025/8/19,984,0
r10905,NamtanFilm,1,1,2025/8/8,59,0
r10906,EnjoyJune,4,13,2025/8/8,1194,0
r10907,FreenBecky,48,189,2025/8/8,74013,1
r10908,FreenBecky,6,12,2025/9/1,621,0
r10909,EngLot,2,2,2025/8/8,92,0
r10910,LingOrm,1,2,2025/8/8,385,1
r10911,LingOrm,14,5,2025/8/13,957,1
r10912,EmiBonnie,4,5,2025/8/21,594,0
r10913,LingOrm,4,2,2025/8/10,174,0
r10914,EngLot,12,15,2025/8/9,9135,1
r10915,EngLot,2,2,2025/10/9,486,0
r10916,FreenBecky,2,0,2025/8/10,78,0
r10917,EmiBonnie,3,4,2025/8/9,235,0
r10918,EngLot,15,16,2025/8/12,3419,0
r10919,NamtanFilm,1,3,2025/8/11,60,0
r10920,NamneungNoey,2,0,2025/8/9,49,0
r10921,EngLot,8,1,2025/8/26,514,1
r10922,LingOrm,3,2,2025/8/9,357,0
r10923,EmiBonnie,4,12,2025/8/12,1443,0
r10924,NamneungNoey,1,1,2025/8/9,219,1
r10925,NamtanFilm,6,19,2025/10/30,2293,1
r10926,LingOrm,19,58,2025/8/10,38614,1
r10927,EngLot,6,3,2026/7/31,327,0
r10928,LingOrm,13,78,2025/8/13,6838,0
r10929,EngLot,20,166,2025/8/10,82387,1
r10930,LingOrm,37,1539,2025/8/25,653470,1
r10931,LingOrm,2,3,2025/8/12,203,0
r10932,LingOrm,6,6,2025/8/10,1987,1
r10933,EngLot,19,209,2025/10/14,91185,1
r10935,LingOrm,10,127,2025/8/10,31923,1
r10936,EngLot,20,6,2025/8/10,1997,1
r10937,LingOrm,1,2,2025/8/11,72,0
r10938,LingOrm,5,17,2025/8/11,1046,0
r10939,LingOrm,17,15,2025/8/10,4264,0
r10940,LingOrm,5,1,2025/10/2,63,0
r10941,LingOrm,9,27,2025/8/17,4111,1
r10942,NamtanFilm,19,15,2025/8/10,2311,1
r10943,LingOrm,23,12,2025/8/10,2676,1
r10944,EnjoyJune,17,28,2025/8/10,10185,1
r10945,LingOrm,8,4,2025/8/10,789,0
r10946,LingOrm,30,11,2025/8/18,4514,1
r10947,EngLot,2,4,2025/8/10,471,1
r10948,EnjoyJune,49,116,2025/9/10,46939,0
r10949,EmiBonnie,2,3,2025/11/7,217,0
r10950,LingOrm,2,0,2025/8/10,14,0
r10951,MeenBabe,7,2,2025/8/10,454,1
r10952,EnjoyJune,17,21,2025/12/23,6671,1
r10953,LingOrm,2,1,2025/8/11,80,0
r10954,EngLot,2,1,2025/8/11,92,1
r10955,EngLot,8,33,2025/8/11,7563,1
r10956,LingOrm,3,0,2025/9/3,77,0
r10957,LingOrm,31,404,2025/11/21,179829,1
r10958,ViewMim,10,11,2025/8/11,524,0
r10959,LingOrm,33,485,2025/8/22,232329,1
r10960,NamneungNoey,1,0,2025/8/11,104,1
r10961,FreenBecky,5,127,2025/9/8,11563,0
r10962,NamneungNoey,1,2,2025/9/7,91,0
r10963,LingOrm,11,33,2025/9/20,9452,1
r10964,EmiBonnie,17,756,2025/10/11,134851,1
r10965,EngLot,17,36,2025/8/11,9750,1
r10966,LingOrm,9,13,2025/11/11,3362,0
r10967,ViewJune,2,2,2025/8/20,272,0
r10968,LingOrm,1,3,2025/8/25,448,0
r10969,FreenBecky,1,5,2026/3/11,183,0
r10970,NamtanFilm,2,3,2025/8/12,161,0
r10971,MeenBabe,3,11,2025/8/19,721,0
r10972,EngLot,21,41,2025/8/22,27446,1
r10973,NamneungNoey,6,2,2025/8/12,170,0
r10974,FreenBecky,20,8,2025/8/16,1851,1
r10975,NamneungNoey,7,0,2025/8/12,358,1
r10976,EmiBonnie,9,296,2025/8/22,27748,0
r10977,LingOrm,5,0,2025/8/12,19,0
r10978,LingOrm,4,498,2025/9/1,40260,1
r10979,NamtanFilm,12,36,2025/8/23,4274,1
r10980,EnjoyJune,3,36,2025/8/17,3804,0
r10981,EmiBonnie,36,37,2025/8/15,14037,0
r10982,LingOrm,3,0,2025/8/12,230,0
r10983,FreenBecky,12,16,2025/8/13,2399,1
r10984,LingOrm,7,0,2025/8/15,39,0
r10985,LingOrm,1,2,2026/6/1,164,0
r10986,BamYada,13,4,2025/8/14,930,1
r10988,ViewMim,6,6,2025/8/18,420,0
r10989,LingOrm,13,25,2025/8/13,5483,1
r10990,LMSY,12,1,2025/9/25,1315,1
r10991,EnjoyJune,3,29,2026/4/14,1515,0
r10992,LingOrm,17,167,2025/8/14,47291,1
r10993,LingOrm,3,2,2025/8/12,164,0
r10994,EmiBonnie,8,4,2025/8/18,582,0
r10995,EngLot,3,3,2025/8/17,695,0
r10996,EngLot,8,16,2026/1/7,1459,0
r10997,NamtanFilm,2,6,2025/8/14,555,0
r10998,EmiBonnie,6,47,2025/8/13,6228,0
r10999,FreenBecky,18,221,2025/10/14,44490,1
r11000,ViewJune,3,1,2025/8/13,26,0
r11001,EngLot,11,13,2025/8/15,5124,0
r11002,LingOrm,4,4,2025/10/30,256,0
r11003,LingOrm,23,1035,2025/9/21,405495,1
r11005,EngLot,1,7,2025/8/15,672,0
r11006,LingOrm,29,104,2025/8/16,56370,1
r11007,FreenBecky,1,3,2025/8/13,88,0
r11009,FreenBecky,1,0,2026/4/27,12,0
r11010,LingOrm,22,12,2025/8/13,4575,1
r11011,LingOrm,3,249,2025/8/19,25257,1
r11012,EngLot,1,3,2025/8/13,239,0
r11013,LingOrm,4,5,2025/8/28,769,0
r11014,EngLot,1,6,2025/8/24,222,0
r11015,EmiBonnie,1,34,2025/11/21,764,0
r11016,EmiBonnie,4,10,2025/8/17,1492,0
r11017,LingOrm,1,0,2025/8/14,10,0
r11018,EnjoyJune,22,69,2025/8/18,24429,1
r11019,JuneMewnich,33,9,2025/8/14,2165,1
r11020,LingOrm,22,24,2025/8/13,8023,1
r11021,EmiBonnie,2,4,2025/8/14,529,0
r11022,FreenBecky,6,53,2025/9/17,6278,0
r11023,LingOrm,6,14,2025/10/12,2831,0
r11024,FreenBecky,13,179,2025/9/7,35325,1
r11025,FreenBecky,1,115,2026/5/9,3865,0
r11026,LingOrm,1,19,2025/8/28,1130,1
r11027,NamtanFilm,1,2,2025/8/15,120,0
r11028,LingOrm,29,43,2025/8/16,22508,0
r11029,EnjoyJune,23,66,2025/8/23,16461,1
r11030,EmiBonnie,1,1,2025/8/14,67,0
r11031,EngLot,13,6,2025/8/14,1006,0
r11032,FreenBecky,7,17,2025/8/14,776,0
r11033,NamtanFilm,12,51,2025/8/16,6565,0
r11034,EnjoyJune,4,11,2025/8/15,1124,1
r11035,EngLot,35,453,2025/10/7,368020,1
r11036,NamtanFilm,36,33,2025/8/14,21207,1
r11037,EngLot,24,69,2025/10/9,65337,1
r11038,LingOrm,16,342,2025/9/12,82308,1
r11039,FreenBecky,12,8,2025/8/23,1722,1
r11040,FreenBecky,3,5,2025/8/16,116,0
r11041,LingOrm,80,22,2025/9/5,20242,1
r11042,LingOrm,11,12,2025/9/4,2275,0
r11043,EnjoyJune,19,46,2025/8/19,13791,1
r11044,MilkLove,5,6,2025/8/18,322,0
r11045,EngLot,1,0,2025/8/15,45,0
r11046,MilkLove,2,1,2025/9/29,271,0
r11047,EmiBonnie,3,97,2025/8/15,12594,1
r11048,EmiBonnie,2,6,2025/8/22,324,0
r11049,EngLot,25,15,2025/8/16,11837,1
r11050,NamtanFilm,1,8,2025/8/31,765,0
r11051,EmiBonnie,10,113,2025/8/16,18561,1
r11052,LingOrm,1,2,2025/8/16,123,0
r11053,EnjoyJune,10,75,2025/9/12,11934,0
r11054,LingOrm,8,5,2025/8/17,1113,0
r11055,AndaLookkaew,15,45,2025/9/9,12347,1
r11056,EmiBonnie,8,3,2025/8/16,616,1
r11057,EngLot,43,23,2025/8/17,12681,1
r11058,MilkLove,16,179,2025/9/9,42142,1
r11059,LingOrm,2,0,2025/8/16,76,0
r11060,LingOrm,5,19,2025/8/18,2389,0
r11061,LingOrm,2,2,2025/8/17,444,0
r11062,LingOrm,14,126,2025/8/22,28831,1
r11063,LingOrm,15,46,2025/8/23,17384,1
r11064,EngLot,30,393,2025/8/17,247937,1
r11065,LingOrm,24,536,2025/8/23,220404,1
r11067,EnjoyJune,10,56,2025/10/2,9077,1
r11068,NamtanFilm,11,10,2025/8/17,3042,0
r11069,FreenBecky,18,31,2025/9/2,5107,1
r11070,EngLot,5,8,2026/3/20,1696,0
r11071,LingOrm,1,1,2025/8/17,78,0
r11072,LingOrm,17,3,2025/8/17,1315,0
r11073,MilkLove,4,5,2025/8/17,808,0
r11074,LingOrm,7,17,2025/8/19,1774,0
r11075,EngLot,20,813,2025/8/17,290400,1
r11076,LingOrm,27,154,2025/9/14,75808,1
r11077,FreenBecky,18,41,2025/9/6,7270,1
r11078,LMSY,16,34,2025/8/17,10181,1
r11079,LingOrm,4,5,2025/8/23,966,0
r11080,EmiBonnie,4,41,2025/8/17,6504,1
r11081,FreenBecky,3,3,2025/8/17,161,1
r11082,EngLot,19,67,2025/9/2,50638,1
r11083,MilkLove,3,30,2025/8/17,5094,0
r11084,LingOrm,5,2,2026/8/7,138,0
r11085,MeenBabe,11,86,2025/12/1,17525,1
r11086,EngLot,4,11,2025/8/25,2352,0
r11087,EmiBonnie,3,57,2025/8/22,7278,0
r11088,EnjoyJune,2,38,2025/8/20,2356,0
r11089,EngLot,6,3,2025/10/20,965,0
r11090,NamneungNoey,1,0,2025/8/18,44,0
r11091,MeenBabe,5,5,2025/8/18,1558,0
r11093,LingOrm,6,12,2025/8/19,1090,1
r11094,EmiBonnie,1,6,2025/8/18,557,0
r11095,EngLot,5,6,2025/8/18,390,0
r11096,LingOrm,29,35,2025/8/19,15045,1
r11098,NamtanFilm,12,13,2025/8/27,4379,0
r11099,LingOrm,2,1,2025/8/18,110,0
r11100,NamtanFilm,3,12,2025/9/3,977,1
r11101,EngLot,9,4,2025/9/21,2406,0
r11102,FreenBecky,26,12,2025/9/20,4842,1
r11103,EnjoyJune,18,58,2025/11/7,13160,1
r11104,EngLot,15,66,2025/9/1,21677,1
r11105,FreenBecky,1,0,2025/8/19,25,0
r11106,EnjoyJune,17,58,2025/8/19,15405,1
r11107,FreenBecky,2,5,2025/8/20,255,0
r11108,EmiBonnie,1,8,2025/8/19,321,0
r11109,EmiBonnie,3,22,2025/8/20,2550,0
r11110,EmiBonnie,1,6,2025/8/19,124,0
r11111,EngLot,20,48,2025/8/21,18460,1
r11112,LingOrm,3,1,2025/9/5,60,0
r11113,LingOrm,9,1,2025/8/21,779,0
r11115,NamtanFilm,7,333,2025/8/26,31192,1
r11117,EnjoyJune,9,15,2025/9/14,2725,0
r11118,LingOrm,4,0,2025/8/21,61,0
r11119,EmiBonnie,2,6,2025/8/27,654,0
r11120,EngLot,5,46,2025/8/22,4444,1
r11121,LingOrm,35,79,2025/8/21,48629,1
r11122,EngLot,15,119,2025/8/30,60666,1
r11123,EmiBonnie,3,11,2025/8/20,757,0
r11124,EmiBonnie,11,19,2025/8/24,3619,1
r11125,LingOrm,4,2,2025/8/20,161,0
r11126,LingOrm,1,1,2025/8/31,42,0
r11127,EnjoyJune,6,10,2026/7/25,1009,0
r11128,EngLot,22,157,2025/8/24,69392,1
r11129,EnjoyJune,2,20,2025/9/2,1030,0
r11130,EmiBonnie,4,162,2025/8/22,10623,0
r11131,LingOrm,6,21,2025/8/20,2169,0
r11132,LingOrm,3,7,2025/8/21,594,0
r11133,LingOrm,2,1,2025/8/23,39,0
r11134,FreenBecky,14,3,2025/8/22,621,0
r11135,LingOrm,2,0,2025/8/21,106,0
r11136,FreenBecky,10,9,2025/9/2,1041,1
r11137,EngLot,4,13,2025/8/22,22539,1
r11138,FreenBecky,5,1,2025/10/8,227,1
r11139,FreenBecky,1,0,2025/8/21,39,0
r11140,EmiBonnie,2,0,2025/8/21,48,0
r11141,EmiBonnie,12,159,2025/8/21,25941,0
r11142,LingOrm,17,11,2025/8/23,4316,1
r11143,EngLot,15,2,2026/6/15,1928,1
r11144,LingOrm,12,40,2025/8/22,16099,1
r11145,LingOrm,2,8,2025/8/22,358,0
r11146,EngLot,1,1,2025/8/22,22,0
r11147,NamtanFilm,3,35,2025/11/16,2310,0
r11148,MilkLove,3,1,2026/2/7,180,0
r11149,EngLot,15,18,2025/8/22,18268,1
r11150,MilkLove,3,85,2025/8/23,6947,0
r11151,LingOrm,1,1,2025/8/22,161,0
r11152,EnjoyJune,30,54,2025/8/28,22590,1
r11153,ViewJune,6,3,2025/8/23,271,0
r11154,NamtanFilm,5,7,2025/8/23,895,1
r11155,NamtanFilm,5,0,2026/2/5,107,0
r11157,EmiBonnie,2,0,2025/10/21,37,0
r11158,LingOrm,50,1066,2025/9/3,443497,0
r11159,LingOrm,6,4,2025/9/3,419,0
r11160,FreenBecky,7,4,2025/8/23,619,0
r11161,LingOrm,5,1,2025/9/3,210,0
r11162,EnjoyJune,5,45,2025/9/3,6983,0
r11163,NamneungNoey,1,1,2025/8/23,72,0
r11164,MilkLove,2,3,2025/8/23,103,0
r11165,NamtanFilm,10,14,2025/8/25,2701,0
r11166,LingOrm,18,685,2025/8/24,258376,1
r11167,FreenBecky,26,10,2025/8/30,2874,1
r11168,LingOrm,1,2,2025/8/23,76,0
r11169,ViewJune,4,0,2025/8/23,124,0
r11170,LingOrm,5,3,2025/8/31,1039,1
r11171,LingOrm,4,5,2025/8/23,743,0
r11172,LingOrm,5,7,2025/8/23,1121,0
r11173,LingOrm,9,32,2025/9/16,2542,0
r11174,LingOrm,4,2,2025/8/24,93,0
r11175,EngLot,22,77,2025/9/12,60641,1
r11176,NamneungNoey,5,9,2025/9/12,866,0
r11177,LingOrm,37,143,2025/9/7,124702,0
r11178,FreenBecky,2,5,2025/8/27,235,0
r11179,EmiBonnie,9,316,2025/9/14,43159,1
r11180,LingOrm,33,413,2025/8/24,196636,1
r11181,FreenBecky,3,2,2025/8/26,98,0
r11182,LingOrm,5,22,2026/6/13,1650,0
r11183,EngLot,1,2,2025/8/24,145,0
r11184,LingOrm,12,175,2025/8/25,61743,1
r11185,LMSY,12,47,2025/8/25,8181,1
r11186,LingOrm,15,76,2025/11/1,16809,1
r11187,LingOrm,14,16,2025/9/13,3895,0
r11188,LingOrm,2,1,2025/8/25,64,0
r11189,NamtanFilm,2,29,2025/8/25,1756,0
r11190,NamtanFilm,7,9,2025/8/24,1675,0
r11191,LingOrm,1,3,2025/8/24,70,0
r11192,EngLot,1,1,2025/8/24,398,0
r11193,NamtanFilm,1,6,2025/9/6,434,0
r11194,LingOrm,11,15,2025/8/25,4924,0
r11195,EnjoyJune,8,27,2025/12/24,3079,0
r11196,EngLot,18,67,2025/8/27,41062,1
r11197,EmiBonnie,4,13,2025/8/25,1878,0
r11198,EngLot,39,18,2025/11/22,5055,0
r11199,LingOrm,13,196,2025/8/27,63128,1
r11200,NamneungNoey,5,28,2026/1/11,4304,0
r11201,LingOrm,2,0,2025/8/25,29,0
r11202,LingOrm,27,290,2025/8/27,89963,1
r11203,EmiBonnie,19,786,2025/8/25,194733,1
r11204,NamtanFilm,1,4,2025/10/28,291,0
r11205,FayMay,3,4,2025/8/25,395,0
r11206,LingOrm,6,6,2025/8/30,2765,0
r11207,EngLot,12,84,2025/8/29,54253,0
r11208,LMSY,1,3,2025/8/25,245,1
r11209,NamneungNoey,3,1,2025/8/25,118,1
r11210,NamtanFilm,2,5,2025/12/13,300,0
r11211,FreenBecky,1,4,2025/8/26,182,0
r11212,EngLot,14,72,2025/9/1,31698,1
r11213,NamtanFilm,4,3,2025/8/26,120,0
r11214,LingOrm,10,3,2025/8/25,331,0
r11215,LingOrm,6,3,2025/8/26,631,0
r11216,LingOrm,1,0,2025/8/27,131,0
r11217,LingOrm,27,971,2025/8/26,381750,1
r11218,LingOrm,27,331,2025/9/1,125836,1
r11219,EmiBonnie,12,84,2025/11/24,18202,1
r11220,LingOrm,7,2,2025/8/27,130,0
r11221,LingOrm,20,94,2025/8/27,47075,1
r11222,MilkLove,4,4,2025/8/26,168,0
r11223,EngLot,8,0,2025/8/26,141,0
r11224,EmiBonnie,12,56,2025/10/20,14663,0
r11225,ViewJune,1,0,2025/8/26,47,1
r11226,LingOrm,1,2,2025/8/26,434,1
r11227,FreenBecky,44,22,2025/9/16,10348,1
r11228,EmiBonnie,7,25,2025/9/20,4741,1
r11229,MeenBabe,16,123,2025/8/28,15822,0
r11230,LingOrm,37,11,2025/8/29,10870,1
r11231,NamtanFilm,24,329,2025/11/8,83404,1
r11232,EngLot,13,26,2025/8/28,29940,1
r11234,LingOrm,1,6,2025/8/30,962,1
r11235,LingOrm,11,16,2025/9/13,5652,1
r11237,LingOrm,2,1,2025/8/28,476,0
r11238,MilkLove,9,18,2025/10/14,3911,0
r11239,EngLot,1,3,2025/8/28,541,0
r11240,EmiBonnie,1,95,2025/9/4,5377,1
r11241,EngLot,4,0,2025/9/13,134,0
r11242,EmiBonnie,11,611,2025/9/18,87367,1
r11243,LingOrm,1,1,2025/8/29,39,0
r11244,EngLot,16,198,2025/9/6,100019,1
r11245,EngLot,23,209,2025/9/1,96244,1
r11246,EmiBonnie,4,5,2025/8/28,301,0
r11247,LingOrm,2,1,2025/10/8,120,0
r11248,EmiBonnie,21,48,2025/9/7,14024,1
r11249,ArhoungPam,9,81,2025/9/7,6041,0
r11250,LingOrm,1,7,2025/9/6,289,0
r11251,LingOrm,6,14,2025/8/28,3451,0
r11252,LingOrm,30,1,2025/9/6,541,0
r11253,LingOrm,7,23,2025/8/30,6256,1
r11254,ViewJune,1,5,2025/12/4,159,0
r11255,LMSY,8,14,2025/8/28,2317,0
r11256,LingOrm,1,3,2026/2/2,195,0
r11257,MilkLove,3,4,2025/8/29,185,0
r11258,EngLot,9,2,2025/9/2,777,0
r11259,FreenBecky,34,4,2025/8/29,3047,0
r11260,FreenBecky,10,8,2025/8/29,901,0
r11261,FreenBecky,13,21,2026/3/30,3533,0
r11262,LingOrm,41,1515,2025/9/7,838693,1
r11263,LingOrm,2,1,2025/8/31,96,0
r11264,LingOrm,1,6,2025/8/29,949,1
r11265,EmiBonnie,1,1,2025/9/3,42,0
r11266,LingOrm,12,2,2025/8/29,733,0
r11267,MilkLove,10,19,2025/11/17,5297,0
r11268,LingOrm,24,321,2025/9/6,114803,1
r11269,FreenBecky,1,2,2025/8/30,78,0
r11270,LingOrm,1,0,2025/8/31,29,0
r11272,EnjoyJune,7,43,2025/9/2,7931,1
r11273,FreenBecky,2,2,2025/8/31,79,0
r11274,ViewJune,1,0,2025/8/29,48,0
r11275,EngLot,20,189,2025/9/26,90422,1
r11276,FreenBecky,9,4,2025/8/29,228,1
r11278,EngLot,17,0,2025/8/30,1090,0
r11279,LMSY,1,1,2025/8/29,60,0
r11280,EngLot,20,180,2025/10/28,78515,1
r11281,LMSY,8,10,2025/8/30,1494,0
r11282,EnjoyJune,2,13,2026/1/11,993,0
r11283,ViewJune,1,4,2025/8/31,266,1
r11284,FreenBecky,1,3,2025/8/30,124,0
r11285,LingOrm,8,9,2026/4/25,2072,0
r11287,LingOrm,25,17,2025/10/10,4946,1
r11288,MeenBabe,13,82,2025/9/1,23938,1
r11289,NamtanFilm,16,13,2025/9/15,3637,1
r11290,MilkLove,1,3,2025/8/31,90,0
r11291,FreenBecky,10,21,2026/1/1,2338,0
r11292,FreenBecky,16,5,2025/10/4,1553,1
r11293,EngLot,1,1,2025/9/22,35,0
r11294,MilkLove,4,3,2025/8/30,388,1
r11295,MilkLove,2,2,2025/9/7,129,0
r11296,FreenBecky,11,39,2025/8/31,867,0
r11297,NamneungNoey,22,23,2025/9/21,10699,1
r11298,LingOrm,2,5,2025/9/2,438,0
r11299,FreenBecky,30,72,2025/12/25,28864,1
r11300,ViewMim,12,29,2025/8/31,4799,1
r11301,FreenBecky,2,0,2025/8/31,59,0
r11302,EmiBonnie,10,110,2025/9/18,19791,1
r11303,LingOrm,1,15,2025/8/31,1560,1
r11304,FreenBecky,6,6,2025/10/11,213,0
r11305,LingOrm,7,12,2025/9/8,4091,1
r11306,EngLot,23,256,2025/10/6,98418,1
r11307,EmiBonnie,1,97,2026/6/13,19227,1
r11308,MilkLove,2,2,2025/8/31,360,0
r11309,FayMay,22,81,2025/9/11,14788,1
r11310,MilkLove,1,0,2025/9/30,23,0
r11311,LingOrm,1,5,2025/8/31,355,0
r11312,EnjoyJune,5,38,2025/9/4,5189,1
r11313,EmiBonnie,23,18,2025/9/2,7268,0
r11314,LingOrm,2,3,2025/9/29,350,1
r11315,LingOrm,19,20,2025/9/13,8163,1
r11316,EngLot,8,4,2025/9/5,3313,1
r11317,BamYada,7,9,2025/9/1,1677,0
r11318,JanJingjing,2,1,2025/10/31,83,0
r11319,EnjoyJune,11,123,2025/9/2,22384,0
r11320,FreenBecky,2,4,2025/9/3,72,0
r11321,NamtanFilm,20,23,2025/9/2,7302,1
r11322,FreenBecky,7,5,2025/9/1,769,1
r11323,FreenBecky,5,5,2025/9/2,300,1
r11324,LingOrm,5,6,2025/9/2,1328,0
r11325,LingOrm,5,3,2025/9/1,438,0
r11326,EngLot,10,14,2025/9/2,10370,1
r11327,FreenBecky,15,9,2025/9/23,2223,0
r11328,EngLot,1,3,2025/9/29,74,0
r11329,LingOrm,1,1,2025/9/5,20,0
r11330,EngLot,32,102,2025/12/1,83435,1
r11331,LingOrm,13,483,2025/9/3,108928,0
r11332,EngLot,7,21,2025/9/21,5780,1
r11333,GinJay,8,64,2025/10/6,10209,1
r11334,ArhoungPam,5,36,2025/9/21,2249,0
r11335,LingOrm,9,25,2025/9/6,7425,1
r11336,LingOrm,31,8,2025/9/2,7318,1
r11337,FayMay,3,11,2025/9/23,631,0
r11338,EngLot,14,26,2025/9/3,12352,1
r11339,LingOrm,33,102,2025/9/14,47639,0
r11340,EngLot,4,5,2025/9/2,225,0
r11341,EmiBonnie,10,21,2025/10/3,5717,1
r11342,LenaMiu,8,28,2026/2/22,9436,0
r11343,EngLot,17,43,2025/9/3,12768,1
r11344,MeenBabe,3,7,2026/4/9,954,0
r11345,FreenBecky,5,31,2025/9/14,3048,0
r11346,FreenBecky,6,19,2025/9/3,2143,0
r11347,AndaLookkaew,2,11,2025/9/3,750,0
r11348,EnjoyJune,12,66,2025/9/3,14752,1
r11349,ViewJune,1,0,2025/9/3,22,1
r11350,EnjoyJune,24,28,2025/9/3,8251,0
r11351,LingOrm,26,95,2025/9/12,45797,1
r11352,FreenBecky,3,3,2025/9/3,308,1
r11353,LingOrm,1,0,2025/9/3,23,0
r11354,FreenBecky,2,47,2025/9/4,3764,1
r11355,KaoJaneJaneKao,4,14,2025/11/4,1303,0
r11356,FreenBecky,2,0,2025/9/3,36,0
r11357,ViewJune,1,0,2025/9/3,35,0
r11358,FreenBecky,4,0,2025/9/3,47,1
r11359,FreenBecky,5,2,2025/9/3,117,0
r11360,EngLot,33,18,2025/9/5,7129,1
r11361,LingOrm,1,2,2025/9/4,286,0
r11362,EngLot,2,4,2025/9/4,251,0
r11363,LingOrm,2,13,2026/3/17,324,0
r11364,LingOrm,10,45,2025/10/1,8970,1
r11365,MilkLove,23,269,2025/9/9,60936,1
r11366,LingOrm,3,2,2025/9/7,238,0
r11367,LingOrm,27,247,2025/9/4,90235,1
r11368,LingOrm,20,197,2025/10/4,19733,1
r11369,MilkLove,12,12,2025/9/4,2479,1
r11370,MeenBabe,2,1,2025/9/4,426,0
r11371,EmiBonnie,1,3,2025/9/25,142,0
r11372,LingOrm,7,2,2025/9/4,476,0
r11373,NamtanFilm,2,3,2026/4/18,275,0
r11374,LingOrm,2,17,2025/9/5,2747,0
r11375,LingOrm,2,0,2025/12/13,26,0
r11376,LingOrm,3,1,2025/9/5,491,0
r11377,LingOrm,2,4,2025/9/7,189,0
r11378,EngLot,7,0,2025/9/5,1856,0
r11379,FreenBecky,9,25,2025/9/8,2113,0
r11380,LingOrm,13,111,2025/9/10,32110,1
r11381,LingOrm,1,3,2025/9/6,108,0
r11382,LingOrm,21,420,2025/9/7,165703,1
r11383,EmiBonnie,9,3,2025/9/5,628,1
r11384,MilkLove,4,2,2025/9/9,554,0
r11385,ViewJune,1,1,2025/9/7,49,0
r11386,LingOrm,3,0,2025/9/5,53,1
r11387,MilkLove,7,9,2025/9/7,3623,1
r11388,EmiBonnie,8,8,2025/10/4,649,1
r11389,LingOrm,1,0,2025/9/6,26,0
r11390,FreenBecky,9,13,2025/11/12,1524,0
r11391,EngLot,31,21,2025/9/9,14138,1
r11392,NamtanFilm,15,19,2025/10/6,1948,1
r11393,LingOrm,26,15,2025/9/11,6063,1
r11394,LingOrm,15,8,2025/9/6,1810,1
r11395,LingOrm,47,140,2026/1/7,53779,1
r11396,LingOrm,16,15,2025/9/7,2962,0
r11397,EnjoyJune,14,102,2025/9/6,25625,1
r11398,EmiBonnie,34,123,2025/11/4,41057,1
r11399,NamneungNoey,2,0,2025/9/8,31,1
r11400,NamneungNoey,1,0,2025/9/6,21,0
r11401,EngLot,1,0,2025/9/6,25,0
r11402,LingOrm,5,2,2025/9/6,142,0
r11403,EmiBonnie,1,3,2025/9/6,109,0
r11404,LingOrm,10,44,2026/6/4,6226,0
r11405,LingOrm,52,222,2025/9/7,84187,1
r11406,FreenBecky,10,13,2025/9/7,1811,1
r11407,NamneungNoey,36,60,2025/12/6,29865,1
r11408,EmiBonnie,3,2,2025/9/6,220,0
r11409,LingOrm,27,107,2025/9/21,63565,0
r11410,EngLot,1,0,2025/9/6,72,1
r11411,EnjoyJune,15,51,2025/9/7,15334,1
r11412,LingOrm,6,1,2025/9/9,507,0
r11413,EngLot,24,17,2025/9/8,28048,1
r11414,EngLot,1,1,2025/9/7,59,0
r11415,EmiBonnie,12,19,2025/9/20,3929,1
r11416,EmiBonnie,13,18,2025/9/13,3959,1
r11417,FayMay,6,22,2025/9/19,3211,1
r11418,FreenBecky,1,2,2025/9/7,75,0
r11419,LingOrm,17,9,2025/11/16,2906,0
r11420,NamtanFilm,5,10,2025/9/7,875,0
r11421,EngLot,13,102,2025/9/14,70904,1
r11422,NamtanFilm,11,21,2025/9/20,1962,0
r11423,EmiBonnie,11,125,2025/9/20,21090,1
r11424,MilkLove,4,3,2025/9/7,577,0
r11426,LingOrm,1,1,2025/9/7,108,0
r11427,LingOrm,24,88,2025/9/27,40194,0
r11428,LingOrm,9,2,2025/9/13,500,0
r11429,FreenBecky,4,6,2025/9/7,415,0
r11430,ArhoungPam,10,45,2025/9/26,3667,1
r11431,MeenBabe,6,1,2025/9/14,450,0
r11432,EngLot,12,19,2026/1/1,8573,1
r11434,EmiBonnie,4,88,2025/9/15,6343,0
r11435,MilkLove,10,7,2025/12/28,1669,0
r11436,LingOrm,27,56,2026/2/22,28333,1
r11438,LingOrm,33,395,2025/10/1,136369,1
r11439,EmiBonnie,9,6,2025/9/11,726,0
r11441,MilkLove,5,25,2025/9/28,3792,0
r11442,LingOrm,18,15,2025/9/13,4760,0
r11443,FreenBecky,5,25,2026/3/16,3260,0
r11444,LingOrm,18,11,2025/9/9,5898,1
r11445,FreenBecky,3,3,2025/10/31,159,0
r11446,LingOrm,34,46,2025/9/11,24646,1
r11447,EngLot,4,0,2025/9/9,115,0
r11448,LenaMiu,5,4,2025/12/15,1263,0
r11449,LingOrm,15,2,2025/9/11,995,1
r11450,LingOrm,10,12,2025/9/15,2894,1
r11451,EngLot,16,103,2025/9/10,48943,1
r11452,LingOrm,5,0,2025/9/10,81,0
r11453,EmiBonnie,1,10,2025/9/12,929,0
r11454,EnjoyJune,2,18,2026/7/11,693,0
r11455,FreenBecky,5,44,2025/9/23,2161,0
r11456,EmiBonnie,17,164,2025/9/9,32210,1
r11457,MilkLove,1,2,2026/6/4,198,0
r11458,LingOrm,26,568,2025/9/20,317923,1
r11459,LingOrm,15,14,2025/9/11,6630,1
r11460,LingOrm,15,84,2025/10/6,18412,0
r11461,LingOrm,25,300,2025/10/1,108215,1
r11462,NamtanFilm,6,176,2025/9/29,19725,1
r11463,FreenBecky,14,10,2025/9/10,1535,1
r11464,EmiBonnie,12,4,2025/10/8,940,1
r11466,EngLot,21,0,2025/9/10,412,0
r11467,NamtanFilm,2,2,2025/10/10,97,0
r11468,EngLot,3,0,2025/9/10,257,0
r11469,LingOrm,16,256,2025/9/15,63116,1
r11470,LingOrm,19,21,2025/9/10,3979,1
r11471,EnjoyJune,4,15,2026/3/1,845,0
r11472,LMSY,1,6,2025/9/11,679,1
r11473,LingOrm,40,10,2025/9/14,4709,1
r11474,LingOrm,42,12,2025/9/17,3667,1
r11475,LingOrm,8,142,2025/9/15,17433,0
r11476,LingOrm,36,280,2025/9/12,53288,1
r11477,LingOrm,2,0,2025/9/11,37,0
r11478,NamneungNoey,8,22,2025/9/18,4053,1
r11479,EmiBonnie,5,8,2025/9/12,785,0
r11480,NamtanFilm,11,84,2026/4/23,10891,0
r11481,FreenBecky,31,16,2025/9/11,3371,1
r11482,NamneungNoey,2,0,2025/9/12,40,0
r11483,LingOrm,24,55,2025/9/15,32522,1
r11484,LingOrm,6,32,2025/10/15,6672,0
r11485,NamneungNoey,1,1,2025/9/12,4,1
r11486,MilkLove,11,52,2026/5/22,8354,0
r11487,NamneungNoey,1,4,2025/9/12,147,0
r11488,MilkLove,8,38,2025/9/27,7129,0
r11489,EnjoyJune,4,10,2025/9/12,2331,0
r11490,LingOrm,71,25,2025/9/23,14953,1
r11491,NamneungNoey,3,2,2025/9/13,170,0
r11492,EmiBonnie,19,919,2025/9/13,224704,1
r11493,LingOrm,4,7,2026/1/26,290,0
r11494,EmiBonnie,5,9,2025/9/13,941,0
r11495,EnjoyJune,2,10,2025/9/13,1375,0
r11496,EngLot,5,3,2025/9/13,552,1
r11497,EmiBonnie,9,6,2025/9/26,1003,0
r11498,LingOrm,35,165,2025/9/13,103181,1
r11499,EngLot,15,86,2025/9/26,53793,1
r11500,FreenBecky,3,3,2025/9/13,228,0
r11501,EmiBonnie,2,3,2025/9/13,237,0
r11502,LingOrm,26,174,2025/10/24,47261,1
r11503,FreenBecky,16,116,2025/9/13,21189,1
r11504,LingOrm,9,128,2025/11/4,22647,0
r11505,EngLot,22,58,2025/9/28,46054,1
r11506,EngLot,4,4,2025/9/22,945,0
r11507,EmiBonnie,1,7,2026/2/27,249,0
r11508,EmiBonnie,6,42,2025/10/12,7257,1
r11509,NamneungNoey,1,1,2025/9/13,174,0
r11510,EnjoyJune,16,93,2025/9/14,19056,1
r11511,LingOrm,31,764,2025/9/13,260984,1
r11512,LingOrm,16,45,2025/9/14,16411,0
r11513,LingOrm,42,104,2025/12/12,34638,1
r11514,EnjoyJune,17,58,2025/9/13,16247,1
r11515,LingOrm,29,236,2025/10/6,150567,1
r11516,EmiBonnie,2,15,2025/9/19,1023,0
r11517,ViewMim,10,73,2025/9/15,5900,0
r11518,FayMay,5,14,2025/9/29,877,0
r11519,EmiBonnie,10,2,2026/5/16,328,0
r11520,EnjoyJune,25,66,2025/10/21,14586,1
r11521,EngLot,16,106,2026/2/2,64833,1
r11522,EngLot,15,149,2025/10/3,72012,1
r11523,EnjoyJune,1,61,2025/9/15,2546,0
r11524,FreenBecky,8,16,2025/10/19,1770,0
r11525,LingOrm,22,47,2026/6/4,12541,0
r11526,EnjoyJune,3,10,2025/9/14,956,0
r11527,EmiBonnie,1,1,2025/9/14,163,0
r11528,FreenBecky,13,19,2025/9/14,3262,0
r11529,EngLot,2,4,2025/9/14,208,1
r11530,LingOrm,22,16,2025/9/27,5689,1
r11531,EmiBonnie,13,67,2025/9/21,11405,1
r11532,LingOrm,54,1023,2025/10/18,569516,1
r11533,FreenBecky,19,87,2025/10/14,24890,1
r11534,LingOrm,7,87,2025/9/18,18022,0
r11535,EngLot,14,73,2025/10/4,57071,1
r11536,NamneungNoey,1,0,2025/9/17,26,0
r11537,LingOrm,6,9,2025/10/22,1528,0
r11538,EmiBonnie,12,119,2025/9/26,14925,1
r11539,LingOrm,2,5,2025/9/14,293,0
r11540,EmiBonnie,6,5,2026/2/10,190,0
r11541,LingOrm,6,5,2025/9/14,379,0
r11542,EngLot,4,4,2025/10/3,353,0
r11543,EnjoyJune,17,186,2025/9/15,47637,1
r11544,LenaMiu,3,32,2025/10/3,3347,0
r11545,EmiBonnie,5,7,2025/9/22,1603,0
r11546,EmiBonnie,11,15,2025/9/18,2256,0
r11547,LingOrm,32,1202,2025/9/25,263469,1
r11548,JuneMewnich,11,11,2025/9/15,784,0
r11549,EmiBonnie,5,0,2025/9/15,141,0
r11550,LingOrm,2,2,2025/9/15,310,0
r11551,AndaLookkaew,9,11,2025/9/15,3544,0
r11552,LingOrm,1,2,2025/12/5,105,0
r11553,NamtanFilm,5,4,2025/9/15,559,1
r11554,LingOrm,4,1,2025/9/15,190,0
r11556,NamtanFilm,9,232,2025/10/9,24873,0
r11557,EngLot,18,72,2025/11/3,37025,1
r11558,EngLot,21,92,2025/11/22,50579,1
r11559,LingOrm,1,0,2025/9/15,221,0
r11560,NamtanFilm,2,7,2026/6/2,159,0
r11561,FreenBecky,1,1,2026/3/11,95,0
r11562,LingOrm,31,5,2025/9/15,1687,0
r11563,LingOrm,6,0,2025/9/16,155,0
r11564,EmiBonnie,13,452,2025/9/23,92198,1
r11565,FreenBecky,6,0,2025/9/18,57,0
r11566,LingOrm,4,8,2025/9/17,649,0
r11567,FreenBecky,2,2,2025/9/16,58,0
r11568,NamtanFilm,2,83,2025/10/10,3711,0
r11569,LenaMiu,1,110,2025/10/24,6045,0
r11570,NamtanFilm,20,4,2025/9/16,843,0
r11571,EnjoyJune,23,44,2025/9/17,13920,1
r11572,MilkLove,1,1,2025/10/9,66,0
r11573,LingOrm,3,2,2025/9/26,291,1
r11574,ArhoungPam,8,104,2025/9/18,8455,0
r11575,LingOrm,8,3,2025/9/16,258,0
r11576,EnjoyJune,3,7,2025/9/17,728,0
r11577,LMSY,7,33,2025/9/20,3634,0
r11578,EmiBonnie,26,766,2025/9/21,192343,1
r11579,NamneungNoey,2,1,2025/9/18,37,0
r11580,EnjoyJune,14,116,2025/12/3,17173,1
r11581,LenaMiu,11,232,2025/10/19,50066,1
r11582,EngLot,7,3,2025/9/17,521,0
r11583,LingOrm,11,12,2025/10/4,1396,1
r11584,FreenBecky,4,2,2025/9/19,249,1
r11585,EngLot,1,0,2025/9/17,60,0
r11586,FreenBecky,5,2,2025/9/20,308,1
r11587,LingOrm,11,5,2025/9/18,885,1
r11588,LingOrm,28,7,2025/9/21,4206,1
r11589,EmiBonnie,10,201,2025/10/4,23687,1
r11590,LingOrm,5,3,2025/9/18,403,0
r11591,LingOrm,1,2,2025/9/18,147,0
r11592,EngLot,14,61,2025/10/17,43092,1
r11593,NamneungNoey,1,0,2025/9/18,77,1
r11594,LingOrm,1,0,2025/9/18,40,0
r11595,LingOrm,24,32,2025/10/10,9179,1
r11596,GinJay,9,4,2025/12/9,838,0
r11597,FreenBecky,3,3,2025/9/30,109,0
r11598,EngLot,2,2,2025/11/23,76,0
r11599,LingOrm,2,2,2025/9/18,323,1
r11600,LingOrm,4,0,2026/8/25,73,0
r11601,FreenBecky,21,135,2025/9/19,33851,1
r11602,EnjoyJune,5,2,2025/9/28,179,0
r11603,LMSY,1,8,2025/9/19,264,0
r11604,EmiBonnie,1,2,2026/1/5,172,0
r11605,LingOrm,2,2,2025/9/18,121,0
r11606,EnjoyJune,18,34,2025/10/8,13423,1
r11607,LingOrm,1,1,2025/9/18,0,0
r11608,LingOrm,6,62,2025/9/23,8356,0
r11609,NamtanFilm,2,4,2025/9/19,161,0
r11610,LingOrm,28,44,2026/1/30,15791,1
r11611,LenaMiu,22,359,2025/9/19,113982,0
r11612,LingOrm,8,95,2025/11/15,21317,0
r11613,NamneungNoey,1,4,2025/9/19,153,0
r11614,LingOrm,2,90,2025/9/21,8507,0
r11615,LingOrm,70,12,2026/1/20,11638,1
r11616,LingOrm,13,17,2025/9/19,2767,1
r11617,ArhoungPam,2,21,2025/9/22,650,0
r11618,FreenBecky,60,84,2025/9/28,66685,1
r11619,LingOrm,29,47,2025/11/3,27466,1
r11620,FreenBecky,1,17,2025/9/19,1391,0
r11621,LenaMiu,1,6,2026/3/2,597,0
r11622,EmiBonnie,5,1,2025/10/1,367,0
r11623,EnjoyJune,18,16,2025/9/20,2010,0
r11624,LMSY,9,2,2025/9/23,428,0
r11625,MilkLove,28,47,2025/9/20,30845,1
r11626,LingOrm,18,81,2025/10/3,33682,1
r11627,EnjoyJune,13,66,2026/1/28,11673,1
r11628,NamneungNoey,2,3,2025/9/21,715,0
r11629,FreenBecky,6,3,2025/9/25,443,1
r11630,LingOrm,3,1,2026/3/1,116,0
r11631,LingOrm,19,576,2025/10/9,141916,1
r11632,AndaLookkaew,17,49,2025/10/15,8707,1
r11633,EmiBonnie,15,6,2025/10/16,1104,0
r11634,LingOrm,3,2,2025/9/21,191,0
r11635,MilkLove,1,3,2026/1/9,68,0
r11636,EnjoyJune,6,26,2025/9/23,4157,1
r11637,FayeYoko,9,7,2025/9/21,792,0
r11638,EnjoyJune,25,27,2025/9/23,11902,1
r11639,FreenBecky,18,16,2025/9/21,5785,1
r11640,LingOrm,5,1,2025/9/22,129,0
r11641,EmiBonnie,19,54,2025/9/21,11462,1
r11642,EmiBonnie,10,31,2025/10/6,6081,0
r11643,EmiBonnie,19,7,2025/11/3,2502,1
r11644,TkNur,40,45,2025/10/18,16360,1
r11645,EngLot,6,2,2025/9/21,496,1
r11646,LingOrm,1,1,2025/9/21,27,0
r11647,EmiBonnie,4,4,2025/9/22,393,0
r11648,FreenBecky,4,3,2025/9/21,320,0
r11649,MilkLove,8,8,2025/11/19,2149,1
r11650,EngLot,3,0,2025/9/21,66,0
r11651,KaoJaneJaneKao,1,7,2025/9/21,484,0
r11652,LingOrm,43,187,2025/9/27,69804,1
r11653,NamneungNoey,6,7,2026/4/22,1066,0
r11654,LingOrm,22,12,2025/9/21,2921,1
r11655,FreenBecky,2,3,2025/9/22,220,0
r11656,LingOrm,6,1,2025/10/18,230,0
r11657,LMSY,1,5,2025/9/21,366,0
r11658,LingOrm,15,5,2025/9/22,1130,0
r11659,FayMay,2,30,2025/10/8,1204,0
r11661,MilkLove,9,9,2025/9/22,1559,0
r11662,EmiBonnie,1,2,2025/9/27,186,0
r11663,FreenBecky,11,62,2025/9/21,4082,1
r11664,EmiBonnie,1,1,2026/3/22,197,0
r11665,LingOrm,3,4,2025/9/21,663,1
r11666,LingOrm,13,184,2025/9/28,48810,1
r11667,LingOrm,15,80,2025/10/3,37899,1
r11668,EmiBonnie,1,4,2025/9/22,187,0
r11669,EmiBonnie,10,108,2025/9/22,22907,1
r11670,EmiBonnie,17,190,2026/1/27,37274,1
r11671,EmiBonnie,18,32,2025/9/25,6757,1
r11672,EnjoyJune,1,6,2025/9/24,295,0
r11673,LingOrm,17,63,2025/10/11,11345,0
r11674,NamtanFilm,3,4,2025/9/23,177,0
r11675,EnjoyJune,20,14,2025/9/29,4004,1
r11676,EngLot,13,72,2025/10/1,27505,1
r11677,LingOrm,8,35,2025/9/23,6346,0
r11678,MilkLove,2,4,2026/4/15,427,0
r11679,LingOrm,14,22,2025/10/25,6730,1
r11680,FreenBecky,15,36,2025/10/1,11077,1
r11681,LingOrm,1,2,2026/3/8,85,0
r11682,EnjoyJune,16,67,2025/10/1,16246,1
r11683,FreenBecky,6,2,2025/9/23,229,0
r11684,EngLot,4,6,2025/9/26,1647,0
r11685,EmiBonnie,2,11,2025/9/24,566,0
r11686,ArhoungPam,4,46,2025/9/24,2080,0
r11687,NamtanFilm,1,1,2026/7/26,90,0
r11688,EngLot,16,51,2025/9/25,31346,1
r11689,LingOrm,26,46,2026/3/20,19215,1
r11690,LingOrm,20,27,2026/5/1,9718,1
r11691,LingOrm,3,12,2026/8/29,214,0
r11692,LingOrm,1,4,2025/9/24,727,1
r11693,LingOrm,31,378,2025/11/4,141310,0
r11694,NamtanFilm,13,21,2025/9/24,3632,1
r11695,LingOrm,16,42,2025/9/24,5581,0
r11696,LingOrm,1,2,2025/9/25,97,0
r11697,LingOrm,4,4,2025/9/25,854,0
r11698,EmiBonnie,6,29,2025/9/24,4386,0
r11699,EmiBonnie,7,116,2025/10/16,13871,0
r11700,LingOrm,13,13,2025/9/24,4184,1
r11701,FreenBecky,18,4,2026/1/20,2334,0
r11702,NamtanFilm,1,2,2025/9/24,268,1
r11703,LingOrm,3,1,2025/9/24,54,0
r11704,EngLot,16,159,2025/10/23,67102,1
r11705,LingOrm,2,0,2025/9/27,122,0
r11706,EmiBonnie,4,12,2025/10/5,2196,0
r11707,NamneungNoey,11,33,2025/9/29,13818,1
r11708,JuneMewnich,3,9,2025/9/24,362,0
r11709,MilkLove,2,1,2025/10/15,284,0
r11710,LingOrm,1,0,2025/9/25,67,0
r11711,EngLot,3,6,2025/9/25,349,0
r11712,LingOrm,8,2,2025/9/25,335,0
r11713,NamtanFilm,9,14,2025/9/25,3459,0
r11714,ViewJune,4,2,2025/9/25,93,0
r11716,EngLot,36,202,2026/4/13,110884,1
r11717,EmiBonnie,12,279,2025/9/27,39498,1
r11718,LingOrm,7,43,2025/9/26,3347,1
r11719,LingOrm,2,7,2025/12/3,1105,0
r11720,LingOrm,2,1,2026/4/17,170,0
r11721,EnjoyJune,24,72,2025/9/27,24610,1
r11722,EmiBonnie,11,326,2025/9/25,56588,1
r11723,LingOrm,17,471,2025/9/27,88043,0
r11724,LingOrm,3,0,2025/9/28,25,0
r11725,MeenBabe,2,1,2025/9/27,307,0
r11726,LingOrm,32,35,2025/10/2,29709,1
r11727,NamtanFilm,7,5,2025/9/25,1520,1
r11728,LingOrm,3,3,2025/9/25,454,0
r11729,LingOrm,2,6,2025/12/23,1137,0
r11730,LingOrm,15,32,2025/9/26,20898,0
r11731,LingOrm,19,838,2026/1/1,223131,1
r11732,FreenBecky,1,2,2025/12/25,121,0
r11733,EngLot,7,4,2025/10/3,1313,1
r11734,EngLot,2,7,2025/9/27,335,0
r11735,FreenBecky,12,3,2025/9/26,516,0
r11736,FreenBecky,21,8,2025/10/23,2560,0
r11737,LMSY,4,16,2025/9/26,817,0
r11738,EmiBonnie,4,7,2025/9/26,826,1
r11739,FayMay,14,21,2025/9/26,3884,1
r11740,NamtanFilm,6,85,2025/10/27,9752,0
r11741,LingOrm,7,7,2025/9/26,611,1
r11743,MilkLove,3,4,2025/10/2,434,0
r11744,LingOrm,12,9,2025/10/1,3114,0
r11745,EnjoyJune,1,9,2025/9/26,570,0
r11746,ArhoungPam,10,76,2025/9/28,5710,1
r11747,LingOrm,25,939,2025/9/27,356217,1
r11748,EmiBonnie,4,3,2025/12/30,146,0
r11749,GinJay,5,102,2025/10/21,10882,0
r11750,JuneMewnich,1,7,2025/10/3,156,0
r11751,EngLot,36,214,2026/2/7,119432,1
r11752,FreenBecky,4,1,2025/9/28,151,0
r11753,ViewJune,4,8,2025/9/27,441,0
r11754,FreenBecky,56,116,2025/9/27,71998,1
r11755,NamtanFilm,3,7,2025/10/9,1037,0
r11756,EngLot,9,37,2025/9/28,7676,1
r11757,EmiBonnie,18,273,2026/5/2,63052,0
r11758,EngLot,8,24,2025/12/2,8746,1
r11759,LingOrm,4,5,2025/9/27,225,0
r11760,FreenBecky,2,4,2025/9/27,85,0
r11761,LingOrm,2,1,2025/9/29,91,0
r11762,LingOrm,23,52,2025/11/7,26310,0
r11763,FreenBecky,29,126,2025/9/28,31821,1
r11764,LingOrm,24,154,2025/9/27,44124,1
r11765,LingOrm,14,42,2025/10/26,15483,1
r11766,LingOrm,8,5,2025/9/27,583,1
r11767,LingOrm,3,0,2025/9/27,96,0
r11768,LingOrm,10,306,2025/10/5,50486,0
r11769,EnjoyJune,21,50,2025/10/4,13217,1
r11770,NamtanFilm,1,2,2025/9/28,170,1
r11771,EnjoyJune,8,68,2025/9/27,14966,1
r11772,LingOrm,19,356,2025/9/28,128350,1
r11773,EnjoyJune,16,13,2025/9/27,3766,1
r11774,FreenBecky,4,14,2025/11/6,1061,0
r11775,AndaLookkaew,23,82,2025/10/3,18138,0
r11776,LingOrm,5,2,2025/9/28,205,0
r11777,NamneungNoey,1,0,2025/9/27,23,0
r11778,EmiBonnie,6,66,2025/10/25,13193,0
r11779,FreenBecky,26,32,2025/10/31,10855,1
r11780,LingOrm,20,51,2025/9/28,20288,1
r11781,MablePangjie,2,28,2025/10/31,1354,0
r11782,EmiBonnie,1,182,2026/6/28,42805,1
r11784,EmiBonnie,5,17,2025/10/3,1780,0
r11785,EnjoyJune,4,13,2025/9/29,1087,0
r11787,GinJay,8,52,2025/9/28,7282,0
r11788,EmiBonnie,12,158,2026/1/10,14912,0
r11789,EmiBonnie,10,62,2025/10/5,8350,1
r11790,EngLot,34,272,2025/10/23,220151,1
r11791,FayMay,3,7,2025/9/30,297,0
r11792,NamtanFilm,12,13,2025/9/28,4045,1
r11793,NamtanFilm,32,417,2025/10/1,92681,1
r11794,EngLot,2,2,2025/9/29,530,0
r11795,EmiBonnie,19,121,2025/9/29,24365,1
r11796,LingOrm,3,12,2025/9/28,2368,1
r11797,FayMay,4,20,2026/1/1,1396,1
r11798,LingOrm,2,1,2025/9/29,87,0
r11799,NamneungNoey,2,2,2025/9/29,147,0
r11800,EmiBonnie,6,10,2025/12/9,475,0
r11801,JuneMewnich,7,2,2025/10/1,245,0
r11802,EmiBonnie,7,1,2025/9/29,350,0
r11803,TkNur,12,7,2026/7/15,767,0
r11804,FayMay,14,17,2025/12/31,2207,1
r11805,FreenBecky,30,222,2025/10/4,58762,1
r11806,EmiBonnie,15,484,2025/10/1,87833,1
r11807,EngLot,6,3,2025/10/1,555,0
r11808,LingOrm,3,2,2025/9/30,144,0
r11809,FreenBecky,1,0,2026/3/16,37,0
r11810,LingOrm,2,0,2025/9/29,34,0
r11811,FreenBecky,3,5,2026/6/11,166,0
r11812,LingOrm,10,1,2025/9/29,993,1
r11813,LingOrm,13,34,2025/9/29,8659,1
r11814,LingOrm,22,95,2025/9/29,35235,1
r11815,EmiBonnie,5,5,2025/10/1,759,0
r11816,EngLot,22,119,2025/10/4,67145,1
r11817,EmiBonnie,3,2,2025/10/21,155,0
r11818,FreenBecky,2,6,2025/9/30,226,1
r11819,TkNur,4,50,2025/10/26,5786,0
r11820,EnjoyJune,1,9,2025/9/30,280,0
r11821,MilkLove,6,17,2025/9/29,2084,0
r11822,EngLot,14,11,2025/10/5,3136,1
r11823,LingOrm,6,5,2025/9/30,409,1
r11824,LingOrm,30,220,2025/11/2,100804,1
r11825,EngLot,26,115,2025/10/14,65061,1
r11826,EngLot,2,2,2025/10/1,74,0
r11827,LingOrm,7,4,2025/10/1,1118,0
r11828,NamtanFilm,2,57,2025/10/5,2477,0
r11829,LingOrm,62,495,2026/2/11,51173,1
r11830,FreenBecky,10,20,2026/1/17,2004,1
r11831,LingOrm,9,3,2025/9/30,910,1
r11832,ViewJune,3,8,2025/9/30,505,0
r11833,LMSY,2,2,2025/9/30,242,0
r11834,KaoJaneJaneKao,12,184,2025/9/30,37388,1
r11835,NamtanFilm,1,4,2025/10/4,104,0
r11836,EngLot,17,161,2025/10/7,91464,1
r11838,LingOrm,3,18,2025/10/1,2514,0
r11839,LingOrm,25,74,2025/10/3,28430,1
r11840,EmiBonnie,22,41,2025/10/10,8820,1
r11841,FreenBecky,4,2,2025/10/4,125,0
r11842,LingOrm,5,2,2025/10/1,201,0
r11843,LingOrm,22,629,2025/11/19,205337,1
r11844,EmiBonnie,2,44,2025/10/1,2640,0
r11845,LingOrm,91,873,2026/1/6,407702,1
r11846,EmiBonnie,1,0,2025/12/25,38,0
r11847,LingOrm,3,1,2026/3/2,265,0
r11848,LingOrm,2,2,2025/10/21,446,0
r11849,FreenBecky,8,4,2025/10/7,348,1
r11850,LingOrm,1,2,2025/10/1,32,1
r11851,LingOrm,66,21,2025/12/14,14763,1
r11852,EnjoyJune,4,28,2026/2/28,4291,1
r11853,NamneungNoey,3,2,2025/10/3,162,0
r11854,MeenBabe,21,23,2025/10/2,7708,0
r11855,EngLot,15,41,2025/10/2,32091,1
r11856,LingOrm,35,405,2025/10/2,123393,1
r11857,LingOrm,4,2,2025/10/2,417,1
r11858,EngLot,5,3,2025/10/2,832,0
r11859,NamtanFilm,10,18,2025/10/10,3536,1
r11860,EmiBonnie,7,7,2025/10/2,573,1
r11861,FreenBecky,32,42,2025/10/3,19422,1
r11862,NamneungNoey,4,1,2025/10/1,73,0
r11863,LMSY,9,3,2025/10/1,706,0
r11864,LingOrm,17,350,2025/11/7,93233,1
r11865,MilkLove,4,8,2025/10/2,561,0
r11866,EngLot,1,1,2025/10/2,43,0
r11867,EngLot,3,84,2025/10/2,8566,0
r11868,EmiBonnie,2,19,2026/6/22,2416,0
r11869,EmiBonnie,8,203,2025/10/24,22399,0
r11870,EmiBonnie,5,33,2026/3/4,3955,0
r11871,FreenBecky,12,85,2025/10/2,12410,0
r11872,EnjoyJune,9,27,2025/10/2,5672,0
r11873,EmiBonnie,4,15,2025/10/12,1356,0
r11874,FreenBecky,13,10,2025/10/2,1471,1
r11875,NamtanFilm,1,9,2026/3/12,313,0
r11877,FayMay,28,40,2025/10/2,7590,1
r11878,EnjoyJune,9,38,2025/10/3,5254,0
r11879,LingOrm,26,411,2026/1/12,118901,1
r11881,LingOrm,8,27,2025/10/4,2972,0
r11882,KaoJaneJaneKao,17,73,2025/10/2,16409,1
r11883,LingOrm,1,1,2025/12/22,136,0
r11884,ViewJune,5,5,2025/10/17,174,0
r11885,MilkLove,2,5,2025/10/2,528,0
r11886,ArhoungPam,10,27,2025/10/14,2032,1
r11887,LingOrm,3,227,2025/10/3,28134,0
r11888,EmiBonnie,10,24,2025/12/1,2841,0
r11889,LingOrm,4,1,2025/10/5,674,0
r11890,EmiBonnie,9,178,2025/10/3,25125,1
r11891,LingOrm,4,0,2025/10/3,569,0
r11892,LingOrm,15,19,2025/10/3,5072,0
r11893,NamtanFilm,1,10,2025/12/11,417,0
r11894,EmiBonnie,1,0,2025/10/3,17,0
r11895,MilkLove,16,82,2025/10/3,22083,1
r11896,LingOrm,2,10,2025/11/9,1254,0
r11897,MilkLove,8,11,2025/10/6,1514,0
r11898,LingOrm,34,76,2025/10/3,19516,0
r11900,LingOrm,1,2,2025/10/9,113,0
r11901,LingOrm,22,64,2025/10/10,18824,1
r11902,EngLot,6,6,2025/10/3,2208,0
r11903,EngLot,4,1,2025/10/3,285,0
r11904,NamtanFilm,23,27,2025/10/10,7965,1
r11905,EngLot,10,8,2025/10/6,1808,0
r11906,LingOrm,7,12,2025/10/5,2246,0
r11907,EngLot,29,20,2025/10/8,21236,0
r11908,LingOrm,1,0,2025/10/3,43,0
r11909,FreenBecky,7,2,2025/10/3,229,0
r11910,MeenBabe,5,6,2025/10/5,918,0
r11911,LingOrm,4,1,2026/2/19,185,0
r11912,MilkLove,23,170,2026/6/18,32979,1
r11913,EmiBonnie,16,156,2025/10/4,45568,1
r11914,LillyBelle,5,1,2026/5/1,185,0
r11916,LingOrm,9,60,2025/10/9,16575,1
r11917,LMSY,22,5,2025/10/4,2338,1
r11918,LingOrm,44,68,2025/10/24,62643,1
r11919,EngLot,14,86,2025/10/24,47810,1
r11920,FreenBecky,1,1,2025/10/4,43,0
r11921,JuneMewnich,17,3,2025/10/4,826,0
r11922,NamtanFilm,15,22,2025/10/6,5710,1
r11923,EngLot,23,12,2025/10/19,10140,1
r11924,NamtanFilm,6,8,2025/10/28,708,1
r11925,NamneungNoey,4,0,2025/10/4,27,0
r11926,EmiBonnie,2,0,2025/12/11,20,0
r11927,FreenBecky,3,48,2025/10/13,2474,0
r11928,LingOrm,1,3,2025/10/4,76,0
r11929,LingOrm,2,1,2025/10/12,291,0
r11930,MilkLove,3,3,2026/1/27,149,0
r11931,MilkLove,1,1,2025/10/8,15,0
r11932,NamtanFilm,4,17,2025/10/5,2007,1
r11933,LingOrm,34,780,2025/10/4,202888,0
r11934,EnjoyJune,15,110,2025/10/5,34105,1
r11935,EnjoyJune,24,55,2025/10/5,8444,1
r11936,NamneungNoey,9,10,2025/10/5,2534,1
r11937,LingOrm,28,2,2026/5/8,1065,0
r11938,EmiBonnie,2,1,2025/10/10,166,0
r11939,LMSY,5,14,2025/10/8,1630,0
r11940,EnjoyJune,3,14,2025/10/9,1308,0
r11941,LingOrm,2,1,2026/3/22,50,0
r11942,EmiBonnie,1,0,2025/10/5,157,0
r11943,LingOrm,1,1,2025/10/5,128,0
r11944,FreenBecky,4,4,2025/10/6,350,0
r11945,LenaMiu,12,137,2025/10/6,28476,0
r11946,ArhoungPam,3,17,2025/10/13,839,0
r11948,NamtanFilm,9,2,2025/10/5,579,1
r11949,KaoJaneJaneKao,12,11,2025/10/21,1707,1
r11950,EngLot,39,18,2025/10/7,9193,1
r11951,LingOrm,11,214,2025/11/14,71135,1
r11952,LingOrm,1,0,2025/10/23,73,0
r11953,NamtanFilm,16,105,2025/10/13,17197,0
r11954,FreenBecky,16,8,2025/10/26,3663,1
r11955,LingOrm,18,9,2025/10/6,3651,0
r11956,LingOrm,6,13,2025/11/8,1525,0
r11957,LingOrm,3,0,2025/10/9,94,0
r11958,LenaMiu,3,0,2025/10/6,46,0
r11959,GinJay,15,111,2025/10/10,20310,1
r11960,LingOrm,8,6,2025/10/6,1553,1
r11961,LingOrm,1,1,2025/10/7,50,0
r11962,EmiBonnie,3,21,2026/5/26,1344,0
r11963,LingOrm,4,8,2025/10/20,891,0
r11964,LingOrm,28,32,2025/10/8,20257,1
r11965,LingOrm,28,51,2025/10/7,23444,1
r11966,LingOrm,1,2,2025/10/8,139,0
r11967,MilkLove,16,2,2025/10/12,1676,1
r11968,EngLot,7,19,2025/10/14,9682,0
r11969,LingOrm,27,13,2025/10/9,7658,1
r11970,MilkLove,13,36,2025/10/10,14475,1
r11972,FreenBecky,2,1,2025/10/7,69,0
r11973,FreenBecky,10,7,2026/4/8,1317,0
r11974,EnjoyJune,9,49,2025/10/7,10252,1
r11975,GinJay,16,54,2025/10/15,7113,0
r11977,EmiBonnie,10,711,2025/10/9,94743,0
r11978,FreenBecky,10,9,2025/12/7,1360,1
r11979,JuneMewnich,14,19,2025/10/7,4021,0
r11980,LingOrm,3,20,2025/10/7,1225,0
r11981,LingOrm,12,19,2025/10/19,2639,0
r11982,MeenBabe,10,75,2025/11/7,21181,0
r11983,LingOrm,6,9,2025/10/7,652,1
r11984,MeenBabe,2,6,2025/10/25,723,0
r11985,EnjoyJune,6,7,2025/10/7,953,0
r11986,EmiBonnie,1,1,2025/10/10,57,0
r11987,LingOrm,16,166,2025/10/8,37421,1
r11988,NamneungNoey,2,6,2025/12/18,619,0
r11989,LingOrm,8,80,2025/10/7,9839,1
r11990,FreenBecky,9,12,2025/10/7,1378,1
r11991,EngLot,1,3,2025/10/9,488,1
r11992,EmiBonnie,20,151,2026/2/16,34945,0
r11993,MilkLove,1,1,2026/8/17,118,0
r11994,EngLot,2,10,2025/11/16,282,0
r11996,LingOrm,25,986,2025/10/16,377563,1
r11997,LingOrm,22,95,2025/10/26,30217,0
r11998,FreenBecky,15,20,2025/11/1,3231,1
r11999,EmiBonnie,10,8,2025/10/8,1556,1
r12000,LingOrm,9,2,2025/10/8,341,0
r12001,LingOrm,10,38,2026/1/16,6084,0
r12002,EnjoyJune,5,22,2025/10/8,3400,0
r12003,LingOrm,52,74,2025/10/23,31775,1
r12004,EmiBonnie,5,11,2025/10/8,1052,1
r12005,FayMay,7,14,2025/11/14,837,0
r12006,EmiBonnie,6,10,2025/10/10,1026,1
r12007,LingOrm,1,3,2025/10/8,181,0
r12008,EngLot,2,4,2025/10/8,257,0
r12009,LingOrm,3,1,2025/10/8,46,0
r12010,FreenBecky,2,2,2025/10/8,138,1
r12011,EnjoyJune,22,14,2025/10/15,10535,1
r12012,FreenBecky,1,3,2025/11/28,121,0
r12013,EmiBonnie,2,3,2025/11/1,147,0
r12014,NamneungNoey,3,0,2025/10/10,82,0
r12015,LingOrm,4,16,2025/10/8,2951,0
r12016,LingOrm,5,0,2025/10/8,46,0
r12017,NamtanFilm,1,3,2025/10/21,81,0
r12018,LingOrm,13,8,2025/10/9,1761,1
r12019,LingOrm,11,5,2025/10/13,3486,0
r12020,JuneMewnich,6,9,2025/10/9,474,1
r12021,MilkLove,11,7,2026/3/25,2656,1
r12022,LingOrm,10,3,2026/2/22,983,0
r12023,ArhoungPam,15,35,2025/10/9,2270,1
r12024,LingOrm,26,114,2025/11/21,57705,1
r12025,NamtanFilm,4,6,2026/4/25,441,0
r12026,LingOrm,1,0,2025/10/9,38,0
r12027,KaoJaneJaneKao,11,39,2025/10/10,7773,1
r12028,EmiBonnie,16,571,2025/10/10,103141,1
r12029,ViewJune,1,0,2025/10/19,130,0
r12030,FayMay,14,33,2025/10/9,4295,1
r12031,LingOrm,4,2,2025/10/9,94,0
r12032,EnjoyJune,3,16,2025/10/9,815,0
r12033,LingOrm,7,9,2025/10/9,664,0
r12034,EngLot,10,4,2025/10/10,1937,1
r12035,EmiBonnie,9,27,2025/10/9,4883,1
r12036,LingOrm,3,3,2026/1/16,312,0
r12038,EmiBonnie,3,33,2025/10/9,2154,0
r12039,LingOrm,14,3,2025/10/9,573,0
r12040,LMSY,1,3,2025/10/10,209,0
r12041,LingOrm,21,20,2025/10/16,7458,0
r12042,NamtanFilm,6,3,2025/10/10,940,1
r12043,EngLot,1,1,2025/10/12,467,1
r12044,EmiBonnie,13,5,2025/11/28,505,0
r12045,LingOrm,33,186,2025/11/13,49685,1
r12046,LingOrm,11,2,2025/10/9,1565,1
r12047,NamneungNoey,1,1,2025/10/10,90,0
r12048,KaoJaneJaneKao,3,18,2025/10/10,1415,0
r12049,EngLot,69,97,2025/10/10,38652,0
r12050,EmiBonnie,14,9,2025/10/10,2820,0
r12051,LingOrm,1,1,2026/3/12,105,0
r12052,LingOrm,14,18,2025/10/10,3942,1
r12053,LingOrm,3,11,2025/10/21,644,0
r12054,EmiBonnie,2,3,2025/10/10,161,0
r12055,EngLot,14,44,2025/10/10,36437,1
r12056,NamneungNoey,1,0,2025/10/10,133,0
r12057,ArhoungPam,7,11,2025/10/13,1409,1
r12058,EngLot,2,0,2025/10/10,118,0
r12059,LingOrm,13,199,2025/10/15,71146,1
r12060,EngLot,5,1,2025/10/10,109,0
r12061,LingOrm,7,1,2025/10/10,101,0
r12062,LingOrm,20,829,2026/5/29,249542,0
r12063,EmiBonnie,2,53,2025/10/31,2616,0
r12064,EmiBonnie,4,2,2025/10/11,396,0
r12065,NamtanFilm,1,1,2025/10/10,52,0
r12066,LingOrm,20,9,2025/10/11,1164,0
r12067,EmiBonnie,7,346,2025/10/12,51125,0
r12068,ArhoungPam,14,14,2025/10/17,1763,1
r12069,ViewJune,1,0,2025/10/10,150,0
r12070,OomBam,2,16,2025/10/11,2050,0
r12071,NamtanFilm,1,2,2025/10/13,102,0
r12072,MilkLove,1,5,2025/10/13,245,0
r12073,EngLot,26,46,2025/10/11,55365,1
r12074,EngLot,26,16,2025/11/13,7611,0
r12075,EngLot,19,209,2025/10/12,118089,1
r12076,EmiBonnie,10,5,2025/10/13,1912,0
r12077,FayeYoko,3,16,2025/10/12,827,1
r12078,ViewJune,1,5,2025/10/11,335,1
r12079,FayMay,22,32,2025/10/16,7384,1
r12080,EnjoyJune,7,15,2025/10/11,1914,0
r12081,LingOrm,4,2,2026/3/5,255,0
r12082,LingOrm,24,318,2025/10/12,125229,0
r12083,LingOrm,14,523,2025/10/12,145565,1
r12084,LenaMiu,5,9,2025/10/11,3102,1
r12085,LingOrm,8,7,2025/10/11,1620,1
r12086,LingOrm,5,10,2025/10/12,1340,0
r12087,LingOrm,2,1,2025/10/11,42,0
r12088,EngLot,5,1,2025/10/11,431,0
r12089,AndaLookkaew,8,57,2025/11/2,7331,0
r12090,EmiBonnie,16,462,2025/10/29,79319,1
r12091,EmiBonnie,8,65,2025/10/13,11192,1
r12092,FayMay,1,5,2025/10/13,219,0
r12093,LingOrm,3,1,2025/10/12,88,0
r12094,LingOrm,1,0,2025/10/11,38,0
r12095,LingOrm,17,15,2025/10/18,5418,0
r12096,LingOrm,19,15,2025/10/12,3091,1
r12097,EngLot,3,1,2025/10/12,261,0
r12098,EmiBonnie,4,5,2026/3/24,457,0
r12099,LingOrm,19,16,2025/11/24,8642,1
r12100,FreenBecky,24,113,2025/10/15,29278,1
r12101,LingOrm,2,0,2025/10/12,47,0
r12102,AndaLookkaew,17,75,2025/10/16,16123,0
r12103,EmiBonnie,9,21,2025/10/27,2520,0
r12104,LingOrm,6,21,2025/10/21,2936,0
r12105,NamneungNoey,3,0,2025/11/7,35,0
r12106,JuneMewnich,9,25,2025/10/26,2505,0
r12107,LingOrm,2,14,2025/10/14,863,0
r12108,NamtanFilm,12,174,2026/7/6,25564,1
r12109,MilkLove,4,37,2025/10/14,1827,0
r12110,EmiBonnie,10,25,2025/10/16,4899,1
r12111,LingOrm,30,21,2025/10/20,16712,0
r12112,EmiBonnie,3,0,2025/10/12,91,0
r12113,FreenBecky,4,1,2025/10/12,40,0
r12114,FayMay,11,57,2025/11/11,4744,0
r12115,LingOrm,31,931,2025/10/13,366847,1
r12116,LingOrm,33,213,2025/10/13,96847,1
r12117,LingOrm,2,6,2025/10/12,488,0
r12118,LingOrm,1,0,2025/10/16,4,0
r12119,EmiBonnie,7,7,2025/10/12,929,0
r12120,EngLot,8,10,2025/10/12,5381,1
r12121,NamtanFilm,1,2,2026/4/6,39,0
r12122,FreenBecky,4,5,2025/10/12,216,0
r12123,FreenBecky,23,32,2026/4/24,11295,0
r12124,FreenBecky,10,13,2025/10/21,2492,1
r12125,NamtanFilm,4,1,2025/10/12,219,0
r12126,NamneungNoey,14,24,2026/1/10,7890,0
r12127,LingOrm,38,109,2025/10/14,31691,0
r12128,LingOrm,8,7,2025/10/12,772,1
r12129,EngLot,1,0,2025/10/15,168,1
r12130,EngLot,22,35,2026/4/17,31759,1
r12131,EmiBonnie,24,207,2025/10/26,30212,1
r12132,LingOrm,1,1,2026/7/17,47,0
r12133,EmiBonnie,17,473,2025/10/14,77328,1
r12134,NamtanFilm,13,63,2025/12/24,12471,1
r12135,LingOrm,24,497,2025/10/20,270237,1
r12136,EngLot,12,6,2025/11/12,7802,1
r12138,LingOrm,1,3,2025/10/13,175,0
r12139,LingOrm,21,22,2025/10/13,7031,1
r12140,NamneungNoey,5,0,2025/10/13,178,0
r12141,LingOrm,18,269,2025/10/16,75581,0
r12142,EngLot,6,2,2025/10/13,883,1
r12143,LingOrm,4,5,2025/10/15,707,0
r12144,FreenBecky,8,7,2025/10/13,621,1
r12145,FreenBecky,1,0,2025/10/26,137,1
r12146,LingOrm,7,9,2025/10/16,3379,0
r12147,NamtanFilm,1,1,2025/10/13,182,0
r12148,LingOrm,17,57,2025/10/13,8181,0
r12149,EngLot,4,2,2025/10/13,401,0
r12150,FayMay,6,15,2025/11/1,1877,0
r12151,NamneungNoey,1,1,2025/10/13,63,0
r12152,EngLot,2,1,2025/11/3,20,0
r12153,EmiBonnie,8,12,2025/10/20,2770,1
r12154,LingOrm,38,272,2025/10/15,94186,1
r12155,LingOrm,1,2,2025/11/8,353,1
r12156,EmiBonnie,4,10,2025/10/13,1362,0
r12157,FreenBecky,2,8,2025/10/14,219,0
r12158,LingOrm,24,761,2025/10/23,196376,1
r12159,EmiBonnie,4,4,2025/10/13,517,0
r12160,FreenBecky,26,34,2025/11/3,10286,1
r12161,FreenBecky,26,29,2025/11/5,6314,1
r12162,FreenBecky,1,3,2025/10/14,194,1
r12163,LingOrm,1,2,2025/10/14,115,0
r12164,ViewJune,23,11,2025/10/14,2245,0
r12165,LingOrm,2,3,2025/10/14,286,0
r12166,FreenBecky,1,1,2025/10/17,73,0
r12167,EnjoyJune,2,13,2025/10/14,1526,0
r12168,GinJay,16,259,2025/10/14,47786,1
r12169,LingOrm,24,328,2025/10/22,137258,1
r12170,FreenBecky,16,16,2025/10/14,3533,1
r12171,GinJay,5,27,2025/10/15,2737,0
r12172,FayMay,8,15,2025/10/14,1641,1
r12173,EnjoyJune,16,17,2025/10/22,4817,0
r12174,LingOrm,5,8,2025/11/6,1273,0
r12175,LingOrm,1,4,2025/10/14,226,0
r12176,EngLot,9,11,2025/10/14,2997,1
r12177,FreenBecky,2,8,2025/10/16,230,0
r12178,LingOrm,15,2,2025/10/14,762,0
r12179,FreenBecky,5,17,2025/12/25,2055,1
r12180,LingOrm,21,15,2025/11/24,4585,1
r12181,GinJay,12,57,2025/10/16,11401,0
r12182,NamtanFilm,5,1,2025/10/14,284,0
r12183,LingOrm,1,0,2025/10/15,29,0
r12184,FreenBecky,10,18,2025/10/14,1711,1
r12185,NamtanFilm,8,5,2025/10/28,985,0
r12186,LingOrm,11,31,2025/10/15,7709,1
r12187,GinJay,2,18,2025/11/18,723,0
r12188,LingOrm,2,2,2025/10/17,193,0
r12189,EngLot,13,11,2025/10/16,3350,1
r12190,EmiBonnie,1,0,2025/10/17,21,0
r12191,NamtanFilm,9,6,2026/3/25,2261,1
r12192,GinJay,5,27,2025/10/15,2903,0
r12193,NamtanFilm,18,272,2025/11/23,57893,1
r12194,TkNur,17,120,2025/10/23,34694,1
r12195,EngLot,6,7,2025/10/15,1636,0
r12196,LingOrm,1,0,2025/10/15,15,0
r12197,EmiBonnie,1,1,2025/10/15,23,0
r12199,EmiBonnie,4,106,2025/11/17,7347,0
r12200,MilkLove,1,1,2025/10/16,49,0
r12201,TkNur,5,16,2025/10/15,2546,0
r12202,LingOrm,2,3,2025/10/16,637,0
r12203,EmiBonnie,4,31,2025/10/22,2366,0
r12204,EngLot,3,2,2025/10/15,1250,1
r12205,FreenBecky,8,6,2025/10/23,433,0
r12206,EmiBonnie,11,90,2026/7/18,19788,0
r12207,FayMay,1,7,2025/10/15,393,0
r12208,EmiBonnie,1,1,2025/10/18,197,0
r12209,EmiBonnie,2,1,2026/4/27,54,0
r12210,EmiBonnie,11,86,2025/10/16,11833,1
r12211,NamneungNoey,11,9,2025/10/15,2264,0
r12212,LingOrm,3,148,2026/2/8,10167,0
r12213,LingOrm,3,5,2025/10/15,556,0
r12214,LingOrm,1,10,2025/10/15,852,1
r12215,LingOrm,10,98,2025/10/16,5704,0
r12216,EngLot,1,1,2025/10/16,24,0
r12217,EmiBonnie,9,4,2025/10/16,691,0
r12218,KaoJaneJaneKao,5,41,2025/10/15,4308,1
r12219,EmiBonnie,27,257,2025/10/16,62058,0
r12220,EmiBonnie,1,0,2025/10/16,296,0
r12221,LingOrm,7,13,2025/10/16,5620,1
r12222,TkNur,12,135,2025/10/22,23037,0
r12223,EngLot,11,109,2025/10/16,27726,1
r12224,LingOrm,27,305,2025/10/24,109982,1
r12225,NamtanFilm,2,1,2025/10/16,246,0
r12226,LingOrm,23,13,2025/10/16,5775,0
r12227,EmiBonnie,10,50,2025/10/17,8279,1
r12228,KaoJaneJaneKao,2,0,2025/10/16,277,1
r12229,FayeYoko,4,3,2025/10/16,152,0
r12230,EngLot,12,89,2025/10/16,56976,1
r12232,EngLot,23,1,2026/7/16,431,1
r12233,LingOrm,2,1,2025/10/16,120,0
r12234,FayMay,6,57,2025/10/16,4928,1
r12235,MilkLove,1,1,2026/2/12,105,0
r12236,NamneungNoey,2,0,2025/10/16,9,0
r12237,LingOrm,18,66,2025/10/31,21843,1
r12238,LingOrm,26,424,2026/1/11,118187,0
r12239,EmiBonnie,1,1,2026/5/1,37,0
r12240,NamtanFilm,1,12,2025/10/17,391,0
r12241,LingOrm,5,11,2025/10/19,1047,0
r12242,LingOrm,2,1,2025/10/16,148,1
r12243,EmiBonnie,11,403,2025/10/20,55252,1
r12244,LingOrm,1,2,2025/10/17,372,0
r12245,EmiBonnie,17,23,2026/3/28,6548,1
r12246,TkNur,8,69,2025/10/29,12086,0
r12247,NamtanFilm,1,1,2025/10/16,15,0
r12248,EmiBonnie,16,158,2025/10/20,33083,1
r12249,FreenBecky,29,34,2025/10/22,10666,0
r12250,MilkLove,4,3,2025/10/17,325,0
r12251,LingOrm,32,58,2026/3/6,14481,1
r12252,EngLot,41,220,2026/5/27,159727,1
r12253,FreenBecky,2,3,2025/10/17,447,1
r12254,EngLot,1,3,2025/10/17,198,0
r12255,EnjoyJune,1,7,2026/1/25,217,0
r12256,LingOrm,9,7,2025/10/17,2434,0
r12257,EngLot,4,1,2025/10/16,114,1
r12258,LingOrm,2,0,2025/10/17,168,0
r12259,EngLot,1,0,2026/4/16,105,0
r12260,NamneungNoey,2,1,2026/6/20,57,0
r12261,NamneungNoey,1,0,2026/4/14,68,0
r12262,KaoJaneJaneKao,9,22,2025/10/28,2917,1
r12263,FayeYoko,3,6,2025/11/8,164,0
r12264,EngLot,8,2,2025/10/17,702,0
r12265,LenaMiu,15,621,2025/11/17,94925,1
r12266,MilkLove,10,4,2025/10/30,1635,1
r12267,EmiBonnie,3,2,2025/10/21,121,0
r12268,GinJay,7,33,2025/10/26,4200,0
r12269,FreenBecky,1,1,2026/2/7,39,0
r12270,LingOrm,19,55,2025/12/9,29309,1
r12271,KaoJaneJaneKao,6,57,2025/10/17,5451,0
r12272,LingOrm,15,784,2025/11/1,184909,1
r12273,EmiBonnie,5,3,2025/10/17,336,1
r12274,LingOrm,8,4,2025/10/17,920,1
r12275,EmiBonnie,5,2,2025/10/17,125,0
r12276,LingOrm,1,4,2025/10/17,79,0
r12277,TkNur,11,59,2025/10/24,7603,0
r12278,LingOrm,1,2,2025/10/17,43,0
r12279,LingOrm,2,1,2025/10/17,30,0
r12280,FreenBecky,15,38,2025/10/18,5502,1
r12281,LingOrm,15,57,2025/10/17,11604,0
r12282,NamtanFilm,1,3,2025/10/17,158,0
r12283,FreenBecky,18,21,2025/11/9,6148,1
r12284,EmiBonnie,35,114,2025/10/17,56220,1
r12285,LingOrm,5,3,2025/10/17,190,0
r12286,ArhoungPam,22,13,2025/10/26,2730,0
r12287,EmiBonnie,5,1,2025/10/18,155,1
r12288,FreenBecky,10,11,2025/10/18,2526,0
r12289,NamtanFilm,15,57,2025/10/21,11993,1
r12290,NamtanFilm,1,5,2025/10/17,595,1
r12291,EngLot,1,0,2025/10/23,115,1
r12292,LingOrm,33,737,2025/10/21,284944,1
r12293,EmiBonnie,11,1,2025/10/19,495,0
r12294,FreenBecky,11,9,2025/10/19,1374,1
r12295,EnjoyJune,28,53,2025/11/1,23310,1
r12296,LingOrm,4,2,2025/10/18,1326,0
r12297,EngLot,5,2,2025/10/19,93,0
r12298,LingOrm,9,7,2025/10/18,2831,0
r12299,MilkLove,15,42,2025/12/25,15894,1
r12300,EngLot,3,2,2025/10/23,168,0
r12301,EmiBonnie,10,45,2025/10/18,5390,1
r12302,FayMay,11,35,2025/10/18,5721,1
r12303,LingOrm,5,4,2025/10/18,821,0
r12304,TkNur,3,56,2025/10/19,3819,0
r12305,ArhoungPam,6,22,2025/10/18,1669,0
r12306,NamtanFilm,1,0,2025/10/18,87,0
r12307,LingOrm,2,1,2025/10/18,112,0
r12308,FreenBecky,2,3,2025/10/18,117,1
r12309,FayMay,10,7,2025/10/18,594,1
r12310,FreenBecky,2,1,2026/1/5,90,0
r12311,ViewMim,3,1,2025/10/19,123,0
r12312,LingOrm,4,16,2025/10/18,563,0
r12313,EmiBonnie,6,0,2025/10/19,250,1
r12314,LingOrm,6,7,2025/10/18,3291,1
r12315,ArhoungPam,11,26,2025/10/23,3020,0
r12316,KaoJaneJaneKao,6,25,2025/10/25,2685,0
r12317,LingOrm,1,3,2025/10/19,144,0
r12318,KaoJaneJaneKao,2,68,2025/10/25,2521,0
r12319,KaoJaneJaneKao,8,19,2025/10/19,3642,0
r12320,EnjoyJune,6,40,2025/11/13,3667,0
r12321,FreenBecky,29,76,2025/10/20,33222,1
r12322,LingOrm,1,0,2026/1/7,14,0
r12324,FreenBecky,26,94,2025/10/19,26916,0
r12325,KaoJaneJaneKao,5,24,2025/10/19,2569,1
r12326,LingOrm,7,4,2025/10/18,690,1
r12327,EngLot,15,28,2025/10/25,32326,1
r12328,FreenBecky,9,40,2025/10/19,4130,1
r12329,FreenBecky,1,3,2026/3/3,42,0
r12330,ArhoungPam,5,4,2025/10/27,457,0
r12331,FayMay,13,35,2025/10/19,5872,1
r12332,EmiBonnie,16,615,2025/10/26,129858,1
r12333,MilkLove,18,50,2025/10/19,9105,1
r12334,MeenBabe,1,6,2025/10/20,236,0
r12335,LingOrm,4,3,2025/10/19,314,0
r12336,LingOrm,2,149,2025/12/8,14153,0
r12337,LingOrm,1,1,2025/10/19,15,0
r12338,JuneMewnich,4,6,2025/10/19,579,0
r12339,EngLot,1,1,2025/10/25,121,0
r12340,LingOrm,9,8,2025/12/2,1849,1
r12341,LingOrm,2,4,2025/10/19,253,0
r12342,MilkLove,2,1,2025/10/22,132,0
r12343,EmiBonnie,2,18,2025/10/22,1939,0
r12344,LingOrm,13,92,2025/10/21,32013,1
r12345,LingOrm,9,2,2025/10/19,403,0
r12346,EngLot,4,4,2025/10/29,252,0
r12347,NamneungNoey,2,12,2025/10/19,1703,0
r12348,LingOrm,2,2,2025/10/19,139,0
r12349,FreenBecky,19,5,2026/3/27,1562,1
r12350,FreenBecky,5,2,2025/10/28,124,0
r12351,LingOrm,27,5,2025/10/20,1556,0
r12352,LingOrm,1,1,2025/10/19,121,1
r12353,NamtanFilm,2,2,2025/10/19,256,1
r12354,LMSY,4,5,2025/10/19,368,1
r12355,FayMay,9,24,2025/10/25,2244,0
r12356,EnjoyJune,3,9,2025/10/30,662,0
r12357,LingOrm,26,98,2025/12/15,56573,1
r12358,EngLot,4,1,2025/10/19,103,0
r12359,FayMay,2,12,2025/10/20,581,0
r12360,EmiBonnie,10,366,2025/10/19,74561,1
r12361,ArhoungPam,11,17,2025/10/20,1355,1
r12362,EmiBonnie,6,1,2025/10/20,174,0
r12363,LingOrm,56,79,2025/10/21,31967,1
r12364,FreenBecky,2,2,2025/10/21,51,0
r12365,LingOrm,4,7,2025/10/20,1354,1
r12366,NamtanFilm,8,6,2025/10/20,990,0
r12367,LingOrm,7,2,2025/11/25,512,0
r12368,EngLot,1,2,2025/10/21,67,0
r12369,FreenBecky,9,33,2025/10/20,7451,0
r12370,LingOrm,1,2,2025/10/21,54,0
r12371,EmiBonnie,2,4,2025/10/21,125,0
r12372,JuneMewnich,3,11,2025/10/20,682,0
r12373,KaoJaneJaneKao,10,6,2025/10/21,1049,0
r12374,LenaMiu,17,39,2025/10/27,16411,1
r12375,EngLot,2,1,2025/11/15,142,0
r12376,FreenBecky,1,0,2025/10/20,91,1
r12377,LingOrm,10,31,2025/11/10,4414,1
r12378,EmiBonnie,2,2,2025/10/20,46,0
r12379,FreenBecky,17,12,2025/12/4,3467,1
r12380,EngLot,1,0,2026/7/8,61,0
r12381,LingOrm,22,143,2025/10/21,38421,1
r12382,NamtanFilm,2,4,2025/10/21,170,0
r12383,FayMay,9,10,2025/10/20,1180,0
r12384,GinJay,4,12,2025/10/31,1462,0
r12385,LMSY,6,8,2025/10/23,1035,1
r12386,NamtanFilm,17,192,2025/12/19,34952,0
r12387,LingOrm,9,76,2025/10/27,15122,0
r12388,EmiBonnie,1,3,2025/10/21,63,0
r12389,LingOrm,7,3,2025/10/21,223,0
r12390,TkNur,19,112,2025/10/21,22559,0
r12391,LingOrm,18,5,2025/11/18,801,1
r12392,MilkLove,10,5,2025/11/19,1275,1
r12393,EnjoyJune,21,24,2025/10/21,8216,1
r12394,EnjoyJune,9,21,2025/10/22,3414,0
r12395,EmiBonnie,4,29,2025/10/26,3884,0
r12396,LingOrm,15,16,2025/11/19,7489,0
r12397,LingOrm,31,1171,2025/12/16,428245,1
r12398,EmiBonnie,2,7,2025/10/21,569,0
r12399,GinJay,12,99,2025/10/22,14606,0
r12400,EngLot,11,43,2025/10/24,9643,0
r12401,GinJay,13,119,2025/11/19,22161,1
r12402,ViewMim,16,12,2025/10/21,2615,1
r12403,LingOrm,3,7,2025/10/21,142,1
r12404,EngLot,9,62,2026/1/30,5445,0
r12405,NamneungNoey,9,3,2026/4/8,422,0
r12406,LingOrm,16,81,2025/10/25,25065,1
r12407,NamtanFilm,2,7,2025/10/21,524,0
r12408,EmiBonnie,18,38,2025/11/4,10770,0
r12409,LingOrm,3,3,2025/10/22,274,0
r12411,NamtanFilm,12,33,2025/10/22,9158,1
r12412,LingOrm,11,27,2025/10/22,9320,1
r12413,NamtanFilm,18,109,2025/12/6,19418,1
r12414,EmiBonnie,5,2,2025/10/23,182,0
r12415,EmiBonnie,9,2,2025/10/21,1159,0
r12416,LingOrm,10,16,2025/10/22,538,0
r12417,LingOrm,1,1,2025/10/22,291,0
r12418,LingOrm,7,3,2026/1/1,215,0
r12419,NamtanFilm,11,11,2025/10/22,1002,1
r12420,LingOrm,17,10,2025/10/21,904,0
r12421,LenaMiu,21,361,2025/10/25,121339,1
r12422,BamYada,24,7,2025/10/22,923,1
r12423,NamtanFilm,1,10,2025/10/30,218,0
r12424,NamtanFilm,3,18,2025/10/24,1210,0
r12425,KaoJaneJaneKao,26,158,2025/11/5,38315,1
r12426,LingOrm,20,71,2025/11/7,25489,1
r12427,EngLot,9,13,2025/10/24,6233,1
r12428,EnjoyJune,1,1,2025/10/22,251,0
r12429,LingOrm,1,251,2025/10/22,13654,1
r12430,EnjoyJune,12,40,2025/10/22,7889,0
r12431,FreenBecky,17,17,2025/10/22,2251,0
r12432,GinJay,17,43,2025/10/22,7784,1
r12433,EmiBonnie,2,6,2025/10/22,468,1
r12434,LingOrm,5,61,2026/3/5,5356,0
r12435,ViewJune,3,3,2025/10/26,148,0
r12436,EngLot,2,1,2025/10/26,253,0
r12437,KaoJaneJaneKao,2,5,2025/10/22,224,0
r12438,EngLot,16,48,2025/10/23,26472,0
r12439,LingOrm,13,2,2025/10/22,194,0
r12440,NamtanFilm,6,22,2025/10/22,3394,0
r12441,GinJay,20,196,2025/10/23,35200,0
r12442,LingOrm,7,0,2025/10/27,239,0
r12443,MilkLove,12,7,2025/10/31,2332,1
r12444,FreenBecky,2,4,2025/10/23,197,0
r12445,FayeYoko,3,10,2025/12/1,250,1
r12446,GinJay,2,15,2025/10/29,2533,0
r12447,LingOrm,10,42,2025/10/25,13211,1
r12448,LMSY,7,6,2025/10/22,652,0
r12449,NamtanFilm,10,19,2025/10/23,2680,1
r12450,FayMay,8,29,2025/10/28,3574,1
r12451,FreenBecky,18,32,2025/11/4,6658,1
r12452,EnjoyJune,27,73,2025/10/22,19602,1
r12453,EmiBonnie,1,0,2025/10/24,65,0
r12455,LenaMiu,7,19,2025/10/23,3266,0
r12456,FreenBecky,2,0,2025/10/23,9,0
r12457,LingOrm,19,52,2025/12/19,14005,1
r12458,LingOrm,2,1,2025/10/23,149,0
r12459,EmiBonnie,3,3,2025/10/23,480,0
r12460,GinJay,2,21,2025/11/20,1098,0
r12461,NamtanFilm,2,2,2025/10/29,216,0
r12462,NamtanFilm,12,17,2025/10/23,5574,1
r12464,LingOrm,1,3,2025/10/25,87,1
r12465,LingOrm,4,11,2025/11/16,2030,0
r12466,NamtanFilm,2,2,2025/10/25,334,0
r12467,EngLot,2,2,2025/10/23,507,0
r12468,NamtanFilm,2,1,2026/4/30,118,0
r12469,EngLot,5,1,2025/10/24,151,1
r12470,EngLot,3,8,2025/10/23,1116,0
r12471,LingOrm,4,4,2025/10/23,314,1
r12472,EmiBonnie,8,52,2025/12/4,4726,0
r12473,LingOrm,1,5,2025/10/23,444,1
r12474,EmiBonnie,2,8,2025/11/11,718,0
r12475,NamtanFilm,7,30,2025/10/27,5326,0
r12476,NamtanFilm,1,13,2026/3/31,359,0
r12477,GinJay,32,228,2025/10/24,55203,1
r12478,KaoJaneJaneKao,2,27,2025/10/24,1829,0
r12479,NamtanFilm,7,5,2025/10/23,422,0
r12480,LingOrm,2,1,2025/10/23,98,0
r12481,KaoJaneJaneKao,6,37,2025/10/24,3224,1
r12482,GinJay,1,12,2025/12/31,490,0
r12483,LMSY,4,13,2025/10/24,1681,0
r12484,EngLot,39,444,2026/1/5,295009,1
r12485,EmiBonnie,4,8,2025/12/5,509,0
r12486,EmiBonnie,8,7,2025/11/17,955,0
r12487,LingOrm,5,3,2025/10/23,1811,0
r12488,EmiBonnie,4,8,2025/10/24,493,0
r12489,LingOrm,2,0,2026/4/25,5,0
r12490,LingOrm,5,6,2025/11/2,286,0
r12491,TkNur,11,289,2025/10/25,49627,1
r12492,EngLot,2,3,2025/10/24,172,0
r12493,KaoJaneJaneKao,1,3,2025/10/24,111,0
r12494,EmiBonnie,2,0,2025/10/24,86,0
r12495,KapookCiize,2,1,2025/10/24,373,0
r12496,LingOrm,32,1214,2025/10/28,453104,1
r12497,LingOrm,13,241,2026/1/2,82176,0
r12498,KaoJaneJaneKao,6,1,2025/12/10,303,1
r12499,ArhoungPam,8,2,2025/11/10,648,0
r12500,EmiBonnie,1,1,2025/10/28,317,0
r12501,MilkLove,7,10,2025/10/24,797,0
r12502,FreenBecky,7,1,2026/3/16,336,1
r12503,LingOrm,7,6,2025/10/24,1764,1
r12504,EmiBonnie,1,0,2025/10/24,14,0
r12505,NamtanFilm,1,1,2025/10/24,47,0
r12506,MilkLove,6,15,2025/10/24,2216,0
r12507,MilkLove,15,7,2025/10/25,3583,1
r12508,LingOrm,1,3,2025/10/24,187,0
r12509,FreenBecky,3,5,2025/10/24,165,0
r12510,GinJay,20,172,2025/10/26,42659,1
r12511,LingOrm,22,70,2025/10/26,36555,0
r12512,EngLot,9,44,2025/12/15,18053,0
r12513,EmiBonnie,2,1,2025/10/26,68,0
r12514,LingOrm,2,25,2025/11/20,2543,0
r12515,LingOrm,2,1,2025/11/27,103,0
r12516,FreenBecky,2,7,2025/10/24,868,0
r12517,ViewJune,3,6,2025/10/25,466,0
r12518,GinJay,12,217,2025/10/27,32656,1
r12519,FreenBecky,1,2,2025/10/25,99,0
r12520,EngLot,2,2,2025/10/26,616,0
r12521,GinJay,3,20,2025/10/30,1753,0
r12522,EngLot,1,1,2025/10/26,261,1
r12523,EngLot,1,0,2025/10/25,11,0
r12524,MablePangjie,17,26,2025/12/3,3785,1
r12525,EmiBonnie,2,4,2025/10/25,702,0
r12526,LingOrm,5,2,2025/10/25,218,1
r12527,LingOrm,25,858,2025/10/26,226687,0
r12528,EmiBonnie,1,2,2025/10/28,74,0
r12529,KaoJaneJaneKao,1,1,2025/10/26,136,0
r12530,EmiBonnie,11,557,2025/12/17,77482,1
r12531,KaoJaneJaneKao,6,51,2025/10/26,12159,0
r12532,EmiBonnie,16,104,2025/11/6,37292,1
r12533,TkNur,3,2,2025/10/25,148,0
r12534,LingOrm,21,321,2026/1/15,47624,1
r12535,MilkLove,3,1,2025/10/25,80,0
r12536,MeenBabe,5,9,2025/10/25,953,0
r12537,FreenBecky,18,10,2025/10/26,2682,0
r12538,NamtanFilm,12,50,2025/10/26,10718,1
r12539,TkNur,17,72,2025/10/30,15077,1
r12540,TkNur,6,22,2025/12/14,2107,0
r12541,TkNur,3,19,2025/10/26,1117,0
r12542,FreenBecky,4,26,2025/11/14,1955,0
r12543,LingOrm,6,0,2026/3/26,68,0
r12544,KaoJaneJaneKao,1,7,2025/11/1,669,0
r12545,EngLot,1,1,2025/10/26,352,0
r12546,FreenBecky,11,13,2025/10/26,3401,1
r12547,KaoJaneJaneKao,5,31,2025/10/26,4344,1
r12548,LingOrm,3,1,2025/10/26,38,0
r12549,EngLot,4,5,2025/10/26,2430,1
r12550,FreenBecky,9,26,2026/2/4,947,0
r12551,KaoJaneJaneKao,3,27,2025/10/26,1287,0
r12552,LingOrm,3,186,2026/1/13,15245,1
r12553,FayMay,12,26,2025/11/4,4579,1
r12554,EnjoyJune,6,23,2026/5/13,2374,1
r12555,LingOrm,22,6,2025/11/11,2568,1
r12556,FreenBecky,23,182,2025/10/31,44826,1
r12557,KaoJaneJaneKao,4,5,2025/10/30,1057,0
r12558,EngLot,13,117,2025/12/6,63707,1
r12559,NamneungNoey,1,0,2025/10/26,2,0
r12560,AndaLookkaew,3,4,2025/11/7,384,0
r12561,NamtanFilm,13,3,2025/10/26,1065,0
r12562,LingOrm,3,27,2025/10/27,1457,0
r12563,EnjoyJune,24,33,2025/10/28,9048,0
r12564,LingOrm,26,5,2025/11/3,949,1
r12565,LingOrm,7,2,2025/10/27,82,0
r12566,NamtanFilm,1,34,2025/10/27,1352,0
r12567,LenaMiu,2,20,2025/10/28,1413,0
r12568,EngLot,1,5,2025/10/26,43,0
r12569,KaoJaneJaneKao,3,57,2025/11/6,3586,0
r12570,LingOrm,8,263,2025/11/8,37112,0
r12571,ArhoungPam,2,15,2025/10/27,675,0
r12572,EngLot,2,1,2026/3/8,188,0
r12573,LingOrm,14,34,2025/10/26,8005,1
r12574,EngLot,2,3,2025/10/27,429,0
r12575,MeenBabe,2,1,2026/1/6,318,0
r12576,EmiBonnie,3,4,2025/10/29,277,0
r12577,GinJay,12,129,2025/10/27,22756,1
r12578,FayMay,12,7,2025/10/27,1599,0
r12579,EngLot,6,11,2026/4/8,1025,0
r12580,ArhoungPam,4,11,2025/10/27,657,0
r12581,TkNur,9,80,2025/10/27,14361,0
r12582,ArhoungPam,6,9,2025/11/7,1390,1
r12583,LingOrm,37,35,2025/10/27,15137,1
r12584,KaoJaneJaneKao,3,8,2025/10/29,1138,0
r12585,EmiBonnie,2,2,2026/3/27,50,0
r12586,EngLot,1,0,2025/10/28,148,1
r12587,LingOrm,28,95,2025/10/27,32924,1
r12588,TkNur,9,23,2025/10/27,5501,1
r12589,EngLot,1,0,2025/10/27,282,0
r12590,GinJay,16,105,2025/10/28,20987,0
r12591,EngLot,16,1,2025/12/11,652,0
r12592,EngLot,1,6,2025/10/29,1291,0
r12593,LingOrm,1,1,2025/10/29,162,0
r12594,EngLot,1,2,2025/10/27,567,0
r12595,FreenBecky,9,3,2025/10/27,368,1
r12596,LingOrm,19,37,2025/10/29,11973,0
r12597,LingOrm,14,77,2025/11/5,18257,1
r12598,NamtanFilm,4,3,2025/10/27,124,0
r12599,TkNur,24,32,2025/10/28,11538,1
r12600,EngLot,14,92,2025/11/18,57891,1
r12601,ArhoungPam,1,10,2025/10/28,293,0
r12602,LingOrm,7,1,2025/10/27,339,1
r12603,EmiBonnie,2,3,2025/10/28,179,0
r12604,LingOrm,1,1,2025/10/27,90,0
r12605,KaoJaneJaneKao,3,45,2025/11/5,2176,0
r12606,FreenBecky,1,3,2025/12/6,52,0
r12607,LingOrm,11,71,2025/11/22,15734,0
r12608,FreenBecky,48,3,2026/4/7,1544,1
r12609,LingOrm,3,5,2025/10/29,806,0
r12611,KaoJaneJaneKao,2,36,2025/11/11,1722,0
r12612,MilkLove,12,34,2025/10/28,5166,1
r12613,FreenBecky,18,36,2025/11/25,6331,1
r12614,FreenBecky,18,30,2025/11/27,5978,1
r12615,NamtanFilm,1,12,2025/10/29,287,0
r12616,FreenBecky,18,29,2025/11/8,5968,1
r12617,KaoJaneJaneKao,11,17,2025/10/28,3338,0
r12618,EmiBonnie,8,5,2025/10/28,958,0
r12619,LingOrm,6,8,2025/11/24,888,0
r12620,EmiBonnie,38,247,2025/12/2,86125,1
r12621,FreenBecky,5,1,2025/11/8,305,0
r12622,FayMay,15,10,2025/10/28,1801,1
r12623,TkNur,16,15,2025/10/28,3181,1
r12624,EmiBonnie,14,32,2025/11/18,5873,1
r12625,LingOrm,25,71,2025/12/10,28319,1
r12626,KaoJaneJaneKao,3,25,2025/11/15,1650,0
r12627,LingOrm,17,8,2025/10/28,3118,1
r12628,LingOrm,1,0,2025/12/11,43,0
r12629,LingOrm,47,353,2025/11/12,135591,1
r12630,KaoJaneJaneKao,8,23,2025/10/28,2299,0
r12632,LingOrm,1,0,2025/10/28,31,0
r12633,LenaMiu,3,2,2025/10/29,380,0
r12634,EnjoyJune,12,21,2025/10/28,4465,0
r12635,EmiBonnie,11,19,2025/10/28,7551,1
r12636,EmiBonnie,2,2,2025/10/28,225,0
r12637,NamtanFilm,1,1,2025/12/17,37,0
r12638,EmiBonnie,7,51,2025/10/29,9848,1
r12639,EmiBonnie,14,8,2025/10/29,2446,1
r12640,LingOrm,4,1,2025/10/29,63,0
r12641,LingOrm,8,4,2025/10/28,1076,1
r12642,EmiBonnie,1,1,2025/11/8,65,0
r12643,LingOrm,23,128,2025/10/29,63005,1
r12644,FayMay,14,33,2025/10/30,6474,1
r12646,EngLot,5,1,2025/10/29,497,0
r12647,GinJay,2,5,2025/10/29,669,0
r12648,LenaMiu,3,19,2025/11/25,1812,0
r12649,EmiBonnie,5,1,2025/10/29,141,1
r12650,LingOrm,4,9,2026/2/4,992,0
r12651,ViewJune,11,0,2025/11/8,404,0
r12652,LingOrm,21,30,2025/11/4,16447,1
r12653,EmiBonnie,4,7,2026/6/24,675,0
r12654,LingOrm,9,32,2026/5/15,5141,0
r12656,EmiBonnie,1,49,2025/10/30,1218,0
r12657,ViewJune,2,1,2025/11/9,126,0
r12658,FreenBecky,9,8,2025/11/5,2104,0
r12659,ArhoungPam,1,8,2025/10/30,301,0
r12660,EmiBonnie,5,6,2025/10/29,365,1
r12661,KaoJaneJaneKao,19,105,2025/11/1,17564,1
r12662,EmiBonnie,20,14,2025/10/29,3512,1
r12663,LingOrm,11,17,2025/10/29,4943,1
r12664,ArhoungPam,4,15,2025/10/30,811,0
r12665,NamneungNoey,1,5,2025/10/29,476,0
r12666,LMSY,24,10,2025/11/21,3232,1
r12667,LingOrm,3,8,2025/10/29,192,0
r12668,ViewJune,2,2,2025/10/29,88,1
r12669,LingOrm,8,20,2025/11/23,3537,0
r12670,NamtanFilm,11,63,2025/12/28,10721,0
r12671,BamYada,1,3,2025/11/16,148,1
r12672,EmiBonnie,1,0,2025/10/29,23,0
r12673,KaoJaneJaneKao,7,24,2025/10/30,3087,0
r12674,LingOrm,1,1,2025/11/1,120,0
r12675,JanJingjing,2,2,2026/8/15,480,0
r12676,EngLot,24,7,2025/12/17,7444,0
r12677,EmiBonnie,12,577,2025/11/21,72661,1
r12678,LingOrm,1,5,2026/4/29,291,0
r12680,EngLot,1,0,2025/10/30,8,0
r12681,LingOrm,2,2,2025/10/30,36,0
r12682,GinJay,3,20,2025/11/9,1353,0
r12683,LingOrm,2,5,2025/10/30,1481,1
r12684,LingOrm,3,10,2026/2/23,734,0
r12685,GinJay,30,17,2025/10/30,5821,1
r12686,NamtanFilm,1,3,2025/10/30,87,0
r12687,EmiBonnie,6,3,2025/10/30,920,0
r12688,EmiBonnie,2,23,2025/11/4,1380,0
r12689,GinJay,11,27,2025/10/30,6128,0
r12690,EngLot,1,0,2025/10/31,148,1
r12691,LingOrm,3,0,2025/11/8,251,0
r12692,LingOrm,32,30,2025/11/3,7696,0
r12693,EngLot,2,0,2025/10/30,23,0
r12694,EmiBonnie,2,7,2025/11/1,521,0
r12695,LingOrm,1,1,2025/10/31,17,0
r12697,MilkLove,9,23,2025/10/31,2471,0
r12698,TkNur,20,55,2025/10/30,20401,1
r12699,LingOrm,2,4,2025/11/15,130,1
r12700,EngLot,3,4,2025/10/30,589,0
r12701,GinJay,22,16,2025/10/30,2433,1
r12702,GinJay,11,14,2025/10/30,2245,1
r12703,FayMay,3,9,2025/10/30,1018,1
r12704,GinJay,8,24,2025/10/31,3786,0
r12705,LingOrm,2,16,2026/1/5,508,0
r12706,FreenBecky,22,13,2025/10/31,3807,1
r12707,EnjoyJune,40,121,2025/12/14,47081,1
r12708,LenaMiu,4,16,2025/10/31,2115,0
r12709,LingOrm,2,3,2026/3/26,495,0
r12710,KaoJaneJaneKao,16,56,2025/10/31,7612,0
r12711,LingOrm,4,11,2025/11/1,1823,0
r12712,NamtanFilm,4,19,2025/11/10,1479,0
r12713,EnjoyJune,11,18,2025/11/1,3964,0
r12714,MilkLove,2,1,2025/10/31,115,0
r12715,FayMay,10,13,2025/10/31,1337,1
r12716,NamtanFilm,3,0,2025/10/31,202,1
r12717,FreenBecky,2,3,2025/10/31,249,0
r12719,FreenBecky,7,32,2025/10/31,3987,0
r12720,FreenBecky,2,3,2025/11/1,203,0
r12721,EngLot,25,8,2025/10/31,6891,1
r12722,LingOrm,9,2,2025/10/31,244,1
r12723,LingOrm,2,2,2025/11/3,362,0
r12724,EnjoyJune,10,33,2025/11/2,9004,1
r12725,MilkLove,4,6,2025/10/31,129,0
r12726,EngLot,22,87,2026/2/4,62043,1
r12727,LingOrm,57,2124,2025/11/7,1280333,1
r12728,FayMay,1,8,2025/11/22,307,0
r12729,KaoJaneJaneKao,4,27,2025/11/10,1901,0
r12730,MilkLove,28,7,2025/11/1,2962,1
r12731,LingOrm,4,9,2025/11/6,1222,0
r12732,FreenBecky,3,6,2025/10/31,316,0
r12733,GinJay,21,9,2025/10/31,2820,1
r12734,LingOrm,6,3,2025/11/1,583,0
r12735,LingOrm,1,1,2025/11/1,44,0
r12736,LingOrm,2,0,2025/11/30,52,0
r12737,LenaMiu,2,5,2025/11/1,889,0
r12738,EnjoyJune,21,28,2025/11/13,7666,1
r12739,KaoJaneJaneKao,17,53,2025/11/21,7558,0
r12740,FayMay,13,51,2025/11/1,6881,1
r12741,KaoJaneJaneKao,1,6,2025/11/1,150,0
r12742,LingOrm,15,241,2025/11/14,54829,1
r12743,LingOrm,8,4,2025/11/9,2405,0
r12744,ViewJune,3,2,2025/11/1,67,0
r12745,LingOrm,2,3,2025/11/1,145,0
r12746,EngLot,10,4,2025/11/2,3475,1
r12747,EmiBonnie,7,3,2026/7/7,488,0
r12748,NamtanFilm,1,5,2025/11/2,63,0
r12749,KaoJaneJaneKao,5,13,2025/11/4,907,0
r12750,EmiBonnie,10,15,2025/11/1,1333,0
r12751,EmiBonnie,9,15,2025/11/2,4337,1
r12752,EmiBonnie,2,87,2025/11/21,6435,0
r12753,EmiBonnie,3,1,2025/11/1,72,0
r12754,EmiBonnie,19,535,2025/12/18,107515,1
r12755,LenaMiu,2,26,2025/12/10,3248,0
r12756,LingOrm,2,0,2025/12/7,108,0
r12757,EngLot,7,10,2026/1/17,4509,1
r12758,MilkLove,9,11,2025/11/2,1049,1
r12759,LenaMiu,2,38,2025/11/2,2605,0
r12760,LingOrm,14,5,2025/11/2,1872,1
r12761,FreenBecky,8,31,2025/11/4,1844,1
r12762,TkNur,19,19,2025/11/3,5240,1
r12763,EnjoyJune,23,68,2025/11/12,30211,1
r12764,EmiBonnie,6,2,2025/11/2,243,0
r12765,LingOrm,44,54,2025/12/22,23721,1
r12766,EmiBonnie,1,1,2025/11/17,114,0
r12767,LingOrm,7,0,2025/11/2,164,0
r12768,ViewMim,1,6,2025/11/5,132,0
r12770,NamtanFilm,15,14,2025/11/2,2091,1
r12771,EmiBonnie,12,405,2025/11/30,64977,1
r12772,ArhoungPam,4,13,2025/11/2,472,0
r12773,MilkLove,5,69,2025/11/24,7561,0
r12774,EngLot,1,1,2025/11/10,105,1
r12775,LenaMiu,5,24,2025/11/2,4839,1
r12776,LingOrm,27,268,2025/11/17,96234,1
r12777,GinJay,22,11,2025/11/2,3408,1
r12778,NamtanFilm,13,69,2025/11/3,7064,1
r12779,FreenBecky,2,38,2025/11/3,2418,0
r12780,FreenBecky,1,3,2025/11/16,247,1
r12781,EngLot,10,71,2025/11/3,13856,1
r12782,EmiBonnie,2,2,2025/11/6,108,0
r12783,EmiBonnie,3,25,2025/12/14,2786,0
r12784,LingOrm,1,1,2025/11/21,51,0
r12785,EnjoyJune,28,36,2025/11/2,13972,1
r12786,KaoJaneJaneKao,11,15,2025/11/25,4108,1
r12787,EngLot,2,11,2026/1/9,2359,0
r12788,EnjoyJune,25,23,2025/11/3,8069,0
r12789,KaoJaneJaneKao,3,16,2025/11/20,1436,0
r12790,LingOrm,5,2,2025/11/3,215,0
r12791,EmiBonnie,10,49,2025/11/5,7554,1
r12792,LingOrm,4,1,2025/11/3,692,1
r12793,EmiBonnie,8,245,2025/11/7,24260,1
r12794,NamtanFilm,13,144,2025/11/10,22889,0
r12795,ArhoungPam,3,29,2025/11/7,1363,0
r12796,EmiBonnie,1,0,2025/11/3,16,0
r12797,EngLot,1,4,2025/11/3,44,0
r12798,EmiBonnie,10,21,2025/11/26,3777,0
r12799,LenaMiu,8,9,2026/2/7,2387,0
r12800,MilkLove,1,0,2025/11/3,189,1
r12801,FayMay,27,30,2025/11/14,7598,1
r12802,LingOrm,43,598,2025/11/11,267551,1
r12803,MablePangjie,3,19,2025/11/15,1195,0
r12804,EmiBonnie,13,42,2025/11/4,9878,1
r12805,NamtanFilm,3,3,2025/11/4,295,0
r12806,MilkLove,6,36,2025/11/4,5810,1
r12807,LingOrm,21,25,2026/2/22,9528,0
r12808,TkNur,1,8,2025/11/22,449,0
r12809,LingOrm,2,4,2025/11/4,97,0
r12810,NamneungNoey,11,8,2026/8/2,707,0
r12811,LingOrm,5,2,2025/11/9,369,0
r12812,TkNur,17,67,2025/11/23,17569,0
r12813,EngLot,4,0,2025/12/18,596,0
r12814,FreenBecky,12,67,2025/11/5,11500,1
r12815,FreenBecky,13,6,2025/11/4,970,1
r12816,EnjoyJune,6,83,2025/11/4,16823,0
r12817,LingOrm,6,2,2025/11/5,180,0
r12818,LingOrm,21,0,2025/11/23,1712,0
r12819,TkNur,3,12,2025/11/5,1009,0
r12820,GinJay,12,54,2025/11/6,7440,0
r12821,EmiBonnie,1,4,2026/8/23,75,0
r12822,LingOrm,20,36,2025/11/12,10699,1
r12823,EmiBonnie,3,7,2025/11/9,466,0
r12824,KaoJaneJaneKao,2,12,2025/12/18,800,0
r12825,JuneMewnich,2,8,2026/3/1,171,0
r12826,LingOrm,11,11,2025/11/7,2474,0
r12827,EmiBonnie,2,5,2025/11/5,435,0
r12828,EmiBonnie,14,150,2025/11/8,32460,1
r12829,LenaMiu,19,253,2025/12/13,60978,0
r12830,FayMay,1,4,2025/11/12,235,0
r12832,NamneungNoey,3,3,2025/11/5,83,0
r12833,ViewJune,2,0,2025/11/7,61,0
r12834,LingOrm,18,8,2025/11/6,1108,0
r12835,LenaMiu,15,66,2025/11/6,15356,0
r12836,EmiBonnie,1,1,2025/11/6,77,0
r12837,EmiBonnie,1,2,2025/11/6,423,0
r12838,MilkLove,3,0,2025/11/6,399,0
r12839,FreenBecky,11,57,2025/12/6,9618,1
r12840,FreenBecky,13,54,2026/1/31,8678,1
r12841,FreenBecky,9,44,2026/2/7,9792,0
r12842,EmiBonnie,1,0,2025/11/6,42,0
r12843,KaoJaneJaneKao,11,65,2025/11/8,9499,0
r12844,EmiBonnie,5,6,2025/11/6,459,1
r12845,TkNur,1,17,2025/11/14,1044,0
r12846,AndaLookkaew,1,18,2025/11/7,560,0
r12847,LingOrm,6,108,2025/11/12,7807,0
r12848,EnjoyJune,10,27,2025/11/9,4876,0
r12849,EnjoyJune,13,96,2026/4/20,17010,0
r12850,GinJay,13,124,2025/11/9,24402,1
r12851,LingOrm,2,1,2025/11/7,60,0
r12853,LingOrm,41,5,2025/11/10,4994,0
r12854,EmiBonnie,1,0,2025/11/7,43,0
r12855,LingOrm,15,2,2025/11/19,790,0
r12856,LingOrm,1,4,2025/11/8,206,0
r12857,EmiBonnie,12,207,2026/1/2,30614,0
r12858,MilkLove,7,4,2025/11/9,413,0
r12859,KaoJaneJaneKao,12,59,2025/11/8,6984,0
r12860,LenaMiu,9,19,2025/11/8,6334,1
r12861,TkNur,12,40,2025/11/13,10477,0
r12862,EmiBonnie,3,3,2025/11/7,204,0
r12863,LingOrm,9,5,2025/11/7,1043,1
r12864,EnjoyJune,19,36,2025/11/15,9503,0
r12865,LingOrm,11,227,2026/1/1,63908,0
r12866,EngLot,32,32,2025/11/9,15442,1
r12867,EmiBonnie,18,11,2025/11/13,3682,0
r12868,MilkLove,15,9,2025/11/8,2400,0
r12869,FayMay,6,1,2026/6/14,122,0
r12870,ViewJune,1,0,2025/11/24,38,0
r12871,MilkLove,1,2,2025/11/8,209,0
r12872,MablePangjie,7,20,2025/11/15,2088,0
r12874,EmiBonnie,21,605,2025/11/8,162370,1
r12875,FayMay,9,7,2025/11/14,1773,1
r12876,EmiBonnie,21,60,2026/3/1,20563,1
r12877,LingOrm,7,0,2025/11/8,343,1
r12878,NamtanFilm,11,77,2025/11/10,17807,0
r12879,TkNur,11,38,2025/11/8,9160,1
r12880,ArhoungPam,19,24,2025/11/8,4199,1
r12881,EmiBonnie,1,1,2025/11/10,29,0
r12883,MilkLove,21,11,2025/12/26,4108,1
r12884,FreenBecky,1,1,2026/8/25,13,0
r12885,EmiBonnie,3,2,2026/2/5,466,0
r12886,LingOrm,26,730,2025/11/9,305574,1
r12887,LingOrm,2,33,2025/11/9,2829,0
r12888,LingOrm,18,17,2025/11/9,2267,0
r12889,EmiBonnie,7,10,2025/11/26,903,0
r12890,LingOrm,7,2,2025/11/11,27,0
r12891,FayMay,13,27,2025/11/9,2615,1
r12892,FreenBecky,1,7,2025/11/9,150,0
r12893,FreenBecky,2,1,2026/3/25,27,0
r12894,LingOrm,33,420,2026/1/20,159126,0
r12895,EmiBonnie,19,194,2025/11/9,34888,1
r12896,EngLot,1,0,2025/11/9,15,0
r12897,NamtanFilm,5,6,2025/11/17,775,0
r12898,LingOrm,3,2,2025/11/9,264,0
r12899,LingOrm,21,5,2025/11/9,2502,1
r12900,MablePangjie,5,104,2025/11/10,6759,0
r12901,GinJay,2,31,2025/11/17,2113,0
r12902,EngLot,23,45,2025/11/9,52308,1
r12903,GinJay,5,38,2025/12/6,3128,0
r12904,EngLot,4,3,2025/11/9,1491,0
r12905,MablePangjie,24,42,2025/11/11,6613,1
r12906,LingOrm,78,29,2025/11/13,27788,1
r12907,KaoJaneJaneKao,1,4,2025/11/10,384,0
r12908,ViewJune,2,1,2025/11/11,179,0
r12909,MablePangjie,12,108,2025/11/20,11272,1
r12910,LingOrm,1,3,2025/11/10,228,0
r12911,NamtanFilm,2,11,2026/1/12,790,0
r12912,ArhoungPam,15,8,2025/11/13,1036,1
r12913,LingOrm,1,0,2026/3/19,58,0
r12914,ArhoungPam,7,12,2025/11/10,747,0
r12915,EnjoyJune,87,33,2025/11/11,17243,1
r12916,KaoJaneJaneKao,11,66,2025/11/21,5638,0
r12917,GinJay,17,12,2025/11/10,1979,1
r12918,LingOrm,6,1,2025/11/11,199,0
r12919,LingOrm,4,34,2025/11/10,2884,0
r12920,EmiBonnie,5,9,2025/11/10,1268,0
r12921,LingOrm,22,113,2025/11/11,9539,0
r12922,LenaMiu,2,49,2025/11/24,4516,0
r12923,LingOrm,1,1,2025/11/10,95,0
r12924,TkNur,2,47,2025/11/12,2443,0
r12925,TkNur,2,20,2025/11/12,965,0
r12926,KaoJaneJaneKao,1,5,2025/11/10,278,0
r12927,LingOrm,11,13,2025/11/10,1842,0
r12928,MablePangjie,1,6,2025/11/12,453,0
r12929,EmiBonnie,13,18,2025/11/11,3924,1
r12930,TkNur,11,45,2025/11/15,8699,0
r12931,LingOrm,7,15,2025/12/10,1056,0
r12932,LingOrm,20,22,2025/11/12,7347,1
r12933,MablePangjie,1,19,2025/11/11,1022,0
r12934,LingOrm,1,0,2026/7/28,42,0
r12935,KaoJaneJaneKao,5,14,2025/11/11,1484,0
r12936,LingOrm,29,10,2025/11/16,8018,0
r12937,LingOrm,21,70,2025/11/11,36954,1
r12938,LingOrm,10,14,2025/11/17,5345,1
r12939,KaoJaneJaneKao,4,16,2025/11/11,1137,0
r12940,LingOrm,3,1,2025/11/11,183,1
r12941,LingOrm,27,286,2025/11/12,100405,1
r12942,FayMay,6,12,2025/11/12,1188,0
r12943,EngLot,15,3,2026/2/22,1953,1
r12944,FreenBecky,1,2,2025/11/11,38,1
r12945,TkNur,21,58,2025/11/14,20842,1
r12946,LingOrm,7,1,2025/11/11,89,0
r12947,LingOrm,7,14,2025/11/11,1868,1
r12948,GinJay,28,9,2025/11/11,2862,1
r12949,EngLot,2,2,2025/11/11,46,0
r12950,GinJay,14,15,2025/11/11,2593,1
r12951,EmiBonnie,15,306,2025/11/12,39297,0
r12952,EmiBonnie,15,429,2025/11/23,85351,1
r12953,FreenBecky,18,24,2025/12/6,4575,1
r12954,LingOrm,30,84,2025/12/21,60489,1
r12956,LenaMiu,5,56,2025/11/16,6096,0
r12957,LingOrm,20,0,2025/11/13,289,1
r12958,EmiBonnie,16,52,2025/11/12,14405,1
r12959,FreenBecky,30,12,2025/11/12,6885,1
r12960,EmiBonnie,3,7,2025/11/12,1088,0
r12961,FayMay,8,13,2025/11/12,974,1
r12962,MablePangjie,12,338,2025/11/15,40834,0
r12963,LingOrm,32,9,2025/11/12,2073,1
r12965,LingOrm,7,6,2026/2/9,1197,1
r12966,FreenBecky,6,17,2025/11/13,6342,1
r12967,FreenBecky,25,148,2025/11/14,37964,1
r12968,FreenBecky,5,7,2025/11/13,598,0
r12969,LingOrm,26,126,2025/11/13,54872,1
r12970,KaoJaneJaneKao,4,18,2025/11/17,1242,0
r12971,TkNur,7,35,2025/11/13,4252,0
r12972,KaoJaneJaneKao,5,48,2025/11/13,4305,1
r12973,TkNur,7,6,2025/12/7,1391,0
r12974,LingOrm,11,1,2026/4/21,481,0
r12975,EnjoyJune,4,9,2026/3/8,1025,0
r12976,JuneMewnich,16,17,2025/11/14,2553,0
r12977,EmiBonnie,1,2,2025/11/13,56,0
r12978,LingOrm,5,0,2026/1/30,89,0
r12979,TanYada,12,219,2025/12/9,11507,1
r12980,FayMay,5,8,2025/11/13,941,0
r12981,EngLot,6,2,2025/11/17,1271,1
r12982,TkNur,1,1,2026/1/23,183,0
r12984,EngLot,16,139,2025/11/14,28444,1
r12985,GinJay,3,36,2025/11/20,3174,0
r12986,LingOrm,6,21,2025/11/13,5463,0
r12987,LenaMiu,15,1319,2025/11/15,285620,1
r12988,EmiBonnie,16,6,2025/11/21,1461,0
r12989,LingOrm,18,180,2025/12/24,56297,1
r12990,TkNur,2,5,2025/11/15,292,0
r12991,LenaMiu,4,83,2025/12/6,8642,0
r12992,LingOrm,17,16,2025/11/16,3030,0
r12993,LingOrm,1,3,2026/4/12,179,0
r12995,EmiBonnie,1,8,2025/11/18,183,0
r12996,LingOrm,1,0,2026/5/18,59,0
r12997,LMSY,1,1,2025/11/15,159,0
r12998,MilkLove,8,9,2025/11/14,996,1
r12999,FreenBecky,4,12,2025/11/14,1675,0
r13000,EnjoyJune,21,57,2025/11/14,22144,1
r13002,MilkLove,4,8,2025/11/21,883,1
r13003,LingOrm,1,2,2026/1/10,179,0
r13004,LingOrm,24,1303,2025/11/18,379777,1
r13005,JuneMewnich,3,6,2025/11/28,415,0
r13006,EnjoyJune,18,57,2025/11/16,14855,1
r13007,LingOrm,2,6,2025/11/15,205,1
r13008,EmiBonnie,2,6,2025/11/15,570,0
r13009,MablePangjie,1,7,2025/11/16,649,0
r13010,NamtanFilm,3,6,2025/11/16,655,0
r13011,AndaLookkaew,1,2,2025/11/14,113,0
r13012,LMSY,9,17,2025/11/15,1042,0
r13013,GinJay,11,79,2025/11/16,18373,1
r13014,LingOrm,1,1,2025/11/14,40,0
r13015,LingOrm,2,1,2025/12/12,94,0
r13016,LingOrm,16,3,2025/11/21,1324,0
r13017,MeenBabe,7,8,2025/11/15,1713,1
r13018,LingOrm,10,4,2025/11/15,264,0
r13019,GinJay,8,15,2026/1/26,3281,0
r13020,FayMay,21,24,2025/11/29,4054,1
r13021,GinJay,30,14,2025/11/15,5072,1
r13022,EmiBonnie,2,1,2025/11/15,156,0
r13023,EngLot,21,16,2026/1/2,17654,1
r13024,LingOrm,1,1,2025/11/15,4,0
r13025,LingOrm,17,246,2025/12/1,60582,1
r13026,ViewJune,2,2,2025/11/15,54,1
r13027,LingOrm,16,371,2025/11/15,96476,1
r13028,LingOrm,1,2,2025/11/15,44,1
r13029,NamtanFilm,1,0,2026/3/2,45,0
r13030,LingOrm,12,4,2025/11/17,1281,0
r13031,LingOrm,1,1,2025/11/15,107,0
r13032,EngLot,5,0,2025/11/15,18,0
r13033,JuneMewnich,11,7,2025/12/19,562,0
r13034,FayMay,4,7,2025/11/15,803,0
r13035,LingOrm,2,0,2025/11/15,153,0
r13036,LingOrm,36,248,2025/11/22,85566,1
r13037,MablePangjie,8,41,2025/11/16,5290,0
r13038,LenaMiu,5,13,2025/11/15,1578,0
r13039,EngLot,12,24,2025/11/25,17343,1
r13041,LingOrm,18,33,2025/11/15,9310,1
r13042,NamtanFilm,1,2,2025/11/15,66,0
r13043,LingOrm,10,53,2025/12/1,8382,1
r13044,KaoJaneJaneKao,1,4,2025/11/15,336,0
r13045,LingOrm,3,0,2026/7/11,29,0
r13046,LenaMiu,12,208,2025/11/16,36450,0
r13047,LingOrm,1,2,2025/11/16,109,0
r13048,LingOrm,25,201,2025/11/16,81482,1
r13049,EmiBonnie,10,24,2025/12/31,2806,1
r13050,MablePangjie,1,0,2025/11/16,272,1
r13051,LenaMiu,12,252,2025/11/17,39497,0
r13052,LingOrm,27,245,2025/12/15,99847,1
r13053,LingOrm,1,8,2026/4/7,628,0
r13054,EmiBonnie,3,1,2025/11/16,202,0
r13055,GinJay,21,50,2025/11/16,12905,1
r13056,LingOrm,8,6,2025/11/16,579,0
r13057,NamtanFilm,26,203,2025/11/17,45166,1
r13058,FayMay,8,26,2025/11/25,3010,1
r13059,EnjoyJune,1,4,2026/1/13,199,0
r13060,EnjoyJune,18,37,2025/11/16,11059,1
r13061,MablePangjie,4,27,2025/11/21,2370,0
r13062,LingOrm,13,573,2025/11/20,125811,1
r13063,GinJay,31,10,2025/11/16,2360,1
r13064,ViewJune,4,4,2025/11/17,684,0
r13065,LingOrm,1,1,2025/11/17,71,0
r13066,LenaMiu,11,269,2025/11/18,70202,1
r13067,KaoJaneJaneKao,2,7,2025/11/20,829,0
r13068,LenaMiu,3,4,2025/11/17,573,0
r13069,LenaMiu,25,15,2025/11/17,12823,1
r13070,MeenBabe,1,16,2026/8/22,326,0
r13071,EngLot,6,6,2025/11/16,2839,0
r13072,LingOrm,18,35,2025/11/19,13799,1
r13073,MilkLove,2,1,2025/11/18,144,0
r13074,EngLot,55,59,2025/11/17,29615,1
r13075,LingOrm,6,37,2025/12/22,4670,0
r13076,LingOrm,6,0,2025/11/30,161,0
r13077,FreenBecky,18,32,2026/1/3,6267,1
r13078,FreenBecky,18,43,2026/1/4,10536,1
r13079,GinJay,12,77,2025/11/18,9801,1
r13080,EngLot,1,3,2026/8/25,121,0
r13081,MablePangjie,4,76,2025/11/17,5111,0
r13082,LingOrm,4,2,2025/11/17,273,1
r13083,EngLot,24,45,2025/11/20,42291,1
r13084,LenaMiu,1,21,2026/2/16,1088,0
r13085,MablePangjie,6,26,2025/11/17,3845,1
r13086,MablePangjie,9,92,2025/11/20,10671,0
r13087,ViewJune,1,1,2025/12/8,22,0
r13088,LingOrm,24,26,2025/11/18,8226,1
r13089,GinJay,7,6,2025/12/15,888,1
r13090,GinJay,6,24,2025/11/20,2771,0
r13091,NamtanFilm,3,4,2025/11/29,493,0
r13092,EmiBonnie,2,2,2025/12/6,50,0
r13093,EnjoyJune,3,8,2025/11/18,403,0
r13094,LingOrm,12,3,2025/11/17,619,0
r13095,FreenBecky,1,12,2026/5/9,287,0
r13096,LingOrm,2,0,2025/11/17,105,0
r13097,LenaMiu,3,18,2025/11/17,2819,0
r13098,EnjoyJune,1,16,2025/11/24,931,0
r13100,KaoJaneJaneKao,3,13,2026/1/28,768,0
r13101,NamtanFilm,15,195,2026/3/6,31216,1
r13102,NamtanFilm,5,5,2026/3/4,197,0
r13103,KaoJaneJaneKao,17,53,2025/11/20,7799,0
r13104,TkNur,5,17,2025/11/24,3444,0
r13105,LingOrm,1,121,2025/12/16,6070,1
r13106,LenaMiu,12,601,2025/12/9,47759,1
r13107,EmiBonnie,12,5,2025/11/19,2045,1
r13108,FayMay,7,32,2025/11/18,4153,1
r13109,LingOrm,9,3,2025/11/19,226,1
r13110,LingOrm,2,2,2025/11/18,68,0
r13111,GinJay,13,157,2025/11/18,25519,1
r13112,LingOrm,24,28,2025/11/20,13370,1
r13113,LenaMiu,12,102,2025/11/18,28094,1
r13114,LingOrm,29,134,2025/11/18,88387,1
r13115,LingOrm,25,176,2025/11/18,69038,1
r13116,MilkLove,11,64,2026/7/5,9401,0
r13117,LingOrm,1,1,2025/11/18,22,0
r13118,FreenBecky,2,18,2026/4/30,342,0
r13119,FreenBecky,19,10,2025/11/18,2839,0
r13120,LingOrm,2,1,2025/11/19,63,1
r13121,LenaMiu,4,15,2025/11/20,3696,0
r13122,LingOrm,2,8,2025/12/25,340,0
r13123,LingOrm,10,5,2025/11/18,668,1
r13124,KaoJaneJaneKao,4,3,2025/11/18,376,0
r13125,LenaMiu,2,11,2025/11/20,1506,0
r13126,EmiBonnie,5,6,2026/5/15,1199,0
r13127,TkNur,12,106,2025/11/19,20664,0
r13128,EngLot,2,0,2025/11/20,27,0
r13129,FayMay,2,5,2026/7/13,184,0
r13130,TkNur,10,24,2025/11/20,4259,0
r13131,LingOrm,43,563,2026/1/4,194717,1
r13132,EmiBonnie,5,21,2025/12/17,2193,0
r13133,LingOrm,5,55,2025/12/2,5624,0
r13134,MablePangjie,2,28,2025/11/19,1545,0
r13135,LingOrm,7,237,2025/12/10,48574,1
r13136,FreenBecky,13,20,2025/11/30,2267,1
r13137,EngLot,18,152,2025/12/1,82773,1
r13138,LingOrm,1,2,2025/12/3,178,0
r13139,LenaMiu,7,176,2025/12/10,19316,0
r13140,EmiBonnie,3,1,2025/11/19,121,0
r13141,EngLot,14,150,2026/3/11,47599,1
r13142,FreenBecky,10,6,2025/11/30,907,1
r13143,LenaMiu,16,400,2025/11/21,85625,1
r13144,LingOrm,27,25,2026/3/26,20231,1
r13145,TkNur,1,12,2025/11/21,873,0
r13146,GinJay,7,21,2025/12/30,2223,0
r13147,LingOrm,25,434,2025/12/25,245234,1
r13148,LingOrm,5,3,2025/11/19,93,0
r13149,LingOrm,5,6,2025/11/19,921,0
r13150,LingOrm,13,14,2026/1/1,4290,1
r13151,GinJay,29,13,2025/11/19,3420,1
r13152,FreenBecky,1,1,2025/11/19,93,1
r13153,EnjoyJune,4,20,2025/11/21,1581,0
r13154,EnjoyJune,20,47,2025/11/20,15636,1
r13155,MablePangjie,2,43,2025/11/23,2348,0
r13156,LingOrm,4,5,2025/11/21,490,0
r13157,EngLot,13,20,2025/11/25,10018,1
r13158,ViewJune,4,1,2025/11/22,73,0
r13159,GinJay,12,35,2025/12/16,8480,0
r13160,EnjoyJune,20,29,2025/11/26,3366,1
r13161,ViewMim,3,5,2025/11/21,158,0
r13162,LingOrm,24,128,2025/11/24,59992,1
r13163,KaoJaneJaneKao,6,9,2025/11/23,1788,0
r13164,LingOrm,4,0,2025/11/21,241,0
r13165,JuneMewnich,2,4,2025/11/20,303,0
r13167,LenaMiu,2,21,2025/11/26,1841,0
r13168,EngLot,4,6,2025/11/20,802,0
r13169,LenaMiu,30,553,2025/11/26,193373,0
r13170,LingOrm,5,450,2025/12/25,44537,1
r13171,LingOrm,12,9,2025/11/20,1189,1
r13172,EmiBonnie,1,1,2026/3/29,24,0
r13173,LingOrm,11,3,2025/11/22,488,0
r13174,LingOrm,9,29,2025/11/30,6806,1
r13175,LingOrm,3,0,2025/11/20,199,1
r13176,EngLot,2,1,2025/11/23,130,0
r13178,LingOrm,2,4,2025/11/21,76,0
r13179,TkNur,11,24,2025/11/21,7286,1
r13180,GinJay,17,8,2025/11/20,1244,1
r13181,EmiBonnie,1,1,2025/11/21,102,0
r13182,GinJay,14,6,2025/11/20,742,1
r13183,EmiBonnie,10,0,2025/11/21,166,0
r13184,GinJay,13,18,2025/11/20,3007,1
r13185,MablePangjie,13,24,2025/11/21,3897,1
r13186,EnjoyJune,6,16,2026/2/22,2342,0
r13187,EngLot,38,300,2025/12/6,148171,1
r13188,EmiBonnie,2,0,2025/11/22,105,0
r13189,EngLot,16,124,2025/12/3,49711,0
r13190,EmiBonnie,29,96,2025/11/24,41833,1
r13191,LingOrm,4,3,2025/11/21,431,1
r13192,MablePangjie,1,7,2025/11/21,413,0
r13193,GinJay,1,0,2026/8/27,46,0
r13194,LingOrm,12,123,2026/1/31,44667,0
r13195,NamtanFilm,11,6,2025/11/21,2133,1
r13196,LingOrm,29,304,2025/12/20,196848,1
r13197,MilkLove,3,84,2026/5/10,3816,0
r13198,KaoJaneJaneKao,16,204,2025/11/23,23612,1
r13199,LingOrm,5,3,2025/11/22,135,0
r13200,MablePangjie,2,12,2025/11/22,730,0
r13201,EmiBonnie,14,62,2025/12/1,9869,1
r13202,EmiBonnie,1,165,2025/11/23,30310,0
r13203,EmiBonnie,3,5,2025/11/25,162,0
r13204,LingOrm,7,42,2025/12/26,8113,0
r13205,LingOrm,23,271,2025/11/23,102419,1
r13206,NamtanFilm,13,252,2025/12/12,52262,1
r13207,OomBam,12,69,2025/11/23,14158,0
r13208,EmiBonnie,3,5,2025/11/27,477,0
r13209,FayMay,2,10,2026/3/18,371,0
r13210,LingOrm,21,63,2026/4/6,12907,0
r13211,LMSY,15,40,2025/11/23,9427,1
r13212,LingOrm,33,592,2025/11/24,277451,1
r13213,EmiBonnie,9,3,2025/11/22,1482,1
r13214,KaoJaneJaneKao,5,6,2025/11/22,1573,0
r13215,GinJay,23,10,2025/11/22,1215,1
r13216,EmiBonnie,21,13,2025/11/22,4364,1
r13217,MablePangjie,2,17,2025/11/22,962,0
r13218,LingOrm,6,3,2025/11/23,69,0
r13219,TkNur,2,11,2025/11/23,767,0
r13220,EngLot,1,0,2025/11/23,380,1
r13221,EmiBonnie,16,3,2025/11/22,454,1
r13222,LingOrm,44,18,2025/11/23,13132,1
r13223,EngLot,5,3,2026/1/1,644,0
r13224,FreenBecky,2,2,2025/11/23,140,0
r13225,LingOrm,3,6,2025/12/20,415,0
r13226,MablePangjie,5,2,2025/11/28,109,1
r13227,EmiBonnie,1,4,2025/11/23,106,0
r13228,FayMay,1,3,2025/11/23,228,0
r13229,LingOrm,3,1,2025/11/23,98,0
r13230,TkNur,7,43,2025/11/25,5567,0
r13231,EmiBonnie,1,15,2025/11/23,915,0
r13233,LingOrm,1,1,2025/12/11,89,0
r13234,MablePangjie,2,12,2025/11/23,921,0
r13235,EmiBonnie,7,4,2025/11/23,581,0
r13236,LenaMiu,18,27,2025/11/23,11404,1
r13237,LingOrm,4,0,2025/11/23,123,1
r13238,LenaMiu,15,219,2026/4/20,53824,1
r13239,LMSY,25,0,2025/12/8,391,0
r13240,LingOrm,5,9,2025/11/24,2830,1
r13242,MeenBabe,4,7,2025/11/24,1068,0
r13244,LenaMiu,1,14,2025/11/23,1376,1
r13245,NamtanFilm,2,18,2025/11/24,1161,0
r13246,LingOrm,30,646,2026/2/19,190333,1
r13247,GinJay,13,26,2025/11/23,10835,0
r13248,LingOrm,2,0,2025/11/23,46,0
r13249,GinJay,13,25,2025/12/9,5850,1
r13250,EngLot,4,1,2025/11/24,225,0
r13251,FreenBecky,2,68,2025/12/10,3022,0
r13252,LenaMiu,2,178,2025/11/25,11959,0
r13253,NamtanFilm,1,3,2025/12/1,344,0
r13254,GinJay,10,48,2025/12/2,8022,1
r13255,LingOrm,68,1721,2025/12/8,1186840,1
r13256,EnjoyJune,7,39,2025/11/24,5494,0
r13257,LingOrm,10,2,2025/11/24,475,0
r13258,LingOrm,5,23,2026/2/20,4380,0
r13259,EmiBonnie,3,1,2026/5/18,125,0
r13260,LingOrm,1,1,2025/11/24,79,0
r13261,GinJay,23,9,2025/11/24,1416,1
r13262,MilkLove,20,2,2025/11/25,1404,1
r13263,LingOrm,14,16,2025/11/24,7707,1
r13264,LenaMiu,3,10,2025/12/1,1432,0
r13265,FreenBecky,7,60,2026/4/24,5632,0
r13266,LingOrm,1,0,2026/8/6,100,0
r13267,MilkLove,3,1,2025/11/25,229,1
r13268,ViewJune,1,1,2025/11/25,39,0
r13269,JuneMewnich,15,6,2025/11/24,776,0
r13270,ViewMim,4,9,2025/11/24,1280,1
r13271,GinJay,1,13,2025/11/24,842,0
r13272,LingOrm,17,50,2026/1/6,13096,1
r13273,MilkLove,6,1,2025/11/30,622,0
r13274,EmiBonnie,3,1,2025/11/25,102,0
r13275,TkNur,7,7,2025/11/25,1616,0
r13276,LenaMiu,3,49,2025/12/3,4422,0
r13277,GinJay,29,232,2025/12/2,60877,0
r13278,MilkLove,31,22,2025/11/25,11395,1
r13279,MilkLove,1,2,2025/12/11,84,0
r13280,LingOrm,3,2,2025/11/25,112,0
r13281,LingOrm,20,108,2025/12/11,26986,1
r13282,LingOrm,9,4,2025/11/25,325,1
r13283,MeenBabe,1,2,2025/11/29,282,0
r13284,LingOrm,27,125,2025/12/5,22210,0
r13285,LenaMiu,16,101,2025/11/25,29348,1
r13286,LingOrm,6,378,2025/11/26,119156,1
r13287,ViewJune,11,6,2025/11/25,1837,0
r13288,EnjoyJune,2,8,2025/11/26,433,0
r13289,EmiBonnie,2,2,2025/11/26,204,0
r13290,GinJay,8,22,2025/12/18,4625,1
r13291,GinJay,12,95,2025/11/26,20227,1
r13292,LingOrm,2,0,2025/11/30,9,0
r13293,GinJay,14,148,2025/11/25,24198,1
r13294,FreenBecky,54,37,2025/11/25,28180,1
r13295,NamtanFilm,24,27,2025/11/26,8679,1
r13296,KaoJaneJaneKao,3,5,2025/11/25,596,1
r13297,EmiBonnie,2,10,2025/11/26,986,0
r13298,LingOrm,5,7,2025/12/15,909,1
r13299,EmiBonnie,1,1,2025/12/25,104,0
r13300,MilkLove,8,2,2025/12/25,343,1
r13301,LingOrm,7,113,2025/11/30,14146,0
r13302,LingOrm,14,57,2026/1/24,10289,1
r13303,LenaMiu,3,36,2026/8/16,2749,0
r13304,FayMay,18,25,2025/11/26,4568,1
r13305,LingOrm,39,6,2026/3/19,1419,0
r13306,TkNur,3,7,2025/12/5,1189,0
r13307,EmiBonnie,10,215,2025/11/28,27685,0
r13308,MablePangjie,2,19,2025/11/26,669,0
r13309,LenaMiu,4,10,2026/6/15,2316,0
r13310,LenaMiu,2,13,2025/11/26,1158,0
r13311,MablePangjie,4,68,2025/11/30,4843,0
r13312,LenaMiu,5,37,2025/11/26,9688,0
r13313,NamtanFilm,2,2,2025/11/26,155,0
r13314,TkNur,9,9,2025/11/26,1573,0
r13315,GinJay,39,22,2025/11/26,5140,1
r13316,FreenBecky,24,131,2025/11/27,31917,1
r13317,LingOrm,19,171,2026/3/25,42988,0
r13318,LenaMiu,11,52,2025/12/13,15265,1
r13319,TkNur,14,19,2025/11/29,6759,1
r13320,LingOrm,7,7,2025/11/26,1402,0
r13321,EmiBonnie,16,366,2026/1/1,72514,1
r13322,MablePangjie,1,1,2025/11/26,308,0
r13323,EnjoyJune,21,57,2025/12/8,13150,1
r13324,LingOrm,4,0,2025/11/27,88,0
r13325,EngLot,1,3,2025/12/3,100,0
r13326,NamtanFilm,33,6,2025/11/26,1949,1
r13327,GinJay,27,11,2025/11/26,3491,1
r13328,LingOrm,4,5,2025/11/28,673,0
r13329,GinJay,6,21,2025/11/30,2868,0
r13330,LingOrm,12,6,2025/12/2,1885,1
r13331,GinJay,5,23,2025/12/28,2154,0
r13332,LenaMiu,2,8,2025/11/28,1342,0
r13333,EngLot,2,2,2025/11/27,293,0
r13334,EngLot,15,196,2025/12/3,75070,1
r13335,LingOrm,4,60,2026/2/5,6769,0
r13336,EnjoyJune,16,42,2025/11/29,12888,1
r13337,JanJingjing,10,425,2025/11/28,56754,1
r13338,LingOrm,30,419,2025/12/9,104810,1
r13339,OomBam,20,38,2025/12/20,7719,0
r13340,EmiBonnie,11,10,2026/1/18,1246,1
r13341,NamtanFilm,4,15,2025/11/29,1168,0
r13342,EmiBonnie,15,122,2025/11/29,27870,1
r13343,KaoJaneJaneKao,2,8,2025/11/27,538,0
r13344,LingOrm,1,1,2025/11/27,101,0
r13345,LingOrm,2,1,2025/11/27,20,0
r13346,GinJay,17,8,2025/11/27,812,1
r13347,ArhoungPam,4,9,2025/11/27,913,0
r13348,OomBam,8,409,2025/12/9,31349,0
r13349,LingOrm,4,1269,2025/12/9,52406,0
r13350,FayMay,10,2,2026/4/20,336,0
r13351,LingOrm,4,0,2025/11/27,93,1
r13352,EmiBonnie,8,8,2025/12/28,474,1
r13353,LingOrm,7,68,2025/11/27,8992,0
r13354,EngLot,4,2,2025/12/23,550,0
r13355,LingOrm,2,0,2025/11/27,93,0
r13356,FreenBecky,26,11,2025/11/29,4351,1
r13357,LingOrm,16,56,2025/11/28,22370,1
r13358,EmiBonnie,7,29,2025/12/2,3315,1
r13359,LingOrm,3,5,2025/11/29,1039,0
r13360,NamtanFilm,2,2,2025/12/10,83,0
r13361,NamneungNoey,15,115,2025/11/28,20318,0
r13362,EmiBonnie,9,4,2025/12/22,1212,0
r13363,LingOrm,3,1,2026/5/2,63,0
r13364,TkNur,16,153,2025/11/28,27771,0
r13365,NamtanFilm,16,83,2025/12/3,14753,0
r13366,MablePangjie,8,10,2025/11/30,1200,0
r13367,NamtanFilm,5,14,2025/11/29,1298,0
r13368,LenaMiu,1,4,2025/12/2,285,0
r13369,LingOrm,4,3,2025/11/28,195,0
r13370,LenaMiu,2,2,2025/12/1,350,0
r13371,GinJay,5,28,2025/12/1,2557,0
r13372,EmiBonnie,2,1,2025/11/28,46,0
r13373,NamtanFilm,5,50,2025/11/29,3676,0
r13374,LingOrm,10,94,2026/4/19,13738,0
r13375,LingOrm,5,8,2026/3/30,361,0
r13376,GinJay,10,33,2025/11/28,6902,1
r13377,LingOrm,7,1,2025/12/13,254,1
r13378,EngLot,10,4,2025/11/28,2027,0
r13379,MilkLove,1,2,2025/11/30,24,0
r13380,EmiBonnie,1,2,2026/1/10,131,1
r13381,LingOrm,33,230,2025/11/29,113946,1
r13382,JanJingjing,8,269,2025/12/15,35294,0
r13383,KaoJaneJaneKao,16,24,2025/12/5,5176,1
r13384,FreenBecky,12,21,2025/11/29,5823,0
r13385,EnjoyJune,17,39,2025/12/14,9547,1
r13386,EngLot,4,18,2025/11/29,3099,0
r13387,LingOrm,21,21,2025/11/29,6312,1
r13388,GinJay,9,15,2025/12/2,2521,0
r13389,TkNur,17,16,2025/11/29,3642,1
r13390,TkNur,3,42,2025/12/6,2661,0
r13391,LenaMiu,7,32,2025/11/30,4335,0
r13392,PahnFond,8,16,2025/11/29,2234,0
r13393,TkNur,14,3,2025/11/29,1361,1
r13394,TkNur,11,3,2025/11/29,951,1
r13395,EmiBonnie,7,8,2025/11/30,1059,1
r13396,TkNur,12,1,2025/11/29,964,1
r13397,LingOrm,7,2,2026/1/10,556,0
r13398,LenaMiu,12,394,2025/12/7,69951,0
r13400,NamneungNoey,1,0,2025/11/29,22,0
r13401,TkNur,6,3,2025/11/29,752,1
r13402,KaoJaneJaneKao,1,4,2025/11/29,138,0
r13403,NamneungNoey,1,4,2025/11/29,147,0
r13404,MilkLove,1,2,2025/11/30,113,0
r13405,EmiBonnie,3,1,2025/11/29,46,0
r13406,GinJay,28,12,2025/11/29,1739,1
r13407,LingOrm,21,24,2025/11/29,6918,1
r13408,LingOrm,10,61,2025/11/30,7302,1
r13409,LingOrm,6,18,2025/11/30,2347,0
r13410,EmiBonnie,14,5,2025/11/29,1104,1
r13411,TkNur,6,2,2025/11/29,497,1
r13412,NamneungNoey,1,3,2025/12/5,980,1
r13413,TkNur,15,37,2025/12/3,8452,0
r13414,LenaMiu,5,40,2025/12/1,8708,0
r13415,NamtanFilm,14,60,2026/2/12,9860,0
r13416,LMSY,2,3,2025/12/9,222,0
r13417,LingOrm,3,0,2025/11/30,58,0
r13418,TkNur,7,5,2025/11/30,613,1
r13419,MablePangjie,2,29,2025/12/6,1735,0
r13420,TkNur,5,1,2025/11/30,300,1
r13421,TkNur,19,22,2025/11/30,7782,1
r13422,TkNur,10,5,2025/11/30,936,1
r13423,LingOrm,6,4,2025/11/30,911,0
r13424,EmiBonnie,1,2,2025/11/30,81,0
r13425,EmiBonnie,13,309,2025/11/30,53154,1
r13426,EmiBonnie,1,3,2025/11/30,94,0
r13427,ViewJune,2,0,2025/11/30,24,0
r13428,LingOrm,1,1,2025/11/30,129,0
r13429,KaoJaneJaneKao,15,48,2025/12/1,6957,0
r13430,MilkLove,2,4,2026/1/3,343,0
r13431,JanJingjing,3,56,2025/11/30,4639,0
r13432,EngLot,2,2,2025/12/6,137,0
r13433,MablePangjie,2,6,2025/11/30,300,0
r13435,EngLot,1,0,2026/1/14,75,0
r13436,KaoJaneJaneKao,12,84,2025/12/21,9335,1
r13437,LenaMiu,17,119,2025/12/1,36973,1
r13438,LingOrm,50,47,2025/12/2,25285,1
r13439,LingOrm,1,7,2025/11/30,1516,0
r13440,EmiBonnie,9,19,2025/12/4,2304,1
r13441,NamneungNoey,1,1,2025/11/30,34,0
r13442,LingOrm,2,2,2026/3/1,92,0
r13443,FreenBecky,23,8,2025/12/13,2630,1
r13444,GinJay,27,15,2025/11/30,4527,1
r13445,LingOrm,90,746,2026/4/5,391928,1
r13446,FreenBecky,1,1,2025/12/1,118,1
r13447,MablePangjie,5,7,2025/12/7,910,1
r13448,LingOrm,25,493,2025/12/25,168773,1
r13449,EngLot,2,1,2025/12/1,187,0
r13450,TkNur,9,6,2025/12/1,1806,1
r13451,LingOrm,13,5,2026/2/25,1656,1
r13452,EngLot,16,152,2025/12/20,51817,1
r13453,KaoJaneJaneKao,1,1,2025/12/1,153,0
r13454,LingOrm,29,262,2026/1/2,114322,1
r13455,GinJay,2,4,2025/12/1,288,0
r13456,TkNur,11,2,2025/12/1,876,1
r13457,LingOrm,7,2,2025/12/1,456,0
r13459,EmiBonnie,5,3,2025/12/2,880,0
r13460,LingOrm,18,14,2025/12/2,8701,0
r13461,FreenBecky,12,165,2025/12/5,33691,1
r13462,FreenBecky,11,114,2025/12/30,14946,1
r13463,FayMay,10,14,2025/12/15,1681,1
r13464,LingOrm,2,0,2025/12/11,23,0
r13465,LenaMiu,3,30,2025/12/2,4271,0
r13466,GinJay,22,6,2025/12/1,1103,1
r13467,NamtanFilm,3,1,2026/1/14,194,0
r13468,LingOrm,1,0,2025/12/7,72,0
r13469,EnjoyJune,91,72,2025/12/1,65523,1
r13470,LingOrm,4,2,2025/12/1,243,1
r13471,LingOrm,17,100,2025/12/2,32008,1
r13472,ViewJune,1,2,2025/12/4,59,0
r13473,LingOrm,37,179,2025/12/4,85960,1
r13474,EmiBonnie,5,3,2026/1/4,455,1
r13475,PahnFond,6,18,2025/12/9,1132,0
r13476,LingOrm,16,241,2025/12/5,72549,1
r13477,LingOrm,19,105,2025/12/3,58805,1
r13478,MablePangjie,3,33,2025/12/2,2867,0
r13479,EnjoyJune,10,7,2025/12/2,2445,0
r13480,KaoJaneJaneKao,12,45,2025/12/3,4533,1
r13481,LenaMiu,4,9,2025/12/2,1001,0
r13482,LingOrm,11,10,2025/12/5,2811,0
r13483,JanJingjing,1,10,2026/7/4,386,1
r13484,LingOrm,2,3,2026/1/13,383,0
r13485,FreenBecky,3,26,2026/1/12,1691,0
r13486,GinJay,2,11,2025/12/4,607,0
r13487,NamtanFilm,5,9,2025/12/4,772,0
r13488,NamtanFilm,20,301,2025/12/4,66614,1
r13489,LingOrm,1,0,2025/12/3,8,0
r13490,LingOrm,15,31,2025/12/2,8066,1
r13491,MablePangjie,1,13,2025/12/8,272,0
r13492,LingOrm,7,6,2025/12/3,743,1
r13493,EmiBonnie,17,56,2025/12/3,8995,1
r13494,LingOrm,24,662,2025/12/4,272614,1
r13495,KaoJaneJaneKao,8,42,2025/12/3,5283,1
r13496,LingOrm,4,5,2025/12/11,428,0
r13497,LingOrm,16,572,2026/1/1,123335,0
r13498,FreenBecky,1,1,2025/12/4,84,0
r13499,LingOrm,21,12,2025/12/3,5549,1
r13500,LingOrm,21,105,2025/12/22,36803,1
r13501,FreenBecky,6,4,2025/12/3,734,1
r13502,NamtanFilm,7,12,2025/12/3,3939,0
r13503,LenaMiu,7,12,2025/12/3,1787,1
r13504,GinJay,1,8,2025/12/3,1160,1
r13505,LenaMiu,5,2,2025/12/4,1121,0
r13506,LingOrm,2,0,2026/1/31,147,0
r13507,LingOrm,28,102,2025/12/5,35614,1
r13509,LenaMiu,7,42,2025/12/4,5501,0
r13510,EngLot,9,30,2025/12/3,5818,0
r13511,EngLot,32,5,2025/12/3,1303,1
r13512,NamtanFilm,19,8,2025/12/6,1638,1
r13513,TkNur,3,11,2025/12/5,576,0
r13514,EngLot,24,100,2025/12/7,69068,1
r13515,MablePangjie,1,2,2026/2/24,192,0
r13516,NamtanFilm,16,8,2025/12/6,3517,1
r13517,TkNur,3,15,2025/12/4,1843,0
r13519,LenaMiu,15,20,2025/12/7,6479,1
r13520,LingOrm,1,2,2025/12/10,39,0
r13521,OomBam,6,17,2025/12/6,4763,0
r13522,LingOrm,4,3,2025/12/4,671,1
r13523,LingOrm,19,4,2025/12/4,354,1
r13524,LingOrm,10,7,2025/12/4,415,1
r13525,GinJay,13,177,2025/12/6,30290,1
r13526,LingOrm,30,103,2026/1/21,48032,1
r13527,JanJingjing,1,9,2026/7/7,1796,1
r13528,LingOrm,33,98,2025/12/30,28123,0
r13529,NamtanFilm,3,5,2025/12/5,1291,1
r13530,PahnFond,15,43,2025/12/4,6724,0
r13531,MilkLove,8,6,2025/12/4,1304,1
r13532,EmiBonnie,2,7,2026/3/11,370,0
r13533,LingOrm,12,28,2025/12/9,7948,1
r13534,MablePangjie,1,12,2025/12/4,485,0
r13535,EngLot,1,2,2025/12/5,167,0
r13536,LingOrm,1,68,2026/5/3,2472,0
r13537,LenaMiu,20,194,2025/12/6,66882,1
r13538,LenaMiu,16,151,2025/12/15,47281,0
r13539,EmiBonnie,1,1,2025/12/5,43,0
r13540,LingOrm,9,4,2025/12/5,792,0
r13541,NamneungNoey,12,4,2025/12/6,1413,0
r13542,TkNur,7,11,2025/12/5,1494,0
r13543,MablePangjie,3,56,2025/12/7,4030,0
r13544,LingOrm,3,5,2025/12/5,341,0
r13546,FreenBecky,7,4,2025/12/5,537,1
r13547,GinJay,32,6,2025/12/5,1800,1
r13548,LingOrm,22,47,2025/12/6,7330,1
r13549,GinJay,3,10,2025/12/5,1087,0
r13550,MablePangjie,3,18,2025/12/6,701,0
r13551,EngLot,24,113,2026/2/24,76668,1
r13552,LingOrm,8,6,2025/12/5,2210,1
r13553,LenaMiu,1,10,2025/12/10,712,0
r13555,LingOrm,4,5,2025/12/5,132,0
r13556,NamtanFilm,18,188,2026/1/1,43515,1
r13557,ViewJune,5,6,2025/12/5,551,1
r13559,MablePangjie,2,2,2025/12/5,389,0
r13560,JanJingjing,13,917,2025/12/8,147606,1
r13561,LenaMiu,4,6,2026/8/6,1265,0
r13562,GinJay,25,6,2025/12/5,2687,1
r13563,EmiBonnie,12,60,2026/5/10,13298,1
r13564,EmiBonnie,1,0,2025/12/8,72,0
r13565,LingOrm,14,4,2025/12/6,383,1
r13566,LingOrm,1,2,2025/12/5,190,0
r13567,FreenBecky,3,2,2025/12/5,346,0
r13568,LingOrm,44,417,2026/3/3,237829,1
r13569,MablePangjie,7,17,2025/12/6,2684,0
r13570,MilkLove,5,11,2026/5/2,738,0
r13571,EmiBonnie,1,0,2026/2/21,49,0
r13572,LingOrm,4,3,2025/12/6,272,1
r13573,LingOrm,32,86,2025/12/5,39828,1
r13574,GinJay,17,11,2025/12/5,2129,1
r13575,JuneMewnich,8,4,2025/12/5,302,1
r13576,LenaMiu,18,144,2025/12/11,46992,0
r13577,AndaLookkaew,8,28,2026/2/3,2893,0
r13578,EmiBonnie,5,19,2026/1/7,3019,1
r13579,EmiBonnie,2,0,2025/12/14,105,0
r13580,LingOrm,3,2,2025/12/6,333,0
r13581,LenaMiu,8,237,2025/12/15,43552,1
r13582,IceMemi,12,11,2025/12/20,1346,0
r13583,EngLot,71,65,2025/12/12,37520,1
r13584,MablePangjie,16,104,2025/12/6,20575,1
r13585,LingOrm,32,30,2025/12/6,17708,1
r13586,LingOrm,11,22,2025/12/6,3145,1
r13587,EmiBonnie,2,0,2025/12/31,32,0
r13588,IceMemi,23,57,2025/12/6,15737,1
r13589,LingOrm,1,4,2026/1/3,166,0
r13590,TkNur,11,9,2025/12/6,935,1
r13591,EmiBonnie,1,0,2025/12/6,440,1
r13592,EngLot,1,0,2025/12/7,77,1
r13593,LingOrm,8,7,2025/12/7,1354,1
r13594,LenaMiu,12,30,2025/12/6,7255,0
r13595,MablePangjie,2,22,2025/12/6,1548,0
r13596,MablePangjie,5,5,2025/12/6,660,0
r13597,FreenBecky,1,2,2026/2/5,65,0
r13598,EngLot,2,1,2025/12/7,134,0
r13599,EngLot,8,5,2025/12/7,1477,0
r13600,GinJay,7,16,2025/12/9,2381,0
r13601,JanJingjing,7,361,2025/12/28,36305,0
r13602,EngLot,4,1,2025/12/6,82,0
r13603,PahnFond,4,12,2025/12/7,1355,0
r13604,LingOrm,9,3,2025/12/6,449,0
r13605,EmiBonnie,7,3,2025/12/8,424,0
r13606,GinJay,17,23,2025/12/23,4299,1
r13607,LenaMiu,3,26,2025/12/10,2187,0
r13608,LenaMiu,1,2,2025/12/7,370,0
r13609,LingOrm,5,4,2025/12/7,492,1
r13610,KaoJaneJaneKao,3,3,2025/12/7,372,0
r13611,NamtanFilm,1,2,2025/12/10,346,0
r13612,TkNur,20,12,2026/5/12,1962,1
r13613,EmiBonnie,23,15,2025/12/8,3272,1
r13614,LenaMiu,3,11,2025/12/15,2030,0
r13615,LingOrm,2,1,2025/12/7,68,0
r13616,MablePangjie,7,6,2025/12/8,405,0
r13617,MilkLove,13,2,2025/12/12,134,1
r13618,LingOrm,1,36,2025/12/8,1593,0
r13619,LenaMiu,9,26,2025/12/7,6156,0
r13620,LingOrm,2,1,2025/12/7,450,0
r13621,EnjoyJune,15,18,2026/1/5,3103,1
r13622,EnjoyJune,26,148,2025/12/13,43760,1
r13623,MilkLove,1,14,2025/12/7,449,0
r13624,FreenBecky,9,39,2025/12/10,1841,0
r13625,ViewMim,1,4,2025/12/8,200,0
r13626,KaoJaneJaneKao,1,12,2025/12/8,819,1
r13627,LingOrm,1,1,2025/12/7,149,0
r13628,EmiBonnie,2,1,2025/12/8,174,1
r13630,KaoJaneJaneKao,3,75,2025/12/14,3070,0
r13631,EngLot,2,4,2026/2/1,280,0
r13632,LingOrm,1,7,2026/1/2,344,0
r13633,PahnFond,7,18,2025/12/8,1925,0
r13634,LingOrm,22,7,2025/12/8,2703,1
r13635,LenaMiu,31,397,2025/12/10,144560,0
r13636,LingOrm,16,24,2025/12/9,6600,1
r13637,LingOrm,25,49,2025/12/10,24064,1
r13638,TkNur,3,9,2026/1/5,1080,0
r13639,NamtanFilm,6,50,2025/12/24,8837,0
r13640,EmiBonnie,13,14,2026/1/23,4688,1
r13641,FayMay,5,1,2025/12/8,549,1
r13642,KaoJaneJaneKao,12,16,2025/12/8,2697,1
r13643,KaoJaneJaneKao,22,4,2025/12/28,1360,1
r13644,FreenBecky,3,3,2025/12/9,81,0
r13645,LingOrm,23,69,2025/12/14,29830,1
r13646,LingOrm,2,3,2025/12/10,373,0
r13647,EngLot,2,0,2026/8/8,294,0
r13648,MablePangjie,2,15,2025/12/10,1228,0
r13649,EmiBonnie,17,110,2025/12/10,27813,1
r13650,FreenBecky,12,24,2025/12/22,1478,1
r13651,LingOrm,1,1,2025/12/9,118,0
r13652,MablePangjie,10,5,2026/2/1,1020,0
r13653,NamtanFilm,2,13,2026/3/21,912,0
r13654,LingOrm,28,969,2025/12/12,359867,1
r13655,LenaMiu,2,6,2025/12/9,429,0
r13656,KaoJaneJaneKao,19,44,2025/12/15,6672,1
r13657,EmiBonnie,7,5,2026/7/5,1046,0
r13658,LingOrm,6,4,2025/12/9,298,0
r13659,EnjoyJune,52,71,2025/12/9,54162,1
r13660,FreenBecky,9,24,2026/4/15,2203,0
r13661,AndaLookkaew,11,52,2025/12/9,6661,0
r13662,EngLot,1,0,2025/12/9,225,1
r13663,MablePangjie,2,4,2025/12/20,229,0
r13664,LingOrm,11,27,2025/12/9,7725,1
r13665,LingOrm,27,149,2025/12/21,54790,1
r13666,LMSY,2,2,2025/12/13,420,0
r13667,NamtanFilm,1,1,2025/12/9,68,0
r13668,EngLot,4,0,2025/12/9,27,0
r13669,LingOrm,20,82,2025/12/9,40150,0
r13670,MilkLove,3,4,2025/12/13,48,0
r13671,EnjoyJune,4,14,2025/12/9,1414,0
r13672,LingOrm,27,21,2025/12/10,14665,1
r13673,LingOrm,2,1,2025/12/10,155,1
r13674,LingOrm,3,4,2025/12/9,435,0
r13675,MieAya,3,9,2026/4/29,592,0
r13676,NamtanFilm,3,0,2026/3/14,79,0
r13677,MablePangjie,8,43,2025/12/14,5456,1
r13678,LingOrm,30,93,2026/1/13,16948,0
r13679,EnjoyJune,3,12,2025/12/27,945,0
r13680,MilkLove,6,7,2025/12/10,667,0
r13681,LingOrm,5,5,2025/12/10,306,0
r13682,MablePangjie,1,13,2025/12/13,311,0
r13683,LenaMiu,2,14,2026/1/3,1876,0
r13684,LingOrm,15,36,2025/12/10,12918,1
r13685,TanYada,25,20,2025/12/22,7996,1
r13686,LingOrm,15,32,2025/12/11,8801,1
r13687,LingOrm,20,31,2025/12/12,10305,1
r13688,LingOrm,19,5,2025/12/10,2660,0
r13689,EmiBonnie,4,1,2025/12/11,168,0
r13691,LingOrm,2,3,2025/12/10,365,0
r13692,LingOrm,6,3,2025/12/12,535,1
r13693,EngLot,9,75,2025/12/14,22495,1
r13694,LingOrm,35,648,2025/12/15,255148,1
r13695,EngLot,18,156,2025/12/11,78450,1
r13696,FreenBecky,2,27,2026/8/19,2305,0
r13697,EngLot,11,22,2025/12/11,7284,0
r13698,EngLot,9,2,2025/12/10,1024,0
r13699,ViewMim,2,1,2025/12/10,125,0
r13700,MilkLove,1,0,2025/12/10,38,0
r13701,EmiBonnie,15,334,2025/12/10,50367,0
r13702,EmiBonnie,8,287,2026/2/9,31520,0
r13703,NamtanFilm,4,7,2026/3/26,751,0
r13704,EngLot,11,220,2025/12/10,56399,1
r13705,EngLot,8,459,2025/12/11,70407,0
r13706,EngLot,15,97,2026/1/24,54978,1
r13707,MablePangjie,1,0,2025/12/11,116,0
r13708,EngLot,8,1,2025/12/10,571,1
r13709,NamneungNoey,1,1,2025/12/10,54,0
r13710,LingOrm,15,12,2025/12/11,4707,1
r13711,FreenBecky,20,14,2025/12/11,6469,1
r13712,MilkLove,4,2,2025/12/13,550,0
r13713,LingOrm,1,1,2025/12/10,20,0
r13714,LingOrm,25,308,2025/12/12,120939,1
r13715,EngLot,6,1,2025/12/10,409,0
r13716,EmiBonnie,4,17,2025/12/18,2540,0
r13718,LingOrm,2,2,2025/12/11,151,0
r13719,LingOrm,6,0,2026/7/26,146,0
r13720,GinJay,3,19,2026/3/25,1137,0
r13721,LenaMiu,22,546,2026/1/13,165047,1
r13722,EmiBonnie,3,3,2025/12/30,231,1
r13723,EngLot,3,1,2025/12/11,56,0
r13724,EmiBonnie,2,2,2025/12/15,101,0
r13725,MablePangjie,1,2,2026/4/4,54,0
r13726,NamtanFilm,19,44,2025/12/12,16821,1
r13727,LingOrm,26,340,2025/12/12,135936,1
r13728,LenaMiu,9,21,2025/12/11,5674,0
r13729,LingOrm,6,8,2025/12/14,1353,0
r13730,LenaMiu,1,3,2025/12/11,305,0
r13731,MilkLove,5,3,2025/12/12,829,0
r13732,FreenBecky,10,3,2026/1/16,532,1
r13733,LingOrm,3,5,2025/12/14,525,0
r13734,LingOrm,9,9,2025/12/12,3172,0
r13735,EmiBonnie,2,72,2025/12/20,10321,0
r13736,LenaMiu,9,537,2025/12/14,73251,0
r13737,EmiBonnie,2,3,2025/12/11,328,0
r13738,EmiBonnie,1,1,2026/8/13,27,0
r13739,LingOrm,32,16,2025/12/15,5322,1
r13740,EnjoyJune,12,33,2025/12/16,8035,0
r13741,NamtanFilm,4,1,2026/2/20,215,0
r13742,MilkLove,2,18,2025/12/14,769,0
r13743,GinJay,19,92,2026/2/3,24578,1
r13744,LingOrm,22,13,2025/12/12,5753,1
r13745,LingOrm,13,22,2025/12/15,7644,1
r13747,LenaMiu,4,7,2025/12/15,1467,0
r13749,LingOrm,2,1,2025/12/12,37,0
r13750,EngLot,11,6,2025/12/12,4605,1
r13751,KaoJaneJaneKao,14,13,2025/12/15,2313,1
r13753,EmiBonnie,7,10,2025/12/13,456,0
r13754,FreenBecky,8,4,2025/12/13,609,0
r13755,FreenBecky,16,3,2025/12/17,747,0
r13756,GinJay,20,53,2025/12/20,11146,0
r13757,LingOrm,1,2,2025/12/28,93,0
r13758,MablePangjie,1,25,2025/12/13,621,0
r13759,GinJay,15,22,2026/3/6,5590,1
r13760,FreenBecky,4,11,2025/12/14,533,0
r13761,ViewJune,4,5,2025/12/17,241,0
r13762,FreenBecky,16,9,2025/12/13,2634,1
r13763,LingOrm,13,37,2026/2/1,6558,1
r13764,EmiBonnie,1,3,2025/12/13,186,0
r13765,FreenBecky,12,22,2025/12/20,2442,1
r13766,LingOrm,8,11,2025/12/13,1717,0
r13767,FreenBecky,4,35,2026/1/25,1481,0
r13768,EngLot,1,4,2025/12/14,468,0
r13769,TkNur,9,4,2025/12/13,882,1
r13770,FreenBecky,27,12,2026/2/3,5271,0
r13771,EngLot,14,55,2026/1/24,37637,0
r13772,LingOrm,21,138,2025/12/18,57094,1
r13773,LingOrm,3,1,2025/12/13,121,0
r13774,MilkLove,4,6,2025/12/14,660,0
r13775,NamtanFilm,6,38,2026/1/19,4234,0
r13776,LingOrm,7,28,2025/12/13,3144,0
r13777,FayMay,11,7,2025/12/13,1314,0
r13778,LingOrm,1,0,2025/12/25,30,0
r13779,EngLot,12,10,2025/12/13,5833,1
r13780,LenaMiu,3,60,2025/12/17,8755,1
r13781,LingOrm,2,0,2025/12/13,94,0
r13782,LingOrm,12,6,2025/12/13,639,0
r13783,FreenBecky,2,3,2025/12/13,117,0
r13784,LingOrm,24,37,2025/12/13,14479,1
r13785,LingOrm,13,30,2025/12/13,7878,0
r13786,MilkLove,4,3,2025/12/15,262,1
r13787,EngLot,17,35,2025/12/14,26158,0
r13788,LingOrm,23,48,2026/1/3,12422,0
r13789,LingOrm,1,1,2026/5/13,7,0
r13790,PahnFond,3,20,2025/12/14,1352,0
r13791,EmiBonnie,11,60,2025/12/14,10544,1
r13792,EmiBonnie,15,43,2025/12/31,10843,0
r13793,ArhoungPam,3,12,2025/12/16,525,0
r13794,LenaMiu,3,17,2025/12/14,2078,0
r13795,LingOrm,14,1,2026/6/10,474,1
r13796,LingOrm,1,0,2025/12/14,24,0
r13797,LingOrm,2,2,2026/1/23,122,0
r13798,EngLot,2,1,2025/12/14,62,0
r13799,ViewJune,8,7,2025/12/14,811,0
r13800,TkNur,10,3,2025/12/14,454,1
r13801,KaoJaneJaneKao,10,34,2025/12/25,3055,0
r13802,FreenBecky,1,1,2025/12/15,51,0
r13803,LingOrm,10,2,2026/1/10,967,0
r13804,FreenBecky,2,22,2026/1/24,1096,0
r13805,TkNur,15,53,2025/12/15,6717,1
r13806,MablePangjie,2,3,2025/12/14,286,0
r13807,MablePangjie,5,41,2025/12/22,3460,1
r13808,EngLot,9,4,2025/12/14,1473,0
r13809,LingOrm,61,6,2025/12/14,3005,0
r13810,LingOrm,1,11,2025/12/14,1244,1
r13811,LingOrm,8,1,2025/12/14,229,0
r13812,LingOrm,1,3,2026/1/4,100,0
r13813,LingOrm,28,646,2026/1/11,264786,1
r13814,EngLot,7,2,2025/12/14,471,0
r13815,ViewJune,8,10,2025/12/14,684,0
r13816,LingOrm,39,86,2025/12/26,60322,1
r13817,LingOrm,1,14,2026/1/21,1987,0
r13818,LingOrm,1,0,2026/7/28,59,0
r13819,KaoJaneJaneKao,1,3,2025/12/15,240,1
r13820,NamtanFilm,3,8,2025/12/15,671,0
r13821,LingOrm,12,15,2025/12/21,3486,0
r13822,EngLot,9,64,2026/1/1,16262,1
r13823,EnjoyJune,13,36,2025/12/15,10858,1
r13824,LenaMiu,24,63,2025/12/15,27686,1
r13825,MablePangjie,8,21,2025/12/15,2408,1
r13826,EmiBonnie,20,68,2026/1/3,10550,1
r13827,NamtanFilm,1,1,2025/12/16,79,0
r13828,LenaMiu,25,21,2025/12/16,6732,1
r13829,MablePangjie,2,12,2025/12/15,477,1
r13830,KaoJaneJaneKao,12,13,2026/1/10,2438,1
r13831,GinJay,12,8,2025/12/15,2255,1
r13832,EngLot,6,43,2026/1/17,7593,0
r13833,LingOrm,1,2,2025/12/15,153,1
r13834,LenaMiu,2,8,2025/12/27,652,0
r13835,EngLot,20,297,2025/12/30,103351,0
r13836,LenaMiu,14,96,2025/12/16,26846,1
r13837,LingOrm,4,4,2025/12/15,377,0
r13838,FreenBecky,18,32,2026/1/6,6777,1
r13839,LingOrm,1,1,2025/12/16,12,0
r13840,TkNur,2,47,2025/12/16,2483,0
r13841,FreenBecky,18,21,2026/1/10,5256,1
r13842,EngLot,34,23,2025/12/16,6627,0
r13843,LingOrm,4,3,2026/1/23,872,0
r13844,LingOrm,15,17,2025/12/17,6494,1
r13845,FreenBecky,18,44,2026/1/4,9366,1
r13846,FreenBecky,18,26,2026/1/10,5163,1
r13847,EngLot,20,165,2026/1/18,115121,1
r13848,FreenBecky,18,26,2026/1/15,5270,1
r13849,FreenBecky,18,26,2026/1/13,5560,1
r13850,NamtanFilm,5,2,2026/2/4,550,1
r13851,LingOrm,18,53,2025/12/17,17402,1
r13852,LenaMiu,2,0,2026/7/8,162,0
r13853,LingOrm,3,3,2025/12/23,756,0
r13854,FreenBecky,7,12,2025/12/24,518,1
r13855,LenaMiu,2,3,2025/12/19,756,0
r13856,LingOrm,30,29,2025/12/18,13699,1
r13857,TkNur,2,16,2025/12/18,912,0
r13858,MilkLove,19,9,2025/12/31,2720,1
r13859,EmiBonnie,5,1,2025/12/22,63,0
r13860,LingOrm,18,44,2025/12/18,14108,1
r13861,JuneMewnich,10,27,2026/3/21,3358,0
r13862,EngLot,8,4,2025/12/22,1746,0
r13863,EmiBonnie,3,92,2026/2/1,3612,0
r13864,GinJay,2,5,2025/12/17,616,0
r13865,JuneMewnich,12,39,2025/12/17,4895,0
r13866,LingOrm,6,135,2026/8/9,14323,0
r13867,LenaMiu,5,16,2025/12/17,2298,0
r13868,EmiBonnie,2,19,2025/12/22,859,0
r13869,GinJay,13,117,2025/12/17,19162,1
r13870,EngLot,15,13,2026/3/27,3683,0
r13871,LingOrm,26,254,2025/12/18,98446,0
r13872,EmiBonnie,13,41,2026/1/23,9102,0
r13873,LingOrm,42,169,2025/12/17,88395,1
r13874,LingOrm,25,30,2025/12/20,9543,1
r13875,GinJay,24,59,2025/12/18,20545,1
r13876,MilkLove,7,33,2025/12/23,3975,0
r13877,LenaMiu,5,30,2025/12/26,2972,0
r13878,EmiBonnie,2,0,2026/7/30,12,0
r13879,LingOrm,1,1,2025/12/18,166,0
r13880,LingOrm,1,1,2025/12/17,36,0
r13881,MilkLove,10,2,2025/12/24,985,1
r13882,EnjoyJune,53,39,2026/1/15,20764,1
r13883,EnjoyJune,10,49,2025/12/18,10536,1
r13884,LingOrm,9,7,2025/12/22,2047,1
r13885,TkNur,4,4,2025/12/18,407,0
r13886,MilkLove,6,8,2025/12/29,429,0
r13887,LingOrm,28,308,2025/12/19,141083,1
r13888,LingOrm,8,19,2026/5/1,2148,0
r13889,LingOrm,22,557,2026/1/6,195719,1
r13890,TkNur,1,7,2025/12/18,354,0
r13891,TkNur,24,8,2026/4/10,2324,1
r13892,ViewJune,2,1,2025/12/18,27,0
r13893,EngLot,2,0,2025/12/18,93,0
r13894,MablePangjie,11,44,2025/12/30,6502,1
r13895,NamtanFilm,3,27,2025/12/18,2390,0
r13896,EngLot,17,72,2025/12/21,57593,1
r13897,MilkLove,2,20,2025/12/18,1524,0
r13898,NamtanFilm,22,1,2025/12/21,331,0
r13899,KaoJaneJaneKao,5,5,2025/12/22,1041,0
r13900,LingOrm,5,41,2025/12/21,14009,1
r13901,LingOrm,3,4,2025/12/19,508,0
r13902,GinJay,5,111,2025/12/27,9550,0
r13903,LenaMiu,1,14,2025/12/18,1298,1
r13904,FreenBecky,31,103,2025/12/19,27045,1
r13905,LingOrm,27,434,2025/12/21,169447,1
r13906,LingOrm,20,337,2025/12/25,104817,1
r13907,EmiBonnie,42,377,2026/1/24,143329,1
r13908,LenaMiu,4,19,2025/12/19,3182,0
r13909,NamtanFilm,10,8,2025/12/19,1205,1
r13910,LingOrm,7,58,2026/4/5,6989,0
r13911,EnjoyJune,14,24,2025/12/20,7067,1
r13912,LingOrm,20,35,2025/12/19,10158,1
r13914,LenaMiu,14,133,2025/12/20,34230,1
r13915,EnjoyJune,20,40,2025/12/30,13673,1
r13916,LenaMiu,2,11,2025/12/22,869,0
r13917,LingOrm,29,12,2025/12/20,8175,1
r13918,LenaMiu,6,12,2025/12/20,1532,0
r13919,EmiBonnie,1,0,2026/1/6,18,0
r13920,LingOrm,5,11,2025/12/22,1367,0
r13921,LingOrm,21,12,2025/12/19,3564,1
r13922,LingOrm,26,63,2025/12/31,35362,1
r13923,EngLot,19,172,2025/12/24,99840,1
r13924,LingOrm,6,5,2025/12/20,777,0
r13925,NamneungNoey,2,0,2025/12/23,123,0
r13926,EmiBonnie,8,10,2025/12/22,1822,0
r13927,TkNur,36,13,2025/12/20,2829,1
r13928,EngLot,2,2,2026/8/1,156,0
r13929,LenaMiu,19,34,2026/4/30,5885,0
r13930,JanJingjing,5,1,2026/8/8,176,0
r13931,GinJay,4,27,2025/12/22,2255,0
r13932,LingOrm,3,3,2026/2/23,170,0
r13933,FayMay,7,4,2025/12/27,467,0
r13934,FreenBecky,2,1,2026/4/23,36,0
r13935,EmiBonnie,8,2,2025/12/20,471,0
r13936,LingOrm,27,221,2026/1/29,83775,1
r13937,MablePangjie,3,6,2025/12/20,612,1
r13938,LingOrm,26,14,2026/2/2,4476,1
r13939,LingOrm,29,46,2025/12/22,27700,1
r13940,LingOrm,31,108,2025/12/30,50860,1
r13941,NamtanFilm,8,2,2025/12/20,570,0
r13942,MablePangjie,6,6,2026/1/5,627,0
r13943,ArhoungPam,10,13,2025/12/20,1702,1
r13944,EmiBonnie,8,28,2026/1/4,2836,1
r13945,LMSY,5,14,2026/1/16,1217,0
r13946,LingOrm,35,5,2025/12/22,3591,0
r13947,JanJingjing,2,97,2025/12/27,7902,0
r13948,LenaMiu,8,17,2025/12/21,3288,1
r13949,MablePangjie,1,5,2026/3/2,365,0
r13950,LingOrm,14,26,2025/12/26,9918,1
r13951,EngLot,2,2,2025/12/21,326,0
r13952,LingOrm,4,2,2025/12/23,76,1
r13954,TkNur,4,22,2025/12/28,1880,0
r13955,NamtanFilm,1,2,2025/12/27,180,0
r13956,LingOrm,20,133,2026/1/6,29837,1
r13957,ViewJune,3,5,2026/1/5,369,0
r13958,LingOrm,8,1,2025/12/21,1186,0
r13959,EngLot,14,4,2025/12/21,2605,1
r13960,EmiBonnie,12,35,2025/12/21,7492,1
r13961,EmiBonnie,3,10,2025/12/23,727,0
r13962,TkNur,6,17,2025/12/22,2129,0
r13963,ViewJune,1,3,2026/8/12,6,0
r13964,EngLot,17,55,2025/12/23,26777,1
r13965,LingOrm,4,5,2025/12/22,1908,0
r13966,MeenBabe,3,1,2025/12/22,264,1
r13967,EnjoyJune,10,23,2025/12/23,3645,1
r13968,MablePangjie,2,24,2025/12/25,1490,0
r13969,EnjoyJune,12,54,2025/12/24,9840,0
r13970,EmiBonnie,8,59,2025/12/22,7692,1
r13971,MeenBabe,1,3,2025/12/22,242,0
r13972,EnjoyJune,34,62,2026/1/27,27561,0
r13973,EmiBonnie,16,355,2026/1/1,74261,1
r13974,LenaMiu,1,4,2025/12/27,557,0
r13975,EnjoyJune,8,35,2026/1/7,5191,0
r13976,LingOrm,8,17,2025/12/23,1078,1
r13977,GinJay,5,11,2025/12/22,691,1
r13978,MablePangjie,28,16,2025/12/23,3280,1
r13979,EmiBonnie,7,17,2025/12/24,2173,1
r13980,FreenBecky,15,15,2025/12/23,3523,0
r13981,JanJingjing,2,10,2026/4/16,884,0
r13982,GinJay,3,17,2025/12/26,1153,0
r13983,LingOrm,28,370,2025/12/25,154333,1
r13984,GinJay,6,18,2025/12/28,2108,0
r13985,LingOrm,1,0,2025/12/22,172,1
r13986,LingOrm,8,7,2025/12/23,593,1
r13987,OomBam,12,101,2026/1/16,24535,1
r13988,EmiBonnie,9,40,2026/2/26,6687,1
r13989,MilkLove,2,5,2025/12/23,205,0
r13990,AndaLookkaew,14,20,2025/12/24,5611,1
r13991,TkNur,5,17,2025/12/28,1979,0
r13992,LenaMiu,6,14,2025/12/25,2326,0
r13993,NamneungNoey,2,3,2025/12/27,45,0
r13994,LingOrm,1,4,2025/12/23,238,0
r13995,EngLot,1,1,2025/12/23,111,0
r13996,EngLot,1,2,2025/12/29,917,1
r13998,JuneMewnich,11,22,2025/12/25,2612,1
r13999,EmiBonnie,2,1,2025/12/23,115,0
r14000,MilkLove,1,1,2026/6/18,38,0
r14001,LenaMiu,13,50,2026/2/1,19404,1
r14002,LingOrm,27,532,2026/3/29,207853,0
r14003,GinJay,11,19,2025/12/24,5179,0
r14004,LingOrm,23,174,2025/12/27,62470,0
r14005,LenaMiu,22,11,2025/12/24,4128,0
r14006,EmiBonnie,1,0,2026/5/13,25,0
r14007,LingOrm,13,87,2025/12/24,44695,1
r14008,LenaMiu,8,5,2025/12/26,8785,0
r14009,FayeAtom,12,2,2025/12/26,680,0
r14010,MilkLove,4,5,2025/12/24,704,1
r14012,LingOrm,18,74,2025/12/25,19502,0
r14013,EngLot,3,1,2025/12/24,151,1
r14014,LingOrm,7,6,2025/12/25,1370,0
r14015,LenaMiu,2,1,2026/5/4,198,0
r14016,EmiBonnie,9,5,2026/1/8,472,0
r14018,MilkLove,3,3,2025/12/24,348,0
r14019,LingOrm,14,24,2026/1/25,3455,1
r14020,EnjoyJune,3,22,2026/4/8,1680,0
r14021,ViewJune,8,4,2025/12/28,356,0
r14022,FreenBecky,50,40,2026/1/22,28645,1
r14023,EmiBonnie,13,39,2025/12/25,6986,1
r14024,GinJay,2,29,2025/12/30,2092,1
r14026,LingOrm,40,43,2026/4/7,26898,1
r14027,EmiBonnie,14,33,2025/12/31,7169,1
r14028,LingOrm,6,1,2026/2/23,380,0
r14029,GinJay,4,43,2025/12/29,5890,0
r14030,EmiBonnie,6,37,2026/1/14,3929,0
r14031,LingOrm,5,18,2026/3/10,2739,0
r14032,LingOrm,52,41,2025/12/25,21741,1
r14033,TkNur,1,7,2025/12/25,760,1
r14034,GinJay,15,11,2025/12/25,1902,1
r14035,EngLot,10,29,2025/12/25,11173,1
r14036,EngLot,16,24,2025/12/26,12959,1
r14037,NamtanFilm,1,1,2025/12/25,200,0
r14038,KaoJaneJaneKao,17,76,2025/12/29,12077,1
r14039,LenaMiu,1,23,2025/12/25,2030,1
r14040,MilkLove,8,11,2026/2/9,1972,0
r14041,LenaMiu,17,127,2026/1/1,30942,1
r14042,LingOrm,3,3,2025/12/26,63,0
r14043,EmiBonnie,7,248,2025/12/30,31260,0
r14044,LenaMiu,25,282,2026/1/1,92795,1
r14045,LenaMiu,9,35,2025/12/25,6203,0
r14046,KaoJaneJaneKao,2,41,2025/12/26,1683,0
r14047,LingOrm,12,6,2025/12/27,1984,0
r14048,LenaMiu,11,89,2026/1/12,29473,1
r14049,EngLot,1,2,2026/1/3,407,1
r14050,EnjoyJune,25,52,2026/1/2,16034,1
r14051,ViewJune,5,0,2025/12/26,54,1
r14052,LenaMiu,24,30,2025/12/27,6463,1
r14053,MeenBabe,6,46,2026/4/20,7273,0
r14054,LingOrm,1,1,2025/12/26,68,0
r14055,EmiBonnie,15,169,2025/12/31,38396,1
r14056,NamtanFilm,3,5,2025/12/26,612,0
r14057,EmiBonnie,17,524,2026/1/6,117410,1
r14058,FreenBecky,2,8,2026/6/18,583,0
r14059,EmiBonnie,17,4,2026/2/26,1459,1
r14060,EmiBonnie,4,4,2025/12/26,340,1
r14061,ViewJune,1,3,2026/4/15,76,0
r14062,LingOrm,16,0,2026/1/15,776,0
r14063,EmiBonnie,1,35,2026/3/29,5016,0
r14064,EngLot,7,15,2026/5/6,3267,1
r14065,EmiBonnie,6,3,2026/1/2,362,0
r14066,JanJingjing,4,88,2025/12/27,9955,0
r14067,LingOrm,25,44,2026/1/13,14225,1
r14068,LingOrm,13,24,2025/12/28,1974,1
r14069,TkNur,14,5,2025/12/27,947,0
r14070,KaoJaneJaneKao,14,35,2025/12/27,5026,1
r14071,LingOrm,1,0,2026/2/27,52,0
r14072,MablePangjie,2,2,2026/1/17,217,0
r14073,AndaLookkaew,24,85,2026/1/1,23326,0
r14074,LingOrm,23,40,2025/12/27,20520,1
r14075,JanJingjing,2,10,2026/1/12,877,0
r14076,MilkLove,4,2,2025/12/28,1493,0
r14077,NamtanFilm,6,4,2025/12/29,233,0
r14078,LingOrm,8,601,2026/3/11,77216,0
r14079,JuneMewnich,10,9,2025/12/29,1130,0
r14080,EmiBonnie,7,7,2025/12/28,866,1
r14081,LingOrm,3,4,2025/12/27,247,1
r14082,EmiBonnie,7,5,2025/12/27,718,1
r14083,EngLot,10,6,2026/1/4,3728,1
r14084,NamtanFilm,16,59,2025/12/29,16250,1
r14085,MablePangjie,2,1,2025/12/28,375,0
r14086,LenaMiu,3,4,2025/12/27,601,0
r14087,GinJay,20,11,2025/12/27,3361,1
r14088,EngLot,13,87,2026/1/5,29827,1
r14089,NamtanFilm,6,5,2025/12/28,669,0
r14090,EmiBonnie,6,2,2025/12/30,176,0
r14091,NamtanFilm,2,10,2025/12/27,554,0
r14092,LenaMiu,4,12,2026/1/1,2110,1
r14093,NamtanFilm,3,3,2026/1/3,324,0
r14094,LingOrm,3,5,2026/1/15,217,0
r14096,LingOrm,1,1,2026/5/2,79,0
r14097,MilkLove,3,0,2026/8/4,77,0
r14098,LingOrm,5,4,2026/1/1,756,0
r14099,LingOrm,22,390,2026/2/20,116223,0
r14100,LenaMiu,17,89,2025/12/29,23135,1
r14101,MilkLove,1,2,2025/12/29,256,0
r14102,LenaMiu,9,42,2025/12/28,12215,1
r14103,LingOrm,22,18,2026/1/8,3682,0
r14104,EmiBonnie,7,3,2026/1/1,817,1
r14105,GinJay,13,93,2025/12/29,17062,1
r14106,GinJay,11,15,2026/5/23,2863,0
r14107,LingOrm,7,1,2025/12/28,110,0
r14109,EngLot,29,907,2026/1/11,467835,1
r14110,LenaMiu,4,38,2026/3/6,3745,0
r14111,LingOrm,5,5,2025/12/28,613,1
r14112,MilkLove,2,6,2025/12/28,147,0
r14113,EngLot,19,11,2025/12/28,4460,0
r14114,LenaMiu,3,3,2025/12/28,857,0
r14115,LingOrm,11,8,2025/12/29,1277,1
r14116,LingOrm,34,199,2026/2/8,67129,1
r14117,EngLot,1,0,2025/12/28,72,0
r14118,FreenBecky,1,7,2026/1/27,464,1
r14119,LenaMiu,10,14,2025/12/28,2683,1
r14120,FreenBecky,9,7,2025/12/28,2143,1
r14121,LingOrm,5,12,2026/1/2,1958,0
r14122,NamtanFilm,11,167,2026/1/30,25777,1
r14123,LenaMiu,6,6,2025/12/30,1605,1
r14124,EmiBonnie,1,1,2025/12/31,102,0
r14125,NamneungNoey,4,2,2025/12/28,49,0
r14126,LingOrm,3,0,2026/1/1,99,0
r14127,EnjoyJune,8,16,2026/1/2,2230,0
r14128,FreenBecky,1,5,2025/12/29,305,0
r14129,FreenBecky,1,0,2025/12/31,86,0
r14130,EngLot,1,0,2025/12/29,83,0
r14131,LingOrm,1,0,2025/12/29,31,0
r14132,JuneMewnich,11,4,2026/2/22,499,0
r14133,TkNur,2,1,2025/12/29,372,0
r14135,EmiBonnie,3,2,2025/12/29,386,0
r14136,LingOrm,6,7,2026/1/4,1650,1
r14137,LingOrm,2,5,2026/1/1,445,0
r14138,GinJay,10,19,2026/1/9,3134,1
r14139,LingOrm,1,0,2025/12/29,133,0
r14140,LingOrm,1,3,2025/12/29,157,0
r14141,MablePangjie,5,26,2026/1/4,2018,0
r14142,KaoJaneJaneKao,21,26,2025/12/29,2109,1
r14143,EmiBonnie,23,446,2025/12/29,103949,1
r14144,EngLot,9,50,2025/12/29,12280,0
r14145,KaoJaneJaneKao,3,19,2026/1/19,983,0
r14146,KaoJaneJaneKao,1,0,2026/7/31,36,0
r14147,LenaMiu,2,18,2025/12/29,1499,0
r14148,LenaMiu,11,23,2026/1/30,3839,0
r14149,FreenBecky,4,0,2025/12/29,63,0
r14150,NamtanFilm,8,90,2026/3/26,11208,0
r14151,EnjoyJune,10,13,2025/12/30,2511,0
r14152,LingOrm,14,9,2025/12/29,2215,1
r14153,EngLot,19,14,2026/7/1,17484,1
r14154,GinJay,24,28,2025/12/29,10432,0
r14155,ViewJune,1,1,2025/12/29,43,1
r14157,LingOrm,2,0,2025/12/29,31,1
r14158,EngLot,19,145,2026/1/5,75780,1
r14159,EngLot,15,90,2026/1/9,27689,1
r14160,ViewJune,13,1,2026/1/2,218,1
r14161,ViewMim,1,1,2026/1/4,142,0
r14162,LingOrm,23,12,2025/12/29,3270,1
r14163,LingOrm,4,5,2025/12/30,1181,0
r14164,EmiBonnie,3,0,2025/12/29,80,0
r14165,LenaMiu,50,13,2025/12/29,2896,1
r14166,GinJay,14,14,2025/12/30,2230,1
r14167,JuneMewnich,7,32,2025/12/31,3304,0
r14168,MilkLove,1,7,2025/12/30,593,1
r14169,JanJingjing,4,80,2025/12/30,7539,0
r14170,JanJingjing,4,20,2026/3/20,3078,0
r14171,LingOrm,2,3,2025/12/30,306,0
r14172,IceMemi,4,6,2025/12/31,499,0
r14173,NamtanFilm,1,7,2025/12/30,254,0
r14174,KaoJaneJaneKao,9,19,2026/1/3,1898,0
r14175,EmiBonnie,1,6,2026/1/1,617,1
r14176,JanJingjing,4,12,2025/12/30,1747,0
r14177,EngLot,5,2,2025/12/30,484,1
r14178,EmiBonnie,10,65,2026/2/26,8902,0
r14179,FreenBecky,1,25,2026/7/5,3931,1
r14180,EngLot,18,14,2026/1/10,14216,1
r14181,ViewJune,1,1,2025/12/30,28,0
r14183,MablePangjie,6,7,2025/12/30,983,0
r14184,PahnFond,11,128,2026/1/3,13360,1
r14185,LingOrm,2,13,2026/1/2,1874,0
r14186,FreenBecky,8,31,2025/12/30,3495,0
r14187,FayMay,6,4,2026/1/14,427,1
r14189,GinJay,9,16,2025/12/31,2942,1
r14190,FreenBecky,1,25,2025/12/31,727,1
r14191,TkNur,3,4,2025/12/31,495,0
r14192,LingOrm,6,4,2026/1/1,1061,1
r14193,LingOrm,7,1,2026/1/1,1493,0
r14194,GinJay,13,41,2025/12/31,14446,1
r14195,EngLot,2,4,2026/1/2,494,0
r14196,FreenBecky,5,3,2026/1/3,275,1
r14197,EngLot,5,9,2026/1/25,2462,0
r14198,EmiBonnie,1,2,2025/12/31,52,0
r14199,LingOrm,1,0,2026/1/2,5,0
r14200,NamtanFilm,17,4,2025/12/31,1522,1
r14201,LingOrm,2,3,2026/1/2,139,0
r14202,MeenBabe,28,15,2026/2/27,12275,1
r14203,EmiBonnie,7,0,2026/1/2,104,0
r14204,JuneMewnich,4,5,2025/12/31,145,0
r14205,LingOrm,1,16,2026/1/1,1652,1
r14206,LingOrm,9,15,2026/5/28,1498,0
r14207,LenaMiu,9,505,2026/1/7,75305,0
r14208,LingOrm,4,3,2026/1/1,1053,1
r14209,JanJingjing,1,6,2026/6/27,350,0
r14210,LenaMiu,3,17,2026/1/1,1912,0
r14211,KaoJaneJaneKao,2,18,2026/1/4,900,1
r14212,LenaMiu,8,117,2026/1/5,15239,0
r14213,LingOrm,22,29,2026/1/4,11901,1
r14214,LingOrm,27,52,2026/2/17,33213,0
r14215,LingOrm,15,25,2026/1/6,7161,1
r14216,LingOrm,19,27,2026/1/8,10252,1
r14217,LingOrm,9,11,2026/1/1,1220,0
r14218,FreenBecky,2,3,2026/1/1,181,0
r14219,EngLot,7,2,2026/1/1,1350,0
r14220,EngLot,16,4,2026/2/8,1957,0
r14221,EmiBonnie,6,7,2026/1/3,1097,0
r14222,JuneMewnich,1,3,2026/1/1,212,0
r14223,NamtanFilm,1,4,2026/1/2,337,0
r14224,NamneungNoey,2,0,2026/1/1,74,0
r14225,FreenBecky,1,1,2026/1/1,32,0
r14226,LingOrm,31,27,2026/1/5,10087,1
r14227,EmiBonnie,1,0,2026/5/27,25,0
r14228,EngLot,18,35,2026/2/27,16341,1
r14229,LingOrm,16,237,2026/1/8,62486,1
r14230,EngLot,3,1,2026/1/1,85,0
r14231,EngLot,6,22,2026/5/3,6242,0
r14232,EmiBonnie,10,42,2026/1/4,10171,1
r14233,EmiBonnie,1,56,2026/2/2,1454,0
r14234,JanJingjing,15,201,2026/1/3,30283,1
r14235,KaoJaneJaneKao,9,14,2026/1/2,3256,0
r14236,EmiBonnie,4,2,2026/1/1,86,0
r14237,EmiBonnie,13,487,2026/1/2,78200,1
r14238,MilkLove,1,1,2026/1/1,179,0
r14239,LenaMiu,6,2,2026/8/2,471,0
r14240,EmiBonnie,4,1,2026/1/1,272,0
r14241,ViewJune,4,5,2026/1/2,196,0
r14242,MablePangjie,7,38,2026/1/10,4225,1
r14243,LingOrm,16,44,2026/3/19,11768,1
r14244,NamtanFilm,4,1,2026/1/2,248,0
r14247,FreenBecky,22,17,2026/6/24,3254,1
r14248,NamtanFilm,18,83,2026/1/2,22641,0
r14249,EngLot,13,14,2026/1/2,11611,1
r14250,EnjoyJune,35,56,2026/3/22,26885,1
r14251,FreenBecky,11,32,2026/1/5,3087,1
r14252,LenaMiu,17,112,2026/1/3,35438,0
r14254,FreenBecky,9,18,2026/1/2,2518,0
r14255,FreenBecky,3,30,2026/1/7,1452,1
r14256,MablePangjie,12,25,2026/1/2,3420,1
r14257,LenaMiu,5,14,2026/3/19,2967,0
r14258,GinJay,14,15,2026/1/2,2679,0
r14259,EmiBonnie,21,26,2026/1/3,4291,0
r14260,EmiBonnie,10,4,2026/1/3,486,0
r14261,TkNur,11,14,2026/1/2,2534,1
r14262,LingOrm,9,133,2026/7/14,22781,0
r14263,LingOrm,20,318,2026/1/7,75842,1
r14264,LingOrm,16,155,2026/6/22,24202,0
r14265,LingOrm,2,3,2026/2/22,198,0
r14266,GinJay,11,16,2026/1/2,1374,1
r14267,LingOrm,7,6,2026/1/4,527,0
r14268,LingOrm,2,2,2026/1/3,50,0
r14269,JanJingjing,1,25,2026/1/2,1546,0
r14270,EmiBonnie,5,224,2026/2/28,16613,0
r14271,FayMay,10,23,2026/1/7,1918,0
r14272,GinJay,13,83,2026/1/2,18097,1
r14273,PahnFond,1,14,2026/1/3,924,1
r14274,EmiBonnie,8,20,2026/1/3,2750,0
r14275,NamtanFilm,10,101,2026/3/28,11249,0
r14276,GinJay,12,30,2026/1/2,7998,1
r14277,EmiBonnie,16,9,2026/1/3,3388,0
r14278,LenaMiu,10,24,2026/1/3,9225,0
r14279,LingOrm,12,7,2026/3/15,3542,1
r14280,NamtanFilm,1,2,2026/3/27,398,0
r14281,NamtanFilm,4,2,2026/1/3,350,0
r14282,LingOrm,37,237,2026/1/3,52164,0
r14283,NamtanFilm,6,2,2026/3/13,539,1
r14284,LingOrm,4,4,2026/1/2,232,0
r14285,LenaMiu,2,10,2026/1/3,854,1
r14286,TkNur,6,6,2026/1/2,1008,0
r14287,EmiBonnie,3,20,2026/1/3,1364,1
r14288,GinJay,8,9,2026/1/2,1546,0
r14289,LenaMiu,24,35,2026/1/4,8441,1
r14290,FreenBecky,11,5,2026/1/3,650,0
r14291,EmiBonnie,4,2,2026/4/2,246,0
r14292,EngLot,20,1,2026/1/2,1530,1
r14293,JanJingjing,6,88,2026/1/3,10048,0
r14294,LingOrm,2,0,2026/2/12,16,0
r14295,LingOrm,3,0,2026/1/4,27,0
r14296,EngLot,1,1,2026/3/8,226,0
r14297,MablePangjie,12,20,2026/1/3,4805,1
r14298,LenaMiu,21,9,2026/1/3,4360,1
r14299,EmiBonnie,3,0,2026/1/6,148,0
r14300,LingOrm,2,2,2026/1/3,589,0
r14301,EmiBonnie,7,9,2026/1/3,845,0
r14302,JanJingjing,3,3,2026/4/18,627,0
r14303,LenaMiu,2,0,2026/1/3,90,0
r14304,LingOrm,6,28,2026/2/5,4686,0
r14305,JanJingjing,4,25,2026/1/4,3658,0
r14306,LingOrm,25,228,2026/1/12,86351,1
r14307,TkNur,8,8,2026/1/4,898,0
r14308,LingOrm,1,3,2026/1/3,134,1
r14309,GinJay,11,42,2026/1/4,7020,0
r14310,LingOrm,59,21,2026/1/7,22520,1
r14311,EngLot,21,113,2026/1/13,67026,1
r14312,MablePangjie,6,42,2026/1/3,4455,1
r14313,AndaLookkaew,34,92,2026/1/3,31071,1
r14314,LingOrm,4,1,2026/1/3,101,0
r14315,LingOrm,10,14,2026/1/3,2576,0
r14316,EmiBonnie,1,1,2026/4/28,45,0
r14317,LingOrm,10,12,2026/1/7,2299,1
r14318,NamtanFilm,4,3,2026/1/3,269,1
r14319,LingOrm,7,150,2026/1/28,27709,0
r14320,LingOrm,19,6,2026/1/5,634,0
r14321,EmiBonnie,2,9,2026/3/1,425,1
r14322,LenaMiu,1,13,2026/1/8,930,0
r14323,EmiBonnie,25,10,2026/1/3,1493,0
r14324,FayMay,1,10,2026/2/16,400,0
r14325,EmiBonnie,1,0,2026/1/3,23,0
r14326,KaoJaneJaneKao,1,1,2026/4/12,84,0
r14327,FreenBecky,21,7,2026/1/4,607,1
r14328,EngLot,9,19,2026/1/20,7626,0
r14329,LingOrm,2,0,2026/1/3,75,0
r14330,NamtanFilm,7,20,2026/3/8,2745,0
r14331,FayMay,19,16,2026/1/6,2613,0
r14332,MablePangjie,13,55,2026/1/6,7143,1
r14333,MilkLove,2,0,2026/1/4,117,0
r14334,FayMay,5,6,2026/1/4,479,0
r14335,EmiBonnie,1,1,2026/6/1,37,0
r14336,LingOrm,5,9,2026/1/5,925,0
r14337,EngLot,11,2,2026/1/5,1386,1
r14338,NamtanFilm,5,5,2026/2/23,994,0
r14339,EmiBonnie,2,9,2026/1/5,597,0
r14340,GinJay,13,8,2026/1/5,2738,0
r14341,LingOrm,4,2,2026/1/4,190,0
r14342,OomBam,10,40,2026/1/20,8748,0
r14343,EnjoyJune,6,12,2026/6/14,1840,0
r14344,MeenBabe,3,3,2026/3/19,236,0
r14345,MablePangjie,5,13,2026/1/5,1456,1
r14346,MilkLove,7,7,2026/1/6,1403,0
r14347,LingOrm,1,1,2026/1/4,237,1
r14348,AndaLookkaew,6,24,2026/2/24,2120,0
r14349,FreenBecky,61,76,2026/1/7,50477,1
r14350,EmiBonnie,2,1,2026/3/31,128,0
r14351,LenaMiu,2,5,2026/1/5,482,0
r14352,LingOrm,1,4,2026/1/11,231,0
r14353,JanJingjing,13,75,2026/1/4,14160,1
r14354,LingOrm,1,0,2026/1/18,30,1
r14355,MablePangjie,2,6,2026/1/4,286,0
r14357,LenaMiu,3,5,2026/1/5,886,0
r14358,LingOrm,1,0,2026/1/4,15,0
r14359,LingOrm,1,0,2026/1/10,12,0
r14360,EmiBonnie,4,3,2026/1/5,232,0
r14361,LingOrm,4,1,2026/1/6,356,1
r14362,LenaMiu,25,18,2026/1/4,11060,1
r14363,LingOrm,13,6,2026/3/16,2195,0
r14364,TkNur,3,5,2026/2/12,475,0
r14365,MeenBabe,21,8,2026/1/4,5118,0
r14366,LingOrm,1,1,2026/5/15,156,0
r14367,EngLot,2,1,2026/3/26,129,0
r14368,EnjoyJune,3,13,2026/1/22,1162,0
r14369,LingOrm,8,12,2026/1/17,2615,1
r14370,LingOrm,1,3,2026/1/11,152,1
r14371,EnjoyJune,20,53,2026/1/5,10239,1
r14372,FreenBecky,6,4,2026/1/5,253,0
r14373,EngLot,10,26,2026/1/5,13850,1
r14374,JanJingjing,5,36,2026/1/5,2643,0
r14375,LenaMiu,2,5,2026/1/19,542,0
r14376,MilkLove,1,1,2026/1/10,124,0
r14377,JanJingjing,5,11,2026/1/5,2596,0
r14378,TkNur,4,21,2026/1/9,1766,0
r14379,EmiBonnie,1,9,2026/1/10,248,0
r14380,MilkLove,10,78,2026/1/11,13054,1
r14381,KaoJaneJaneKao,9,8,2026/1/8,1712,0
r14382,EnjoyJune,1,13,2026/1/5,734,1
r14383,GinJay,6,15,2026/1/5,1524,1
r14384,FreenBecky,10,1,2026/1/21,495,1
r14385,JanJingjing,3,11,2026/1/6,935,0
r14386,LenaMiu,3,22,2026/1/10,2718,1
r14387,MilkLove,4,4,2026/1/5,270,0
r14388,LingOrm,37,1479,2026/1/7,564079,1
r14389,FreenBecky,16,4,2026/1/5,1423,1
r14390,LingOrm,18,386,2026/1/16,128077,0
r14391,FayMay,13,14,2026/1/5,1022,1
r14392,GinJay,6,18,2026/1/5,2009,1
r14393,LenaMiu,20,86,2026/1/15,36206,0
r14394,EngLot,22,9,2026/1/7,6474,1
r14395,LingOrm,10,2,2026/1/5,192,0
r14396,MablePangjie,5,6,2026/1/6,523,1
r14397,NamneungNoey,4,1,2026/1/6,128,0
r14398,EngLot,1,5,2026/1/6,454,0
r14399,JanJingjing,13,151,2026/1/6,39484,1
r14400,EngLot,2,4,2026/1/11,134,0
r14401,MablePangjie,5,18,2026/1/11,1853,1
r14402,LingOrm,4,9,2026/1/6,1731,0
r14403,LingOrm,17,63,2026/1/7,22453,1
r14404,ViewMim,9,1,2026/1/6,151,0
r14405,LenaMiu,21,28,2026/1/13,7620,1
r14406,EngLot,4,0,2026/1/6,74,0
r14408,EmiBonnie,1,2,2026/1/6,78,1
r14409,EmiBonnie,7,52,2026/1/9,6718,1
r14410,LenaMiu,5,6,2026/1/14,1563,0
r14412,LingOrm,7,3,2026/1/16,872,1
r14413,LingOrm,3,329,2026/1/31,21708,1
r14414,LingOrm,5,2,2026/1/18,503,0
r14415,LingOrm,61,127,2026/1/24,35301,1
r14416,FreenBecky,22,14,2026/3/6,7878,0
r14417,OomBam,2,4,2026/1/7,865,1
r14418,EnjoyJune,6,19,2026/1/8,3337,1
r14419,MablePangjie,1,5,2026/1/7,232,0
r14420,EmiBonnie,9,13,2026/1/7,3495,1
r14421,EngLot,4,0,2026/1/7,196,0
r14422,EngLot,15,1,2026/3/19,514,1
r14423,EngLot,20,32,2026/3/3,26530,1
r14424,EngLot,22,27,2026/4/26,18547,1
r14425,MilkLove,1,0,2026/1/8,49,0
r14426,TkNur,10,5,2026/1/8,932,0
r14427,LingOrm,25,487,2026/2/2,175709,1
r14428,JuneMewnich,9,7,2026/1/20,976,0
r14429,LingOrm,2,0,2026/1/8,9,0
r14430,GinJay,9,17,2026/1/11,2759,1
r14431,EngLot,4,0,2026/1/7,384,0
r14432,LingOrm,2,1,2026/1/11,66,0
r14433,FayMay,3,5,2026/7/5,538,0
r14434,GinJay,15,34,2026/1/15,10383,1
r14435,LingOrm,3,78,2026/1/8,6807,0
r14436,LenaMiu,2,8,2026/1/10,1069,0
r14437,LingOrm,10,274,2026/1/16,48038,0
r14438,MilkLove,1,0,2026/1/8,71,1
r14439,LingOrm,1,122,2026/1/31,5520,1
r14440,NamtanFilm,8,8,2026/5/9,2574,0
r14441,OomBam,36,21,2026/1/10,6153,1
r14442,EmiBonnie,4,7,2026/1/8,402,0
r14443,NamtanFilm,11,13,2026/1/14,2522,0
r14444,FreenBecky,4,44,2026/2/13,2568,0
r14445,LingOrm,3,0,2026/1/9,101,0
r14446,LingOrm,43,124,2026/1/14,69452,1
r14447,MablePangjie,6,19,2026/1/12,1265,0
r14448,NamtanFilm,4,2,2026/1/8,313,0
r14449,LingOrm,42,396,2026/1/11,250158,1
r14450,LenaMiu,10,92,2026/2/14,16286,0
r14451,JuneMewnich,36,3,2026/1/10,975,1
r14452,EngLot,3,4,2026/1/8,72,0
r14453,EnjoyJune,3,14,2026/1/8,2762,1
r14454,GinJay,5,12,2026/1/9,955,1
r14455,LingOrm,10,178,2026/4/30,29343,0
r14456,EngLot,1,4,2026/1/21,348,0
r14457,EngLot,14,23,2026/1/9,12593,1
r14458,LenaMiu,15,90,2026/1/12,21782,1
r14459,LingOrm,70,158,2026/1/13,182343,1
r14460,NamtanFilm,2,26,2026/8/30,182,0
r14461,NamtanFilm,9,17,2026/1/9,2404,0
r14462,ArhoungPam,2,3,2026/1/13,144,0
r14463,GinJay,27,112,2026/1/15,49057,0
r14464,EmiBonnie,9,20,2026/1/21,4303,1
r14465,NamneungNoey,8,1,2026/1/28,344,1
r14466,EngLot,19,7,2026/1/10,4306,0
r14467,GinJay,10,85,2026/1/10,12537,1
r14468,NamtanFilm,11,12,2026/1/9,2612,1
r14469,MablePangjie,1,2,2026/1/20,84,0
r14470,ViewJune,1,2,2026/1/9,130,0
r14471,MilkLove,3,0,2026/1/12,75,0
r14472,FreenBecky,3,1,2026/1/9,68,0
r14473,LingOrm,6,0,2026/2/8,91,0
r14474,TkNur,4,6,2026/1/13,641,0
r14475,GinJay,13,91,2026/1/14,15217,1
r14476,LingOrm,23,26,2026/1/10,13919,1
r14477,LingOrm,25,108,2026/1/14,49019,1
r14478,EngLot,7,13,2026/1/10,3482,1
r14479,FreenBecky,5,2,2026/1/10,284,1
r14480,JanJingjing,20,156,2026/2/16,38782,1
r14481,LingOrm,2,2,2026/1/31,286,0
r14482,FayMay,8,11,2026/1/11,863,0
r14483,MablePangjie,6,12,2026/1/11,854,0
r14484,NamtanFilm,3,4,2026/1/10,469,0
r14485,FreenBecky,8,3,2026/1/10,59,0
r14486,LingOrm,10,233,2026/4/12,33881,1
r14487,EngLot,9,3,2026/1/11,913,0
r14488,GinJay,19,54,2026/1/11,16448,1
r14489,EmiBonnie,3,0,2026/1/25,169,0
r14490,JanJingjing,5,263,2026/1/21,24685,0
r14491,EngLot,22,102,2026/1/14,49014,1
r14492,NamtanFilm,7,78,2026/1/18,9909,0
r14493,GinJay,6,34,2026/1/16,3298,0
r14494,LingOrm,2,0,2026/8/1,4,0
r14495,MablePangjie,14,13,2026/1/10,1503,1
r14496,LingOrm,2,0,2026/1/10,15,0
r14497,MablePangjie,19,58,2026/1/17,11779,1
r14498,FreenBecky,2,2,2026/1/11,12,0
r14499,FayMay,5,19,2026/1/11,1025,0
r14500,EmiBonnie,9,2,2026/1/11,201,0
r14501,GinJay,24,126,2026/1/17,19990,0
r14502,GinJay,20,34,2026/2/7,15756,1
r14503,NamtanFilm,1,0,2026/2/19,133,1
r14504,NamtanFilm,10,0,2026/1/11,217,1
r14505,TkNur,6,1,2026/1/11,69,1
r14506,LenaMiu,14,11,2026/1/11,2610,0
r14507,NamtanFilm,15,25,2026/2/5,5825,1
r14508,EngLot,2,3,2026/1/11,760,1
r14510,EmiBonnie,1,1,2026/2/1,53,0
r14511,GinJay,1,3,2026/1/11,126,0
r14512,FreenBecky,2,2,2026/1/11,75,0
r14513,ViewJune,7,1,2026/1/15,89,1
r14514,EngLot,3,10,2026/1/11,1738,0
r14515,GinJay,35,16,2026/3/29,5303,0
r14516,LingOrm,16,26,2026/1/14,10808,1
r14517,EngLot,1,1,2026/1/11,486,1
r14518,EnjoyJune,1,13,2026/1/11,1204,1
r14520,EmiBonnie,13,2,2026/1/12,184,0
r14521,LingOrm,24,381,2026/1/31,181743,1
r14522,EngLot,3,2,2026/7/20,97,0
r14523,EngLot,18,17,2026/3/29,16984,1
r14524,FreenBecky,4,2,2026/1/11,90,1
r14525,TkNur,17,29,2026/1/15,6625,1
r14526,EnjoyJune,12,19,2026/1/12,4493,0
r14527,TkNur,7,16,2026/3/7,2130,0
r14528,MablePangjie,14,96,2026/1/12,12331,1
r14529,LingOrm,24,74,2026/2/2,37337,1
r14530,EmiBonnie,4,2,2026/1/12,407,0
r14531,LingOrm,1,2,2026/1/13,100,0
r14532,ArhoungPam,1,6,2026/1/13,165,0
r14533,MilkLove,7,19,2026/2/6,1370,0
r14534,EmiBonnie,4,69,2026/1/12,5066,1
r14535,NamtanFilm,4,1,2026/2/26,416,0
r14536,PahnFond,1,4,2026/1/13,192,0
r14537,LenaMiu,5,13,2026/1/13,1915,0
r14538,LingOrm,1,2,2026/3/23,122,0
r14539,NamtanFilm,9,175,2026/1/27,22080,1
r14540,LingOrm,32,81,2026/3/16,38713,0
r14541,EmiBonnie,1,0,2026/1/12,34,0
r14542,EmiBonnie,10,7,2026/2/8,1574,0
r14543,LingOrm,7,33,2026/1/26,2574,0
r14544,LenaMiu,17,31,2026/4/1,13980,1
r14545,FayMay,1,3,2026/1/12,95,0
r14546,LenaMiu,9,32,2026/1/12,10525,1
r14547,LingOrm,19,27,2026/1/12,7662,1
r14548,MilkLove,12,2,2026/1/26,1088,1
r14549,GinJay,13,11,2026/1/12,2110,1
r14550,LingOrm,15,1,2026/7/5,504,0
r14551,TkNur,3,13,2026/1/14,1179,0
r14552,LingOrm,4,2,2026/1/13,422,0
r14553,EmiBonnie,8,1,2026/2/4,473,0
r14554,MilkLove,17,129,2026/1/14,19541,1
r14555,EngLot,19,205,2026/1/16,94998,1
r14556,KaoJaneJaneKao,16,36,2026/1/13,4162,0
r14557,EngLot,19,122,2026/1/21,54863,1
r14558,EmiBonnie,3,4,2026/1/14,188,0
r14559,EngLot,21,141,2026/2/7,79877,1
r14560,LingOrm,5,3,2026/1/13,695,0
r14561,FreenBecky,3,3,2026/1/20,219,0
r14562,LenaMiu,5,4,2026/1/13,716,0
r14563,JanJingjing,15,410,2026/1/15,103300,1
r14564,EngLot,12,17,2026/2/22,10385,1
r14565,LingOrm,28,136,2026/1/21,84063,1
r14566,GinJay,1,12,2026/4/20,279,0
r14567,MablePangjie,8,6,2026/1/13,1468,1
r14568,LingOrm,7,22,2026/1/14,2818,0
r14569,LingOrm,8,31,2026/2/14,13238,0
r14570,LenaMiu,25,60,2026/1/14,14785,1
r14571,LingOrm,20,8,2026/1/18,2071,1
r14572,LingOrm,11,5,2026/1/15,1062,0
r14573,LingOrm,5,0,2026/1/14,189,0
r14574,LingOrm,7,2,2026/1/19,171,0
r14575,LingOrm,24,101,2026/1/18,55427,1
r14576,LingOrm,12,235,2026/2/14,37728,1
r14577,EmiBonnie,1,4,2026/2/21,190,0
r14578,LingOrm,19,52,2026/1/14,18814,1
r14579,GinJay,2,19,2026/1/20,1434,0
r14580,LingOrm,21,14,2026/2/10,3619,1
r14581,LingOrm,5,0,2026/5/25,117,0
r14582,KaoJaneJaneKao,3,21,2026/1/17,849,0
r14583,LingOrm,12,7,2026/1/19,3696,0
r14584,MeenBabe,18,6,2026/1/15,2787,1
r14585,LingOrm,10,45,2026/1/16,16355,1
r14587,LingOrm,2,1,2026/1/14,74,1
r14588,LingOrm,2,2,2026/1/15,102,0
r14589,EmiBonnie,10,16,2026/1/15,4096,1
r14590,LingOrm,3,3,2026/1/14,449,0
r14591,GinJay,12,8,2026/1/15,1408,1
r14592,MablePangjie,15,6,2026/1/14,2379,1
r14593,LingOrm,19,20,2026/3/14,6300,0
r14594,JanJingjing,23,271,2026/2/23,78750,1
r14595,LenaMiu,11,121,2026/1/28,22816,0
r14596,MablePangjie,10,31,2026/1/15,3743,1
r14597,LingOrm,3,62,2026/1/15,7528,1
r14598,MablePangjie,2,5,2026/1/21,343,0
r14599,NamtanFilm,4,62,2026/1/22,3824,0
r14600,LenaMiu,4,29,2026/1/16,3723,0
r14601,LingOrm,14,6,2026/2/2,1930,0
r14602,LenaMiu,3,6,2026/3/7,578,0
r14603,LingOrm,1,3,2026/1/16,368,1
r14604,EmiBonnie,3,1,2026/1/15,36,0
r14605,MilkLove,2,9,2026/1/18,243,0
r14606,GinJay,11,13,2026/1/20,2454,1
r14607,LingOrm,58,17,2026/1/16,15438,1
r14608,TkNur,11,32,2026/1/17,6412,1
r14609,LMSY,10,0,2026/1/15,609,0
r14610,JanJingjing,11,15,2026/7/27,1752,0
r14611,NamtanFilm,20,33,2026/1/15,7268,1
r14612,MilkLove,7,88,2026/1/15,8994,0
r14613,LenaMiu,3,9,2026/2/4,855,0
r14615,MilkLove,10,6,2026/6/10,653,1
r14616,EmiBonnie,2,1,2026/1/15,65,0
r14617,JanJingjing,12,87,2026/1/31,17348,1
r14619,MablePangjie,4,6,2026/1/16,392,0
r14620,LingOrm,13,36,2026/1/16,7530,1
r14621,LingOrm,27,14,2026/1/17,6614,0
r14622,LingOrm,5,90,2026/7/30,6980,0
r14623,MablePangjie,9,6,2026/2/5,1299,0
r14624,EmiBonnie,5,60,2026/1/16,2810,1
r14625,LingOrm,7,5,2026/2/6,228,0
r14626,EngLot,10,3,2026/1/17,2298,1
r14627,LingOrm,1,5,2026/1/16,17,0
r14628,EmiBonnie,3,1,2026/1/16,181,0
r14629,MilkLove,21,33,2026/1/26,8501,1
r14630,OomBam,1,12,2026/1/16,598,0
r14631,EmiBonnie,1,3,2026/1/17,217,0
r14632,EmiBonnie,6,7,2026/1/24,1249,0
r14633,MablePangjie,12,37,2026/1/16,4604,1
r14634,EmiBonnie,10,65,2026/1/17,11375,0
r14635,LingOrm,9,9,2026/1/16,1482,0
r14636,EnjoyJune,25,46,2026/1/16,12927,1
r14637,TkNur,21,12,2026/2/1,4689,1
r14638,LenaMiu,3,9,2026/1/18,1132,0
r14639,LenaMiu,26,22,2026/1/27,5632,1
r14640,EngLot,17,51,2026/2/15,20028,1
r14642,PahnFond,11,40,2026/1/17,4188,1
r14643,EmiBonnie,2,2,2026/4/3,179,0
r14644,EmiBonnie,4,0,2026/1/16,80,0
r14645,KaoJaneJaneKao,16,33,2026/1/17,4113,0
r14646,EmiBonnie,8,1,2026/1/17,140,0
r14647,MilkLove,2,17,2026/1/22,662,0
r14648,LenaMiu,8,51,2026/1/21,9375,0
r14649,MablePangjie,3,4,2026/2/18,202,0
r14650,NamtanFilm,3,1,2026/1/24,148,0
r14651,LingOrm,3,52,2026/1/17,7604,0
r14652,LingOrm,24,359,2026/1/19,139853,1
r14653,GinJay,6,10,2026/1/17,1397,0
r14655,LingOrm,20,13,2026/3/4,7013,0
r14656,MilkLove,1,1,2026/8/23,16,0
r14657,LenaMiu,3,10,2026/1/20,1109,0
r14658,FreenBecky,12,3,2026/1/18,726,1
r14659,LingOrm,14,38,2026/1/18,12585,1
r14660,EngLot,17,108,2026/1/20,42843,1
r14661,GinJay,27,16,2026/1/17,9375,1
r14663,EnjoyJune,17,33,2026/1/18,9509,0
r14664,EngLot,10,44,2026/2/27,7331,0
r14665,EngLot,1,2,2026/1/31,432,0
r14666,LingOrm,14,6,2026/3/28,839,0
r14667,KaoJaneJaneKao,7,2,2026/3/9,216,0
r14668,LenaMiu,34,7,2026/1/18,1651,0
r14669,LingOrm,21,222,2026/1/25,66710,1
r14670,NamtanFilm,5,3,2026/1/19,750,0
r14671,MablePangjie,1,0,2026/1/17,100,0
r14672,LingOrm,32,688,2026/4/30,302419,1
r14673,LingOrm,2,0,2026/4/20,88,0
r14674,MeenBabe,16,4,2026/1/18,3264,1
r14675,MilkLove,2,1,2026/5/28,188,0
r14676,LingOrm,1,1,2026/1/19,100,0
r14677,LingOrm,4,9,2026/1/18,2370,0
r14678,MilkLove,1,0,2026/4/21,113,0
r14679,LenaMiu,7,9,2026/1/18,2645,0
r14680,EmiBonnie,16,3,2026/1/18,1245,1
r14681,NamtanFilm,3,12,2026/4/22,982,0
r14682,LingOrm,3,3,2026/1/21,498,0
r14683,LingOrm,25,34,2026/4/15,19474,1
r14684,EmiBonnie,1,0,2026/1/18,20,0
r14685,LenaMiu,8,7,2026/1/18,1119,0
r14686,EmiBonnie,5,48,2026/1/22,5079,0
r14687,LingOrm,5,7,2026/1/18,496,0
r14688,LenaMiu,11,63,2026/1/18,20526,0
r14689,LenaMiu,14,50,2026/1/21,12252,0
r14690,EngLot,26,110,2026/1/19,97306,1
r14691,LenaMiu,1,11,2026/1/18,1089,1
r14692,MilkLove,5,6,2026/1/19,724,0
r14693,LingOrm,10,5,2026/1/19,581,1
r14694,MablePangjie,6,6,2026/1/18,631,0
r14695,MablePangjie,8,43,2026/1/18,4689,0
r14696,NamtanFilm,1,0,2026/1/18,13,0
r14697,EngLot,2,2,2026/1/18,56,0
r14698,EnjoyJune,10,14,2026/1/19,1971,1
r14699,JanJingjing,3,8,2026/2/13,1283,0
r14700,EmiBonnie,1,1,2026/1/18,17,0
r14701,LMSY,1,5,2026/1/19,214,0
r14702,LingOrm,3,3,2026/1/19,233,0
r14703,EmiBonnie,5,4,2026/2/4,457,0
r14704,NamtanFilm,2,1,2026/1/19,184,1
r14705,EmiBonnie,3,3,2026/1/19,233,0
r14706,FreenBecky,3,20,2026/1/19,940,0
r14707,MilkLove,1,2,2026/1/18,176,0
r14708,FreenBecky,11,3,2026/1/19,962,1
r14709,GinJay,16,4,2026/1/19,1400,0
r14710,LingOrm,7,5,2026/1/23,1259,0
r14711,MilkLove,39,85,2026/1/20,38597,1
r14712,EmiBonnie,2,30,2026/1/19,2825,0
r14713,LenaMiu,8,15,2026/1/19,2044,1
r14714,EngLot,2,4,2026/1/19,592,0
r14715,LenaMiu,7,13,2026/1/20,2585,0
r14716,LingOrm,2,37,2026/1/20,3279,0
r14717,NamtanFilm,2,8,2026/1/21,618,0
r14718,LMSY,7,1,2026/1/22,264,0
r14719,FreenBecky,3,1,2026/1/19,58,0
r14720,MablePangjie,10,10,2026/2/7,1599,1
r14722,LingOrm,18,4,2026/1/19,1388,0
r14723,LingOrm,1,33,2026/2/1,1271,0
r14724,EmiBonnie,4,42,2026/3/20,2991,0
r14725,LingOrm,5,37,2026/4/16,5478,1
r14726,LingOrm,5,34,2026/1/21,6042,0
r14727,EngLot,3,4,2026/1/20,438,0
r14728,TkNur,7,6,2026/3/8,462,0
r14729,LingOrm,23,6,2026/1/21,1522,1
r14730,LingOrm,2,0,2026/1/20,27,0
r14731,LingOrm,14,7,2026/1/20,4038,1
r14732,LingOrm,21,141,2026/1/20,34823,1
r14733,MilkLove,7,8,2026/1/20,668,0
r14734,ViewMim,1,0,2026/1/20,44,0
r14735,FreenBecky,6,3,2026/1/21,299,0
r14736,EnjoyJune,20,70,2026/1/26,18913,1
r14737,EngLot,21,138,2026/2/1,71113,1
r14738,EngLot,1,0,2026/2/26,155,0
r14739,GinJay,13,87,2026/1/26,16001,1
r14740,MilkLove,1,2,2026/1/21,261,0
r14741,EngLot,13,2,2026/1/21,882,0
r14742,LingOrm,22,24,2026/1/22,12468,1
r14743,PahnFond,2,7,2026/1/21,646,0
r14744,KaoJaneJaneKao,11,13,2026/2/12,1932,0
r14745,LingOrm,1,3,2026/1/21,81,0
r14746,LingOrm,8,277,2026/4/10,40977,0
r14747,GinJay,36,14,2026/1/21,4180,1
r14748,LingOrm,18,90,2026/1/21,14189,0
r14749,EmiBonnie,7,9,2026/1/25,924,1
r14750,LenaMiu,30,146,2026/1/21,50741,1
r14751,FayMay,4,4,2026/1/21,262,0
r14752,EnjoyJune,12,55,2026/1/31,14030,1
r14753,LingOrm,14,38,2026/4/18,10179,1
r14754,EmiBonnie,2,1,2026/1/21,83,0
r14755,EmiBonnie,3,0,2026/1/21,158,0
r14756,EmiBonnie,16,5,2026/1/21,561,0
r14757,EnjoyJune,3,16,2026/1/23,1225,0
r14758,LingOrm,35,140,2026/1/22,75888,1
r14759,EmiBonnie,19,7,2026/2/11,559,0
r14760,EmiBonnie,8,17,2026/1/24,3984,1
r14761,EnjoyJune,26,26,2026/3/20,9339,1
r14762,LenaMiu,24,21,2026/1/22,7707,1
r14763,EnjoyJune,20,30,2026/1/27,8698,1
r14764,LingOrm,2,1,2026/2/1,104,0
r14765,FreenBecky,28,13,2026/1/23,4896,1
r14766,KaoJaneJaneKao,2,5,2026/1/22,329,0
r14767,EngLot,3,13,2026/1/22,2895,0
r14768,GinJay,10,10,2026/1/22,2632,1
r14769,JuneMewnich,6,4,2026/3/16,349,0
r14770,EngLot,31,47,2026/2/3,43875,1
r14771,EmiBonnie,35,262,2026/1/24,69390,1
r14772,EngLot,4,1,2026/1/26,89,0
r14773,JanJingjing,19,74,2026/1/26,8611,0
r14774,JuneMewnich,9,8,2026/3/14,572,0
r14775,MeenBabe,15,7,2026/2/1,2480,0
r14776,LingOrm,13,46,2026/2/7,16067,0
r14777,LenaMiu,16,144,2026/1/24,36292,1
r14778,LingOrm,6,9,2026/4/1,914,0
r14779,FreenBecky,23,5,2026/6/4,1623,1
r14780,KaoJaneJaneKao,5,5,2026/1/23,717,1
r14781,TkNur,8,5,2026/1/23,1175,0
r14782,LenaMiu,5,7,2026/1/23,764,0
r14783,LenaMiu,6,10,2026/3/11,904,0
r14784,LenaMiu,9,8,2026/1/24,1767,0
r14785,NamneungNoey,1,0,2026/1/23,34,0
r14786,KaoJaneJaneKao,1,7,2026/3/12,203,0
r14787,LingOrm,19,16,2026/1/25,7648,0
r14788,TkNur,1,8,2026/3/28,212,0
r14789,ViewMim,4,3,2026/1/24,194,0
r14790,LingOrm,2,20,2026/1/24,2180,0
r14791,OomBam,13,52,2026/1/26,9233,0
r14792,AndaLookkaew,10,44,2026/1/24,5882,0
r14793,LenaMiu,12,118,2026/3/6,30276,1
r14794,KaoJaneJaneKao,6,7,2026/1/25,710,0
r14795,LenaMiu,1,23,2026/1/23,2414,1
r14796,NamtanFilm,1,10,2026/1/30,448,0
r14797,LingOrm,21,458,2026/2/14,136590,1
r14798,MilkLove,6,7,2026/1/25,1217,1
r14799,LenaMiu,5,16,2026/1/24,2213,0
r14800,LingOrm,26,279,2026/2/9,110312,1
r14801,LingOrm,2,4,2026/1/24,194,0
r14803,LingOrm,1,2,2026/1/24,171,0
r14804,TkNur,21,23,2026/1/27,8955,1
r14805,LingOrm,22,13,2026/1/25,4138,1
r14806,GinJay,14,12,2026/1/24,1585,1
r14807,LingOrm,4,0,2026/1/24,97,0
r14808,MablePangjie,9,34,2026/1/24,5064,1
r14809,EmiBonnie,4,142,2026/2/6,6676,0
r14810,FreenBecky,26,104,2026/1/25,47830,0
r14811,MilkLove,13,40,2026/4/29,9834,1
r14812,JanJingjing,10,100,2026/1/25,21328,1
r14813,EngLot,13,33,2026/1/25,21783,0
r14814,NamtanFilm,11,4,2026/3/6,703,0
r14815,PahnFond,2,2,2026/1/24,224,0
r14816,TkNur,2,3,2026/1/24,305,0
r14817,GinJay,21,8,2026/1/24,2499,1
r14818,NamtanFilm,11,12,2026/1/26,4524,1
r14819,LingOrm,22,5,2026/1/24,1684,1
r14820,TkNur,1,9,2026/1/25,280,0
r14821,FreenBecky,1,4,2026/1/24,63,0
r14822,GinJay,17,6,2026/1/24,1304,1
r14823,LenaMiu,7,24,2026/3/28,4965,0
r14824,LingOrm,8,2,2026/1/24,204,0
r14825,LingOrm,4,0,2026/1/24,71,0
r14826,FreenBecky,7,2,2026/1/25,158,0
r14827,FayMay,4,5,2026/1/25,312,0
r14828,NamtanFilm,4,23,2026/3/30,2426,0
r14829,EmiBonnie,2,2,2026/3/21,302,0
r14830,EmiBonnie,1,0,2026/1/25,52,0
r14831,GinJay,10,26,2026/1/29,6772,0
r14832,LingOrm,21,77,2026/1/31,26233,0
r14833,GinJay,14,74,2026/2/4,15690,1
r14834,NamtanFilm,1,4,2026/4/6,224,0
r14835,LenaMiu,3,3,2026/1/25,884,0
r14836,NamtanFilm,1,1,2026/1/25,73,1
r14837,KaoJaneJaneKao,9,37,2026/1/25,3332,0
r14838,EngLot,1,4,2026/5/11,200,0
r14839,EngLot,4,3,2026/1/30,453,0
r14840,FreenBecky,1,3,2026/1/25,508,0
r14841,EmiBonnie,10,41,2026/1/25,5353,1
r14842,EngLot,1,3,2026/1/25,223,0
r14843,LingOrm,17,5,2026/1/25,2645,1
r14844,LingOrm,3,6,2026/1/28,275,0
r14845,LingOrm,1,0,2026/1/25,20,0
r14846,EngLot,27,95,2026/2/15,37753,1
r14847,NamtanFilm,4,1,2026/1/25,125,0
r14848,EngLot,2,2,2026/6/28,168,0
r14849,EngLot,15,5,2026/1/26,3044,1
r14850,FreenBecky,25,350,2026/2/10,76888,1
r14851,LingOrm,14,22,2026/2/20,5096,1
r14852,EmiBonnie,3,14,2026/1/26,1185,0
r14853,EmiBonnie,16,156,2026/1/26,39370,1
r14854,EngLot,14,17,2026/1/26,13064,1
r14855,EmiBonnie,2,22,2026/1/27,834,0
r14856,LenaMiu,5,8,2026/2/2,1877,0
r14857,GinJay,21,7,2026/1/26,1289,1
r14858,AppleMim,3,31,2026/2/1,1544,0
r14859,TkNur,23,16,2026/2/4,5391,1
r14860,OomBam,1,152,2026/2/28,7640,1
r14861,EmiBonnie,5,19,2026/2/5,1808,1
r14862,JanJingjing,2,3,2026/2/22,471,0
r14864,GinJay,2,6,2026/3/8,233,0
r14865,LingOrm,16,3,2026/1/28,1238,0
r14866,LingOrm,11,3,2026/1/26,300,0
r14867,EngLot,41,253,2026/2/7,159740,1
r14868,GinJay,3,33,2026/3/14,2115,0
r14869,EmiBonnie,2,1,2026/6/9,125,1
r14870,LingOrm,9,1,2026/1/28,164,1
r14871,LenaMiu,2,17,2026/3/14,1569,0
r14872,LenaMiu,6,5,2026/1/27,789,0
r14873,LingOrm,7,4,2026/1/27,1376,0
r14874,LingOrm,15,81,2026/1/27,16464,0
r14875,EmiBonnie,2,0,2026/1/27,26,0
r14876,FayMay,10,14,2026/3/10,1163,1
r14877,FreenBecky,8,24,2026/2/9,1333,0
r14878,FreenBecky,1,3,2026/7/23,67,0
r14879,EmiBonnie,1,1,2026/1/27,191,0
r14880,JanJingjing,5,24,2026/2/14,3128,1
r14881,KaoJaneJaneKao,3,13,2026/2/14,781,0
r14882,LingOrm,31,109,2026/4/17,42180,0
r14883,MablePangjie,1,13,2026/1/27,412,0
r14884,LingOrm,1,1,2026/4/29,70,0
r14885,MablePangjie,7,41,2026/1/28,3952,1
r14886,JuneMewnich,36,2,2026/1/28,751,1
r14887,EmiBonnie,6,9,2026/1/28,1488,0
r14888,MilkLove,5,4,2026/6/14,1738,1
r14889,EngLot,1,3,2026/2/2,159,0
r14890,LingOrm,16,78,2026/1/30,12497,0
r14891,EmiBonnie,2,1,2026/1/28,23,0
r14892,GinJay,18,9,2026/1/28,2195,1
r14893,MablePangjie,2,23,2026/5/2,3004,0
r14894,NamneungNoey,13,17,2026/2/1,2503,0
r14895,LingOrm,40,9,2026/1/30,4903,1
r14896,EmiBonnie,4,9,2026/1/28,829,0
r14897,FreenBecky,1,4,2026/1/28,201,0
r14898,LenaMiu,7,25,2026/1/28,8314,1
r14899,EngLot,2,0,2026/2/1,172,0
r14900,KaoJaneJaneKao,25,16,2026/1/30,5750,1
r14901,FreenBecky,10,76,2026/4/26,13138,1
r14902,FreenBecky,18,16,2026/3/14,4284,1
r14903,FreenBecky,18,22,2026/3/10,5793,1
r14904,EmiBonnie,4,10,2026/1/28,958,0
r14905,KaoJaneJaneKao,2,10,2026/1/31,688,0
r14906,LenaMiu,1,2,2026/1/28,75,0
r14907,LingOrm,1,2,2026/1/30,59,0
r14908,NamtanFilm,7,3,2026/1/30,1123,0
r14909,EngLot,7,45,2026/2/8,8725,0
r14911,MablePangjie,23,31,2026/2/24,7480,1
r14912,LenaMiu,3,7,2026/2/1,474,0
r14913,FreenBecky,2,18,2026/7/6,770,0
r14914,MilkLove,20,0,2026/1/29,808,1
r14915,KaoJaneJaneKao,11,30,2026/1/29,2091,0
r14916,EmiBonnie,6,3,2026/3/14,719,1
r14917,JanJingjing,13,43,2026/2/1,7328,0
r14918,LingOrm,11,3,2026/2/1,905,0
r14919,EngLot,19,18,2026/1/29,12303,1
r14920,LenaMiu,5,7,2026/1/29,969,0
r14921,MeenBabe,1,12,2026/1/29,1535,1
r14922,EngLot,14,40,2026/2/3,14255,0
r14923,EngLot,12,7,2026/6/16,2907,0
r14925,LingOrm,7,0,2026/1/30,226,0
r14926,MilkLove,5,6,2026/2/9,840,0
r14927,LenaMiu,4,4,2026/1/30,661,0
r14928,LillyBelle,11,8,2026/2/6,603,1
r14929,LingOrm,2,2,2026/1/29,103,0
r14930,EngLot,4,1,2026/1/30,228,0
r14931,GinJay,14,12,2026/1/29,1618,1
r14932,NamtanFilm,1,5,2026/8/31,23,0
r14933,EmiBonnie,21,37,2026/4/1,7932,1
r14934,FreenBecky,1,1,2026/2/28,69,0
r14935,EmiBonnie,45,369,2026/3/18,142827,1
r14936,GinJay,7,20,2026/1/30,2617,0
r14937,JanJingjing,2,44,2026/2/17,2178,0
r14938,LMSY,5,3,2026/3/1,559,0
r14939,KaoJaneJaneKao,7,27,2026/2/20,1971,0
r14940,EmiBonnie,3,42,2026/4/8,2598,0
r14941,LenaMiu,12,17,2026/1/30,2554,0
r14942,TkNur,24,1,2026/4/4,469,0
r14943,LingOrm,8,4,2026/2/2,1747,1
r14944,LingOrm,3,0,2026/1/30,11,0
r14945,GinJay,4,6,2026/1/30,549,0
r14946,EmiBonnie,9,8,2026/1/30,2600,1
r14947,EmiBonnie,5,3,2026/7/2,406,1
r14948,EnjoyJune,3,47,2026/1/31,4712,0
r14949,NamneungNoey,9,34,2026/2/1,3479,1
r14950,EmiBonnie,4,6,2026/2/1,299,0
r14951,EmiBonnie,10,7,2026/1/31,1198,0
r14952,LingOrm,1,9,2026/1/31,623,0
r14953,KaoJaneJaneKao,1,15,2026/2/3,496,0
r14954,EmiBonnie,3,14,2026/2/2,980,1
r14955,LingOrm,4,10,2026/1/31,724,0
r14956,LenaMiu,15,70,2026/2/1,25536,0
r14957,LingOrm,2,0,2026/1/31,67,0
r14958,KaoJaneJaneKao,6,29,2026/1/31,2013,0
r14959,LingOrm,17,1,2026/2/2,505,0
r14960,LenaMiu,1,4,2026/1/31,310,0
r14961,MablePangjie,3,13,2026/2/24,626,1
r14962,JanJingjing,6,76,2026/2/1,7789,0
r14963,MablePangjie,11,44,2026/1/31,8637,1
r14964,EmiBonnie,1,3,2026/3/24,80,0
r14965,EmiBonnie,10,41,2026/2/1,10794,0
r14966,EngLot,8,13,2026/2/14,5572,1
r14967,EmiBonnie,3,5,2026/3/24,461,0
r14968,LingOrm,24,51,2026/3/1,27303,1
r14969,LingOrm,9,33,2026/2/1,10337,0
r14970,EmiBonnie,8,17,2026/2/1,3741,1
r14971,EmiBonnie,1,0,2026/1/31,137,0
r14972,LingOrm,13,2,2026/1/31,534,1
r14973,TkNur,2,9,2026/2/2,383,0
r14974,EngLot,15,129,2026/2/2,55428,1
r14975,KaoJaneJaneKao,10,20,2026/3/22,1933,0
r14976,EnjoyJune,10,2,2026/5/21,1027,0
r14977,MablePangjie,1,8,2026/2/1,206,0
r14978,FreenBecky,12,17,2026/2/2,6138,0
r14979,EmiBonnie,2,3,2026/2/1,624,1
r14980,EngLot,2,2,2026/2/1,68,0
r14981,MablePangjie,10,21,2026/2/1,2785,1
r14982,LingOrm,14,4,2026/2/14,1108,0
r14983,LingOrm,19,56,2026/2/1,17056,1
r14984,NamtanFilm,2,4,2026/2/1,252,0
r14985,JanJingjing,4,36,2026/2/7,5768,1
r14986,TkNur,4,6,2026/2/1,731,0
r14987,LenaMiu,17,17,2026/2/2,6411,1
r14988,LingOrm,14,6,2026/2/1,563,1
r14989,EmiBonnie,7,4,2026/2/1,1386,0
r14990,EnjoyJune,1,21,2026/2/3,665,0
r14991,JanJingjing,2,65,2026/6/11,3140,0
r14992,LingOrm,1,8,2026/3/14,425,1
r14993,ViewJune,1,0,2026/2/1,23,1
r14994,LenaMiu,7,8,2026/2/2,1439,0
r14995,LingOrm,1,0,2026/2/2,69,0
r14996,EngLot,13,8,2026/2/9,5297,1
r14997,EngLot,23,307,2026/3/7,142753,1
r14998,LingOrm,42,2187,2026/2/12,986381,1
r14999,LingOrm,20,32,2026/2/3,17554,1
r15000,FreenBecky,6,19,2026/2/6,1659,0
r15001,EmiBonnie,2,6,2026/5/24,248,0
r15002,FayMay,3,8,2026/3/10,399,0
r15003,LingOrm,33,208,2026/2/3,127367,1
r15004,MilkLove,7,73,2026/2/4,8021,1
r15005,LingOrm,2,2,2026/2/2,39,0
r15007,FreenBecky,1,1,2026/2/2,45,0
r15008,LingOrm,5,0,2026/2/7,48,0
r15009,FayMay,2,1,2026/8/16,52,0
r15010,EmiBonnie,9,4,2026/2/2,602,1
r15011,NamtanFilm,11,1,2026/2/7,319,0
r15012,NamneungNoey,1,2,2026/2/2,24,0
r15013,EmiBonnie,2,2,2026/2/2,269,0
r15015,LenaMiu,2,92,2026/4/12,6966,0
r15016,NamneungNoey,14,7,2026/2/2,2455,1
r15017,LingOrm,1,229,2026/2/16,11298,0
r15018,EmiBonnie,23,5,2026/2/2,916,1
r15019,EmiBonnie,4,6,2026/2/15,1251,0
r15020,KaoJaneJaneKao,9,14,2026/2/3,1582,0
r15021,NamneungNoey,1,1,2026/3/6,124,0
r15022,EngLot,47,71,2026/2/7,27449,1
r15023,EngLot,3,2,2026/2/3,1208,1
r15024,LingOrm,31,32,2026/2/5,25867,1
r15025,LingOrm,10,16,2026/3/15,7765,0
r15026,LenaMiu,16,109,2026/2/3,16712,0
r15027,NamneungNoey,3,1,2026/2/3,297,1
r15028,NamtanFilm,11,4,2026/2/3,763,1
r15029,MilkLove,4,5,2026/2/3,648,1
r15030,FreenBecky,2,2,2026/2/4,84,0
r15031,NamtanFilm,14,14,2026/2/26,3428,0
r15032,EngLot,46,41,2026/2/7,16105,1
r15033,EmiBonnie,13,327,2026/2/4,61588,1
r15034,EmiBonnie,20,8,2026/2/18,2006,1
r15035,EngLot,50,42,2026/2/7,18448,1
r15036,LenaMiu,9,7,2026/2/4,2557,0
r15037,LenaMiu,2,15,2026/3/19,1332,0
r15038,JanJingjing,1,16,2026/6/9,842,0
r15039,LingOrm,40,116,2026/2/10,80310,1
r15040,FreenBecky,7,51,2026/2/6,2716,1
r15041,EmiBonnie,1,10,2026/2/4,947,0
r15042,EmiBonnie,5,17,2026/2/14,1354,1
r15043,NamneungNoey,5,9,2026/2/4,2112,1
r15045,EngLot,1,0,2026/7/20,86,0
r15046,LenaMiu,30,102,2026/3/27,45826,0
r15047,LingOrm,5,14,2026/2/4,1436,0
r15048,LingOrm,5,6,2026/2/25,1404,0
r15049,EmiBonnie,8,11,2026/2/4,1492,1
r15050,FreenBecky,2,29,2026/2/5,905,0
r15051,LenaMiu,1,10,2026/2/12,529,0
r15052,JuneMewnich,3,2,2026/2/5,267,0
r15053,LingOrm,2,4,2026/2/5,333,0
r15054,MilkLove,1,0,2026/2/4,39,0
r15055,LenaMiu,5,2,2026/8/8,1760,0
r15056,LingOrm,3,3,2026/2/5,491,0
r15057,GinJay,9,11,2026/2/5,2340,0
r15058,LenaMiu,20,17,2026/2/22,5295,1
r15059,LenaMiu,7,8,2026/2/5,2978,0
r15060,EmiBonnie,1,0,2026/2/5,19,0
r15061,LingOrm,2,5,2026/2/13,96,0
r15062,LingOrm,10,26,2026/2/7,6788,1
r15063,EmiBonnie,2,0,2026/2/8,29,0
r15064,LingOrm,17,4,2026/2/5,1666,1
r15065,EmiBonnie,1,4,2026/2/6,293,0
r15066,LingOrm,1,1,2026/2/13,122,0
r15067,LenaMiu,6,6,2026/2/6,1101,0
r15069,LenaMiu,26,175,2026/2/19,92768,1
r15070,MilkLove,10,76,2026/2/19,10009,0
r15071,LingOrm,1,0,2026/5/12,12,0
r15072,MablePangjie,3,9,2026/2/6,408,0
r15073,MeenBabe,20,18,2026/5/7,7123,0
r15074,LingOrm,23,143,2026/2/7,65134,1
r15075,EmiBonnie,4,4,2026/2/23,507,0
r15076,LingOrm,26,33,2026/2/6,16305,1
r15077,NamtanFilm,4,8,2026/2/6,393,1
r15078,LingOrm,2,19,2026/7/10,794,0
r15079,KaoJaneJaneKao,6,33,2026/2/6,2804,0
r15080,MablePangjie,8,22,2026/2/8,1873,0
r15081,GinJay,8,14,2026/2/16,2660,1
r15082,LingOrm,7,33,2026/2/6,6083,0
r15083,JuneMewnich,7,22,2026/2/15,1715,0
r15084,EmiBonnie,1,0,2026/2/12,13,0
r15085,LenaMiu,8,17,2026/2/7,3143,1
r15086,EmiBonnie,11,12,2026/2/6,2236,0
r15087,LingOrm,10,6,2026/2/9,408,0
r15088,LingOrm,6,4,2026/4/1,415,0
r15089,TkNur,11,11,2026/2/6,1946,1
r15090,LingOrm,26,305,2026/2/17,100381,1
r15091,LenaMiu,2,4,2026/2/6,264,0
r15092,LingOrm,13,51,2026/5/10,18020,1
r15093,NamtanFilm,1,0,2026/2/28,50,0
r15094,EmiBonnie,3,4,2026/2/7,54,0
r15095,EmiBonnie,8,2,2026/2/7,139,0
r15096,KaoJaneJaneKao,2,21,2026/2/8,1070,0
r15097,FreenBecky,12,20,2026/2/6,1431,1
r15098,LingOrm,9,8,2026/3/8,1024,0
r15099,EmiBonnie,24,15,2026/2/7,7115,1
r15100,EngLot,21,1,2026/2/7,240,0
r15101,NamtanFilm,6,17,2026/2/9,1642,1
r15102,EngLot,3,12,2026/2/27,979,0
r15103,EmiBonnie,1,0,2026/2/8,17,0
r15104,TkNur,2,4,2026/2/17,350,0
r15105,LingOrm,1,0,2026/2/7,81,1
r15106,FreenBecky,31,104,2026/2/8,46906,1
r15107,LenaMiu,15,156,2026/3/1,35408,1
r15108,ArhoungPam,2,0,2026/2/7,40,0
r15109,NamtanFilm,3,11,2026/2/22,719,0
r15110,EngLot,16,50,2026/7/20,17144,0
r15111,LingOrm,5,7,2026/2/7,801,1
r15112,MilkLove,4,56,2026/5/10,4449,0
r15113,LingOrm,7,7,2026/2/9,446,0
r15114,AppleMim,2,28,2026/2/7,2253,0
r15115,EnjoyJune,3,18,2026/2/23,1819,0
r15116,EngLot,20,18,2026/3/6,4460,0
r15117,MablePangjie,7,14,2026/2/7,1477,0
r15118,EngLot,21,4,2026/2/8,5328,0
r15119,EmiBonnie,9,2,2026/2/9,852,0
r15120,LenaMiu,16,150,2026/2/9,35473,1
r15121,MablePangjie,18,9,2026/2/8,2874,1
r15122,LingOrm,2,34,2026/6/1,1914,0
r15123,KaoJaneJaneKao,3,2,2026/2/8,144,0
r15124,EnjoyJune,18,18,2026/2/8,5051,1
r15125,GinJay,18,7,2026/2/7,1134,1
r15126,MablePangjie,4,2,2026/2/10,100,0
r15128,GinJay,18,5,2026/2/7,1169,1
r15129,LingOrm,9,88,2026/2/21,19810,0
r15130,MablePangjie,5,7,2026/4/23,307,1
r15131,LenaMiu,5,31,2026/2/11,3929,0
r15132,EngLot,16,108,2026/2/11,69744,1
r15133,LenaMiu,3,9,2026/3/9,1857,0
r15134,EmiBonnie,2,0,2026/2/8,165,0
r15135,ViewJune,1,2,2026/2/8,56,0
r15136,NamtanFilm,2,3,2026/2/8,342,0
r15138,LingOrm,1,2,2026/2/8,57,0
r15139,FreenBecky,15,5,2026/2/10,444,0
r15140,AppleMim,1,1,2026/6/6,131,0
r15141,TkNur,4,9,2026/2/8,347,0
r15142,LingOrm,6,3,2026/3/9,103,0
r15143,TkNur,11,14,2026/3/22,3673,0
r15144,KaoJaneJaneKao,4,3,2026/2/9,181,0
r15146,EmiBonnie,2,1,2026/2/8,30,0
r15147,MilkLove,2,3,2026/2/8,50,0
r15148,LingOrm,1,11,2026/2/25,543,0
r15149,EngLot,27,2,2026/2/8,1813,0
r15150,LenaMiu,3,14,2026/2/13,1567,0
r15151,JuneMewnich,3,5,2026/3/17,217,0
r15153,LingOrm,41,116,2026/2/14,74866,1
r15154,LMSY,3,0,2026/2/10,74,0
r15155,MablePangjie,9,25,2026/2/9,2415,1
r15156,EmiBonnie,2,0,2026/2/15,171,0
r15158,LingOrm,1,4,2026/2/13,201,0
r15159,LenaMiu,32,23,2026/2/9,13752,1
r15160,EnjoyJune,25,46,2026/2/23,17075,1
r15161,LingOrm,9,4,2026/2/18,1047,1
r15162,NamtanFilm,15,2,2026/2/19,672,1
r15163,FreenBecky,2,16,2026/4/30,846,0
r15165,LingOrm,17,177,2026/2/10,85397,1
r15166,GinJay,4,6,2026/2/11,488,0
r15167,TkNur,4,4,2026/2/9,548,0
r15168,MilkLove,19,12,2026/2/11,5589,1
r15169,MilkLove,2,1,2026/2/27,165,0
r15170,FreenBecky,11,60,2026/3/31,8270,0
r15171,LingOrm,28,95,2026/2/16,19339,1
r15172,EmiBonnie,14,571,2026/2/16,90557,1
r15173,FreenBecky,26,12,2026/2/9,4645,1
r15174,FreenBecky,10,4,2026/2/10,645,1
r15175,LenaMiu,21,350,2026/2/21,82882,1
r15176,NamtanFilm,2,8,2026/3/10,839,0
r15177,JanJingjing,6,60,2026/6/23,5261,0
r15178,LenaMiu,6,8,2026/2/10,847,0
r15179,LingOrm,6,16,2026/2/10,1808,1
r15180,LingOrm,1,8,2026/4/24,964,1
r15181,FreenBecky,8,22,2026/2/10,2007,1
r15182,EmiBonnie,12,65,2026/2/11,12765,1
r15183,LingOrm,13,4,2026/4/7,1385,0
r15184,EmiBonnie,5,3,2026/2/10,503,0
r15185,EmiBonnie,1,1,2026/2/11,35,0
r15186,MilkLove,4,3,2026/2/22,185,1
r15187,LenaMiu,3,13,2026/2/11,1672,0
r15188,EmiBonnie,1,10,2026/8/15,264,0
r15189,LingOrm,43,56,2026/2/10,25339,1
r15190,GinJay,1,3,2026/2/10,192,1
r15191,FreenBecky,1,2,2026/2/12,59,0
r15192,MablePangjie,4,6,2026/2/11,420,1
r15193,EmiBonnie,6,10,2026/2/15,3754,1
r15194,GinJay,1,1,2026/2/12,59,0
r15195,LingOrm,21,51,2026/2/27,17729,0
r15196,EmiBonnie,2,1,2026/2/11,64,0
r15197,LingOrm,9,27,2026/2/21,9552,1
r15198,LenaMiu,5,4,2026/2/12,936,0
r15199,FreenBecky,14,46,2026/2/11,4302,1
r15200,EmiBonnie,6,1,2026/2/11,135,1
r15201,FreenBecky,12,7,2026/2/19,2840,0
r15202,NamtanFilm,7,7,2026/2/12,471,1
r15203,FreenBecky,2,1,2026/2/11,75,0
r15204,LingOrm,1,17,2026/3/14,987,1
r15205,NamneungNoey,6,0,2026/2/11,20,1
r15206,LingOrm,6,10,2026/6/1,1298,0
r15207,LenaMiu,4,10,2026/2/12,2207,0
r15208,GinJay,21,10,2026/2/11,3030,1
r15209,MablePangjie,9,8,2026/2/12,576,1
r15210,LingOrm,2,2,2026/2/24,250,0
r15211,EnjoyJune,6,22,2026/2/12,2471,0
r15212,LenaMiu,6,6,2026/2/15,1585,0
r15213,EngLot,1,0,2026/2/12,84,0
r15214,EnjoyJune,7,78,2026/2/13,8249,1
r15215,EnjoyJune,8,14,2026/2/20,869,0
r15216,MablePangjie,17,8,2026/3/3,1062,1
r15217,EmiBonnie,1,3,2026/3/6,57,0
r15218,MilkLove,1,1,2026/2/15,70,0
r15219,NamtanFilm,1,0,2026/2/13,44,0
r15220,FreenBecky,11,108,2026/4/16,16154,1
r15222,EngLot,12,67,2026/2/12,22765,1
r15223,FayMay,5,15,2026/2/13,979,0
r15224,LingOrm,1,0,2026/2/13,27,0
r15225,GinJay,20,13,2026/2/12,2101,1
r15226,NamneungNoey,7,1,2026/2/12,496,0
r15227,LingOrm,11,107,2026/2/12,33947,1
r15228,LingOrm,25,29,2026/2/12,5292,1
r15229,TkNur,15,7,2026/2/15,2735,1
r15230,LenaMiu,4,243,2026/3/9,22093,0
r15231,FreenBecky,1,1,2026/2/13,96,1
r15232,LingOrm,12,22,2026/2/23,7001,1
r15233,LingOrm,43,55,2026/2/13,19044,1
r15235,FreenBecky,13,15,2026/2/13,2279,1
r15236,GinJay,3,9,2026/2/13,607,0
r15238,LingOrm,12,27,2026/3/1,7097,0
r15239,LenaMiu,10,11,2026/2/13,5244,1
r15240,EmiBonnie,12,657,2026/2/15,53550,1
r15241,LingOrm,14,10,2026/2/13,4165,1
r15242,LingOrm,1,1,2026/2/14,271,0
r15243,LingOrm,12,3,2026/2/13,615,1
r15244,FayMay,1,9,2026/5/23,132,0
r15245,LingOrm,2,5,2026/2/13,48,0
r15246,LingOrm,1,0,2026/2/14,26,0
r15247,LenaMiu,5,2,2026/2/14,711,0
r15248,LingOrm,14,2,2026/2/13,309,0
r15249,MablePangjie,2,3,2026/2/14,183,0
r15250,JanJingjing,2,3,2026/7/11,410,0
r15251,LingOrm,1,2,2026/2/14,184,0
r15252,LingOrm,23,231,2026/2/17,71085,0
r15253,EmiBonnie,3,3,2026/2/17,193,0
r15254,LingOrm,2,0,2026/2/14,50,0
r15255,GinJay,16,36,2026/2/14,8440,1
r15256,EngLot,1,2,2026/4/18,251,0
r15257,TkNur,3,3,2026/2/14,282,0
r15258,NamtanFilm,2,29,2026/6/27,965,0
r15259,MilkLove,21,4,2026/2/14,657,1
r15260,EmiBonnie,8,2,2026/2/15,387,1
r15261,ArhoungPam,4,3,2026/2/14,157,1
r15262,FreenBecky,6,1,2026/2/18,456,0
r15263,NamtanFilm,5,0,2026/2/26,184,0
r15264,LenaMiu,10,3,2026/2/26,1647,1
r15265,LillyBelle,7,0,2026/2/27,282,0
r15266,EmiBonnie,2,0,2026/2/14,51,0
r15267,FayMay,2,4,2026/2/26,165,0
r15268,AppleMim,3,2,2026/2/28,311,0
r15269,MilkLove,1,1,2026/2/15,59,0
r15270,LingOrm,2,1,2026/2/15,97,0
r15271,MablePangjie,1,17,2026/2/16,393,0
r15272,LingOrm,4,14,2026/2/20,2387,0
r15273,LingOrm,39,43,2026/2/14,9688,1
r15274,EmiBonnie,15,300,2026/6/26,54469,1
r15275,EngLot,42,252,2026/2/21,201189,1
r15276,FreenBecky,3,3,2026/2/15,306,1
r15278,MilkLove,9,5,2026/2/14,1129,1
r15279,EmiBonnie,10,6,2026/2/19,2948,1
r15280,EmiBonnie,12,1,2026/2/21,393,0
r15281,JanJingjing,2,5,2026/2/15,288,0
r15282,EmiBonnie,5,2,2026/2/15,219,0
r15283,FreenBecky,8,2,2026/2/15,274,1
r15284,LingOrm,28,23,2026/2/15,6216,1
r15285,EngLot,61,88,2026/2/25,69961,1
r15286,EngLot,13,31,2026/2/15,18260,1
r15287,EngLot,30,50,2026/3/7,26796,1
r15288,NamtanFilm,6,8,2026/2/15,875,0
r15289,EmiBonnie,14,2,2026/2/15,725,1
r15290,FreenBecky,31,3,2026/2/15,356,0
r15291,NamtanFilm,53,40,2026/2/20,11342,1
r15292,FreenBecky,13,4,2026/2/15,499,1
r15293,LenaMiu,9,13,2026/2/15,2030,1
r15294,EmiBonnie,1,1,2026/2/15,87,0
r15296,LingOrm,1,22,2026/6/4,820,0
r15297,GinJay,10,33,2026/3/6,8375,1
r15298,EngLot,3,16,2026/3/8,1636,0
r15299,NamtanFilm,9,68,2026/2/16,12192,0
r15300,LenaMiu,14,283,2026/2/22,29845,0
r15301,LingOrm,11,6,2026/2/21,1295,1
r15302,JanJingjing,5,108,2026/3/1,9671,0
r15303,EmiBonnie,4,9,2026/4/28,480,0
r15304,MablePangjie,3,12,2026/2/22,814,0
r15305,EngLot,20,18,2026/3/10,5010,1
r15306,MeenBabe,13,11,2026/2/16,4202,1
r15307,AppleMim,3,14,2026/2/16,933,0
r15308,EmiBonnie,2,1,2026/5/8,76,0
r15309,EngLot,4,31,2026/2/16,9782,0
r15310,LingOrm,7,2,2026/2/17,514,0
r15311,FayeAtom,5,7,2026/3/3,608,0
r15312,EngLot,1,2,2026/2/16,100,0
r15313,EngLot,26,273,2026/3/26,91069,0
r15314,EnjoyJune,30,43,2026/2/16,18996,1
r15315,FreenBecky,1,2,2026/2/23,314,1
r15316,KaoJaneJaneKao,32,27,2026/2/20,6362,1
r15317,EngLot,23,167,2026/2/27,67168,1
r15318,EnjoyJune,2,7,2026/5/11,516,0
r15319,EngLot,40,17,2026/2/16,22637,1
r15320,LingOrm,23,445,2026/2/24,124864,0
r15321,EmiBonnie,1,0,2026/2/16,5,0
r15322,EngLot,18,129,2026/2/17,56114,1
r15323,MilkLove,1,6,2026/2/16,277,0
r15324,NamtanFilm,3,1,2026/2/17,261,1
r15325,FayMay,4,4,2026/2/16,688,0
r15326,KaoJaneJaneKao,16,72,2026/3/24,8266,1
r15327,NamtanFilm,20,24,2026/2/17,5809,1
r15328,LingOrm,1,0,2026/2/17,20,0
r15329,LingOrm,15,38,2026/2/18,17394,1
r15330,EmiBonnie,8,130,2026/2/20,16975,0
r15331,FreenBecky,16,4,2026/2/16,755,0
r15332,LingOrm,29,192,2026/5/11,73650,1
r15333,NamtanFilm,10,24,2026/3/3,5683,0
r15334,LingOrm,12,111,2026/2/17,29157,1
r15335,LingOrm,4,0,2026/2/17,125,0
r15336,LenaMiu,1,8,2026/2/17,1218,1
r15337,KaoJaneJaneKao,1,1,2026/2/19,52,0
r15338,LingOrm,5,4,2026/2/18,199,0
r15339,JanJingjing,1,1,2026/2/18,133,0
r15340,EmiBonnie,4,3,2026/4/10,349,0
r15341,LingOrm,9,4,2026/2/17,1645,0
r15342,EmiBonnie,12,100,2026/2/17,13183,1
r15343,LenaMiu,3,4,2026/2/17,343,0
r15345,EnjoyJune,7,10,2026/2/17,1317,0
r15346,NamtanFilm,5,10,2026/2/23,887,0
r15347,LingOrm,26,341,2026/2/18,148323,1
r15348,EmiBonnie,10,42,2026/2/20,6074,1
r15349,LingOrm,41,79,2026/2/18,42419,1
r15350,FreenBecky,8,22,2026/2/22,1280,0
r15351,LenaMiu,8,9,2026/2/20,2917,1
r15352,LingOrm,2,0,2026/2/18,67,0
r15353,LingOrm,1,4,2026/3/8,233,0
r15354,FreenBecky,23,101,2026/2/18,32723,1
r15355,NamtanFilm,7,5,2026/2/18,983,0
r15356,EngLot,9,19,2026/3/7,7031,1
r15357,EnjoyJune,15,7,2026/2/18,2494,0
r15358,LingOrm,1,13,2026/2/18,1223,1
r15359,EmiBonnie,9,6,2026/3/2,1002,0
r15360,LingOrm,21,57,2026/5/19,31105,1
r15361,LingOrm,19,48,2026/3/7,19261,1
r15362,MilkLove,6,7,2026/2/18,719,1
r15363,LingOrm,14,9,2026/2/18,3637,1
r15365,LingOrm,2,0,2026/2/19,118,0
r15366,EmiBonnie,5,10,2026/2/19,837,1
r15367,MilkLove,19,56,2026/2/19,8287,1
r15368,LenaMiu,1,10,2026/2/19,679,0
r15369,MeenBabe,1,0,2026/2/21,240,0
r15370,LingOrm,5,5,2026/6/4,444,0
r15371,LingOrm,38,20,2026/3/29,9810,1
r15372,FreenBecky,2,17,2026/2/20,694,1
r15373,LingOrm,8,1,2026/3/23,371,0
r15374,MilkLove,3,2,2026/4/5,357,0
r15375,EngLot,2,20,2026/3/2,1660,0
r15376,LingOrm,19,1310,2026/2/20,280847,0
r15377,EmiBonnie,2,37,2026/6/1,1402,0
r15378,EngLot,5,0,2026/2/19,734,0
r15379,MilkLove,21,150,2026/2/23,34668,0
r15380,MablePangjie,1,9,2026/2/20,294,0
r15381,LingOrm,9,28,2026/2/22,5901,0
r15382,EngLot,1,1,2026/6/11,72,0
r15383,EmiBonnie,3,4,2026/2/20,404,0
r15384,EngLot,2,2,2026/2/20,540,0
r15385,EmiBonnie,1,3,2026/2/19,70,0
r15386,LingOrm,11,7,2026/2/19,949,0
r15387,EngLot,26,29,2026/4/3,30879,0
r15388,LingOrm,28,483,2026/3/9,200072,1
r15389,FreenBecky,2,0,2026/2/21,43,0
r15390,TkNur,3,7,2026/2/23,736,0
r15391,LingOrm,12,16,2026/2/20,3876,0
r15392,LenaMiu,18,310,2026/6/6,68670,0
r15393,EnjoyJune,50,63,2026/2/20,39350,1
r15394,FreenBecky,22,101,2026/2/21,22099,1
r15395,FreenBecky,5,27,2026/2/22,1795,0
r15396,EngLot,1,0,2026/2/20,25,0
r15397,GinJay,1,21,2026/2/20,831,1
r15398,LingOrm,25,10,2026/4/16,10072,0
r15399,NamtanFilm,1,14,2026/2/21,1080,0
r15400,FreenBecky,4,2,2026/2/20,790,0
r15401,TkNur,2,4,2026/2/20,245,0
r15402,EmiBonnie,20,13,2026/2/21,3643,1
r15403,LingOrm,10,4,2026/2/20,333,0
r15404,LingOrm,1,1,2026/3/9,29,0
r15405,EmiBonnie,12,112,2026/3/7,16201,1
r15406,EmiBonnie,2,0,2026/2/21,124,0
r15407,LingOrm,12,1,2026/2/23,597,0
r15408,NamtanFilm,1,0,2026/2/28,17,0
r15410,EngLot,23,136,2026/5/1,83093,1
r15411,EnjoyJune,1,10,2026/2/22,441,0
r15412,EmiBonnie,9,57,2026/3/8,4414,0
r15413,EmiBonnie,11,135,2026/2/21,19459,1
r15414,EngLot,1,2,2026/4/12,106,0
r15415,AppleMim,9,23,2026/2/21,2099,0
r15416,MeenBabe,9,6,2026/2/21,1781,1
r15417,EmiBonnie,5,9,2026/2/23,897,0
r15418,LingOrm,1,2,2026/2/21,105,0
r15419,LingOrm,12,9,2026/2/22,2052,1
r15420,FreenBecky,1,50,2026/3/12,2295,0
r15421,LenaMiu,1,14,2026/7/31,649,0
r15422,EngLot,3,2,2026/2/21,487,1
r15423,GinJay,1,11,2026/2/21,459,0
r15424,TkNur,1,3,2026/2/21,393,1
r15425,LenaMiu,30,233,2026/2/28,93090,1
r15426,GinJay,21,4,2026/2/21,738,1
r15427,LillyBelle,1,3,2026/2/21,325,1
r15428,LenaMiu,1,4,2026/2/22,353,0
r15429,FreenBecky,1,1,2026/2/21,28,0
r15430,FreenBecky,1,1,2026/2/21,33,0
r15431,MablePangjie,10,10,2026/2/22,1761,1
r15432,FayMay,15,8,2026/2/22,1445,1
r15433,MablePangjie,9,0,2026/5/7,229,0
r15434,EngLot,9,11,2026/3/7,5417,1
r15435,NamtanFilm,21,39,2026/2/23,12693,0
r15436,LingOrm,1,0,2026/2/22,33,0
r15437,LingOrm,4,4,2026/2/22,606,0
r15438,NamneungNoey,1,0,2026/2/22,45,0
r15439,OomBam,21,30,2026/2/25,4455,1
r15440,OomBam,30,18,2026/3/4,7237,1
r15441,EmiBonnie,4,4,2026/5/9,1410,0
r15442,NamtanFilm,6,24,2026/5/3,4146,0
r15443,FreenBecky,4,2,2026/2/22,185,0
r15444,MablePangjie,2,2,2026/2/22,111,0
r15445,EmiBonnie,1,1,2026/2/22,20,0
r15446,TkNur,7,13,2026/2/22,1863,0
r15447,NamtanFilm,2,0,2026/2/24,64,0
r15448,TkNur,7,23,2026/2/26,3310,1
r15449,LenaMiu,3,4,2026/2/22,922,0
r15450,LingOrm,16,17,2026/2/22,1930,1
r15451,EmiBonnie,2,0,2026/2/23,150,0
r15452,KaoJaneJaneKao,3,4,2026/2/22,303,1
r15453,NamtanFilm,3,4,2026/2/24,493,0
r15454,NamtanFilm,10,54,2026/4/16,3884,1
r15455,GinJay,20,7,2026/2/22,1397,1
r15457,EngLot,1,12,2026/2/23,5785,0
r15458,EmiBonnie,6,7,2026/2/23,1077,1
r15459,JanJingjing,1,3,2026/8/23,57,0
r15460,FayMay,2,1,2026/3/2,150,0
r15461,EmiBonnie,7,1,2026/2/22,186,0
r15462,LingOrm,4,1,2026/2/22,141,0
r15463,EmiBonnie,9,1,2026/2/23,462,0
r15464,LingOrm,4,32,2026/8/6,3228,0
r15465,LingOrm,2,4,2026/3/2,251,0
r15466,EmiBonnie,2,5,2026/2/22,459,0
r15467,FreenBecky,18,20,2026/3/31,4529,1
r15468,MablePangjie,1,2,2026/3/28,185,0
r15469,FreenBecky,18,29,2026/4/2,6779,1
r15470,FreenBecky,18,17,2026/3/15,3854,1
r15471,GinJay,19,101,2026/2/24,23486,0
r15472,NamtanFilm,6,3,2026/2/24,1227,1
r15473,FreenBecky,18,17,2026/4/11,4154,1
r15474,EmiBonnie,1,0,2026/2/24,20,0
r15475,LenaMiu,2,1,2026/7/30,164,0
r15476,LenaMiu,1,1,2026/2/26,132,0
r15477,EngLot,2,5,2026/7/22,485,0
r15478,EmiBonnie,6,3,2026/2/24,803,0
r15479,TkNur,15,21,2026/2/26,5229,1
r15480,LingOrm,19,4,2026/2/23,733,1
r15481,LingOrm,2,3,2026/8/23,85,0
r15482,MablePangjie,5,0,2026/3/14,269,1
r15483,FreenBecky,1,0,2026/2/23,19,0
r15484,LenaMiu,8,7,2026/3/22,1131,0
r15485,LingOrm,16,44,2026/2/28,14131,0
r15486,NamtanFilm,1,3,2026/2/23,290,0
r15489,EmiBonnie,13,244,2026/2/23,43162,1
r15490,MablePangjie,6,1,2026/2/23,241,0
r15491,LingOrm,1,0,2026/2/23,27,0
r15492,EngLot,3,0,2026/6/3,50,0
r15493,EngLot,2,0,2026/3/8,131,0
r15494,PahnFond,5,8,2026/3/7,1500,0
r15495,EmiBonnie,9,79,2026/3/6,11737,0
r15496,FreenBecky,1,2,2026/3/2,102,0
r15497,LenaMiu,5,27,2026/3/12,6495,0
r15498,LingOrm,30,161,2026/2/25,85031,1
r15499,LingOrm,8,5,2026/2/24,626,1
r15500,LingOrm,3,0,2026/3/1,57,0
r15501,GinJay,6,19,2026/2/24,2587,1
r15502,LingOrm,1,2,2026/2/25,89,0
r15503,LingOrm,5,2,2026/2/26,244,0
r15504,LenaMiu,5,8,2026/2/25,2625,0
r15505,LingOrm,4,5,2026/3/21,384,0
r15506,AppleMim,18,38,2026/2/24,4775,1
r15507,LingOrm,2,3,2026/2/24,114,0
r15508,EmiBonnie,5,1,2026/2/25,263,0
r15509,LingOrm,3,1,2026/3/3,32,0
r15510,LingOrm,16,603,2026/7/18,114363,0
r15511,EmiBonnie,23,13,2026/2/25,2761,1
r15512,EmiBonnie,1,0,2026/3/16,19,0
r15513,LingOrm,3,8,2026/2/25,1129,1
r15514,EnjoyJune,11,21,2026/3/17,3194,0
r15515,NamtanFilm,2,16,2026/2/27,475,0
r15516,LingOrm,60,1288,2026/3/9,778683,1
r15518,NamtanFilm,10,42,2026/2/26,8504,1
r15519,MablePangjie,6,1,2026/2/25,374,0
r15520,LingOrm,2,4,2026/2/25,167,0
r15521,KaoJaneJaneKao,31,10,2026/2/27,1057,1
r15523,MeenBabe,7,4,2026/2/25,235,1
r15524,FreenBecky,3,5,2026/8/31,22,0
r15525,TkNur,2,3,2026/3/13,133,0
r15526,EmiBonnie,2,0,2026/2/25,30,0
r15527,EmiBonnie,1,1,2026/2/25,49,0
r15528,GinJay,19,11,2026/2/26,3465,1
r15529,EmiBonnie,7,3,2026/6/20,273,0
r15530,EmiBonnie,11,4,2026/2/26,442,1
r15531,MablePangjie,15,2,2026/4/9,809,1
r15532,LenaMiu,8,6,2026/2/26,1422,1
r15533,LingOrm,16,65,2026/3/1,16721,1
r15534,MablePangjie,2,2,2026/3/16,152,0
r15535,LingOrm,36,9,2026/2/27,3577,1
r15536,MilkLove,1,2,2026/2/26,57,0
r15537,TkNur,16,7,2026/3/2,2051,0
r15538,EmiBonnie,2,0,2026/4/18,39,0
r15539,NamneungNoey,1,0,2026/2/26,3,0
r15540,MeenBabe,7,2,2026/2/27,1492,1
r15541,LingOrm,3,5,2026/2/27,792,0
r15543,ViewJune,2,0,2026/2/28,28,0
r15544,MablePangjie,2,3,2026/2/26,184,0
r15545,GinJay,19,5,2026/2/26,1142,1
r15546,NamtanFilm,5,2,2026/3/9,228,0
r15547,MilkLove,4,1,2026/3/7,407,0
r15548,EnjoyJune,21,19,2026/2/27,7741,0
r15549,EmiBonnie,1,3,2026/3/25,63,0
r15550,EmiBonnie,3,1,2026/4/6,138,0
r15551,KaoJaneJaneKao,3,2,2026/2/26,297,0
r15552,EmiBonnie,8,3,2026/3/4,526,0
r15553,LingOrm,3,1,2026/2/27,174,0
r15554,EmiBonnie,3,10,2026/3/24,554,0
r15555,LingOrm,43,4,2026/2/27,2252,1
r15556,LingOrm,12,67,2026/3/1,16987,1
r15557,LenaMiu,3,9,2026/3/1,1349,0
r15558,KaoJaneJaneKao,1,6,2026/2/27,220,0
r15559,EmiBonnie,5,1,2026/4/3,162,0
r15560,LingOrm,7,10,2026/3/2,1409,0
r15561,LenaMiu,21,196,2026/3/9,31096,1
r15562,EmiBonnie,1,0,2026/2/27,15,0
r15563,AppleMim,1,4,2026/2/27,119,0
r15564,NamneungNoey,2,2,2026/3/8,61,0
r15565,EmiBonnie,1,1,2026/2/27,27,0
r15566,FreenBecky,2,43,2026/4/20,1849,0
r15567,EmiBonnie,44,30,2026/2/27,7048,1
r15568,EnjoyJune,26,32,2026/3/1,10677,1
r15569,MeenBabe,9,13,2026/3/1,3326,1
r15570,EmiBonnie,15,124,2026/4/27,25130,0
r15571,LingOrm,16,73,2026/4/15,12174,0
r15572,LingOrm,10,39,2026/3/8,13454,1
r15573,EngLot,8,8,2026/4/20,2677,1
r15574,FreenBecky,3,16,2026/7/16,1568,0
r15575,NamtanFilm,11,2,2026/3/2,155,0
r15576,EmiBonnie,12,487,2026/3/15,69068,1
r15577,FreenBecky,1,3,2026/2/27,19,0
r15578,LingOrm,2,1,2026/3/7,43,0
r15579,EmiBonnie,5,6,2026/6/17,215,0
r15580,LingOrm,3,0,2026/2/28,69,0
r15581,MilkLove,3,1,2026/2/28,161,0
r15582,LingOrm,3,52,2026/4/1,3201,0
r15583,EmiBonnie,4,2,2026/3/4,116,0
r15584,EnjoyJune,6,8,2026/2/28,796,0
r15585,MilkLove,13,9,2026/3/8,1127,1
r15586,NamtanFilm,6,1,2026/3/3,341,0
r15587,FreenBecky,16,18,2026/2/28,3196,1
r15588,EmiBonnie,5,16,2026/2/28,1828,0
r15589,GinJay,16,6,2026/2/28,829,1
r15590,EnjoyJune,13,17,2026/3/5,4195,1
r15591,EngLot,5,5,2026/2/28,1187,0
r15592,GinJay,4,2,2026/2/28,178,0
r15593,NamneungNoey,5,0,2026/2/28,68,0
r15594,MablePangjie,1,2,2026/7/28,61,0
r15595,EngLot,30,75,2026/5/1,63882,1
r15596,MilkLove,3,2,2026/2/28,94,0
r15597,FreenBecky,2,3,2026/2/28,54,0
r15598,LingOrm,6,2,2026/3/1,232,0
r15599,EngLot,7,25,2026/3/13,3321,0
r15600,LingOrm,46,51,2026/2/28,22037,1
r15601,ViewJune,1,0,2026/3/7,42,0
r15602,TkNur,21,26,2026/3/7,5153,1
r15603,LingOrm,1,2,2026/3/1,52,0
r15604,GinJay,10,19,2026/3/1,3186,0
r15605,EngLot,2,1,2026/3/21,223,0
r15606,FreenBecky,6,8,2026/3/1,318,0
r15607,LingOrm,25,16,2026/3/13,10741,1
r15608,EmiBonnie,3,26,2026/4/3,2288,0
r15609,LingOrm,2,23,2026/3/1,2869,0
r15610,FreenBecky,21,87,2026/3/1,15507,1
r15611,MablePangjie,8,3,2026/3/1,494,1
r15612,LingOrm,1,0,2026/3/1,11,0
r15613,FreenBecky,1,2,2026/3/3,65,0
r15614,ViewJune,1,0,2026/3/7,69,0
r15615,LingOrm,1,21,2026/3/6,3196,1
r15616,EmiBonnie,12,1,2026/3/2,208,0
r15617,EngLot,5,33,2026/3/2,6655,0
r15618,JanJingjing,12,76,2026/3/3,31408,1
r15619,EmiBonnie,2,13,2026/3/1,369,0
r15620,LingOrm,1,1,2026/6/14,13,0
r15621,GinJay,1,2,2026/5/1,169,0
r15622,LingOrm,5,4,2026/3/9,303,0
r15623,LingOrm,48,49,2026/3/1,15668,1
r15624,MilkLove,1,1,2026/3/24,45,0
r15625,JanJingjing,12,42,2026/3/18,9666,1
r15626,LingOrm,18,77,2026/3/10,15941,1
r15627,LingOrm,24,3,2026/3/10,2152,0
r15628,LingOrm,17,60,2026/6/27,8859,0
r15629,FayMay,12,2,2026/3/1,234,0
r15630,EmiBonnie,8,57,2026/6/9,9261,1
r15631,FreenBecky,1,1,2026/3/2,33,0
r15632,EngLot,3,3,2026/4/23,506,0
r15633,FreenBecky,5,5,2026/3/2,173,0
r15635,EnjoyJune,4,16,2026/3/2,1809,0
r15637,NamtanFilm,1,1,2026/3/1,68,0
r15638,LingOrm,7,32,2026/3/3,3987,0
r15639,LenaMiu,19,30,2026/4/25,15696,1
r15640,EmiBonnie,1,14,2026/3/3,467,0
r15642,LingOrm,5,2,2026/3/7,491,0
r15643,LenaMiu,13,54,2026/3/4,17103,1
r15644,LingOrm,8,0,2026/3/2,542,0
r15645,LingOrm,1,4,2026/3/2,330,0
r15646,LenaMiu,3,26,2026/3/19,2585,0
r15647,LingOrm,7,6,2026/3/2,642,1
r15648,LingOrm,4,3,2026/3/2,244,0
r15649,LingOrm,22,35,2026/3/4,11919,1
r15650,LenaMiu,16,3,2026/3/6,1097,1
r15651,EngLot,29,11,2026/3/3,5614,1
r15653,NamtanFilm,2,3,2026/3/3,79,0
r15654,TkNur,7,11,2026/3/2,722,0
r15655,NamtanFilm,5,2,2026/3/2,284,1
r15656,LingOrm,26,6,2026/3/9,1798,1
r15657,LingOrm,2,37,2026/3/2,2396,0
r15658,EnjoyJune,3,8,2026/3/3,654,0
r15659,LingOrm,3,18,2026/3/3,1715,0
r15660,LingOrm,7,2,2026/3/4,286,1
r15661,FayMay,8,1,2026/3/2,356,1
r15662,EngLot,21,8,2026/3/2,9358,1
r15663,NamtanFilm,1,3,2026/3/3,172,0
r15664,FreenBecky,1,3,2026/3/3,53,0
r15665,EmiBonnie,3,2,2026/3/7,30,0
r15666,LingOrm,2,1,2026/3/3,178,0
r15667,EngLot,5,19,2026/6/26,2955,0
r15668,GinJay,13,12,2026/6/3,2706,0
r15669,KaoJaneJaneKao,1,3,2026/3/3,113,0
r15670,AppleMim,2,1,2026/3/3,141,0
r15671,LingOrm,2,4,2026/3/4,752,0
r15672,LingOrm,2,45,2026/3/3,2708,0
r15673,LingOrm,18,286,2026/3/28,68182,1
r15674,GinJay,11,16,2026/3/3,3000,1
r15675,AppleMim,19,45,2026/3/6,9471,1
r15676,FreenBecky,9,0,2026/3/6,76,0
r15677,LingOrm,32,708,2026/3/3,237465,1
r15678,EmiBonnie,12,3,2026/3/3,729,1
r15679,FreenBecky,1,0,2026/3/3,46,0
r15681,GinJay,15,36,2026/3/8,8354,1
r15682,EmiBonnie,4,1,2026/3/5,130,0
r15683,AppleMim,5,7,2026/3/4,602,0
r15685,LingOrm,3,3,2026/3/4,343,0
r15686,LingOrm,26,41,2026/3/3,13009,1
r15687,LingOrm,42,28,2026/3/12,5687,1
r15689,EmiBonnie,3,171,2026/3/4,11301,0
r15690,FreenBecky,4,4,2026/3/4,112,0
r15691,MablePangjie,8,6,2026/3/3,1350,1
r15692,EmiBonnie,6,6,2026/3/3,260,1
r15693,LingOrm,2,2,2026/3/12,79,0
r15694,LingOrm,20,5,2026/3/4,2945,1
r15695,EnjoyJune,12,36,2026/3/13,7117,0
r15696,FreenBecky,1,1,2026/3/3,47,0
r15697,LenaMiu,2,5,2026/3/8,719,0
r15698,EmiBonnie,7,6,2026/3/4,1077,1
r15699,EngLot,10,35,2026/3/29,9872,0
r15700,LingOrm,1,8,2026/3/5,231,0
r15701,EmiBonnie,2,2,2026/3/4,47,0
r15702,LingOrm,45,43,2026/3/4,29188,1
r15703,LingOrm,6,2,2026/3/5,329,1
r15704,AppleMim,2,10,2026/3/5,772,0
r15705,TungpangJessie,7,18,2026/3/8,2005,0
r15706,LenaMiu,7,21,2026/3/9,2104,0
r15707,LingOrm,26,316,2026/3/5,135066,1
r15708,GinJay,10,11,2026/3/4,2331,1
r15709,AppleMim,4,10,2026/3/15,1205,0
r15710,NamneungNoey,2,1,2026/4/3,167,0
r15711,FreenBecky,2,7,2026/5/11,188,0
r15712,LenaMiu,10,13,2026/3/4,4917,1
r15713,JanJingjing,3,3,2026/6/23,481,0
r15714,EnjoyJune,1,13,2026/3/4,562,1
r15715,TkNur,3,7,2026/4/10,307,0
r15717,NamtanFilm,10,2,2026/3/5,358,1
r15718,FreenBecky,5,2,2026/3/5,222,0
r15719,GinJay,13,10,2026/3/4,1278,1
r15720,LingOrm,28,75,2026/5/7,26684,1
r15721,EngLot,45,33,2026/3/8,14408,0
r15722,EmiBonnie,13,4,2026/3/24,1584,1
r15723,FayMay,11,11,2026/3/4,1065,0
r15724,ViewMim,4,2,2026/3/4,188,1
r15725,EngLot,43,71,2026/3/18,15727,0
r15726,EngLot,23,25,2026/3/27,18831,1
r15727,LingOrm,1,1,2026/3/5,74,0
r15728,LingOrm,1,3,2026/4/4,104,0
r15729,LenaMiu,4,41,2026/7/21,2875,0
r15730,NamtanFilm,7,8,2026/6/15,940,0
r15731,EmiBonnie,4,0,2026/3/15,194,0
r15732,AppleMim,9,14,2026/3/5,2402,0
r15733,AppleMim,9,42,2026/3/5,3545,0
r15734,MilkLove,15,1,2026/3/10,551,0
r15735,FreenBecky,3,26,2026/3/5,1011,1
r15736,EmiBonnie,19,203,2026/3/5,56933,1
r15737,MilkLove,6,44,2026/7/8,3894,0
r15738,LingOrm,2,5,2026/3/8,180,0
r15739,MablePangjie,6,8,2026/3/5,845,0
r15740,FreenBecky,4,2,2026/3/5,279,0
r15741,EnjoyJune,63,54,2026/3/5,30452,1
r15742,LingOrm,3,0,2026/7/22,18,0
r15743,TkNur,3,4,2026/3/5,336,0
r15744,LingOrm,2,1,2026/3/8,106,0
r15745,PahnFond,6,9,2026/3/6,739,0
r15746,LingOrm,24,657,2026/5/18,150473,0
r15747,FayMay,10,3,2026/3/6,668,0
r15748,LenaMiu,1,2,2026/3/7,204,0
r15749,LingOrm,25,169,2026/3/26,65040,1
r15750,FreenBecky,8,4,2026/3/6,246,0
r15751,FreenBecky,2,2,2026/3/12,139,0
r15752,FayMay,2,3,2026/4/27,179,1
r15753,LingOrm,19,35,2026/6/29,27585,0
r15754,LingOrm,1,0,2026/3/10,74,0
r15755,LingOrm,5,2,2026/3/6,379,0
r15756,EngLot,2,78,2026/5/12,6996,0
r15757,LingOrm,49,54,2026/3/6,22825,1
r15758,LingOrm,10,117,2026/3/6,27900,1
r15759,EmiBonnie,3,4,2026/3/7,29,0
r15760,LingOrm,4,1,2026/3/7,119,0
r15761,LenaMiu,2,8,2026/3/6,875,0
r15762,EmiBonnie,25,2677,2026/3/13,257334,1
r15763,EngLot,19,29,2026/3/10,16682,0
r15764,NamneungNoey,7,34,2026/3/8,6753,1
r15765,PahnFond,2,0,2026/3/6,92,0
r15766,LingOrm,30,75,2026/3/6,22482,1
r15767,NamneungNoey,9,4,2026/3/8,1398,1
r15768,LingOrm,2,3,2026/3/6,328,0
r15769,MeenBabe,6,3,2026/3/11,747,0
r15770,EmiBonnie,1,0,2026/3/8,156,1
r15771,LillyBelle,5,2,2026/3/6,187,1
r15772,LenaMiu,6,6,2026/3/9,1922,1
r15773,FreenBecky,41,30,2026/3/6,21988,1
r15774,JanJingjing,7,84,2026/3/15,16160,1
r15775,EmiBonnie,20,55,2026/4/4,19743,1
r15776,EngLot,9,4,2026/3/8,1428,0
r15777,FreenBecky,7,1,2026/3/7,70,0
r15778,EmiBonnie,3,1,2026/3/24,35,0
r15779,FreenBecky,1,5,2026/3/7,159,0
r15780,GinJay,20,5,2026/3/7,842,1
r15781,EmiBonnie,12,33,2026/3/22,4198,0
r15782,MablePangjie,7,4,2026/3/7,599,0
r15783,KaoJaneJaneKao,9,44,2026/6/10,3024,0
r15784,LingOrm,1,1,2026/3/7,96,0
r15785,EngLot,18,11,2026/3/7,4087,1
r15786,JanJingjing,5,9,2026/3/7,934,0
r15787,EngLot,1,0,2026/3/7,23,0
r15789,NamtanFilm,17,26,2026/3/7,6857,1
r15790,LingOrm,23,416,2026/4/1,123782,1
r15791,EngLot,16,78,2026/3/17,48796,1
r15792,EmiBonnie,22,218,2026/3/9,51042,1
r15793,FayMay,8,5,2026/3/8,513,0
r15794,NamtanFilm,12,79,2026/3/8,15123,1
r15795,KaoJaneJaneKao,11,12,2026/3/8,1492,1
r15796,EmiBonnie,7,9,2026/3/7,610,1
r15797,EngLot,1,1,2026/4/7,208,0
r15798,EngLot,1,0,2026/6/7,53,0
r15799,LingOrm,1,1,2026/3/14,35,0
r15800,FreenBecky,8,1,2026/3/19,364,0
r15801,MablePangjie,6,7,2026/3/7,915,0
r15802,EnjoyJune,2,9,2026/3/8,401,0
r15803,EmiBonnie,3,3,2026/3/10,190,0
r15804,EnjoyJune,2,13,2026/3/13,588,0
r15805,LingOrm,36,4,2026/3/8,1097,1
r15806,EnjoyJune,5,13,2026/3/11,1745,0
r15807,LingOrm,1,0,2026/3/8,86,0
r15808,FreenBecky,2,6,2026/3/8,313,0
r15809,LingOrm,21,126,2026/3/12,35543,1
r15810,EmiBonnie,20,102,2026/8/5,17364,0
r15811,EmiBonnie,2,0,2026/3/8,35,0
r15812,LingOrm,3,10,2026/3/8,1480,0
r15813,LingOrm,44,45,2026/3/30,11849,1
r15814,LenaMiu,1,3,2026/3/8,352,0
r15815,FreenBecky,4,5,2026/3/9,200,0
r15816,GinJay,8,3,2026/8/18,135,0
r15817,EngLot,4,5,2026/8/30,79,0
r15818,NamtanFilm,7,0,2026/3/8,315,1
r15819,LingOrm,25,173,2026/4/30,59635,0
r15820,LingOrm,1,1,2026/3/9,168,0
r15821,NamneungNoey,2,1,2026/3/8,183,0
r15822,LingOrm,1,6,2026/3/8,932,1
r15823,FayMay,7,5,2026/3/8,594,0
r15824,EmiBonnie,1,11,2026/3/18,1031,1
r15825,LingOrm,1,1,2026/3/9,149,0
r15826,EnjoyJune,9,16,2026/3/10,2329,1
r15827,LingOrm,2,0,2026/7/26,97,0
r15828,LingOrm,2,3,2026/3/24,370,0
r15830,LingOrm,9,12,2026/6/20,2457,0
r15831,FreenBecky,15,1,2026/8/18,79,0
r15832,NamneungNoey,1,5,2026/3/11,380,0
r15833,AppleMim,1,0,2026/3/22,101,0
r15835,FreenBecky,32,69,2026/7/5,28862,0
r15836,EmiBonnie,2,3,2026/3/9,131,0
r15837,EmiBonnie,20,8,2026/5/5,2941,0
r15838,LingOrm,59,52,2026/3/9,37213,1
r15839,MablePangjie,2,19,2026/3/10,908,0
r15840,LingOrm,26,521,2026/3/10,216684,1
r15841,FreenBecky,2,13,2026/3/9,775,0
r15842,EngLot,19,1,2026/3/9,871,1
r15843,LenaMiu,7,44,2026/4/14,7284,0
r15844,LingOrm,30,54,2026/5/1,37347,1
r15845,LingOrm,17,26,2026/8/1,10991,0
r15846,FreenBecky,1,0,2026/3/9,33,0
r15847,MablePangjie,1,2,2026/3/9,70,0
r15848,EmiBonnie,2,198,2026/3/9,7652,0
r15849,LingOrm,8,3,2026/3/9,223,0
r15850,AppleMim,4,4,2026/3/14,674,0
r15851,LingOrm,14,17,2026/3/10,1928,1
r15852,LingOrm,42,324,2026/3/12,119421,1
r15853,EngLot,20,6,2026/3/9,1275,1
r15854,NamtanFilm,9,13,2026/4/14,2085,0
r15855,EnjoyJune,6,13,2026/3/10,1851,0
r15856,LingOrm,57,253,2026/5/3,88057,1
r15857,LingOrm,2,1,2026/3/10,110,0
r15858,LingOrm,20,7,2026/3/13,1847,0
r15859,JanJingjing,12,48,2026/3/9,9735,1
r15860,EmiBonnie,3,5,2026/3/20,337,0
r15861,FreenBecky,4,2,2026/3/9,52,0
r15862,AppleMim,8,9,2026/3/10,896,1
r15863,EmiBonnie,12,62,2026/3/10,12337,1
r15864,ViewJune,2,4,2026/3/10,122,0
r15865,LingOrm,5,5,2026/3/18,2686,1
r15867,EmiBonnie,6,4,2026/3/10,408,0
r15868,LingOrm,18,88,2026/3/11,30293,1
r15869,LingOrm,17,77,2026/3/12,29739,1
r15871,GinJay,8,7,2026/3/10,1252,0
r15872,NamtanFilm,6,7,2026/3/24,842,0
r15873,GinJay,10,9,2026/3/11,1640,0
r15874,NamtanFilm,28,14,2026/3/13,6637,1
r15875,TungpangJessie,5,14,2026/3/11,884,0
r15876,LenaMiu,14,96,2026/3/21,24609,1
r15877,NamneungNoey,5,1,2026/6/28,155,0
r15878,LingOrm,1,3,2026/3/10,675,1
r15879,LingOrm,20,101,2026/3/13,26941,1
r15880,LingOrm,27,28,2026/3/21,13160,1
r15881,EngLot,20,4,2026/3/27,1081,1
r15882,EnjoyJune,21,103,2026/3/11,26929,1
r15883,EmiBonnie,7,3,2026/3/19,639,1
r15884,JuneMewnich,1,4,2026/3/21,155,0
r15885,LenaMiu,1,2,2026/3/11,109,0
r15886,LingOrm,2,0,2026/3/25,24,0
r15887,FreenBecky,11,5,2026/4/14,884,0
r15888,MablePangjie,1,0,2026/3/11,88,0
r15889,LingOrm,1,1,2026/3/12,273,0
r15890,LingOrm,13,22,2026/3/11,5816,1
r15891,EngLot,9,5,2026/3/15,2489,0
r15892,EmiBonnie,13,7,2026/4/7,1810,1
r15893,EmiBonnie,9,13,2026/3/13,2223,0
r15894,LingOrm,14,382,2026/5/5,78135,0
r15896,LingOrm,11,95,2026/3/12,21032,1
r15897,LenaMiu,7,21,2026/3/15,4413,0
r15898,EnjoyJune,4,17,2026/4/8,1516,0
r15899,EngLot,2,1,2026/3/11,34,0
r15901,LingOrm,14,3,2026/3/23,2218,0
r15902,AppleMim,2,4,2026/3/13,382,0
r15903,LingOrm,3,0,2026/3/21,130,0
r15904,TkNur,5,9,2026/3/21,579,0
r15905,LingOrm,7,10,2026/3/12,2547,0
r15906,EngLot,28,164,2026/4/10,121472,1
r15907,EmiBonnie,3,5,2026/3/25,216,0
r15908,MilkLove,10,3,2026/3/11,714,1
r15909,LingOrm,4,5,2026/3/11,383,0
r15911,MablePangjie,17,7,2026/3/26,1211,0
r15912,LenaMiu,15,207,2026/3/18,51284,0
r15913,ViewMim,8,40,2026/3/12,2883,0
r15914,EmiBonnie,9,1,2026/3/24,977,1
r15915,EmiBonnie,2,3,2026/3/15,121,0
r15916,LingOrm,14,4,2026/3/31,388,1
r15917,LingOrm,17,17,2026/3/16,9037,1
r15918,EmiBonnie,2,0,2026/5/5,63,0
r15919,JanJingjing,5,3,2026/8/2,262,0
r15920,EmiBonnie,8,8,2026/3/12,2169,1
r15921,ViewJune,5,5,2026/4/13,247,0
r15922,EmiBonnie,3,2,2026/3/11,360,0
r15923,MablePangjie,6,19,2026/3/15,1248,1
r15924,LingOrm,1,0,2026/3/12,51,0
r15925,ViewMim,1,2,2026/3/12,45,0
r15926,PahnFond,1,10,2026/3/16,650,0
r15927,LingOrm,1,1,2026/3/13,99,0
r15928,EmiBonnie,9,37,2026/3/13,9158,0
r15929,LingOrm,6,3,2026/3/12,821,0
r15930,LingOrm,7,5,2026/3/12,1563,0
r15931,EmiBonnie,13,31,2026/3/19,8540,1
r15932,EmiBonnie,1,12,2026/3/12,458,0
r15933,FreenBecky,7,3,2026/3/12,528,1
r15934,JanJingjing,1,9,2026/7/22,365,0
r15935,LingOrm,4,0,2026/3/25,33,0
r15936,LenaMiu,11,11,2026/3/12,3278,1
r15937,EmiBonnie,8,60,2026/3/12,4868,0
r15938,MilkLove,2,7,2026/4/7,678,0
r15939,LingOrm,10,11,2026/3/12,3464,1
r15940,LingOrm,12,3,2026/3/13,1740,1
r15941,EmiBonnie,3,5,2026/3/13,143,1
r15942,LenaMiu,25,61,2026/4/5,25473,1
r15943,EnjoyJune,1,8,2026/3/16,249,0
r15944,KaoJaneJaneKao,8,16,2026/3/13,1775,1
r15945,LenaMiu,11,16,2026/3/16,4338,0
r15946,LingOrm,26,380,2026/3/23,147191,1
r15947,LingOrm,15,4,2026/3/14,1723,0
r15949,EmiBonnie,3,3,2026/3/13,1606,1
r15950,LingOrm,45,34,2026/4/29,18905,1
r15951,MilkLove,16,3,2026/3/13,1055,1
r15952,NamtanFilm,8,4,2026/4/13,779,1
r15953,LenaMiu,3,268,2026/3/14,22293,0
r15954,LingOrm,1,0,2026/3/17,43,0
r15955,TkNur,4,7,2026/3/13,1066,0
r15956,LenaMiu,10,42,2026/3/14,5943,1
r15957,LingOrm,2,2,2026/3/16,247,0
r15958,EmiBonnie,1,1,2026/3/13,28,0
r15959,FreenBecky,11,4,2026/3/14,476,1
r15960,NamtanFilm,6,6,2026/3/14,333,0
r15961,FreenBecky,13,104,2026/3/14,19829,0
r15962,LingOrm,10,37,2026/3/15,5990,1
r15963,EmiBonnie,9,65,2026/3/14,9338,1
r15964,MilkLove,2,4,2026/3/13,345,0
r15965,LenaMiu,4,4,2026/3/18,456,0
r15966,EmiBonnie,5,6,2026/3/15,337,0
r15967,MablePangjie,2,0,2026/3/13,109,0
r15968,NamtanFilm,23,16,2026/3/14,6762,1
r15969,NamtanFilm,1,2,2026/3/13,99,0
r15970,LingOrm,5,3,2026/3/30,466,0
r15971,NamtanFilm,6,11,2026/3/13,889,0
r15972,NamtanFilm,4,2,2026/3/16,153,0
r15973,AppleMim,1,2,2026/3/15,254,0
r15974,LingOrm,1,0,2026/3/14,31,0
r15975,LingOrm,20,32,2026/3/14,7235,0
r15976,EnjoyJune,6,20,2026/7/3,1440,0
r15977,GinJay,1,17,2026/3/24,691,0
r15978,LenaMiu,10,33,2026/3/23,5461,0
r15979,JuneMewnich,36,2,2026/3/23,623,1
r15980,FreenBecky,20,24,2026/3/14,4135,1
r15981,EmiBonnie,1,1,2026/3/14,47,0
r15982,EmiBonnie,7,6,2026/3/14,866,0
r15983,FayMay,14,3,2026/3/14,699,0
r15984,MablePangjie,3,0,2026/3/14,124,0
r15985,MablePangjie,3,24,2026/3/21,868,0
r15986,EmiBonnie,14,10,2026/4/2,2177,0
r15987,LingOrm,5,64,2026/8/10,7567,0
r15988,NamtanFilm,1,28,2026/3/17,1345,0
r15989,EngLot,20,223,2026/3/18,99289,1
r15990,EngLot,1,0,2026/3/14,62,0
r15991,KaoJaneJaneKao,3,3,2026/3/14,218,0
r15992,LingOrm,6,4,2026/3/14,909,0
r15993,LingOrm,1,1,2026/3/25,57,0
r15994,NamtanFilm,2,1,2026/3/15,60,0
r15995,MilkLove,8,1,2026/3/14,369,0
r15996,LingOrm,21,53,2026/3/14,7976,0
r15998,LingOrm,12,136,2026/3/16,41514,0
r15999,FreenBecky,14,9,2026/3/29,659,0
r16000,FreenBecky,4,1,2026/3/16,66,0
r16001,LenaMiu,22,17,2026/3/18,9863,1
r16002,NamneungNoey,13,8,2026/3/16,1843,0
r16004,FreenBecky,18,16,2026/3/25,3738,1
r16005,EmiBonnie,3,4,2026/3/14,229,0
r16006,LingOrm,5,13,2026/3/17,4149,0
r16007,EmiBonnie,3,11,2026/3/15,622,1
r16008,MeenBabe,1,2,2026/8/24,111,0
r16009,LenaMiu,3,8,2026/3/28,1072,0
r16010,EmiBonnie,2,1,2026/4/6,54,0
r16011,EmiBonnie,3,0,2026/3/18,105,0
r16012,FreenBecky,2,0,2026/3/18,207,0
r16013,EmiBonnie,2,0,2026/3/15,77,0
r16014,EngLot,16,10,2026/3/28,5261,1
r16015,LingOrm,1,10,2026/3/15,1025,1
r16016,KaoJaneJaneKao,2,6,2026/7/20,149,0
r16017,LingOrm,26,280,2026/3/16,111679,1
r16018,LenaMiu,29,20,2026/3/15,7774,1
r16019,FreenBecky,4,2,2026/3/15,217,0
r16020,FayMay,7,8,2026/3/16,420,1
r16021,EmiBonnie,3,1,2026/3/16,181,1
r16022,EmiBonnie,2,0,2026/3/15,45,0
r16023,LingOrm,34,30,2026/3/15,8672,1
r16024,JuneMewnich,7,5,2026/3/15,361,0
r16025,GinJay,13,8,2026/3/15,1879,1
r16026,MablePangjie,14,5,2026/3/15,1413,1
r16027,EmiBonnie,2,0,2026/3/17,66,0
r16028,EmiBonnie,11,347,2026/3/17,47185,1
r16029,LingOrm,12,7,2026/4/2,1403,0
r16030,FreenBecky,4,0,2026/3/15,60,0
r16031,EngLot,20,113,2026/3/20,66179,1
r16032,LMSY,1,3,2026/3/15,92,0
r16033,LingOrm,21,132,2026/4/17,38362,0
r16034,LingOrm,19,168,2026/3/27,36692,1
r16035,EngLot,3,4,2026/5/26,480,0
r16036,GinJay,18,19,2026/3/16,5725,1
r16037,EmiBonnie,12,3,2026/5/4,691,0
r16038,JanJingjing,2,14,2026/6/19,1382,0
r16039,EmiBonnie,4,8,2026/8/23,280,0
r16040,GinJay,17,39,2026/3/16,10251,1
r16041,EmiBonnie,7,3,2026/3/24,558,0
r16042,NamtanFilm,1,6,2026/3/17,300,0
r16043,EmiBonnie,23,111,2026/3/17,32450,1
r16044,EmiBonnie,2,2,2026/3/16,58,0
r16045,LingOrm,8,1,2026/3/17,87,0
r16046,AppleMim,6,38,2026/3/18,2538,0
r16047,LingOrm,3,1,2026/7/11,31,0
r16048,LingOrm,34,196,2026/4/26,106662,1
r16049,EnjoyJune,19,41,2026/3/28,9980,1
r16050,NamneungNoey,5,10,2026/3/16,916,0
r16051,NamtanFilm,12,4,2026/3/16,1773,1
r16052,LingOrm,4,4,2026/3/18,328,0
r16053,EmiBonnie,5,2,2026/3/16,54,0
r16054,LingOrm,18,23,2026/3/17,8023,1
r16055,LingOrm,23,148,2026/3/16,64272,1
r16056,BamYada,5,5,2026/3/26,611,0
r16057,LingOrm,4,0,2026/5/27,66,1
r16058,PahnFond,8,9,2026/3/16,1974,0
r16059,LingOrm,1,3,2026/3/23,194,0
r16060,AppleMim,2,2,2026/3/19,297,0
r16061,EmiBonnie,3,4,2026/3/20,264,0
r16062,NamtanFilm,11,3,2026/3/16,305,1
r16063,EmiBonnie,8,42,2026/3/16,4882,1
r16064,EngLot,25,65,2026/4/30,44591,1
r16065,NamneungNoey,4,0,2026/3/16,112,1
r16066,EmiBonnie,1,3,2026/3/17,92,1
r16067,EmiBonnie,2,4,2026/4/3,58,0
r16068,EngLot,7,3,2026/3/17,1064,1
r16069,TanYada,18,25,2026/3/16,3681,1
r16070,EmiBonnie,23,34,2026/3/18,4041,0
r16071,TkNur,2,8,2026/3/23,593,0
r16072,FreenBecky,2,1,2026/3/16,37,0
r16073,FreenBecky,1,1,2026/3/17,10,0
r16074,EnjoyJune,32,13,2026/3/16,2082,1
r16075,TkNur,1,7,2026/3/18,208,0
r16076,LingOrm,15,21,2026/3/20,4652,1
r16077,LingOrm,8,1,2026/5/1,205,0
r16078,LingOrm,10,9,2026/3/17,3285,0
r16079,LenaMiu,5,33,2026/4/8,4014,0
r16080,FreenBecky,1,1,2026/3/17,32,0
r16081,FreenBecky,7,1,2026/3/17,397,1
r16082,EnjoyJune,2,9,2026/3/17,566,0
r16083,LingOrm,33,727,2026/3/21,367658,1
r16084,EmiBonnie,1,5,2026/3/18,288,0
r16085,TanYada,3,13,2026/4/8,549,0
r16086,FreenBecky,1,2,2026/3/28,282,0
r16087,EmiBonnie,3,1,2026/3/19,43,0
r16088,EngLot,7,5,2026/3/17,2473,1
r16089,EmiBonnie,10,19,2026/3/18,4262,1
r16090,EmiBonnie,7,3,2026/4/13,294,0
r16091,GinJay,9,16,2026/3/17,2255,0
r16092,NamtanFilm,17,4,2026/3/17,945,1
r16093,FreenBecky,4,1,2026/3/18,57,0
r16094,TkNur,2,8,2026/3/18,248,0
r16095,EmiBonnie,1,0,2026/3/30,17,0
r16096,FreenBecky,12,11,2026/4/20,1187,1
r16097,LingOrm,21,42,2026/3/22,11169,1
r16098,EmiBonnie,4,2,2026/3/17,96,0
r16099,ArhoungPam,2,8,2026/3/30,200,0
r16100,MeenBabe,6,19,2026/3/19,4146,0
r16101,LingOrm,4,0,2026/3/19,100,0
r16102,LingOrm,26,350,2026/4/5,120326,1
r16103,FreenBecky,10,1,2026/3/17,264,0
r16104,MilkLove,1,1,2026/3/17,104,0
r16105,JuneMewnich,16,8,2026/3/17,1507,1
r16106,MilkLove,4,5,2026/8/6,585,0
r16107,LenaMiu,2,2,2026/4/5,338,0
r16108,LMSY,3,3,2026/3/18,285,0
r16109,EmiBonnie,1,5,2026/3/20,97,0
r16110,EmiBonnie,2,3,2026/3/17,240,0
r16111,LenaMiu,29,231,2026/3/18,76972,1
r16112,NamtanFilm,1,1,2026/3/20,62,1
r16113,LingOrm,5,0,2026/3/26,165,0
r16114,GinJay,16,44,2026/3/18,10273,1
r16115,EngLot,4,1,2026/3/18,51,0
r16116,LingOrm,1,2,2026/3/18,181,0
r16117,LingOrm,60,41,2026/4/3,19403,1
r16118,AppleMim,7,3,2026/6/14,235,0
r16119,KaoJaneJaneKao,8,11,2026/3/18,1016,1
r16120,LenaMiu,2,1,2026/3/18,195,0
r16121,EnjoyJune,20,38,2026/3/18,9397,1
r16122,FayMay,4,5,2026/3/18,323,0
r16123,MablePangjie,3,4,2026/3/29,214,0
r16124,FreenBecky,6,1,2026/3/19,134,0
r16125,LingOrm,17,130,2026/3/24,52604,1
r16126,EnjoyJune,40,41,2026/3/18,17011,0
r16128,FreenBecky,2,1,2026/3/18,97,0
r16129,MablePangjie,3,0,2026/3/18,87,0
r16130,LingOrm,1,0,2026/3/18,39,0
r16131,MablePangjie,4,1,2026/3/20,149,0
r16132,MilkLove,3,0,2026/3/18,318,1
r16133,LingOrm,10,5,2026/3/23,1812,1
r16135,EmiBonnie,4,113,2026/3/18,5762,0
r16136,LingOrm,5,59,2026/3/23,11465,0
r16137,NamtanFilm,7,7,2026/3/19,726,0
r16138,LingOrm,9,7,2026/3/19,2120,1
r16140,LingOrm,8,2,2026/3/19,308,0
r16142,EmiBonnie,1,0,2026/4/6,77,0
r16143,LingOrm,9,14,2026/3/18,1307,1
r16144,LingOrm,29,1025,2026/3/27,300330,1
r16145,TanYada,1,17,2026/3/19,691,1
r16147,LingOrm,11,4,2026/3/18,1291,0
r16148,EnjoyJune,57,55,2026/4/7,28787,1
r16149,LingOrm,2,2,2026/3/19,354,0
r16150,EmiBonnie,1,0,2026/3/18,42,0
r16151,EmiBonnie,8,46,2026/3/20,7714,1
r16152,LingOrm,2,3,2026/4/20,81,0
r16153,EmiBonnie,1,1,2026/3/19,30,0
r16154,JanJingjing,7,19,2026/6/25,2916,0
r16155,EmiBonnie,2,39,2026/3/20,1749,0
r16156,MilkLove,6,6,2026/3/19,630,1
r16157,EmiBonnie,1,1,2026/3/19,177,0
r16158,NamneungNoey,2,4,2026/4/8,525,0
r16159,ViewMim,20,26,2026/4/4,5538,1
r16160,GinJay,6,6,2026/3/20,1028,1
r16161,EnjoyJune,26,41,2026/3/19,15457,1
r16162,KaoJaneJaneKao,6,1,2026/3/19,366,0
r16163,MilkLove,9,4,2026/4/9,1480,1
r16164,LMSY,1,1,2026/3/19,58,0
r16165,EmiBonnie,10,110,2026/3/20,21343,0
r16166,EmiBonnie,2,0,2026/3/19,106,0
r16167,MilkLove,8,21,2026/3/25,4737,0
r16168,EmiBonnie,1,2,2026/3/25,193,0
r16169,FreenBecky,1,1,2026/3/19,59,1
r16170,OomBam,2,4,2026/7/19,875,0
r16171,FreenBecky,9,0,2026/3/19,84,0
r16172,FreenBecky,6,4,2026/3/19,236,1
r16173,LingOrm,68,30,2026/3/20,28785,1
r16174,NamtanFilm,13,53,2026/3/25,9703,1
r16175,EmiBonnie,8,87,2026/3/23,8023,0
r16176,NamneungNoey,5,2,2026/3/19,244,1
r16177,LenaMiu,4,6,2026/4/21,876,0
r16178,LingOrm,1,18,2026/3/19,583,0
r16179,LingOrm,2,5,2026/3/21,323,0
r16180,LingOrm,12,14,2026/3/22,2335,1
r16181,EmiBonnie,9,24,2026/3/29,4729,1
r16182,JanJingjing,3,7,2026/3/20,470,0
r16183,MilkLove,5,1,2026/3/19,236,0
r16185,FreenBecky,12,16,2026/3/20,1306,1
r16186,MilkLove,2,0,2026/3/19,81,0
r16187,LingOrm,14,31,2026/3/22,4468,1
r16188,EmiBonnie,6,21,2026/3/20,2438,1
r16189,LingOrm,15,82,2026/3/21,16440,0
r16190,FreenBecky,1,5,2026/4/21,245,0
r16191,JanJingjing,6,59,2026/3/20,13446,1
r16192,LenaMiu,2,12,2026/6/23,1145,0
r16193,NamtanFilm,12,59,2026/3/25,15131,1
r16194,LingOrm,18,151,2026/8/20,37062,0
r16195,EmiBonnie,2,0,2026/3/20,22,0
r16196,EnjoyJune,21,74,2026/3/20,20516,1
r16197,EngLot,36,190,2026/4/27,121724,1
r16198,EngLot,12,26,2026/4/27,19047,1
r16199,LingOrm,19,46,2026/3/20,11364,1
r16200,EmiBonnie,9,4,2026/3/20,354,0
r16201,FreenBecky,16,68,2026/3/20,9932,0
r16202,NamtanFilm,6,24,2026/3/22,3914,0
r16203,EmiBonnie,3,2,2026/7/12,97,0
r16204,EmiBonnie,1,1,2026/3/20,53,0
r16205,FayMay,7,6,2026/3/20,347,0
r16206,FreenBecky,4,1,2026/3/20,28,0
r16207,LingOrm,5,5,2026/8/16,296,0
r16208,EmiBonnie,8,3,2026/4/13,94,0
r16209,EngLot,1,4,2026/3/21,136,0
r16210,LingOrm,22,19,2026/3/22,6848,0
r16211,LingOrm,2,3,2026/3/21,131,0
r16212,EmiBonnie,5,5,2026/4/6,250,0
r16213,LingOrm,51,37,2026/3/28,21071,1
r16214,LingOrm,18,99,2026/3/21,31395,1
r16215,LingOrm,14,9,2026/4/30,5422,0
r16217,EngLot,3,6,2026/3/23,526,0
r16218,NamtanFilm,1,0,2026/3/20,37,0
r16219,EmiBonnie,14,3,2026/3/20,607,0
r16220,NamtanFilm,11,3,2026/3/21,1464,0
r16222,MilkLove,3,0,2026/3/22,80,0
r16224,NamneungNoey,1,0,2026/7/24,72,0
r16225,LingOrm,1,2,2026/3/25,149,0
r16226,EmiBonnie,4,92,2026/8/12,5726,0
r16227,LingOrm,5,1,2026/4/20,335,0
r16228,LingOrm,11,8,2026/3/21,1323,1
r16229,LingOrm,4,7,2026/3/26,246,0
r16230,EngLot,5,10,2026/3/21,2195,0
r16231,TungpangJessie,1,1,2026/3/22,85,0
r16232,KaoJaneJaneKao,2,0,2026/3/22,84,0
r16233,FayeAtom,1,1,2026/5/12,91,0
r16234,EnjoyJune,1,3,2026/3/21,218,0
r16235,EmiBonnie,3,35,2026/3/21,2497,0
r16236,LingOrm,2,1,2026/8/10,45,0
r16237,FreenBecky,1,1,2026/4/5,21,0
r16238,EmiBonnie,1,1,2026/3/21,55,0
r16239,MilkLove,5,3,2026/3/23,799,1
r16240,FreenBecky,1,2,2026/3/21,33,0
r16241,EngLot,6,9,2026/3/21,4256,1
r16242,LenaMiu,1,1,2026/8/29,41,0
r16243,LingOrm,21,104,2026/6/6,34449,1
r16244,FreenBecky,1,4,2026/3/21,396,1
r16245,LingOrm,2,3,2026/3/28,185,0
r16246,LingOrm,2,0,2026/3/24,48,0
r16247,PahnFond,13,16,2026/3/21,2256,1
r16248,MilkLove,20,30,2026/3/21,3149,1
r16249,EngLot,1,1,2026/3/23,112,0
r16250,EmiBonnie,15,46,2026/3/22,12031,1
r16251,EngLot,7,1,2026/3/21,165,1
r16252,NamtanFilm,5,63,2026/3/22,6326,0
r16253,LingOrm,5,196,2026/3/27,20322,1
r16254,LingOrm,7,12,2026/3/22,2196,1
r16255,MablePangjie,13,10,2026/3/21,1625,1
r16256,EmiBonnie,1,3,2026/4/17,81,0
r16257,MilkLove,4,2,2026/3/26,214,1
r16258,MilkLove,2,1,2026/3/22,24,0
r16259,NamneungNoey,15,5,2026/4/3,3029,0
r16260,MilkLove,7,14,2026/3/22,961,1
r16261,OomBam,1,8,2026/3/22,1855,1
r16262,EnjoyJune,5,27,2026/3/25,2185,0
r16263,EnjoyJune,7,14,2026/3/22,2658,0
r16264,LingOrm,1,0,2026/3/22,54,0
r16265,EmiBonnie,33,280,2026/5/16,85572,1
r16266,LingOrm,6,9,2026/8/5,1933,1
r16267,EngLot,8,4,2026/3/23,946,1
r16268,LenaMiu,1,1,2026/3/22,381,0
r16269,EmiBonnie,3,13,2026/3/25,853,0
r16270,EngLot,1,0,2026/3/22,17,0
r16271,MilkLove,11,12,2026/3/22,1586,1
r16272,EmiBonnie,3,3,2026/3/22,127,0
r16273,EmiBonnie,1,1,2026/3/22,32,0
r16274,EmiBonnie,13,70,2026/3/23,13384,0
r16275,OomBam,5,42,2026/3/23,6599,0
r16277,EmiBonnie,2,1,2026/3/22,113,0
r16278,LingOrm,3,1,2026/3/22,36,0
r16279,LingOrm,2,0,2026/3/23,106,0
r16280,ViewJune,10,3,2026/3/22,208,0
r16281,EmiBonnie,4,0,2026/3/22,61,0
r16282,EngLot,1,0,2026/4/2,106,0
r16283,LingOrm,12,39,2026/3/23,9184,1
r16284,LingOrm,51,31,2026/3/22,13971,1
r16285,FreenBecky,8,40,2026/3/24,4539,1
r16286,EmiBonnie,26,340,2026/3/23,79481,1
r16287,EngLot,3,2,2026/3/22,324,0
r16288,MilkLove,1,1,2026/3/23,144,0
r16289,EnjoyJune,10,47,2026/3/26,7574,0
r16290,LingOrm,1,2,2026/4/7,230,0
r16291,LingOrm,15,0,2026/3/23,106,0
r16292,LingOrm,1,2,2026/6/4,85,0
r16293,JanJingjing,2,7,2026/6/27,369,0
r16294,KaoJaneJaneKao,2,2,2026/3/26,323,0
r16295,OomBam,1,123,2026/4/12,4847,1
r16296,LingOrm,28,1363,2026/5/10,451431,1
r16297,LingOrm,20,260,2026/3/24,123153,1
r16298,EmiBonnie,12,75,2026/4/6,13812,0
r16299,EmiBonnie,3,0,2026/3/23,183,0
r16300,KaoJaneJaneKao,12,14,2026/3/25,2233,1
r16301,AppleMim,6,13,2026/3/26,1405,0
r16302,JuneMewnich,9,18,2026/3/23,1394,1
r16303,LingOrm,39,84,2026/4/6,40160,1
r16304,FreenBecky,2,2,2026/3/26,91,0
r16305,NamtanFilm,5,6,2026/4/2,883,0
r16306,EngLot,3,2,2026/3/23,119,0
r16307,NamneungNoey,8,16,2026/3/24,1721,1
r16308,FreenBecky,2,0,2026/3/23,18,0
r16309,EngLot,28,33,2026/3/25,22492,1
r16310,FreenBecky,3,2,2026/6/25,172,0
r16311,TkNur,1,6,2026/3/25,262,0
r16312,LingOrm,1,1,2026/3/24,55,0
r16313,EmiBonnie,1,4,2026/3/23,160,1
r16314,FayeAtom,1,2,2026/3/28,148,0
r16315,FayMay,3,3,2026/7/14,64,0
r16316,EngLot,12,23,2026/4/19,7855,1
r16317,LingOrm,2,1,2026/3/23,192,0
r16318,LingOrm,21,50,2026/5/18,11629,0
r16319,AppleMim,1,3,2026/3/24,217,0
r16320,EmiBonnie,4,5,2026/4/19,974,0
r16321,LingOrm,7,1,2026/3/24,401,0
r16323,LingOrm,70,28,2026/4/8,26288,1
r16324,EmiBonnie,1,1,2026/3/25,50,0
r16325,LingOrm,18,20,2026/4/7,9809,0
r16326,EnjoyJune,27,38,2026/4/30,8635,0
r16327,LingOrm,7,0,2026/3/24,213,0
r16328,LingOrm,18,39,2026/4/2,6936,1
r16329,EmiBonnie,8,83,2026/3/31,13791,1
r16330,AppleMim,20,59,2026/3/24,13709,1
r16331,EmiBonnie,5,76,2026/3/24,7396,0
r16332,EmiBonnie,11,55,2026/3/24,7420,1
r16333,FreenBecky,3,0,2026/3/24,23,0
r16334,EmiBonnie,3,1,2026/4/28,98,0
r16335,EmiBonnie,6,9,2026/3/25,1505,0
r16336,FreenBecky,4,1,2026/3/25,68,0
r16337,EmiBonnie,7,13,2026/3/24,805,0
r16338,LenaMiu,5,1,2026/3/24,617,0
r16339,NamneungNoey,14,8,2026/3/24,1563,1
r16340,LingOrm,8,0,2026/3/24,138,0
r16341,EngLot,2,1,2026/3/24,384,0
r16342,EngLot,2,1,2026/3/24,84,0
r16343,EmiBonnie,9,23,2026/3/24,3040,0
r16344,NamtanFilm,1,6,2026/4/6,214,0
r16345,FayeAtom,8,2,2026/3/25,641,0
r16346,LenaMiu,38,6,2026/3/27,3010,1
r16347,LingOrm,21,113,2026/3/28,36447,1
r16348,LingOrm,3,0,2026/4/6,54,0
r16349,LenaMiu,36,151,2026/4/7,84973,1
r16350,EmiBonnie,5,9,2026/3/25,682,0
r16351,MeenBabe,7,9,2026/4/29,1717,0
r16352,GinJay,12,7,2026/3/24,1883,1
r16353,EmiBonnie,18,5,2026/3/24,1462,1
r16354,FreenBecky,3,2,2026/3/25,129,1
r16355,MeenBabe,2,2,2026/3/25,522,0
r16356,EmiBonnie,7,199,2026/3/28,15823,0
r16357,MilkLove,15,49,2026/4/19,7548,1
r16358,LenaMiu,10,9,2026/3/25,4545,1
r16359,EmiBonnie,16,192,2026/3/25,35370,0
r16360,EmiBonnie,28,19,2026/3/26,19081,0
r16361,LingOrm,35,72,2026/3/30,46388,1
r16362,EnjoyJune,20,9,2026/3/25,1751,1
r16363,EmiBonnie,3,0,2026/3/25,98,0
r16364,EmiBonnie,12,3,2026/3/25,705,0
r16365,LingOrm,3,2,2026/3/25,102,0
r16366,LingOrm,6,5,2026/7/31,137,0
r16367,EngLot,7,19,2026/4/7,3879,0
r16368,NamtanFilm,17,3,2026/3/25,520,0
r16369,LingOrm,18,8,2026/3/25,3139,0
r16370,EmiBonnie,1,2,2026/3/26,254,0
r16371,EmiBonnie,1,3,2026/3/27,164,1
r16373,LingOrm,10,7,2026/3/25,2620,0
r16374,LingOrm,5,1,2026/4/5,392,0
r16375,EngLot,1,2,2026/3/27,80,0
r16376,LingOrm,15,5,2026/4/23,2251,0
r16377,LingOrm,6,6,2026/4/3,1183,1
r16378,LingOrm,1,0,2026/7/26,16,0
r16379,LenaMiu,6,16,2026/4/2,2943,0
r16380,LingOrm,1,4,2026/3/26,79,0
r16381,EnjoyJune,22,39,2026/4/16,10148,1
r16382,EngLot,3,4,2026/4/6,400,0
r16383,EmiBonnie,6,2,2026/3/26,284,1
r16384,NamneungNoey,8,7,2026/4/3,4465,0
r16385,NamtanFilm,1,1,2026/3/26,58,0
r16386,MablePangjie,11,3,2026/3/30,321,1
r16387,FreenBecky,5,26,2026/3/29,2069,0
r16388,LingOrm,1,0,2026/3/28,35,0
r16389,EmiBonnie,30,4,2026/3/26,1530,1
r16390,EmiBonnie,2,3,2026/3/26,117,0
r16391,LingOrm,37,120,2026/3/31,66547,1
r16392,EngLot,14,4,2026/3/27,2214,0
r16393,LingOrm,1,1,2026/3/26,15,0
r16394,EmiBonnie,2,2,2026/3/26,185,0
r16395,FayMay,22,14,2026/3/27,1964,0
r16396,EmiBonnie,8,1,2026/3/26,107,0
r16397,NamtanFilm,4,1,2026/3/26,89,0
r16398,LingOrm,21,35,2026/3/26,6429,0
r16399,FreenBecky,54,38,2026/3/28,23826,1
r16400,FreenBecky,16,62,2026/4/1,12614,1
r16401,EmiBonnie,1,1,2026/3/28,20,0
r16402,EngLot,15,5,2026/3/26,3315,1
r16403,EmiBonnie,6,3,2026/3/26,253,0
r16404,MilkLove,8,12,2026/3/27,2585,1
r16406,EmiBonnie,4,57,2026/3/28,2060,0
r16407,FreenBecky,1,2,2026/3/26,58,0
r16408,LingOrm,1,0,2026/3/26,66,0
r16409,LingOrm,2,27,2026/4/2,1831,1
r16410,EngLot,11,47,2026/3/31,23442,1
r16411,LingOrm,20,29,2026/4/5,12584,1
r16412,LingOrm,8,6,2026/3/30,718,1
r16413,MeenBabe,4,3,2026/7/4,393,0
r16414,EmiBonnie,7,1,2026/3/27,158,0
r16415,EmiBonnie,10,7,2026/3/27,1482,1
r16416,LenaMiu,3,0,2026/4/18,259,0
r16417,FreenBecky,12,12,2026/3/26,1333,1
r16418,FreenBecky,1,0,2026/3/27,22,0
r16419,EmiBonnie,1,1,2026/3/27,60,0
r16420,EmiBonnie,12,99,2026/3/28,12756,1
r16421,EngLot,17,0,2026/3/26,918,1
r16422,NamtanFilm,8,0,2026/3/27,162,0
r16423,FreenBecky,26,34,2026/3/26,13102,1
r16424,EngLot,8,13,2026/3/26,5908,1
r16425,GinJay,19,3,2026/3/26,655,1
r16426,EmiBonnie,3,1,2026/4/8,24,0
r16427,EmiBonnie,8,27,2026/3/27,3323,1
r16428,EngLot,11,16,2026/3/26,6579,0
r16429,GinJay,10,4,2026/3/26,261,1
r16431,LenaMiu,2,0,2026/3/30,417,0
r16432,TkNur,2,4,2026/3/27,148,0
r16433,LingOrm,2,11,2026/8/18,1102,0
r16434,EngLot,17,1,2026/3/27,880,0
r16435,NamtanFilm,10,3,2026/4/2,215,0
r16436,LingOrm,2,0,2026/3/27,39,0
r16437,EmiBonnie,4,11,2026/4/1,621,0
r16438,LingOrm,3,0,2026/5/31,77,0
r16439,EmiBonnie,1,1,2026/6/4,45,0
r16440,EmiBonnie,15,6,2026/4/3,1766,0
r16441,MilkLove,1,1,2026/5/8,365,0
r16442,EnjoyJune,29,42,2026/4/21,16889,1
r16443,EmiBonnie,7,12,2026/3/28,1710,0
r16444,ViewJune,1,0,2026/4/2,15,1
r16445,EmiBonnie,1,0,2026/3/28,15,0
r16446,GinJay,9,9,2026/3/27,1352,1
r16447,LingOrm,26,291,2026/3/28,119345,1
r16448,OomBam,8,23,2026/5/9,4475,0
r16449,LingOrm,6,4,2026/3/27,337,0
r16450,EmiBonnie,1,1,2026/3/27,67,0
r16451,FreenBecky,15,11,2026/3/27,2013,1
r16452,LingOrm,11,6,2026/3/27,1194,1
r16453,LingOrm,1,0,2026/7/4,24,0
r16454,EmiBonnie,5,28,2026/3/27,2369,0
r16455,MilkLove,1,1,2026/4/1,35,0
r16456,EngLot,13,0,2026/4/11,1579,0
r16457,EmiBonnie,16,29,2026/3/30,5404,1
r16458,EngLot,13,0,2026/3/27,998,1
r16459,MilkLove,6,71,2026/4/3,8231,1
r16460,MilkLove,12,16,2026/4/7,3284,1
r16461,EmiBonnie,16,994,2026/3/30,116145,1
r16462,EmiBonnie,5,3,2026/3/28,239,0
r16463,FayeAtom,13,4,2026/3/29,1414,0
r16464,EngLot,6,4,2026/3/27,1365,1
r16465,EmiBonnie,2,0,2026/8/22,59,0
r16466,PahnFond,4,1,2026/3/27,96,0
r16467,FreenBecky,18,32,2026/5/1,6208,0
r16468,FreenBecky,18,24,2026/5/4,5338,0
r16469,FreenBecky,17,26,2026/5/6,4643,0
r16470,NamtanFilm,2,2,2026/3/28,176,0
r16471,LingOrm,26,175,2026/3/31,53109,1
r16472,KaoJaneJaneKao,2,2,2026/3/27,122,0
r16473,EmiBonnie,2,4,2026/4/12,125,0
r16474,JanJingjing,2,9,2026/6/9,852,0
r16475,ViewMim,3,2,2026/4/1,223,0
r16476,GinJay,12,24,2026/3/29,4654,1
r16477,ViewJune,3,0,2026/3/28,39,0
r16478,NamtanFilm,4,6,2026/4/5,501,0
r16479,LenaMiu,15,38,2026/3/29,12155,1
r16480,KaoJaneJaneKao,1,7,2026/3/28,259,0
r16481,MeenBabe,1,1,2026/4/1,151,0
r16482,NamtanFilm,1,0,2026/3/28,19,0
r16483,LingOrm,33,15,2026/4/2,13493,1
r16484,EmiBonnie,4,39,2026/4/4,2713,0
r16486,FreenBecky,3,1,2026/5/17,69,0
r16487,LingOrm,10,98,2026/4/1,12453,0
r16488,FreenBecky,5,3,2026/3/28,94,0
r16489,EngLot,6,0,2026/3/28,104,0
r16490,EmiBonnie,1,1,2026/3/31,70,0
r16491,EmiBonnie,4,1,2026/3/29,137,0
r16492,NamtanFilm,1,0,2026/4/1,61,0
r16493,EngLot,5,8,2026/3/28,128,0
r16494,EmiBonnie,1,3,2026/3/28,102,0
r16495,EmiBonnie,3,2,2026/4/1,328,0
r16496,EngLot,4,8,2026/3/28,128,0
r16497,EmiBonnie,1,2,2026/4/30,46,0
r16498,LingOrm,12,8,2026/3/31,2671,1
r16499,LingOrm,2,0,2026/3/29,86,0
r16500,EnjoyJune,22,27,2026/3/28,6490,1
r16501,EmiBonnie,11,2,2026/3/29,339,0
r16502,EmiBonnie,1,0,2026/4/2,17,0
r16503,EngLot,21,17,2026/4/14,9364,1
r16504,KaoJaneJaneKao,21,18,2026/4/23,1961,0
r16505,EmiBonnie,8,94,2026/5/22,11810,0
r16506,EmiBonnie,7,4,2026/4/2,508,0
r16507,EnjoyJune,12,15,2026/4/1,3457,0
r16508,ViewJune,3,0,2026/3/29,36,0
r16509,EmiBonnie,2,19,2026/3/31,553,0
r16510,TanYada,12,8,2026/3/29,1460,1
r16511,EngLot,15,43,2026/4/16,21662,0
r16512,EmiBonnie,4,17,2026/4/27,1114,0
r16513,LingOrm,10,4,2026/3/29,1182,0
r16514,LingOrm,5,2,2026/8/13,223,0
r16515,EngLot,5,7,2026/3/29,104,0
r16516,MablePangjie,3,1,2026/3/30,102,0
r16517,TkNur,21,12,2026/4/17,1125,1
r16518,EmiBonnie,1,0,2026/4/8,33,0
r16519,NamtanFilm,3,5,2026/3/29,269,0
r16520,LingOrm,22,75,2026/4/2,25052,0
r16522,EmiBonnie,7,7,2026/5/2,1187,0
r16523,MilkLove,5,4,2026/3/29,568,1
r16524,EngLot,8,2,2026/3/29,756,1
r16525,NamtanFilm,2,0,2026/3/30,59,0
r16526,LingOrm,12,4,2026/3/29,641,0
r16527,EmiBonnie,4,10,2026/8/11,487,0
r16528,EmiBonnie,13,76,2026/3/30,14705,1
r16529,EmiBonnie,3,3,2026/3/29,125,0
r16530,EmiBonnie,7,5,2026/3/29,900,1
r16531,EmiBonnie,1,0,2026/3/30,20,0
r16532,FreenBecky,23,12,2026/4/15,3630,1
r16533,EmiBonnie,2,2,2026/3/29,166,0
r16534,EmiBonnie,9,117,2026/3/29,9525,0
r16536,EmiBonnie,1,0,2026/3/30,13,0
r16537,EmiBonnie,4,15,2026/3/31,1911,0
r16538,ViewJune,3,2,2026/3/29,152,0
r16539,LenaMiu,1,0,2026/7/25,96,0
r16540,LingOrm,20,7,2026/5/4,3603,0
r16541,JanJingjing,1,5,2026/7/2,159,0
r16542,EmiBonnie,6,162,2026/4/3,14346,0
r16543,FreenBecky,1,2,2026/4/1,36,0
r16544,LingOrm,17,12,2026/4/22,5814,1
r16545,GinJay,20,6,2026/5/7,556,1
r16546,NamtanFilm,3,1,2026/4/2,67,0
r16547,EmiBonnie,8,29,2026/4/5,2130,0
r16548,EmiBonnie,1,0,2026/3/30,13,0
r16549,NamtanFilm,5,44,2026/5/8,5190,1
r16550,EmiBonnie,20,21,2026/3/30,5648,1
r16551,FayMay,7,19,2026/5/1,972,1
r16552,JanJingjing,11,65,2026/3/31,9192,0
r16553,EmiBonnie,4,0,2026/4/1,50,0
r16554,EngLot,1,0,2026/3/30,108,0
r16555,EmiBonnie,1,0,2026/4/3,21,0
r16557,MilkLove,1,4,2026/8/27,90,0
r16558,EmiBonnie,12,2,2026/4/2,1029,1
r16559,EnjoyJune,19,20,2026/3/31,7648,1
r16560,FayMay,7,19,2026/4/8,1125,0
r16561,EngLot,2,0,2026/3/30,51,0
r16562,NamneungNoey,21,67,2026/4/1,12963,1
r16563,EnjoyJune,12,24,2026/4/17,4947,0
r16565,EmiBonnie,12,22,2026/4/29,2091,0
r16566,LingOrm,13,25,2026/4/2,8531,1
r16567,EmiBonnie,1,18,2026/4/2,811,1
r16568,EmiBonnie,4,42,2026/4/1,2665,0
r16569,JanJingjing,2,41,2026/6/24,2308,0
r16570,EmiBonnie,2,64,2026/4/17,4609,0
r16571,MilkLove,1,1,2026/8/24,27,0
r16572,EmiBonnie,5,4,2026/3/31,592,0
r16573,JuneMewnich,9,5,2026/4/6,456,0
r16574,LingOrm,7,1,2026/3/31,491,0
r16575,JanJingjing,2,19,2026/7/15,1110,0
r16576,EmiBonnie,24,168,2026/5/16,31584,1
r16577,GinJay,28,21,2026/4/21,5735,1
r16578,LingOrm,17,217,2026/4/1,85584,0
r16579,EngLot,4,3,2026/4/29,220,0
r16580,NamtanFilm,16,160,2026/4/12,23924,1
r16581,EmiBonnie,6,3,2026/3/31,285,0
r16582,FreenBecky,10,4,2026/3/31,338,1
r16583,LingOrm,7,1,2026/3/31,163,0
r16585,ViewJune,1,0,2026/3/31,30,1
r16586,OomBam,8,37,2026/4/2,7132,0
r16587,ViewJune,1,0,2026/3/31,28,1
r16588,EnjoyJune,19,29,2026/6/4,8821,1
r16589,ViewJune,1,0,2026/3/31,24,1
r16590,ViewJune,1,1,2026/3/31,27,1
r16591,ViewJune,1,0,2026/3/31,20,1
r16592,EmiBonnie,9,32,2026/4/2,2817,0
r16593,EmiBonnie,6,32,2026/4/3,3088,0
r16594,EmiBonnie,15,132,2026/3/31,22476,1
r16595,FayMay,11,13,2026/4/3,1247,1
r16596,EngLot,15,10,2026/6/29,7120,1
r16597,NamneungNoey,1,1,2026/5/6,110,0
r16598,FayMay,7,8,2026/6/13,480,1
r16599,EmiBonnie,1,0,2026/4/5,37,0
r16600,FreenBecky,9,91,2026/4/2,9967,0
r16601,LenaMiu,2,22,2026/5/1,1112,0
r16603,NamneungNoey,3,2,2026/3/31,313,0
r16604,LingOrm,16,59,2026/4/6,16693,1
r16605,KaoJaneJaneKao,7,1,2026/3/31,438,0
r16606,EngLot,1,1,2026/4/5,279,0
r16607,LingOrm,25,7,2026/4/22,7847,0
r16608,NamtanFilm,1,0,2026/7/11,98,0
r16609,ViewJune,1,0,2026/4/1,21,0
r16610,EmiBonnie,11,55,2026/4/1,11466,1
r16611,EmiBonnie,2,7,2026/4/1,326,0
r16612,EmiBonnie,14,118,2026/4/1,20071,1
r16613,EnjoyJune,11,16,2026/4/2,3039,1
r16614,GinJay,25,51,2026/7/18,14531,0
r16615,FreenBecky,6,6,2026/4/1,192,0
r16616,EnjoyJune,18,39,2026/4/5,9139,1
r16618,LenaMiu,14,2,2026/4/1,1171,0
r16619,EmiBonnie,2,0,2026/5/13,20,0
r16620,GinJay,29,5,2026/4/1,1383,1
r16621,EngLot,4,4,2026/6/12,435,0
r16622,LingOrm,17,22,2026/4/3,4617,1
r16623,AppleMim,1,0,2026/4/15,83,0
r16624,NamtanFilm,3,0,2026/4/1,79,0
r16625,EmiBonnie,23,101,2026/4/3,28164,1
r16626,NamneungNoey,1,0,2026/4/1,89,0
r16627,EmiBonnie,3,2,2026/4/1,62,0
r16628,ViewJune,1,0,2026/4/6,8,0
r16629,EmiBonnie,1,1,2026/4/5,15,0
r16630,EmiBonnie,2,2,2026/4/1,189,0
r16631,LingOrm,24,396,2026/4/2,155023,1
r16632,EmiBonnie,5,166,2026/4/2,8570,0
r16633,EmiBonnie,4,10,2026/4/1,1118,0
r16635,MilkLove,12,3,2026/4/1,1468,1
r16636,TkNur,2,7,2026/4/3,324,0
r16637,EmiBonnie,5,2,2026/4/4,498,0
r16638,LingOrm,8,50,2026/4/20,5892,0
r16639,LenaMiu,14,13,2026/4/5,3958,1
r16640,EmiBonnie,2,35,2026/4/23,1075,0
r16641,FreenBecky,17,21,2026/4/2,4218,1
r16642,EmiBonnie,2,4,2026/4/2,62,0
r16643,NamtanFilm,6,8,2026/4/6,1273,0
r16644,EmiBonnie,2,0,2026/4/2,15,0
r16645,NamtanFilm,1,5,2026/4/23,305,0
r16646,LingOrm,7,7,2026/4/2,950,1
r16647,NamtanFilm,3,3,2026/4/2,115,0
r16648,FreenBecky,8,2,2026/4/2,361,1
r16650,LingOrm,24,20,2026/4/2,7648,1
r16651,EmiBonnie,6,6,2026/4/2,856,0
r16652,ViewJune,1,0,2026/4/2,25,1
r16653,EmiBonnie,4,1,2026/4/2,83,0
r16654,LingOrm,10,0,2026/4/10,198,0
r16655,ViewJune,2,1,2026/5/27,29,0
r16656,LingOrm,10,7,2026/4/2,703,1
r16657,EmiBonnie,11,25,2026/4/7,5122,0
r16658,LingOrm,1,0,2026/4/4,87,0
r16659,EnjoyJune,3,14,2026/4/8,2085,0
r16660,LenaMiu,4,12,2026/4/2,2194,0
r16661,EmiBonnie,2,1,2026/6/17,83,0
r16662,LingOrm,1,16,2026/4/2,1445,1
r16663,EngLot,1,1,2026/4/2,33,0
r16664,LingOrm,25,46,2026/4/12,17653,1
r16665,EngLot,32,794,2026/4/6,384522,1
r16666,LingOrm,3,13,2026/4/3,1448,0
r16667,MilkLove,1,1,2026/4/2,29,0
r16668,LingOrm,1,5,2026/4/10,154,0
r16669,EngLot,6,3,2026/4/2,512,0
r16670,NamtanFilm,1,2,2026/4/3,102,0
r16671,EmiBonnie,4,17,2026/4/3,1121,0
r16672,LingOrm,5,217,2026/4/3,21593,0
r16673,LenaMiu,3,3,2026/4/17,1228,0
r16674,NamtanFilm,5,0,2026/4/3,110,0
r16675,EmiBonnie,4,1,2026/4/3,89,0
r16676,EnjoyJune,18,34,2026/4/15,7994,0
r16678,EmiBonnie,1,4,2026/4/25,87,0
r16679,TkNur,2,8,2026/4/2,186,0
r16680,LingOrm,15,4,2026/4/5,1335,1
r16681,EngLot,2,1,2026/7/7,91,0
r16682,NamtanFilm,2,6,2026/4/5,368,0
r16683,LingOrm,1,2,2026/4/3,117,0
r16684,JanJingjing,2,3,2026/4/14,262,0
r16685,GinJay,12,26,2026/4/5,5001,1
r16686,ViewJune,1,0,2026/4/3,17,1
r16687,AppleMim,10,4,2026/4/3,1368,1
r16688,NamneungNoey,7,0,2026/4/3,515,0
r16689,ViewJune,1,1,2026/4/3,41,1
r16690,EmiBonnie,4,1,2026/4/3,39,0
r16691,EmiBonnie,1,0,2026/4/3,62,0
r16692,KaoJaneJaneKao,6,23,2026/4/3,1907,0
r16693,EmiBonnie,10,17,2026/4/11,3188,1
r16694,EngLot,7,1,2026/4/3,397,0
r16695,EngLot,19,131,2026/4/4,62513,1
r16696,EmiBonnie,1,1,2026/4/13,90,0
r16697,MablePangjie,5,3,2026/4/3,246,0
r16698,EmiBonnie,1,1,2026/4/3,54,0
r16699,NamneungNoey,9,23,2026/4/3,3057,0
r16700,FreenBecky,7,6,2026/4/4,663,1
r16701,FreenBecky,2,1,2026/4/8,131,0
r16702,EngLot,4,1,2026/4/12,273,0
r16703,EmiBonnie,4,1,2026/4/5,361,0
r16704,EngLot,1,0,2026/4/4,37,0
r16705,EmiBonnie,10,54,2026/4/3,8966,1
r16706,LingOrm,21,7,2026/4/3,1304,1
r16707,NamtanFilm,4,6,2026/4/4,542,0
r16708,NamtanFilm,14,33,2026/4/5,8674,0
r16709,NamtanFilm,4,39,2026/4/9,2733,0
r16710,EmiBonnie,1,0,2026/4/3,31,0
r16711,JanJingjing,10,109,2026/4/3,29407,1
r16712,LingOrm,3,1,2026/4/23,137,1
r16713,LingOrm,1,0,2026/4/4,4,0
r16715,EngLot,9,1,2026/4/25,858,0
r16716,LingOrm,28,222,2026/4/9,68050,0
r16717,NamtanFilm,10,1,2026/4/4,239,0
r16718,KaoJaneJaneKao,7,4,2026/4/10,698,0
r16719,NamtanFilm,1,1,2026/4/4,49,0
r16720,EmiBonnie,5,2,2026/4/4,140,1
r16721,LenaMiu,6,2,2026/4/4,611,0
r16722,MablePangjie,2,1,2026/4/4,90,0
r16723,LingOrm,2,2,2026/4/6,111,0
r16724,LingOrm,24,246,2026/4/22,115146,1
r16725,NamtanFilm,15,4,2026/4/5,533,0
r16726,JanJingjing,26,1042,2026/6/20,238841,1
r16727,EmiBonnie,9,18,2026/4/5,1609,1
r16728,FreenBecky,4,1,2026/4/4,144,0
r16729,LenaMiu,3,16,2026/4/7,1235,1
r16730,FreenBecky,27,4,2026/4/6,950,0
r16731,LingOrm,26,6,2026/4/5,1804,1
r16732,GinJay,15,34,2026/4/4,6666,1
r16733,KaoJaneJaneKao,9,48,2026/4/13,4679,0
r16735,MilkLove,7,2,2026/4/5,1029,0
r16736,NamneungNoey,4,7,2026/4/4,1723,1
r16737,FreenBecky,21,6,2026/4/4,1393,1
r16738,LenaMiu,12,9,2026/4/4,4483,0
r16739,EmiBonnie,2,2,2026/4/6,44,0
r16740,EngLot,15,58,2026/4/6,23042,1
r16741,NamneungNoey,1,4,2026/4/12,369,1
r16742,EmiBonnie,1,0,2026/4/4,26,0
r16743,MilkLove,10,94,2026/6/21,13543,1
r16744,ViewMim,1,13,2026/4/5,451,0
r16745,FreenBecky,3,0,2026/4/4,25,0
r16746,FreenBecky,31,10,2026/4/4,4174,1
r16747,FreenBecky,24,9,2026/4/4,1847,1
r16748,LingOrm,4,26,2026/4/5,2433,0
r16749,NamtanFilm,5,21,2026/5/25,2014,0
r16750,EmiBonnie,11,25,2026/4/5,4841,1
r16751,LenaMiu,1,0,2026/4/5,104,0
r16752,EmiBonnie,12,53,2026/4/5,10184,1
r16753,TkNur,1,0,2026/4/5,83,0
r16754,JanJingjing,24,364,2026/4/22,101557,0
r16755,EmiBonnie,1,0,2026/4/6,28,0
r16756,EmiBonnie,3,4,2026/4/10,92,0
r16757,EmiBonnie,6,17,2026/5/4,2413,0
r16758,EnjoyJune,12,22,2026/4/25,3137,0
r16759,NamtanFilm,2,14,2026/4/17,718,0
r16760,NamtanFilm,21,33,2026/4/5,6213,0
r16761,NamtanFilm,8,46,2026/4/5,9193,1
r16762,LMSY,8,1,2026/4/6,481,0
r16763,EmiBonnie,12,33,2026/4/5,4512,1
r16764,FreenBecky,25,9,2026/4/5,3395,1
r16765,FreenBecky,3,8,2026/4/13,260,0
r16766,EngLot,30,23,2026/4/7,19936,1
r16767,EmiBonnie,13,34,2026/4/11,8653,0
r16768,FreenBecky,12,14,2026/4/5,2656,0
r16769,EmiBonnie,2,1,2026/4/6,124,0
r16770,EngLot,13,9,2026/4/9,5808,1
r16771,MilkLove,6,2,2026/4/5,452,0
r16772,FreenBecky,20,8,2026/4/5,924,1
r16773,EmiBonnie,10,77,2026/4/6,14023,0
r16774,LenaMiu,7,14,2026/4/6,2751,1
r16775,EmiBonnie,1,5,2026/4/7,43,0
r16776,LenaMiu,9,55,2026/4/8,13662,0
r16777,FreenBecky,40,51,2026/4/6,12561,0
r16778,EnjoyJune,9,21,2026/4/7,3848,0
r16779,EmiBonnie,2,0,2026/4/5,25,0
r16780,FreenBecky,33,38,2026/5/18,17394,1
r16781,EmiBonnie,8,3,2026/4/5,201,0
r16782,EmiBonnie,10,10,2026/4/7,2190,1
r16783,KaoJaneJaneKao,3,4,2026/4/6,123,0
r16784,LenaMiu,13,19,2026/4/30,8394,1
r16785,EmiBonnie,2,2,2026/4/6,10,0
r16786,EmiBonnie,2,2,2026/4/6,40,0
r16787,LingOrm,36,8,2026/4/7,2664,1
r16788,MilkLove,15,5,2026/4/6,3138,1
r16789,EmiBonnie,4,3,2026/4/6,116,1
r16790,NamtanFilm,2,1,2026/4/6,54,0
r16791,LenaMiu,2,2,2026/4/6,422,0
r16792,EmiBonnie,29,12,2026/4/18,551,0
r16793,LingOrm,9,1,2026/4/10,326,0
r16794,EmiBonnie,2,4,2026/4/7,167,0
r16795,LingOrm,4,1,2026/4/6,49,0
r16796,FreenBecky,25,9,2026/4/6,1461,1
r16797,EmiBonnie,7,279,2026/6/3,25605,0
r16798,LingOrm,33,58,2026/4/8,23916,1
r16799,MilkLove,1,0,2026/4/6,46,0
r16800,FreenBecky,8,40,2026/4/6,7040,1
r16801,EmiBonnie,9,23,2026/4/7,1602,1
r16802,LenaMiu,1,1,2026/4/19,105,0
r16803,EmiBonnie,1,14,2026/4/10,340,0
r16804,EngLot,1,10,2026/6/16,421,0
r16806,EmiBonnie,1,4,2026/5/2,194,0
r16807,LingOrm,19,269,2026/7/14,65135,1
r16808,LenaMiu,6,2,2026/4/23,825,0
r16809,LingOrm,7,0,2026/4/6,206,0
r16810,EmiBonnie,4,4,2026/4/6,87,1
r16811,LingOrm,1,2,2026/6/11,10,0
r16812,MilkLove,6,1,2026/4/7,519,1
r16813,LingOrm,4,4,2026/4/7,205,0
r16814,GinJay,6,11,2026/4/7,1313,0
r16815,JanJingjing,14,195,2026/5/27,17661,1
r16816,EmiBonnie,11,59,2026/4/8,11387,0
r16817,EmiBonnie,3,0,2026/4/8,14,0
r16818,LingOrm,25,315,2026/5/1,120665,1
r16819,MilkLove,11,2,2026/4/7,499,1
r16820,LenaMiu,13,38,2026/4/16,10344,0
r16821,EmiBonnie,6,3,2026/4/7,141,0
r16822,JanJingjing,7,22,2026/6/19,2831,0
r16823,EmiBonnie,7,2,2026/4/7,111,0
r16824,NamtanFilm,4,4,2026/8/23,121,0
r16825,LingOrm,5,38,2026/4/24,2702,0
r16826,EmiBonnie,4,4,2026/4/7,246,1
r16827,LingOrm,1,1,2026/4/7,370,0
r16828,LingOrm,8,2,2026/4/15,224,1
r16829,LingOrm,9,110,2026/4/8,18218,1
r16830,EnjoyJune,5,33,2026/4/11,2187,0
r16831,EmiBonnie,8,0,2026/4/7,134,0
r16833,EmiBonnie,1,3,2026/4/13,119,0
r16834,KaoJaneJaneKao,5,2,2026/5/4,510,0
r16835,EmiBonnie,1,0,2026/4/7,117,0
r16836,EnjoyJune,18,36,2026/4/26,9135,1
r16837,LingOrm,4,2,2026/5/10,205,0
r16838,EmiBonnie,16,7,2026/4/26,1500,1
r16839,NamneungNoey,1,2,2026/4/7,237,1
r16840,MilkLove,31,43,2026/5/23,20753,1
r16841,NamneungNoey,1,0,2026/4/7,133,1
r16842,NamneungNoey,1,0,2026/4/7,232,1
r16844,NamneungNoey,1,0,2026/4/7,186,1
r16845,MilkLove,1,1,2026/7/29,123,0
r16846,EngLot,3,1,2026/4/25,170,0
r16847,EngLot,6,29,2026/4/11,3211,0
r16848,EngLot,4,6,2026/4/8,445,0
r16849,FreenBecky,31,8,2026/4/17,1083,0
r16850,AppleMim,13,8,2026/4/8,944,0
r16851,EngLot,7,11,2026/4/8,4332,1
r16852,GinJay,1,11,2026/4/8,349,0
r16853,NamtanFilm,1,1,2026/4/9,38,0
r16854,EmiBonnie,18,7,2026/4/8,1298,1
r16855,LingOrm,4,3,2026/4/9,395,0
r16856,EngLot,3,4,2026/4/9,301,0
r16857,LenaMiu,17,27,2026/5/2,13280,1
r16858,EmiBonnie,2,0,2026/4/8,97,0
r16859,LingOrm,6,8,2026/4/11,499,0
r16860,LenaMiu,1,9,2026/4/8,625,0
r16861,LingOrm,32,146,2026/4/11,76340,1
r16862,LingOrm,4,2,2026/5/21,255,1
r16863,FreenBecky,3,16,2026/6/8,940,0
r16864,EmiBonnie,16,11,2026/6/13,2444,1
r16865,EmiBonnie,16,10,2026/4/20,1739,1
r16866,LenaMiu,15,95,2026/4/13,26042,1
r16867,LingOrm,22,440,2026/4/18,101186,1
r16868,EmiBonnie,1,2,2026/4/9,58,0
r16869,JanJingjing,18,6,2026/4/8,2397,1
r16870,EmiBonnie,8,6,2026/4/8,913,1
r16871,FreenBecky,13,1,2026/4/8,512,1
r16872,EngLot,1,0,2026/4/9,39,0
r16873,GinJay,23,5,2026/4/8,1420,1
r16874,NamtanFilm,4,2,2026/4/9,250,0
r16875,EngLot,2,0,2026/4/10,99,0
r16876,LingOrm,1,0,2026/4/8,143,1
r16877,FreenBecky,1,0,2026/4/9,67,0
r16879,FreenBecky,7,9,2026/4/14,1878,0
r16880,EmiBonnie,9,6,2026/4/9,955,1
r16881,NamneungNoey,1,1,2026/4/9,440,1
r16882,FreenBecky,2,9,2026/5/7,224,0
r16883,NamtanFilm,11,44,2026/4/9,9290,1
r16884,EmiBonnie,2,0,2026/4/9,50,0
r16885,LingOrm,1,0,2026/4/14,114,0
r16886,NamneungNoey,2,12,2026/6/19,1003,0
r16887,NamtanFilm,1,55,2026/4/17,1706,0
r16888,LingOrm,15,3,2026/4/9,585,0
r16889,EmiBonnie,12,6,2026/4/9,1229,0
r16890,LenaMiu,1,3,2026/4/9,165,0
r16891,KaoJaneJaneKao,5,3,2026/4/9,212,1
r16892,EngLot,1,2,2026/6/5,203,0
r16893,LenaMiu,20,21,2026/4/11,5141,1
r16894,OomBam,12,46,2026/4/17,6812,1
r16895,EnjoyJune,6,60,2026/4/19,6128,1
r16896,EnjoyJune,3,5,2026/4/24,608,0
r16897,MilkLove,1,6,2026/5/6,500,0
r16898,FayeAtom,2,0,2026/4/18,100,0
r16900,LingOrm,24,403,2026/4/12,155667,1
r16901,LenaMiu,14,49,2026/5/29,11477,1
r16902,LingOrm,30,63,2026/4/10,34105,1
r16903,EngLot,4,7,2026/4/14,1429,0
r16904,FreenBecky,1,2,2026/4/11,44,0
r16905,EngLot,8,7,2026/4/9,2950,1
r16906,NamneungNoey,1,0,2026/4/9,239,1
r16907,AppleMim,35,14,2026/4/14,1420,1
r16908,EmiBonnie,1,2,2026/4/9,98,0
r16909,LingOrm,4,0,2026/4/9,154,0
r16910,MilkLove,15,51,2026/4/30,14418,0
r16911,EmiBonnie,12,128,2026/4/13,26494,1
r16912,LingOrm,6,4,2026/4/9,491,1
r16913,JanJingjing,3,68,2026/5/24,4803,0
r16914,EmiBonnie,2,3,2026/4/10,61,0
r16915,NamtanFilm,7,15,2026/4/18,2274,0
r16916,EnjoyJune,2,5,2026/4/9,186,0
r16917,LingOrm,6,4,2026/4/23,267,0
r16918,NamneungNoey,2,20,2026/5/3,821,0
r16919,NamneungNoey,3,0,2026/4/9,117,1
r16920,LingOrm,8,108,2026/4/10,25104,0
r16921,LingOrm,11,120,2026/4/11,34301,0
r16922,NamtanFilm,1,1,2026/4/13,86,0
r16923,FreenBecky,2,7,2026/4/16,514,1
r16924,FreenBecky,7,3,2026/4/10,311,1
r16925,EmiBonnie,10,85,2026/4/12,18126,0
r16926,NamtanFilm,7,6,2026/4/11,650,0
r16927,NamtanFilm,7,10,2026/4/11,1842,0
r16928,LingOrm,1,0,2026/4/10,18,0
r16929,FreenBecky,3,2,2026/4/10,49,0
r16930,JanJingjing,8,66,2026/4/13,10020,1
r16931,AppleMim,10,21,2026/4/16,2427,0
r16932,NamneungNoey,4,4,2026/4/13,725,0
r16933,JanJingjing,4,3,2026/4/10,622,0
r16934,LenaMiu,10,5,2026/4/18,1947,0
r16935,AndaLookkaew,42,85,2026/4/11,30468,1
r16936,EmiBonnie,3,1,2026/4/22,69,0
r16937,LingOrm,5,0,2026/4/10,131,1
r16938,EmiBonnie,11,12,2026/4/10,1348,0
r16939,FreenBecky,32,11,2026/4/11,5291,1
r16940,LingOrm,26,8,2026/4/10,2052,1
r16941,LenaMiu,2,1,2026/5/17,108,0
r16942,MilkLove,4,2,2026/4/10,329,0
r16943,EmiBonnie,17,195,2026/4/10,48029,1
r16944,EmiBonnie,2,2,2026/4/11,48,0
r16945,EngLot,6,3,2026/4/10,1804,1
r16946,MablePangjie,2,4,2026/4/10,89,0
r16947,MilkLove,2,6,2026/4/18,524,0
r16948,EngLot,25,1,2026/4/10,496,1
r16949,EmiBonnie,14,102,2026/4/28,18025,1
r16950,EnjoyJune,26,20,2026/4/12,7005,1
r16951,EmiBonnie,15,6,2026/4/11,1031,1
r16952,KapookCiize,4,13,2026/5/27,1078,0
r16953,EmiBonnie,1,5,2026/4/11,129,0
r16954,EngLot,46,313,2026/5/16,199275,1
r16956,LingOrm,7,1,2026/4/11,424,0
r16957,LingOrm,6,6,2026/4/11,703,0
r16958,NamtanFilm,1,1,2026/4/11,109,0
r16959,EngLot,15,13,2026/4/11,6324,1
r16960,LingOrm,13,36,2026/4/18,8738,1
r16961,OomBam,17,98,2026/5/7,21800,0
r16962,LingOrm,11,0,2026/4/11,242,0
r16963,LingOrm,13,107,2026/4/13,21545,1
r16964,MilkLove,1,0,2026/4/12,77,0
r16965,LingOrm,19,8,2026/4/11,2220,1
r16966,EmiBonnie,9,10,2026/4/14,2438,1
r16967,EmiBonnie,1,3,2026/4/11,149,1
r16968,NamtanFilm,1,0,2026/7/26,19,0
r16969,EmiBonnie,12,6,2026/4/13,1363,0
r16970,LenaMiu,6,30,2026/4/11,5013,0
r16971,LingOrm,15,1,2026/4/12,877,1
r16972,EngLot,1,1,2026/4/11,25,0
r16973,ArhoungPam,5,3,2026/4/16,141,0
r16974,LingOrm,1,1,2026/4/11,48,0
r16975,EmiBonnie,3,1,2026/4/11,91,0
r16976,ViewJune,3,1,2026/4/15,45,0
r16978,FreenBecky,4,4,2026/5/7,307,0
r16979,NamneungNoey,14,43,2026/4/23,9000,1
r16980,MilkLove,3,0,2026/4/12,67,0
r16981,EmiBonnie,1,9,2026/4/12,481,0
r16982,LingOrm,4,2,2026/4/12,255,0
r16983,NamtanFilm,1,2,2026/4/12,192,0
r16984,TkNur,3,5,2026/4/13,288,0
r16985,EngLot,5,17,2026/4/12,4114,0
r16986,LingOrm,6,4,2026/4/12,598,0
r16987,LingOrm,20,62,2026/4/12,24784,1
r16988,LingOrm,16,11,2026/4/12,4536,1
r16989,LenaMiu,1,0,2026/4/12,97,0
r16990,EnjoyJune,32,18,2026/4/13,7926,1
r16991,EmiBonnie,1,0,2026/4/12,22,0
r16992,TkNur,3,8,2026/5/1,266,0
r16993,LingOrm,19,30,2026/4/12,13335,1
r16994,FreenBecky,1,0,2026/8/16,91,0
r16995,LenaMiu,1,4,2026/4/19,334,0
r16996,NamtanFilm,2,1,2026/4/20,42,0
r16997,EmiBonnie,8,2,2026/4/12,462,0
r16999,EmiBonnie,6,5,2026/4/16,264,0
r17000,AppleMim,7,7,2026/4/13,849,0
r17001,EmiBonnie,2,20,2026/4/15,688,0
r17002,LingOrm,2,0,2026/4/12,121,1
r17003,MilkLove,3,1,2026/4/12,81,0
r17004,MilkLove,1,1,2026/4/12,20,0
r17006,EmiBonnie,2,2,2026/4/23,142,0
r17007,LingOrm,72,121,2026/4/12,36639,1
r17008,OomBam,20,14,2026/4/27,6328,1
r17009,MilkLove,8,1,2026/5/13,248,0
r17010,FreenBecky,2,2,2026/5/5,105,0
r17011,MilkLove,10,2,2026/4/13,946,1
r17012,EmiBonnie,1,0,2026/4/14,46,0
r17013,EmiBonnie,1,1,2026/5/1,23,0
r17014,EmiBonnie,5,232,2026/4/15,17011,1
r17015,EmiBonnie,4,4,2026/4/16,197,1
r17016,MablePangjie,5,0,2026/5/1,232,1
r17017,GinJay,16,35,2026/4/15,7994,1
r17018,LingOrm,1,2,2026/4/27,52,0
r17019,LingOrm,2,2,2026/4/19,104,0
r17020,LingOrm,28,623,2026/4/14,235343,1
r17021,LingOrm,21,464,2026/4/19,132712,1
r17022,LingOrm,25,493,2026/4/26,180585,1
r17023,JuneMewnich,2,0,2026/4/27,100,0
r17024,EngLot,19,146,2026/4/19,75229,1
r17025,EmiBonnie,13,185,2026/4/13,33558,1
r17026,EngLot,1,0,2026/4/13,207,0
r17027,NamtanFilm,6,1,2026/4/13,159,0
r17029,EngLot,6,8,2026/4/14,3369,1
r17030,EmiBonnie,1,0,2026/8/22,105,0
r17031,GinJay,40,6,2026/4/13,1177,1
r17032,EmiBonnie,4,3,2026/4/17,393,0
r17033,LenaMiu,10,44,2026/4/18,14062,1
r17034,LingOrm,10,7,2026/4/13,804,0
r17035,MilkLove,4,0,2026/4/23,555,1
r17036,FreenBecky,5,2,2026/4/13,1023,0
r17037,EmiBonnie,9,57,2026/4/13,6300,1
r17038,LingOrm,21,31,2026/4/19,7263,1
r17039,MilkLove,3,1,2026/4/13,152,0
r17041,LenaMiu,1,1,2026/4/13,16,0
r17042,ViewMim,1,2,2026/4/13,39,0
r17043,LenaMiu,10,2,2026/4/17,594,1
r17044,LenaMiu,15,75,2026/4/15,22488,0
r17045,EmiBonnie,7,8,2026/4/14,1237,0
r17046,EmiBonnie,13,6,2026/4/22,590,0
r17047,EmiBonnie,4,3,2026/4/18,644,0
r17048,EmiBonnie,7,5,2026/4/14,374,1
r17049,OomBam,1,90,2026/4/21,4967,1
r17050,NamneungNoey,11,15,2026/4/17,2039,0
r17051,LingOrm,1,4,2026/4/14,435,0
r17053,LingOrm,6,47,2026/4/20,6454,1
r17054,NamneungNoey,2,17,2026/4/19,1475,0
r17055,LingOrm,2,2,2026/4/20,201,1
r17056,LMSY,4,2,2026/4/14,1628,1
r17057,LingOrm,25,98,2026/4/18,41559,1
r17058,LingOrm,72,79,2026/4/14,28020,1
r17060,LMSY,2,2,2026/6/8,107,0
r17061,FreenBecky,22,266,2026/4/28,44517,0
r17062,EmiBonnie,3,6,2026/4/23,521,0
r17063,TkNur,13,10,2026/4/14,834,1
r17064,LingOrm,21,113,2026/4/14,29447,1
r17065,FreenBecky,7,3,2026/4/19,209,0
r17066,LingOrm,41,11,2026/5/16,10657,1
r17067,TkNur,1,3,2026/4/15,101,0
r17068,EmiBonnie,2,0,2026/5/8,99,0
r17069,PahnFond,1,3,2026/8/9,131,0
r17070,EmiBonnie,5,6,2026/4/15,778,0
r17071,LenaMiu,3,63,2026/6/15,3582,0
r17072,LingOrm,1,0,2026/4/15,61,0
r17073,EngLot,1,4,2026/4/19,104,0
r17075,EngLot,2,0,2026/5/16,75,0
r17076,JanJingjing,6,4,2026/7/12,325,0
r17077,EmiBonnie,2,2,2026/4/15,118,0
r17078,EmiBonnie,25,565,2026/4/17,150284,1
r17079,LingOrm,8,159,2026/4/15,21157,0
r17080,FreenBecky,17,21,2026/5/12,5287,1
r17081,FreenBecky,18,21,2026/5/16,4666,1
r17082,FreenBecky,27,141,2026/4/15,40577,1
r17083,FayeAtom,7,1,2026/4/16,211,0
r17084,EngLot,8,7,2026/7/1,1075,0
r17085,LingOrm,25,332,2026/4/17,151648,0
r17086,EmiBonnie,4,2,2026/4/15,133,0
r17087,LenaMiu,14,101,2026/4/16,29921,1
r17088,LenaMiu,8,27,2026/4/15,6232,0
r17089,LingOrm,6,5,2026/7/20,199,0
r17090,EmiBonnie,2,1,2026/4/15,33,0
r17091,TkNur,1,2,2026/4/15,222,1
r17093,AppleMim,5,5,2026/4/16,503,0
r17094,EmiBonnie,2,2,2026/4/15,150,0
r17095,EmiBonnie,5,29,2026/4/15,3145,0
r17096,NamtanFilm,2,7,2026/4/15,550,0
r17097,LingOrm,2,2,2026/4/16,333,0
r17098,MilkLove,4,1,2026/4/15,134,0
r17099,EmiBonnie,4,1,2026/4/16,100,0
r17100,FreenBecky,16,24,2026/4/20,1775,1
r17102,EmiBonnie,2,1,2026/4/15,80,0
r17104,MilkLove,7,1,2026/4/15,172,0
r17105,EngLot,5,1,2026/4/18,383,0
r17106,FreenBecky,2,8,2026/5/3,376,0
r17107,LingOrm,4,63,2026/4/18,3699,0
r17108,NamtanFilm,9,0,2026/4/27,413,0
r17109,GinJay,2,6,2026/4/16,286,0
r17110,EmiBonnie,1,0,2026/8/23,9,0
r17111,FreenBecky,19,13,2026/4/18,4484,0
r17112,EmiBonnie,18,20,2026/4/16,4286,1
r17113,LingOrm,1,2,2026/4/16,166,0
r17114,KaoJaneJaneKao,2,2,2026/4/19,227,0
r17115,NamtanFilm,1,0,2026/4/16,86,1
r17116,EmiBonnie,4,0,2026/4/17,189,0
r17117,LingOrm,21,19,2026/4/23,5313,1
r17118,FreenBecky,3,2,2026/4/21,257,0
r17119,LingOrm,4,2,2026/7/4,229,0
r17121,EmiBonnie,2,4,2026/6/28,130,0
r17122,EngLot,3,1,2026/4/18,309,0
r17123,EngLot,1,1,2026/4/22,73,0
r17124,NamtanFilm,9,0,2026/4/16,253,0
r17125,LingOrm,8,2,2026/6/2,1480,0
r17126,FreenBecky,20,7,2026/4/30,1713,1
r17127,EmiBonnie,5,7,2026/5/7,614,0
r17128,EmiBonnie,1,3,2026/4/23,85,1
r17129,EngLot,18,126,2026/4/19,55335,1
r17130,LingOrm,5,7,2026/4/16,656,0
r17131,EmiBonnie,13,17,2026/4/17,1979,0
r17132,GinJay,31,8,2026/4/16,1013,1
r17133,MilkLove,1,0,2026/4/16,29,0
r17134,PahnFond,3,17,2026/4/17,1205,0
r17135,EmiBonnie,2,7,2026/5/10,386,0
r17136,LingOrm,16,25,2026/4/17,9784,1
r17137,EmiBonnie,3,2,2026/4/17,146,0
r17138,LingOrm,11,16,2026/4/17,4754,1
r17139,JanJingjing,3,12,2026/6/14,941,0
r17140,EmiBonnie,23,16,2026/4/27,4601,1
r17141,EmiBonnie,13,4,2026/4/17,1046,1
r17142,LingOrm,10,51,2026/4/28,9873,1
r17143,EmiBonnie,11,2,2026/4/17,1110,0
r17144,LingOrm,13,5,2026/4/27,1190,0
r17145,EngLot,25,16,2026/4/19,7646,1
r17146,FreenBecky,4,11,2026/4/22,340,1
r17147,MablePangjie,7,5,2026/4/17,945,1
r17148,TanYada,7,4,2026/4/17,478,0
r17149,MilkLove,5,9,2026/4/17,761,1
r17150,TkNur,15,18,2026/4/22,4386,1
r17151,EmiBonnie,2,3,2026/4/18,341,0
r17152,NamtanFilm,6,5,2026/7/2,427,0
r17153,FreenBecky,11,3,2026/4/22,833,1
r17154,EmiBonnie,6,2,2026/4/17,496,0
r17155,LingOrm,4,15,2026/4/17,1873,0
r17156,EmiBonnie,7,9,2026/4/17,723,0
r17157,FreenBecky,1,0,2026/4/17,36,0
r17158,EmiBonnie,1,0,2026/8/23,21,0
r17159,LingOrm,1,14,2026/4/18,1126,1
r17160,FreenBecky,8,2,2026/4/17,100,0
r17161,EmiBonnie,10,292,2026/4/20,37638,1
r17162,NamneungNoey,1,1,2026/4/20,127,0
r17163,EngLot,12,3,2026/4/17,254,0
r17164,EmiBonnie,1,0,2026/4/30,3,0
r17165,EmiBonnie,2,2,2026/4/17,60,0
r17167,EmiBonnie,4,71,2026/4/17,4499,0
r17168,NamtanFilm,15,48,2026/4/18,9903,1
r17169,LMSY,8,0,2026/4/17,78,0
r17170,NamneungNoey,21,4,2026/4/17,780,1
r17171,FreenBecky,6,12,2026/4/18,1593,0
r17172,LenaMiu,15,86,2026/4/24,27658,0
r17173,EmiBonnie,12,31,2026/4/18,8015,1
r17174,EmiBonnie,10,7,2026/4/17,1231,1
r17175,NamtanFilm,2,7,2026/4/22,655,0
r17176,EmiBonnie,6,5,2026/4/18,655,0
r17177,JanJingjing,3,23,2026/4/27,1484,0
r17178,JanJingjing,1,6,2026/4/18,374,0
r17179,LingOrm,5,0,2026/5/6,248,0
r17180,MilkLove,6,2,2026/4/18,356,0
r17181,FreenBecky,1,36,2026/4/19,1717,1
r17182,EmiBonnie,3,3,2026/5/10,349,0
r17184,NamtanFilm,1,14,2026/4/20,621,0
r17185,EnjoyJune,4,27,2026/4/19,2423,0
r17186,EngLot,13,77,2026/5/7,33223,0
r17187,EngLot,2,0,2026/4/19,511,0
r17188,LenaMiu,15,4,2026/4/18,2787,1
r17189,EmiBonnie,24,493,2026/4/22,80916,1
r17190,KaoJaneJaneKao,13,9,2026/4/22,1991,0
r17191,LingOrm,5,47,2026/4/22,4065,0
r17192,LenaMiu,5,3,2026/4/23,414,0
r17193,OomBam,48,18,2026/5/4,8997,1
r17194,NamtanFilm,8,3,2026/6/3,405,0
r17195,EngLot,16,17,2026/5/26,5325,1
r17196,LingOrm,13,3,2026/4/26,2510,0
r17197,LingOrm,3,0,2026/4/18,204,0
r17198,FreenBecky,9,6,2026/4/18,3719,0
r17199,EngLot,1,4,2026/4/19,100,0
r17200,NamtanFilm,2,2,2026/4/18,39,0
r17201,EmiBonnie,2,2,2026/4/18,53,0
r17202,NamneungNoey,10,29,2026/4/18,6380,1
r17203,LenaMiu,23,24,2026/4/20,6497,1
r17204,LingOrm,3,3,2026/5/3,451,0
r17206,LingOrm,4,0,2026/4/18,26,0
r17207,EmiBonnie,5,15,2026/7/31,995,0
r17208,FreenBecky,10,7,2026/5/7,795,1
r17209,MablePangjie,10,2,2026/4/19,718,1
r17210,MablePangjie,1,1,2026/4/19,21,0
r17211,MilkLove,2,7,2026/6/8,636,0
r17213,FreenBecky,15,19,2026/5/16,5496,1
r17214,LingOrm,1,5,2026/4/19,113,0
r17215,LingOrm,14,1,2026/4/18,270,1
r17216,FreenBecky,9,0,2026/4/19,31,0
r17217,MilkLove,10,26,2026/5/16,5865,0
r17218,NamneungNoey,15,47,2026/5/6,9263,1
r17219,LingOrm,4,5,2026/4/19,677,1
r17220,LingOrm,1,2,2026/4/19,97,1
r17221,EmiBonnie,5,6,2026/4/21,441,0
r17222,EngLot,25,183,2026/5/16,52436,1
r17223,EngLot,1,1,2026/4/19,74,0
r17224,OomBam,4,11,2026/5/2,2194,0
r17225,TkNur,2,0,2026/4/19,90,0
r17226,LingOrm,60,15,2026/4/19,9890,1
r17227,MilkLove,1,2,2026/4/19,61,0
r17228,GinJay,2,9,2026/8/23,265,0
r17229,NamtanFilm,1,2,2026/4/19,101,0
r17230,EmiBonnie,1,1,2026/4/19,13,0
r17231,FreenBecky,5,4,2026/4/27,242,0
r17232,MilkLove,2,1,2026/4/19,70,0
r17234,EmiBonnie,7,19,2026/4/19,2586,0
r17236,EmiBonnie,1,1,2026/4/19,43,0
r17237,JanJingjing,17,134,2026/4/19,21440,0
r17238,LingOrm,19,137,2026/5/15,23966,1
r17239,EmiBonnie,5,3,2026/4/19,239,1
r17240,LingOrm,1,0,2026/4/20,3,0
r17241,NamneungNoey,1,1,2026/7/5,58,0
r17243,EmiBonnie,8,11,2026/4/20,772,0
r17244,LingOrm,15,24,2026/4/21,4303,1
r17245,LenaMiu,12,112,2026/5/5,28542,1
r17246,LMSY,2,1,2026/4/19,187,0
r17247,NamtanFilm,4,2,2026/4/24,296,0
r17248,EmiBonnie,1,18,2026/4/20,475,0
r17249,MilkLove,8,8,2026/4/19,2799,1
r17250,LingOrm,5,2,2026/4/20,323,0
r17251,LMSY,8,0,2026/4/19,112,0
r17252,LingOrm,19,24,2026/4/27,10008,1
r17253,LingOrm,24,14,2026/5/5,2849,1
r17254,FreenBecky,17,27,2026/5/9,5649,0
r17256,LenaMiu,1,7,2026/4/20,382,0
r17257,FreenBecky,4,4,2026/5/27,226,0
r17258,FreenBecky,17,22,2026/5/10,3875,0
r17259,FreenBecky,16,27,2026/5/16,4830,0
r17260,EmiBonnie,8,1,2026/4/20,105,0
r17261,FreenBecky,17,29,2026/5/10,5124,0
r17262,FreenBecky,15,27,2026/5/19,4291,0
r17263,FreenBecky,14,29,2026/5/21,5304,0
r17264,LingOrm,17,9,2026/4/27,1856,1
r17265,LingOrm,5,3,2026/4/20,360,1
r17266,LingOrm,3,0,2026/5/3,48,0
r17267,NamtanFilm,13,63,2026/4/21,12366,1
r17268,MilkLove,5,2,2026/4/20,274,0
r17269,EmiBonnie,4,4,2026/4/20,639,1
r17270,LingOrm,4,4,2026/4/23,433,0
r17271,EnjoyJune,3,4,2026/4/20,198,0
r17272,LingOrm,3,88,2026/6/27,2732,0
r17273,JanJingjing,6,5,2026/4/20,1735,0
r17274,LingOrm,3,3,2026/4/20,493,0
r17275,EngLot,31,151,2026/4/24,83339,1
r17276,LingOrm,3,8,2026/6/1,652,0
r17277,NamtanFilm,4,0,2026/7/17,26,0
r17278,FayeAtom,13,6,2026/7/10,496,0
r17279,TkNur,5,2,2026/4/20,283,1
r17280,EmiBonnie,4,4,2026/5/17,194,0
r17281,EnjoyJune,16,31,2026/5/3,8909,1
r17283,EnjoyJune,6,10,2026/4/20,904,0
r17284,EmiBonnie,26,77,2026/4/21,28343,0
r17285,LenaMiu,25,19,2026/4/21,10259,0
r17286,MablePangjie,7,3,2026/4/21,299,0
r17287,EmiBonnie,1,2,2026/4/20,27,0
r17288,LingOrm,1,1,2026/4/21,20,0
r17289,MilkLove,1,2,2026/4/20,38,0
r17290,FreenBecky,8,32,2026/4/21,3320,0
r17291,EnjoyJune,7,9,2026/4/21,839,1
r17292,GinJay,12,42,2026/4/24,7631,1
r17293,EmiBonnie,3,10,2026/5/9,603,0
r17294,EngLot,2,2,2026/4/21,15,0
r17295,MilkLove,3,0,2026/4/29,63,0
r17296,EmiBonnie,2,0,2026/4/21,20,0
r17297,LingOrm,5,2,2026/6/3,558,0
r17298,NamtanFilm,7,5,2026/4/21,227,0
r17299,EngLot,13,8,2026/4/21,6209,1
r17300,NamtanFilm,6,1,2026/4/22,313,1
r17301,FreenBecky,3,2,2026/4/21,64,0
r17302,EngLot,2,1,2026/4/21,133,0
r17303,EngLot,2,0,2026/4/21,91,0
r17304,LingOrm,13,2,2026/4/21,305,0
r17305,EngLot,2,1,2026/4/24,189,0
r17306,ViewJune,3,1,2026/4/23,94,0
r17307,EmiBonnie,27,30,2026/4/22,6224,1
r17308,LenaMiu,23,163,2026/5/1,53324,0
r17309,LingOrm,1,3,2026/5/11,59,0
r17310,LingOrm,22,16,2026/4/25,11381,1
r17311,FreenBecky,16,5,2026/5/2,2540,1
r17312,LenaMiu,2,0,2026/4/21,224,0
r17313,LingOrm,1,3,2026/6/18,62,0
r17314,LingOrm,11,31,2026/5/3,3404,1
r17315,EmiBonnie,2,1,2026/4/21,32,0
r17316,EmiBonnie,2,11,2026/4/21,2394,1
r17318,FreenBecky,6,1,2026/6/14,210,0
r17319,EmiBonnie,1,0,2026/5/1,125,0
r17320,EmiBonnie,11,55,2026/4/22,10182,0
r17321,NamtanFilm,2,0,2026/5/5,204,0
r17322,EmiBonnie,8,7,2026/4/23,1031,0
r17323,LingOrm,4,2,2026/4/21,182,0
r17324,EngLot,5,1,2026/4/21,167,0
r17325,EmiBonnie,1,1,2026/4/21,50,1
r17326,MilkLove,1,4,2026/5/2,269,0
r17327,OpalMint,2,3,2026/4/26,509,0
r17328,EnjoyJune,29,42,2026/5/5,13967,1
r17329,EmiBonnie,1,0,2026/4/23,33,0
r17330,EnjoyJune,9,9,2026/4/22,1750,0
r17331,NamtanFilm,3,9,2026/4/21,1605,0
r17332,EmiBonnie,10,2,2026/4/22,553,1
r17333,EmiBonnie,7,15,2026/4/21,2862,1
r17334,JuneMewnich,13,18,2026/4/26,2068,1
r17335,EmiBonnie,13,2,2026/4/22,417,1
r17336,LingOrm,2,3,2026/5/4,118,0
r17337,EmiBonnie,3,0,2026/4/22,65,0
r17339,EngLot,33,50,2026/4/22,41923,1
r17340,EmiBonnie,10,1,2026/5/8,104,0
r17341,LingOrm,48,94,2026/5/8,65864,1
r17342,EmiBonnie,1,2,2026/4/23,25,0
r17343,TkNur,7,8,2026/5/4,1343,0
r17344,NamtanFilm,3,4,2026/4/22,261,0
r17345,EngLot,6,3,2026/4/22,213,0
r17346,NamneungNoey,15,48,2026/5/21,10876,1
r17347,NamneungNoey,13,41,2026/6/16,9692,0
r17348,ViewMim,1,0,2026/4/22,40,0
r17349,EmiBonnie,1,2,2026/5/9,48,0
r17350,EmiBonnie,6,2,2026/4/22,311,0
r17351,FreenBecky,22,37,2026/4/28,5952,1
r17352,LingOrm,4,2,2026/4/22,119,0
r17353,LingOrm,20,6,2026/4/22,1412,0
r17354,EmiBonnie,6,124,2026/5/1,10510,0
r17356,GinJay,14,29,2026/4/29,6060,1
r17357,NamtanFilm,1,9,2026/4/26,499,0
r17358,JanJingjing,18,623,2026/5/17,136806,1
r17359,EmiBonnie,1,20,2026/4/29,441,0
r17360,LMSY,4,3,2026/4/22,386,0
r17361,EngLot,6,9,2026/4/22,3438,1
r17362,MeenBabe,8,8,2026/4/22,1248,0
r17363,FreenBecky,12,49,2026/4/22,7409,1
r17364,LingOrm,1,3,2026/4/22,165,0
r17365,EnjoyJune,14,9,2026/6/10,1985,1
r17366,NamtanFilm,5,1,2026/4/22,187,0
r17367,EngLot,3,1,2026/4/22,54,0
r17368,JanJingjing,2,14,2026/4/25,979,0
r17369,FreenBecky,3,1,2026/4/22,113,1
r17370,LenaMiu,13,15,2026/4/30,4376,0
r17371,JuneMewnich,11,9,2026/4/22,1081,1
r17372,MablePangjie,12,4,2026/4/27,799,1
r17373,EmiBonnie,11,8,2026/6/15,1601,1
r17374,NamneungNoey,14,51,2026/4/23,9364,1
r17375,FreenBecky,4,1,2026/4/22,143,0
r17376,EnjoyJune,28,23,2026/4/23,7986,1
r17377,KaoJaneJaneKao,1,1,2026/4/23,86,0
r17378,FreenBecky,9,5,2026/6/11,408,0
r17379,LingOrm,3,10,2026/4/24,203,0
r17381,FayMay,7,5,2026/4/23,417,0
r17382,NamneungNoey,1,2,2026/4/23,103,0
r17383,GinJay,3,6,2026/4/23,354,0
r17384,LenaMiu,10,86,2026/6/6,14781,0
r17385,LenaMiu,29,126,2026/4/23,40363,1
r17387,EmiBonnie,9,31,2026/4/23,3205,1
r17388,EmiBonnie,11,1,2026/4/23,259,0
r17389,NamtanFilm,8,0,2026/4/25,766,0
r17390,LMSY,17,4,2026/5/1,366,0
r17391,EngLot,7,0,2026/4/26,218,0
r17392,EmiBonnie,2,41,2026/4/24,1428,0
r17393,FreenBecky,6,6,2026/6/15,286,0
r17394,EngLot,8,2,2026/8/17,457,0
r17395,FreenBecky,5,0,2026/4/30,76,0
r17396,EmiBonnie,2,4,2026/4/25,105,0
r17397,EngLot,3,1,2026/4/23,50,0
r17398,LenaMiu,7,42,2026/4/26,5997,0
r17399,NamtanFilm,6,3,2026/4/23,671,1
r17401,ViewMim,3,1,2026/4/23,38,0
r17402,MilkLove,19,2,2026/4/23,1290,1
r17403,NamneungNoey,1,0,2026/4/23,42,0
r17404,EngLot,12,5,2026/4/23,2900,0
r17405,ViewMim,1,1,2026/4/23,46,0
r17406,ViewJune,2,1,2026/4/23,13,0
r17407,OomBam,3,2,2026/5/3,642,0
r17408,MablePangjie,4,2,2026/4/23,290,0
r17409,EmiBonnie,2,0,2026/4/23,21,0
r17410,LenaMiu,12,3,2026/4/23,1205,0
r17411,LenaMiu,1,2,2026/4/23,334,0
r17412,MilkLove,6,2,2026/4/23,230,0
r17413,EmiBonnie,4,6,2026/4/23,615,0
r17414,EmiBonnie,12,19,2026/4/24,6624,0
r17415,LingOrm,36,15,2026/6/1,5247,0
r17416,EmiBonnie,3,2,2026/5/18,59,0
r17417,EmiBonnie,12,31,2026/4/26,6341,0
r17418,LingOrm,1,3,2026/6/23,166,0
r17419,EnjoyJune,8,9,2026/4/24,830,1
r17420,NamtanFilm,3,0,2026/4/23,39,0
r17421,LenaMiu,8,14,2026/4/24,2085,1
r17422,PahnFond,6,2,2026/4/23,617,1
r17423,LingOrm,1,2,2026/4/23,19,0
r17424,NamtanFilm,8,7,2026/4/24,1044,0
r17425,KaoJaneJaneKao,2,4,2026/4/25,133,0
r17426,LenaMiu,4,4,2026/4/23,811,0
r17427,PahnFond,2,8,2026/5/2,493,0
r17428,EmiBonnie,14,2,2026/4/26,1011,1
r17429,LingOrm,7,6,2026/4/27,664,0
r17430,LenaMiu,5,4,2026/4/24,1219,0
r17431,EngLot,3,2,2026/4/24,239,0
r17433,EmiBonnie,2,7,2026/4/24,669,0
r17434,NamtanFilm,14,12,2026/4/24,1980,1
r17435,EmiBonnie,1,0,2026/7/10,182,0
r17436,EmiBonnie,8,35,2026/4/24,3261,0
r17437,NamtanFilm,2,24,2026/5/7,1391,0
r17438,MilkLove,3,2,2026/4/24,242,0
r17439,EnjoyJune,27,16,2026/5/18,3220,1
r17440,LingOrm,16,406,2026/5/16,79684,0
r17441,LingOrm,4,2,2026/4/29,1287,0
r17442,OomBam,25,8,2026/4/24,1962,1
r17443,JanJingjing,29,5,2026/6/25,4159,1
r17444,LingOrm,11,1,2026/4/24,253,0
r17445,MilkLove,1,1,2026/4/24,35,0
r17446,EmiBonnie,8,0,2026/4/24,249,0
r17447,MablePangjie,1,8,2026/5/7,185,0
r17448,EmiBonnie,5,15,2026/4/25,2151,0
r17449,LingOrm,7,2,2026/5/10,376,0
r17450,EmiBonnie,2,1,2026/7/3,38,0
r17451,LingOrm,4,2,2026/4/25,77,1
r17452,LingOrm,8,24,2026/4/28,4063,0
r17453,TanYada,2,2,2026/4/25,112,0
r17454,KaoJaneJaneKao,1,1,2026/4/26,163,0
r17455,JanJingjing,5,22,2026/6/11,1744,0
r17457,EngLot,3,2,2026/4/25,293,0
r17458,LingOrm,4,16,2026/7/22,2214,0
r17459,LingOrm,2,1,2026/5/2,79,0
r17460,ViewJune,1,2,2026/4/24,99,1
r17461,MilkLove,13,4,2026/4/25,1020,0
r17462,NamtanFilm,8,20,2026/4/26,1815,0
r17463,EmiBonnie,22,19,2026/7/8,7664,1
r17464,EnjoyJune,3,12,2026/6/17,691,0
r17465,LingOrm,13,0,2026/4/28,114,0
r17466,LenaMiu,10,14,2026/4/25,3697,1
r17467,EngLot,1,0,2026/5/11,571,0
r17468,NamtanFilm,20,5,2026/4/25,1311,1
r17469,NamtanFilm,9,21,2026/4/29,2868,0
r17470,LingOrm,9,0,2026/4/25,93,0
r17471,EmiBonnie,6,1,2026/5/15,166,0
r17472,LingOrm,1,0,2026/5/1,24,0
r17473,FreenBecky,5,5,2026/4/25,394,0
r17474,LingOrm,4,1,2026/4/25,470,1
r17475,NamtanFilm,17,12,2026/4/27,1061,0
r17476,NamneungNoey,3,6,2026/4/25,287,0
r17477,NamneungNoey,2,1,2026/4/25,108,0
r17478,EmiBonnie,13,82,2026/4/29,19905,1
r17479,LenaMiu,5,17,2026/4/25,3289,0
r17480,LingOrm,30,10,2026/4/30,6727,1
r17481,FreenBecky,7,5,2026/5/7,493,1
r17482,LingOrm,12,83,2026/4/26,23324,0
r17483,EnjoyJune,8,13,2026/4/29,1360,1
r17484,MilkLove,14,9,2026/4/25,4693,1
r17485,MilkLove,12,22,2026/5/3,5246,1
r17486,FreenBecky,20,84,2026/4/26,25231,1
r17487,JanJingjing,19,177,2026/4/26,47632,0
r17488,NamtanFilm,7,6,2026/4/26,440,1
r17489,LingOrm,56,73,2026/4/25,16614,1
r17490,NamtanFilm,18,5,2026/5/10,1150,1
r17491,LingOrm,1,6,2026/5/5,180,0
r17492,LenaMiu,24,17,2026/4/26,5376,1
r17493,JuneMewnich,13,7,2026/4/27,1002,1
r17494,EngLot,1,0,2026/4/26,117,0
r17495,LingOrm,3,22,2026/4/27,1550,0
r17496,ViewMim,2,0,2026/4/26,128,1
r17497,EngLot,5,1,2026/6/14,151,0
r17498,KapookCiize,3,14,2026/4/27,1366,0
r17499,LingOrm,2,2,2026/4/26,63,0
r17500,EmiBonnie,1,1,2026/5/1,46,0
r17501,NamneungNoey,1,1,2026/4/26,304,1
r17502,LingOrm,2,1,2026/5/26,46,1
r17503,EmiBonnie,7,0,2026/4/27,180,0
r17504,EmiBonnie,1,0,2026/8/21,10,0
r17505,FreenBecky,5,3,2026/4/26,450,0
r17506,EmiBonnie,5,2,2026/4/26,335,0
r17507,FreenBecky,7,15,2026/4/26,620,0
r17508,EmiBonnie,5,1,2026/5/10,222,0
r17509,EmiBonnie,18,242,2026/4/27,51539,1
r17510,NamneungNoey,3,2,2026/4/26,215,0
r17512,EmiBonnie,6,15,2026/4/27,2624,1
r17513,LenaMiu,1,0,2026/4/27,125,0
r17514,TkNur,2,2,2026/4/28,42,0
r17515,EmiBonnie,1,61,2026/4/27,1686,0
r17517,PuyfaiPloy,7,43,2026/4/28,5565,0
r17518,FreenBecky,14,9,2026/5/22,618,1
r17519,LenaMiu,31,152,2026/6/10,68768,1
r17521,LingOrm,2,0,2026/4/28,36,0
r17522,GinJay,3,11,2026/4/27,761,0
r17523,FreenBecky,5,2,2026/6/13,253,0
r17525,NamtanFilm,3,2,2026/4/30,303,0
r17526,EnjoyJune,2,6,2026/4/28,322,0
r17527,EmiBonnie,1,1,2026/4/28,124,0
r17528,NamtanFilm,34,56,2026/4/27,24732,1
r17529,LMSY,15,3,2026/4/27,512,1
r17530,LingOrm,3,5,2026/4/27,643,0
r17531,LenaMiu,3,30,2026/8/25,1035,0
r17532,EmiBonnie,1,0,2026/5/2,15,0
r17533,MablePangjie,1,4,2026/4/27,79,0
r17534,LingOrm,12,11,2026/4/29,4850,1
r17535,NamtanFilm,18,175,2026/4/29,34699,1
r17536,TkNur,10,5,2026/4/27,1085,1
r17537,EngLot,7,6,2026/6/7,341,0
r17538,EmiBonnie,3,1,2026/4/27,8,0
r17539,EmiBonnie,3,1,2026/4/27,69,0
r17540,JuneMewnich,1,8,2026/6/28,172,0
r17541,EmiBonnie,2,1,2026/4/28,28,0
r17542,LMSY,16,3,2026/5/1,1359,1
r17543,GinJay,15,207,2026/4/29,27931,1
r17544,LingOrm,8,268,2026/5/31,71973,1
r17545,EmiBonnie,1,19,2026/5/15,701,0
r17546,MilkLove,6,3,2026/4/27,707,0
r17547,EmiBonnie,4,2,2026/4/28,135,0
r17548,EmiBonnie,2,0,2026/4/27,61,0
r17549,FayeAtom,8,0,2026/4/28,452,0
r17550,LenaMiu,14,15,2026/4/28,6263,0
r17551,LingOrm,1,2,2026/5/14,36,0
r17552,FreenBecky,1,5,2026/4/30,267,0
r17553,LingOrm,12,3,2026/4/30,1825,1
r17554,MeenBabe,4,7,2026/4/28,694,0
r17555,EmiBonnie,3,3,2026/4/28,121,0
r17556,LingOrm,1,3,2026/4/28,78,0
r17557,FayMay,2,1,2026/4/28,126,0
r17558,FreenBecky,3,0,2026/4/27,41,0
r17559,LingOrm,11,691,2026/5/8,99526,0
r17560,MilkLove,4,3,2026/4/28,677,0
r17562,EngLot,1,0,2026/4/28,82,0
r17564,LenaMiu,12,12,2026/5/1,1179,0
r17565,LenaMiu,1,0,2026/4/28,70,0
r17566,LingOrm,5,3,2026/4/28,287,0
r17567,TkNur,1,0,2026/4/28,81,0
r17568,TkNur,1,1,2026/4/28,71,0
r17569,TkNur,2,3,2026/4/28,213,0
r17570,EmiBonnie,8,2,2026/4/28,66,0
r17571,NamtanFilm,2,8,2026/5/5,341,0
r17572,PahnFond,2,3,2026/4/28,473,0
r17573,EmiBonnie,10,7,2026/5/1,1984,0
r17574,FreenBecky,9,0,2026/4/28,257,1
r17575,ViewMim,3,1,2026/4/29,74,0
r17576,TkNur,1,0,2026/4/28,136,0
r17577,FayMay,16,2,2026/4/28,153,0
r17578,LingOrm,34,636,2026/5/11,104695,1
r17579,MablePangjie,19,28,2026/4/28,3542,1
r17580,FreenBecky,1,7,2026/4/28,176,0
r17581,LingOrm,11,15,2026/4/28,2544,1
r17582,LingOrm,1,4,2026/4/28,297,0
r17583,TkNur,1,0,2026/4/28,96,0
r17584,LingOrm,2,4,2026/4/29,166,0
r17585,NamneungNoey,3,0,2026/4/28,162,1
r17586,NamneungNoey,9,7,2026/4/28,3806,1
r17587,EngLot,6,5,2026/5/1,1428,0
r17588,TkNur,1,0,2026/4/28,179,0
r17589,NamtanFilm,1,1,2026/4/28,173,0
r17591,LenaMiu,4,26,2026/5/19,2461,0
r17592,LingOrm,1,1,2026/4/28,49,0
r17593,NamtanFilm,3,1,2026/4/29,219,0
r17594,LingOrm,10,2,2026/4/29,722,0
r17595,LingOrm,105,319,2026/4/29,346642,1
r17596,EngLot,17,8,2026/5/1,4725,0
r17597,EmiBonnie,2,0,2026/4/28,47,0
r17598,FreenBecky,3,1,2026/4/29,50,0
r17599,JanJingjing,1,6,2026/5/4,585,0
r17600,EngLot,4,0,2026/4/29,146,0
r17601,JanJingjing,4,28,2026/4/29,2281,0
r17602,EnjoyJune,25,32,2026/4/30,11638,1
r17603,EmiBonnie,4,1,2026/5/3,480,0
r17604,EmiBonnie,1,2,2026/4/29,48,0
r17605,NamtanFilm,1,1,2026/5/7,205,0
r17606,FreenBecky,13,29,2026/5/14,2531,0
r17607,LingOrm,4,2,2026/4/29,101,0
r17608,GinJay,15,14,2026/4/29,2822,0
r17609,EngLot,10,6,2026/5/4,2046,0
r17610,MeenBabe,12,10,2026/5/13,3152,0
r17611,FreenBecky,4,1,2026/5/7,116,0
r17612,EmiBonnie,7,1,2026/5/4,40,0
r17613,EmiBonnie,9,2,2026/4/29,443,0
r17614,EmiBonnie,10,20,2026/5/3,3019,1
r17615,NamneungNoey,5,33,2026/4/29,3358,1
r17616,LingOrm,1,2,2026/4/29,188,0
r17617,EmiBonnie,3,0,2026/5/3,34,0
r17618,TkNur,1,0,2026/4/29,109,0
r17619,LMSY,4,3,2026/4/29,130,1
r17620,EmiBonnie,1,1,2026/8/22,87,0
r17621,LingOrm,8,2,2026/5/4,585,0
r17622,LingOrm,13,2,2026/4/29,302,1
r17623,JanJingjing,3,13,2026/5/1,811,0
r17624,EmiBonnie,3,1,2026/4/29,23,0
r17625,EmiBonnie,3,2,2026/4/29,38,0
r17626,LingOrm,1,1,2026/4/29,40,0
r17627,FreenBecky,13,49,2026/5/4,7242,1
r17628,EmiBonnie,2,1,2026/4/29,23,0
r17629,LingOrm,12,53,2026/5/4,12407,1
r17630,NamtanFilm,1,0,2026/4/30,66,0
r17632,LingOrm,1,2,2026/4/29,160,0
r17633,LingOrm,2,88,2026/5/10,4531,0
r17634,EngLot,2,1,2026/7/9,250,0
r17635,FreenBecky,15,20,2026/5/12,888,1
r17636,EmiBonnie,11,50,2026/5/1,11358,1
r17637,LingOrm,5,51,2026/6/20,7470,0
r17638,EngLot,1,2,2026/5/15,69,0
r17640,EmiBonnie,4,1,2026/4/30,45,0
r17641,FreenBecky,2,6,2026/4/30,620,0
r17642,EngLot,21,53,2026/5/14,45518,1
r17643,EmiBonnie,2,0,2026/5/1,25,0
r17644,LingOrm,2,0,2026/4/30,22,0
r17645,EngLot,2,4,2026/5/23,555,0
r17646,TkNur,1,1,2026/4/30,110,0
r17647,LingOrm,23,115,2026/5/8,15126,0
r17648,EngLot,11,6,2026/5/9,2548,1
r17649,LingOrm,4,3,2026/5/1,39,0
r17650,NamtanFilm,8,53,2026/5/19,5785,0
r17651,GinJay,9,15,2026/5/27,3951,1
r17652,EngLot,20,149,2026/5/9,27102,0
r17653,EngLot,1,8,2026/5/20,446,0
r17654,LingOrm,9,28,2026/4/30,6805,0
r17655,EngLot,5,23,2026/7/13,4580,0
r17656,NamtanFilm,4,7,2026/5/3,390,0
r17658,LingOrm,1,3,2026/4/30,174,0
r17659,FreenBecky,2,1,2026/7/28,142,0
r17660,LenaMiu,39,47,2026/5/1,27317,0
r17661,LingOrm,18,7,2026/4/30,1879,0
r17662,LingOrm,3,129,2026/5/7,11647,0
r17663,GinJay,21,8,2026/4/30,1742,1
r17664,LingOrm,19,2,2026/5/2,1257,0
r17666,EmiBonnie,4,4,2026/4/30,838,0
r17668,FreenBecky,10,2,2026/4/30,484,0
r17669,MilkLove,8,1,2026/5/2,426,1
r17670,LingOrm,11,2,2026/5/1,1048,0
r17671,EmiBonnie,2,1,2026/5/1,42,0
r17673,LingOrm,1,1,2026/5/1,78,0
r17674,AndaLookkaew,4,46,2026/6/2,3088,0
r17675,MilkLove,2,24,2026/5/3,1233,0
r17677,NamtanFilm,14,3,2026/5/2,526,1
r17678,MilkLove,5,4,2026/5/2,404,1
r17679,LingOrm,8,9,2026/5/13,1553,0
r17680,LenaMiu,1,7,2026/5/2,970,0
r17681,NamtanFilm,1,1,2026/5/2,85,0
r17682,OomBam,3,8,2026/5/4,1650,0
r17683,LingOrm,3,3,2026/5/1,141,0
r17684,LingOrm,51,18,2026/5/1,8158,0
r17685,NamtanFilm,1,10,2026/7/31,283,0
r17686,EmiBonnie,1,1,2026/5/1,47,0
r17687,TkNur,1,0,2026/5/1,139,0
r17688,LingOrm,15,3,2026/5/1,1351,1
r17690,MablePangjie,11,32,2026/5/3,3827,0
r17691,EngLot,2,0,2026/5/1,132,0
r17692,EmiBonnie,5,4,2026/5/1,1006,1
r17693,LingOrm,23,29,2026/5/5,11733,1
r17694,TkNur,20,1,2026/5/1,289,0
r17695,LingOrm,4,0,2026/5/1,301,1
r17696,EngLot,7,23,2026/5/1,4582,0
r17697,FreenBecky,1,1,2026/5/2,34,0
r17698,LingOrm,8,5,2026/5/2,4708,0
r17699,LingOrm,1,2,2026/5/8,51,0
r17700,LenaMiu,13,13,2026/5/1,3888,1
r17701,LingOrm,7,3,2026/5/4,319,0
r17702,JanJingjing,2,10,2026/8/21,243,0
r17703,EmiBonnie,9,4,2026/5/1,554,0
r17704,EmiBonnie,3,2,2026/5/1,125,1
r17705,LingOrm,3,3,2026/5/2,342,0
r17706,NamneungNoey,11,27,2026/5/2,5224,1
r17707,JanJingjing,8,14,2026/5/3,1649,0
r17708,FreenBecky,1,2,2026/5/2,30,0
r17709,LingOrm,1,0,2026/5/3,29,0
r17710,JanJingjing,9,7,2026/5/2,2372,1
r17711,EmiBonnie,2,1,2026/5/3,86,0
r17712,LingOrm,3,2,2026/5/2,379,0
r17713,EmiBonnie,3,1,2026/5/2,177,0
r17714,LingOrm,3,5,2026/5/2,101,1
r17715,FreenBecky,1,2,2026/5/2,66,0
r17716,LingOrm,1,3,2026/5/19,118,0
r17717,PuyfaiPloy,11,70,2026/5/5,10811,0
r17718,EmiBonnie,1,0,2026/5/2,24,0
r17719,NamtanFilm,9,1,2026/5/2,127,0
r17720,LenaMiu,8,150,2026/5/7,19388,0
r17721,LenaMiu,24,127,2026/5/6,37098,1
r17722,TkNur,1,0,2026/5/2,126,0
r17723,MilkLove,15,1,2026/5/2,739,0
r17724,EngLot,5,2,2026/6/4,197,0
r17725,EmiBonnie,5,4,2026/5/2,149,0
r17726,EmiBonnie,2,0,2026/5/2,16,1
r17727,EmiBonnie,10,9,2026/5/3,1309,0
r17728,AppleMim,1,1,2026/5/4,112,0
r17729,EmiBonnie,6,5,2026/5/2,856,0
r17730,NamtanFilm,3,4,2026/5/2,222,0
r17731,LingOrm,30,7,2026/5/6,2873,1
r17732,FreenBecky,2,2,2026/5/2,112,0
r17733,LingOrm,13,113,2026/5/13,22799,1
r17734,FreenBecky,2,0,2026/5/2,42,0
r17735,EmiBonnie,1,2,2026/5/13,81,0
r17736,NamneungNoey,12,38,2026/5/4,7881,1
r17737,GinJay,2,6,2026/6/13,394,0
r17738,NamtanFilm,3,7,2026/5/3,495,0
r17739,FreenBecky,18,5,2026/5/4,2235,1
r17740,MeenBabe,1,0,2026/6/28,149,0
r17741,JanJingjing,7,7,2026/7/10,721,1
r17742,EmiBonnie,5,1,2026/5/2,78,0
r17743,EngLot,25,63,2026/5/12,38162,1
r17744,JanJingjing,6,11,2026/5/8,1437,0
r17745,EmiBonnie,2,4,2026/5/3,152,0
r17746,EngLot,1,1,2026/5/3,110,0
r17747,NamtanFilm,2,13,2026/5/7,605,0
r17748,LenaMiu,13,60,2026/5/4,16305,0
r17749,NamtanFilm,2,1,2026/5/3,29,0
r17750,LingOrm,13,16,2026/5/3,11539,0
r17751,EmiBonnie,1,3,2026/5/3,135,0
r17752,EngLot,17,8,2026/5/3,4675,0
r17753,NamtanFilm,1,1,2026/5/3,100,0
r17754,FayeAtom,3,3,2026/5/7,493,0
r17756,LingOrm,6,0,2026/5/3,35,0
r17757,EmiBonnie,16,13,2026/5/5,1766,0
r17758,MablePangjie,2,2,2026/5/3,54,0
r17759,LenaMiu,2,0,2026/5/5,291,0
r17760,MilkLove,12,39,2026/5/12,7897,0
r17761,LenaMiu,7,13,2026/5/3,5223,1
r17762,EngLot,4,0,2026/5/3,216,0
r17763,NamtanFilm,13,14,2026/5/3,5945,1
r17764,EnjoyJune,37,24,2026/5/5,3268,1
r17765,MilkLove,20,3,2026/5/3,873,1
r17766,MilkLove,2,2,2026/5/4,157,0
r17767,LingOrm,14,30,2026/5/15,11490,1
r17768,EmiBonnie,1,1,2026/5/4,26,0
r17769,NamtanFilm,27,13,2026/6/27,4538,0
r17770,JuneMewnich,15,15,2026/5/23,1930,1
r17771,EmiBonnie,17,3,2026/5/3,1459,1
r17772,AppleMim,6,6,2026/5/10,550,0
r17774,FreenBecky,4,5,2026/5/4,516,0
r17775,EngLot,2,0,2026/5/3,24,0
r17776,MablePangjie,1,2,2026/5/23,90,0
r17777,LingOrm,2,2,2026/5/4,45,0
r17778,FreenBecky,8,9,2026/5/4,251,0
r17779,OpalMint,5,22,2026/5/12,2545,0
r17780,JanJingjing,2,3,2026/5/4,245,0
r17781,MilkLove,9,6,2026/5/4,1025,0
r17782,MilkLove,7,0,2026/5/4,203,0
r17783,GinJay,12,45,2026/5/4,9114,1
r17784,LingOrm,2,3,2026/5/13,146,0
r17785,LMSY,1,3,2026/5/4,196,1
r17786,LingOrm,11,98,2026/7/30,16355,0
r17787,NamtanFilm,5,2,2026/5/15,110,0
r17788,TkNur,1,1,2026/5/4,114,0
r17789,EmiBonnie,2,2,2026/5/5,70,0
r17790,EngLot,2,12,2026/6/18,420,0
r17791,JanJingjing,21,136,2026/5/5,27663,1
r17792,KaoJaneJaneKao,9,10,2026/5/6,1539,0
r17793,NamneungNoey,4,21,2026/5/4,1592,1
r17794,AppleMim,2,6,2026/8/24,281,0
r17795,LMSY,1,3,2026/5/4,112,0
r17796,EngLot,1,0,2026/5/4,158,0
r17797,LingOrm,22,410,2026/5/14,108204,1
r17799,EmiBonnie,2,0,2026/5/4,44,0
r17800,EmiBonnie,20,4,2026/5/4,2177,1
r17801,EngLot,8,3,2026/5/4,377,0
r17802,JanJingjing,3,10,2026/6/1,991,0
r17803,JanJingjing,8,64,2026/5/5,8453,0
r17804,LingOrm,21,16,2026/5/4,11158,1
r17805,FreenBecky,5,1,2026/5/5,62,0
r17806,EngLot,6,1,2026/5/5,1301,1
r17807,LenaMiu,1,2,2026/5/5,138,0
r17808,AppleMim,12,2,2026/5/5,222,1
r17809,LingOrm,2,1,2026/5/4,70,0
r17810,GinJay,4,5,2026/5/15,530,0
r17811,LingOrm,11,11,2026/5/24,823,0
r17812,MilkLove,6,0,2026/5/7,469,1
r17813,TkNur,1,0,2026/5/4,171,0
r17815,FreenBecky,3,5,2026/5/11,75,0
r17816,LingOrm,1,0,2026/5/5,86,0
r17817,EmiBonnie,3,17,2026/5/6,1395,0
r17818,LingOrm,10,8,2026/5/5,1970,0
r17819,LingOrm,9,18,2026/5/5,1281,1
r17820,TkNur,4,4,2026/5/23,309,1
r17821,LingOrm,18,9,2026/5/5,3058,1
r17822,NamtanFilm,3,4,2026/6/1,111,0
r17823,EngLot,2,2,2026/5/5,121,0
r17824,MilkLove,1,3,2026/5/5,158,0
r17825,LingOrm,1,0,2026/5/5,90,1
r17826,FreenBecky,11,18,2026/5/17,2989,1
r17827,NamtanFilm,16,77,2026/5/6,19432,1
r17828,MablePangjie,5,5,2026/7/6,386,0
r17829,LingOrm,13,17,2026/5/5,3738,0
r17830,EmiBonnie,10,6,2026/5/5,1078,1
r17831,EngLot,21,18,2026/5/6,7853,0
r17832,FreenBecky,19,3,2026/5/5,255,0
r17833,EmiBonnie,2,0,2026/7/26,98,0
r17834,TanYada,10,4,2026/5/5,681,1
r17835,LingOrm,22,182,2026/5/8,77434,0
r17836,NamtanFilm,2,0,2026/5/10,137,0
r17837,NamtanFilm,5,1,2026/5/5,188,1
r17838,EngLot,1,1,2026/5/6,111,0
r17839,EmiBonnie,3,0,2026/5/8,20,0
r17841,LingOrm,29,348,2026/5/6,149815,1
r17842,LenaMiu,1,1,2026/5/5,190,0
r17843,EngLot,2,2,2026/5/5,140,0
r17844,TkNur,10,8,2026/5/5,711,1
r17845,EngLot,24,104,2026/7/12,40386,0
r17846,JanJingjing,1,2,2026/8/20,49,0
r17847,LingOrm,21,7,2026/5/16,4558,1
r17849,EmiBonnie,10,10,2026/5/7,2630,1
r17850,JanJingjing,16,7,2026/6/22,3488,1
r17851,OpalMint,5,4,2026/5/6,749,0
r17853,NamtanFilm,3,7,2026/5/17,1015,0
r17854,NamtanFilm,4,8,2026/7/12,584,0
r17855,FreenBecky,1,0,2026/5/23,57,0
r17856,NikyEngland,1,26,2026/6/7,908,0
r17857,PuyfaiPloy,4,60,2026/5/16,4570,0
r17858,MeenBabe,1,5,2026/8/24,135,0
r17859,EngLot,1,0,2026/5/6,38,1
r17860,JanJingjing,1,10,2026/5/7,583,0
r17861,LenaMiu,3,2,2026/7/27,291,0
r17862,ViewJune,3,2,2026/5/6,43,0
r17863,JanJingjing,9,102,2026/5/8,15523,0
r17864,LingOrm,26,433,2026/5/6,171826,1
r17865,EmiBonnie,11,84,2026/5/28,7115,0
r17866,LingOrm,34,556,2026/6/6,252478,1
r17867,FreenBecky,6,1,2026/5/6,216,0
r17868,EmiBonnie,1,0,2026/5/6,12,1
r17869,NamtanFilm,3,5,2026/6/9,897,0
r17870,MilkLove,4,2,2026/5/16,107,0
r17871,EnjoyJune,13,31,2026/5/6,5398,0
r17872,MilkLove,3,2,2026/5/6,169,0
r17873,LenaMiu,4,2,2026/5/6,364,1
r17874,EnjoyJune,11,50,2026/5/17,8495,1
r17875,JanJingjing,4,17,2026/5/6,1323,0
r17876,GinJay,5,19,2026/5/20,1437,1
r17877,OomBam,1,4,2026/5/6,643,0
r17878,LingOrm,24,369,2026/5/21,131311,1
r17879,NamtanFilm,21,25,2026/5/16,9662,0
r17880,EmiBonnie,9,1,2026/5/8,84,0
r17881,EmiBonnie,32,25,2026/5/11,10724,1
r17882,EmiBonnie,1,2,2026/5/6,77,0
r17883,EmiBonnie,5,4,2026/5/9,903,0
r17884,EngLot,16,4,2026/5/14,2441,0
r17885,NamtanFilm,1,0,2026/5/6,29,0
r17886,LingOrm,5,5,2026/5/7,1138,0
r17887,EmiBonnie,14,61,2026/5/9,6225,1
r17888,LingOrm,3,6,2026/5/7,148,0
r17889,NamtanFilm,4,0,2026/5/10,89,0
r17890,EnjoyJune,32,50,2026/5/9,16977,1
r17891,LingOrm,19,1,2026/5/7,1466,0
r17892,FreenBecky,23,6,2026/5/31,773,1
r17893,GinJay,21,4,2026/5/6,805,1
r17895,LingOrm,22,14,2026/5/8,5881,1
r17896,EmiBonnie,1,2,2026/5/7,50,1
r17897,MilkLove,4,1,2026/5/7,180,0
r17898,LingOrm,1,1,2026/5/24,46,0
r17899,JanJingjing,11,417,2026/5/9,64539,0
r17900,LingOrm,2,2,2026/5/7,301,0
r17901,EmiBonnie,1,2,2026/5/7,110,0
r17902,EmiBonnie,2,7,2026/5/7,358,0
r17903,FreenBecky,1,0,2026/5/7,25,0
r17904,EngLot,1,1,2026/5/7,63,0
r17905,EmiBonnie,5,5,2026/5/7,488,0
r17906,LingOrm,1,6,2026/5/23,219,0
r17908,OomBam,1,3,2026/5/7,367,0
r17909,MilkLove,16,5,2026/5/7,1580,1
r17910,LingOrm,15,13,2026/5/7,2835,1
r17911,LingOrm,7,4,2026/5/11,475,0
r17912,NamtanFilm,3,2,2026/5/7,219,0
r17913,AppleMim,7,3,2026/5/8,741,0
r17914,LingOrm,19,4,2026/5/8,763,0
r17915,LingOrm,2,1,2026/5/9,26,0
r17916,LingOrm,14,7,2026/7/19,1024,0
r17917,EmiBonnie,8,5,2026/5/8,387,1
r17918,LingOrm,15,2,2026/5/7,276,0
r17919,EmiBonnie,11,3,2026/5/7,620,1
r17920,LingOrm,46,74,2026/5/7,31882,1
r17921,EngLot,10,3,2026/5/12,1214,1
r17922,EmiBonnie,6,0,2026/5/8,146,0
r17923,FayeAtom,18,8,2026/5/8,1744,0
r17924,LingOrm,1,1,2026/7/24,35,0
r17925,MilkLove,2,4,2026/5/11,552,0
r17926,LingOrm,24,420,2026/5/22,122463,0
r17927,ViewJune,4,2,2026/5/8,91,0
r17928,NamneungNoey,4,7,2026/5/10,1230,0
r17929,MilkLove,10,15,2026/7/18,1849,0
r17930,NamtanFilm,1,2,2026/5/9,68,0
r17931,LingOrm,3,0,2026/5/14,30,0
r17932,LingOrm,6,3,2026/5/8,462,0
r17933,OomBam,4,17,2026/5/10,3835,0
r17934,EngLot,2,10,2026/5/12,759,0
r17935,EngLot,15,115,2026/5/12,49759,1
r17936,LenaMiu,7,10,2026/5/9,1215,1
r17937,EmiBonnie,18,65,2026/5/8,8368,1
r17938,AppleMim,4,8,2026/5/8,602,0
r17939,EmiBonnie,1,3,2026/5/9,88,0
r17940,GinJay,41,8,2026/6/22,6532,0
r17941,EmiBonnie,13,5,2026/5/8,387,0
r17942,LenaMiu,4,8,2026/8/16,932,0
r17943,EnjoyJune,14,33,2026/5/10,6828,0
r17944,LenaMiu,4,1,2026/6/26,304,0
r17945,NamneungNoey,13,30,2026/5/8,6774,1
r17946,LingOrm,20,379,2026/7/18,86715,0
r17947,LingOrm,1,0,2026/5/8,4,0
r17948,MilkLove,3,5,2026/5/15,309,0
r17949,FreenBecky,12,19,2026/5/8,3200,1
r17950,EmiBonnie,1,3,2026/5/10,132,0
r17951,EmiBonnie,3,4,2026/5/8,214,0
r17952,LenaMiu,5,18,2026/5/8,2642,0
r17953,EmiBonnie,2,1,2026/5/13,272,0
r17954,EmiBonnie,4,16,2026/6/10,1447,0
r17955,NamtanFilm,4,1,2026/5/8,62,0
r17956,FreenBecky,2,13,2026/5/30,702,0
r17957,EngLot,5,2,2026/5/9,257,0
r17958,LenaMiu,6,18,2026/5/12,2027,1
r17959,NamtanFilm,5,0,2026/5/9,128,0
r17960,KapookCiize,18,22,2026/6/21,3703,0
r17961,LingOrm,1,0,2026/8/22,6,0
r17962,LingOrm,23,26,2026/5/11,4179,1
r17963,NamtanFilm,2,3,2026/5/9,97,0
r17964,JanJingjing,1,5,2026/5/9,552,0
r17965,FreenBecky,3,0,2026/5/9,39,0
r17966,FreenBecky,3,6,2026/5/9,550,0
r17967,EmiBonnie,2,16,2026/5/10,1157,0
r17968,FreenBecky,1,2,2026/6/13,70,0
r17969,EmiBonnie,11,5,2026/5/9,1093,0
r17970,TkNur,1,2,2026/5/9,213,0
r17971,EngLot,1,1,2026/5/9,128,0
r17972,JanJingjing,40,1061,2026/5/11,265776,1
r17973,EngLot,1,0,2026/5/9,82,0
r17974,EmiBonnie,5,53,2026/6/26,3085,0
r17976,EnjoyJune,16,26,2026/5/11,5868,0
r17977,LingOrm,11,4,2026/5/22,604,0
r17978,EmiBonnie,2,3,2026/6/21,37,0
r17979,ViewMim,5,0,2026/6/14,175,0
r17980,EmiBonnie,1,1,2026/5/10,153,0
r17981,FreenBecky,13,2,2026/5/16,194,0
r17982,MilkLove,3,2,2026/5/13,215,0
r17983,EmiBonnie,20,4,2026/5/17,1031,0
r17984,JanJingjing,1,4,2026/6/3,388,0
r17985,EngLot,5,0,2026/5/9,131,0
r17986,GinJay,11,12,2026/5/9,2660,1
r17987,FreenBecky,3,2,2026/5/10,127,0
r17988,EngLot,6,4,2026/5/20,2219,1
r17989,NamtanFilm,1,1,2026/5/9,61,0
r17990,MilkLove,11,2,2026/5/9,480,1
r17991,FreenBecky,3,7,2026/5/11,358,0
r17992,JanJingjing,11,14,2026/5/14,1930,0
r17993,EngLot,3,1,2026/5/30,154,0
r17994,MilkLove,11,1,2026/5/9,364,0
r17995,ViewMim,2,2,2026/5/10,78,0
r17996,GinJay,19,5,2026/5/10,778,1
r17997,EmiBonnie,7,21,2026/5/10,2056,0
r17998,MilkLove,10,1,2026/5/20,871,0
r17999,NamtanFilm,2,11,2026/5/15,708,0
r18000,AppleMim,3,1,2026/5/10,187,0
r18001,LingOrm,1,3,2026/5/12,305,0
r18002,FreenBecky,2,1,2026/5/10,43,0
r18003,EmiBonnie,1,0,2026/5/10,112,0
r18004,LenaMiu,8,7,2026/5/10,2618,0
r18005,LingOrm,10,3,2026/5/15,796,0
r18006,EmiBonnie,1,22,2026/5/11,505,0
r18007,NamtanFilm,20,2,2026/5/10,952,1
r18008,FreenBecky,11,54,2026/5/27,7988,1
r18009,TkNur,1,0,2026/5/10,92,0
r18010,LingOrm,3,1,2026/5/10,139,0
r18011,LenaMiu,16,16,2026/5/12,3779,1
r18012,EmiBonnie,4,0,2026/5/11,202,1
r18013,EmiBonnie,3,1,2026/5/10,111,1
r18014,FayMay,3,3,2026/5/10,64,0
r18015,PuyfaiPloy,6,16,2026/5/10,2306,0
r18016,LingOrm,4,74,2026/5/19,6341,0
r18017,LingOrm,52,108,2026/5/10,40445,1
r18018,LingOrm,2,2,2026/5/14,361,0
r18019,NamtanFilm,2,9,2026/5/11,264,0
r18020,FreenBecky,6,4,2026/5/23,518,0
r18021,LingOrm,5,15,2026/6/18,2500,0
r18022,EngLot,3,2,2026/5/13,101,0
r18023,LingOrm,3,0,2026/5/14,203,0
r18024,OomBam,5,39,2026/5/11,3407,0
r18025,FreenBecky,10,4,2026/5/11,765,1
r18026,FreenBecky,4,1,2026/5/10,86,0
r18027,LingOrm,3,0,2026/5/11,68,0
r18028,EmiBonnie,9,21,2026/5/17,3621,0
r18029,NamneungNoey,6,3,2026/5/11,915,0
r18030,LingOrm,12,5,2026/5/11,1240,1
r18031,PahnFond,9,7,2026/5/11,789,1
r18032,LingOrm,1,1,2026/5/11,20,0
r18033,NamtanFilm,4,20,2026/5/15,4078,0
r18034,LingOrm,8,8,2026/5/11,2462,0
r18035,JanJingjing,1,19,2026/5/11,1430,0
r18036,EmiBonnie,11,2,2026/5/17,597,0
r18037,NamtanFilm,13,8,2026/7/30,916,0
r18038,JanJingjing,7,43,2026/5/15,6179,1
r18039,NamneungNoey,3,3,2026/5/11,325,0
r18040,EmiBonnie,14,53,2026/5/14,9758,1
r18041,JanJingjing,11,56,2026/5/27,12624,0
r18042,GinJay,36,6,2026/5/11,1004,1
r18043,JanJingjing,13,41,2026/6/3,9866,0
r18044,LingOrm,13,1,2026/5/11,618,1
r18045,EmiBonnie,7,16,2026/5/12,1844,0
r18046,EngLot,1,0,2026/5/11,16,0
r18047,LingOrm,10,18,2026/5/11,1415,0
r18048,FreenBecky,1,0,2026/7/7,15,0
r18049,EmiBonnie,1,1,2026/5/11,152,1
r18051,EmiBonnie,4,1,2026/5/11,383,0
r18052,KaoJaneJaneKao,20,2,2026/7/5,899,1
r18053,EngLot,2,1,2026/5/13,192,0
r18054,LenaMiu,11,12,2026/5/24,2286,1
r18055,EnjoyJune,25,28,2026/5/13,10501,1
r18056,EngLot,14,120,2026/5/12,43730,1
r18057,EmiBonnie,17,168,2026/6/11,33366,1
r18058,EmiBonnie,2,0,2026/5/30,3,0
r18059,LingOrm,10,8,2026/5/17,1492,0
r18060,EmiBonnie,4,1,2026/5/12,39,0
r18061,JanJingjing,1,9,2026/6/27,562,0
r18062,LingOrm,23,213,2026/5/16,87433,1
r18063,EngLot,4,2,2026/5/21,205,0
r18064,LenaMiu,17,22,2026/5/12,12124,1
r18065,ViewJune,1,0,2026/5/12,50,0
r18066,LenaMiu,11,104,2026/5/28,21641,1
r18067,EngLot,9,32,2026/5/12,6726,0
r18068,MeenBabe,1,4,2026/7/23,136,0
r18069,TkNur,1,0,2026/5/12,116,0
r18070,LingOrm,4,13,2026/5/14,1104,0
r18071,KaoJaneJaneKao,7,14,2026/5/12,1171,0
r18072,LingOrm,1,1,2026/5/12,83,0
r18073,LingOrm,1,0,2026/5/27,133,0
r18074,NamtanFilm,9,7,2026/5/12,989,0
r18075,ViewMim,3,1,2026/5/13,98,0
r18076,NamtanFilm,8,4,2026/5/12,359,0
r18077,EmiBonnie,5,2,2026/5/13,216,0
r18078,LingOrm,15,21,2026/5/13,5315,0
r18079,EngLot,1,0,2026/5/12,110,1
r18080,LingOrm,1,0,2026/5/13,16,0
r18081,LingOrm,16,3,2026/5/12,644,0
r18082,EmiBonnie,2,2,2026/5/13,50,0
r18083,EmiBonnie,12,20,2026/5/12,4683,1
r18084,EmiBonnie,20,2,2026/5/21,777,0
r18085,EmiBonnie,6,3,2026/6/20,419,0
r18086,FreenBecky,12,4,2026/5/13,1547,1
r18087,LingOrm,15,37,2026/5/16,10195,1
r18088,EmiBonnie,1,1,2026/5/13,49,0
r18089,LingOrm,8,81,2026/5/13,11052,0
r18090,EngLot,9,3,2026/5/13,929,0
r18091,JanJingjing,8,67,2026/5/13,11964,1
r18092,EmiBonnie,4,1,2026/5/12,59,0
r18093,LMSY,5,1,2026/5/12,224,1
r18094,FreenBecky,11,7,2026/5/13,457,1
r18095,AppleMim,5,1,2026/5/12,263,1
r18096,EmiBonnie,1,0,2026/8/30,26,0
r18097,LingOrm,1,2,2026/8/31,0,0
r18098,LingOrm,4,6,2026/5/13,533,0
r18099,LingOrm,29,40,2026/5/24,8426,0
r18100,LingOrm,19,22,2026/5/18,7960,1
r18101,EngLot,9,5,2026/5/12,737,0
r18102,JanJingjing,6,13,2026/5/15,1513,0
r18103,NamtanFilm,5,2,2026/5/13,290,0
r18104,LingOrm,3,2,2026/5/13,184,0
r18105,EmiBonnie,4,0,2026/5/12,30,0
r18106,EmiBonnie,2,0,2026/5/19,52,0
r18108,JanJingjing,1,3,2026/5/13,188,0
r18109,EmiBonnie,2,3,2026/5/13,130,0
r18110,EmiBonnie,2,1,2026/5/13,33,0
r18111,GinJay,26,9,2026/5/13,1895,1
r18112,MilkLove,4,4,2026/5/14,641,0
r18113,LingOrm,2,2,2026/8/22,48,0
r18114,KaoJaneJaneKao,10,7,2026/5/14,934,0
r18115,LingOrm,18,11,2026/5/29,2957,0
r18116,JanJingjing,2,3,2026/5/13,260,0
r18117,NikyEngland,1,1,2026/5/15,220,0
r18118,TkNur,8,8,2026/6/1,1507,0
r18119,LingOrm,2,4,2026/8/3,208,0
r18120,LingOrm,11,13,2026/5/15,4737,1
r18121,LingOrm,7,2,2026/5/13,78,0
r18122,EnjoyJune,4,15,2026/6/15,1270,0
r18123,LingOrm,1,3,2026/8/17,469,0
r18124,EmiBonnie,10,20,2026/5/14,1960,1
r18125,MilkLove,4,2,2026/6/7,569,0
r18126,LingOrm,4,16,2026/5/13,881,0
r18127,NamtanFilm,4,8,2026/5/20,721,0
r18128,JanJingjing,2,3,2026/7/28,465,0
r18129,MilkLove,9,20,2026/5/18,3318,0
r18130,EmiBonnie,1,0,2026/5/17,34,0
r18131,EmiBonnie,5,3,2026/5/13,297,0
r18132,MilkLove,19,8,2026/5/14,4479,0
r18133,LingOrm,1,2,2026/5/13,277,1
r18134,EngLot,11,5,2026/5/17,1003,1
r18135,NamneungNoey,1,0,2026/5/13,7,0
r18136,EmiBonnie,2,4,2026/5/14,292,0
r18137,EnjoyJune,8,31,2026/5/19,5161,0
r18138,EngLot,4,1,2026/5/13,508,0
r18140,LingOrm,1,2,2026/5/14,49,0
r18141,EmiBonnie,4,5,2026/5/14,166,0
r18142,LingOrm,1,1,2026/5/14,61,0
r18144,LingOrm,24,515,2026/5/15,180143,1
r18145,MilkLove,5,1,2026/6/2,164,0
r18146,JanJingjing,7,58,2026/5/15,12629,1
r18147,EmiBonnie,15,2,2026/5/14,494,0
r18148,ViewJune,3,0,2026/5/14,42,0
r18149,JanJingjing,6,7,2026/5/30,819,0
r18150,LenaMiu,5,31,2026/5/26,5027,0
r18151,JanJingjing,2,3,2026/6/9,458,0
r18152,JanJingjing,5,14,2026/6/18,1160,0
r18153,PuyfaiPloy,10,36,2026/6/19,4607,0
r18154,EnjoyJune,17,15,2026/7/7,3560,1
r18155,MilkLove,1,2,2026/5/14,160,0
r18157,TkNur,1,0,2026/5/14,88,0
r18158,JanJingjing,5,39,2026/5/15,3274,0
r18159,EngLot,15,7,2026/5/15,6755,0
r18160,EmiBonnie,4,2,2026/5/14,146,1
r18161,MilkLove,13,0,2026/5/25,156,1
r18162,EmiBonnie,2,2,2026/5/14,75,0
r18163,LingOrm,8,6,2026/5/14,895,1
r18164,LingOrm,5,11,2026/6/23,1035,0
r18165,LingOrm,43,196,2026/6/22,64009,1
r18166,LingOrm,11,36,2026/5/21,9535,0
r18167,NamneungNoey,11,18,2026/5/21,2018,1
r18169,LenaMiu,20,20,2026/7/1,8792,1
r18170,OomBam,2,14,2026/5/17,1516,0
r18171,LingOrm,1,0,2026/5/15,12,0
r18172,LingOrm,2,7,2026/5/16,656,0
r18173,LenaMiu,5,24,2026/6/1,1644,1
r18175,LingOrm,6,11,2026/5/16,860,0
r18176,LingOrm,18,10,2026/5/16,2159,0
r18177,TkNur,1,3,2026/5/15,225,0
r18178,EmiBonnie,1,1,2026/5/21,29,0
r18179,LingOrm,38,130,2026/5/15,75135,1
r18180,EmiBonnie,1,0,2026/5/16,30,0
r18181,TkNur,8,6,2026/6/17,821,0
r18182,FayMay,2,2,2026/5/15,96,0
r18183,JanJingjing,20,383,2026/6/9,81874,1
r18184,EmiBonnie,1,3,2026/8/27,41,0
r18185,EngLot,4,33,2026/5/15,8663,0
r18186,ViewJune,3,1,2026/5/15,27,0
r18187,JanJingjing,13,101,2026/5/17,30954,1
r18188,EngLot,3,3,2026/6/13,152,0
r18189,LingOrm,15,24,2026/5/19,12383,1
r18190,LenaMiu,6,4,2026/5/19,2333,0
r18191,LMSY,4,1,2026/5/26,213,0
r18192,EngLot,10,3,2026/5/15,584,1
r18193,MilkLove,4,3,2026/5/15,216,0
r18194,NamneungNoey,1,0,2026/5/15,9,0
r18195,JanJingjing,3,17,2026/5/15,1056,0
r18196,FreenBecky,10,5,2026/5/15,170,0
r18197,EmiBonnie,6,2,2026/5/15,100,0
r18198,JanJingjing,6,2,2026/5/15,387,0
r18199,NamtanFilm,9,63,2026/5/19,11442,1
r18201,FayMay,7,18,2026/5/16,1530,0
r18202,EngLot,3,2,2026/5/16,191,0
r18203,PahnFond,3,24,2026/5/16,1050,0
r18204,EmiBonnie,7,6,2026/5/17,1254,1
r18205,FreenBecky,4,1,2026/5/16,174,0
r18206,FayeAtom,19,5,2026/5/24,2046,1
r18207,GinJay,41,9,2026/5/16,2668,1
r18208,EngLot,27,43,2026/5/24,22340,1
r18209,EngLot,12,2,2026/5/16,324,1
r18210,TkNur,1,1,2026/5/16,94,0
r18211,LingOrm,1,0,2026/5/16,60,0
r18212,LenaMiu,10,78,2026/5/19,17087,0
r18213,NamneungNoey,10,59,2026/5/22,7348,1
r18214,LingOrm,100,228,2026/5/16,127112,1
r18215,LMSY,4,3,2026/5/17,124,0
r18216,LingOrm,22,22,2026/5/16,11934,1
r18217,JanJingjing,3,335,2026/5/20,28602,0
r18218,LingOrm,17,62,2026/5/16,19276,1
r18219,EmiBonnie,5,1,2026/5/16,111,0
r18220,LingOrm,26,12,2026/5/16,6981,1
r18221,EmiBonnie,3,75,2026/5/18,5342,0
r18222,LingOrm,13,128,2026/5/20,28683,1
r18223,LenaMiu,15,41,2026/6/7,13047,1
r18224,EngLot,3,0,2026/5/16,55,0
r18225,FreenBecky,2,2,2026/5/18,115,0
r18226,EngLot,12,0,2026/5/17,232,0
r18227,MilkLove,1,1,2026/8/6,40,0
r18228,FreenBecky,10,25,2026/5/22,3601,0
r18229,LingOrm,23,16,2026/6/1,8694,0
r18230,LingOrm,2,0,2026/6/2,25,0
r18231,JanJingjing,5,56,2026/6/19,8756,0
r18232,EngLot,14,3,2026/5/18,889,1
r18233,MilkLove,9,10,2026/5/22,1986,0
r18234,NamtanFilm,13,31,2026/5/18,6326,1
r18235,EnjoyJune,11,18,2026/5/17,3124,0
r18236,EmiBonnie,10,8,2026/5/17,1437,1
r18237,LingOrm,2,2,2026/5/17,338,0
r18238,FreenBecky,4,4,2026/5/17,382,0
r18239,AtomMer,6,5,2026/5/21,118,0
r18240,EmiBonnie,1,0,2026/5/17,113,0
r18241,EngLot,26,34,2026/5/24,13036,0
r18242,JanJingjing,4,4,2026/5/20,521,0
r18243,EmiBonnie,1,4,2026/5/17,180,0
r18244,JanJingjing,26,554,2026/6/2,139614,0
r18245,JanJingjing,1,6,2026/7/30,358,0
r18246,LingOrm,8,5,2026/5/17,2942,0
r18247,JanJingjing,9,139,2026/5/18,30758,1
r18248,EmiBonnie,2,3,2026/5/17,69,0
r18249,EmiBonnie,1,2,2026/5/19,165,0
r18250,LingOrm,9,12,2026/5/24,1015,0
r18251,LingOrm,15,77,2026/5/18,19918,1
r18252,ViewJune,1,2,2026/5/19,95,0
r18253,LingOrm,1,1,2026/5/22,205,0
r18255,FreenBecky,5,2,2026/5/17,235,0
r18256,OomBam,4,12,2026/5/21,1921,0
r18257,LenaMiu,22,187,2026/5/20,51988,0
r18258,FreenBecky,5,2,2026/7/24,69,0
r18259,MeenBabe,1,0,2026/5/18,45,0
r18260,LingOrm,20,31,2026/7/8,9469,0
r18261,LenaMiu,10,7,2026/5/19,2021,0
r18262,LingOrm,27,82,2026/5/31,29767,1
r18263,AndaLookkaew,5,12,2026/5/18,1690,0
r18264,LingOrm,26,284,2026/8/2,56739,0
r18265,LingOrm,3,8,2026/5/19,532,0
r18266,NamtanFilm,1,0,2026/5/22,31,0
r18267,LingOrm,1,2,2026/5/23,108,0
r18268,MilkLove,17,105,2026/5/24,21591,0
r18269,EmiBonnie,1,0,2026/7/27,4,0
r18270,PuyfaiPloy,10,109,2026/5/20,14628,0
r18271,GinJay,28,6,2026/5/18,1298,1
r18272,EnjoyJune,5,6,2026/5/19,429,0
r18273,MilkLove,23,10,2026/5/18,4973,1
r18274,NamtanFilm,2,4,2026/5/23,449,0
r18275,EngLot,1,55,2026/5/24,4826,1
r18276,LingOrm,1,8,2026/6/6,271,0
r18277,LingOrm,24,217,2026/5/29,73685,1
r18278,TkNur,1,1,2026/5/18,73,0
r18279,EngLot,8,6,2026/5/19,1726,0
r18280,OomBam,31,11,2026/5/19,7545,1
r18281,TkNur,1,1,2026/5/19,106,0
r18282,LenaMiu,6,2,2026/5/22,602,0
r18283,LingOrm,31,335,2026/5/19,196754,1
r18284,JanJingjing,6,270,2026/5/21,20814,0
r18285,JanJingjing,14,239,2026/5/19,32054,1
r18286,LingOrm,4,33,2026/5/25,1632,0
r18287,LingOrm,19,8,2026/5/23,1659,0
r18288,FreenBecky,2,1,2026/7/5,74,0
r18289,NamtanFilm,2,11,2026/5/20,863,0
r18290,EmiBonnie,9,39,2026/5/21,5745,0
r18291,PuyfaiPloy,2,10,2026/6/12,1097,0
r18292,LingOrm,5,1,2026/5/20,127,0
r18293,NamtanFilm,1,1,2026/5/21,32,0
r18294,JanJingjing,3,16,2026/5/30,1449,0
r18295,JanJingjing,2,27,2026/5/21,2403,0
r18296,FreenBecky,11,15,2026/5/24,2469,1
r18297,LingOrm,9,2,2026/7/4,340,0
r18298,JanJingjing,2,12,2026/5/27,480,0
r18299,KaoJaneJaneKao,7,13,2026/5/20,939,0
r18300,JanJingjing,25,55,2026/7/1,12200,0
r18301,GinJay,2,9,2026/5/21,429,0
r18302,EmiBonnie,18,57,2026/5/20,10565,1
r18303,FreenBecky,2,32,2026/5/21,1252,0
r18304,TkNur,1,0,2026/5/20,109,0
r18305,FreenBecky,14,92,2026/5/21,12346,0
r18306,EmiBonnie,12,19,2026/5/28,3493,0
r18307,LenaMiu,13,87,2026/6/25,18166,0
r18308,EnjoyJune,3,17,2026/5/24,593,0
r18309,JanJingjing,4,6,2026/6/7,425,0
r18310,EmiBonnie,3,14,2026/5/21,2064,0
r18311,LingOrm,13,0,2026/5/20,562,0
r18312,EmiBonnie,17,48,2026/5/20,13035,1
r18313,FreenBecky,11,12,2026/5/20,3555,1
r18314,LenaMiu,12,23,2026/5/20,8210,0
r18315,EngLot,5,0,2026/5/20,123,0
r18316,FreenBecky,1,9,2026/8/16,242,0
r18317,EmiBonnie,2,3,2026/6/29,414,0
r18318,MablePangjie,1,1,2026/6/3,143,0
r18319,NamtanFilm,8,148,2026/7/29,14523,0
r18320,LingOrm,13,34,2026/8/6,8339,0
r18321,LingOrm,32,10,2026/6/1,6350,0
r18322,JanJingjing,1,2,2026/8/22,159,0
r18323,EnjoyJune,4,32,2026/5/28,1570,1
r18324,NamneungNoey,26,158,2026/6/2,13719,1
r18325,OomBam,8,11,2026/5/27,2935,0
r18326,FreenBecky,9,3,2026/5/23,787,0
r18327,LingOrm,22,147,2026/5/31,49127,1
r18328,LingOrm,2,107,2026/8/26,4222,0
r18329,MilkLove,10,22,2026/5/22,3886,1
r18330,LingOrm,3,2,2026/5/21,182,0
r18331,NamtanFilm,2,2,2026/5/23,491,0
r18332,FreenBecky,15,10,2026/5/21,4284,1
r18333,EngLot,11,102,2026/5/24,32666,1
r18334,JanJingjing,4,130,2026/5/22,13310,0
r18335,EnjoyJune,3,8,2026/5/22,542,0
r18336,JanJingjing,10,16,2026/5/21,4130,1
r18337,OomBam,2,24,2026/5/26,2060,0
r18338,EngLot,19,138,2026/5/24,65093,1
r18339,KaoJaneJaneKao,10,8,2026/5/25,1104,0
r18340,FreenBecky,19,7,2026/5/22,2166,1
r18341,EnjoyJune,1,7,2026/5/21,483,1
r18342,LingOrm,49,53,2026/5/25,26462,0
r18344,JanJingjing,2,7,2026/5/24,545,0
r18345,EmiBonnie,9,4,2026/5/24,252,1
r18346,EngLot,2,1,2026/5/22,72,0
r18347,OomBam,1,10,2026/5/23,388,0
r18349,EmiBonnie,2,1,2026/6/3,90,0
r18350,JanJingjing,7,66,2026/7/3,6836,1
r18351,EmiBonnie,1,4,2026/5/23,37,0
r18352,FreenBecky,1,9,2026/7/1,334,0
r18353,LingOrm,16,411,2026/6/29,130862,0
r18354,JanJingjing,19,37,2026/5/27,8088,1
r18355,NamtanFilm,5,7,2026/8/10,1125,0
r18356,LMSY,13,8,2026/5/22,911,1
r18357,EmiBonnie,1,5,2026/7/30,90,0
r18358,NamtanFilm,3,3,2026/8/2,170,0
r18359,LingOrm,9,6,2026/5/31,1491,0
r18360,JanJingjing,81,169,2026/5/22,51011,0
r18361,JanJingjing,11,26,2026/5/27,6272,1
r18362,EngLot,2,2,2026/5/23,118,0
r18363,EngLot,5,3,2026/5/24,750,1
r18364,EnjoyJune,31,31,2026/6/6,12132,0
r18365,LingOrm,11,2,2026/6/3,267,0
r18366,JanJingjing,2,27,2026/5/29,3196,0
r18367,EmiBonnie,3,12,2026/5/23,2365,0
r18368,LingOrm,3,2,2026/5/23,164,0
r18369,LingOrm,9,0,2026/5/23,543,0
r18371,LingOrm,4,3,2026/5/23,167,1
r18372,EmiBonnie,8,54,2026/6/3,7560,0
r18373,OomBam,1,22,2026/5/23,1947,1
r18374,LingOrm,4,4,2026/5/25,836,0
r18375,FreenBecky,1,6,2026/5/23,499,1
r18376,NamtanFilm,1,1,2026/5/23,92,0
r18377,LingOrm,1,0,2026/5/23,40,0
r18378,LenaMiu,20,19,2026/6/22,6511,1
r18380,JanJingjing,2,8,2026/6/2,463,0
r18381,EnjoyJune,5,8,2026/5/24,1291,0
r18382,EmiBonnie,5,3,2026/5/23,171,0
r18383,JanJingjing,1,22,2026/7/3,1582,0
r18384,LingOrm,8,14,2026/5/24,2373,0
r18385,LingOrm,28,5,2026/5/30,5707,1
r18386,FreenBecky,1,1,2026/7/11,33,0
r18387,LingOrm,4,3,2026/5/23,183,0
r18388,JanJingjing,1,4,2026/8/25,167,0
r18389,OomBam,1,28,2026/5/24,1915,1
r18390,LingOrm,1,1,2026/8/18,28,0
r18391,JanJingjing,7,4,2026/5/23,471,0
r18392,MilkLove,1,2,2026/8/19,72,0
r18393,LingOrm,1,1,2026/5/23,71,0
r18394,EmiBonnie,1,0,2026/5/23,21,0
r18395,MilkLove,8,6,2026/5/24,916,0
r18396,EmiBonnie,7,9,2026/5/30,1046,0
r18397,JanJingjing,6,78,2026/5/23,10136,0
r18398,LenaMiu,5,3,2026/5/24,1217,0
r18399,EnjoyJune,6,6,2026/5/23,594,0
r18400,EngLot,1,0,2026/5/24,86,0
r18401,EnjoyJune,2,5,2026/5/24,635,0
r18402,EmiBonnie,42,7,2026/5/24,1913,1
r18403,JanJingjing,13,173,2026/6/20,29919,1
r18404,EmiBonnie,5,0,2026/5/23,23,0
r18405,KaoJaneJaneKao,15,17,2026/5/24,2235,1
r18406,MilkLove,2,1,2026/6/2,113,0
r18407,EmiBonnie,7,5,2026/5/24,781,1
r18408,LingOrm,1,6,2026/5/24,734,1
r18409,FayeAtom,6,5,2026/6/4,849,0
r18410,MilkLove,10,2,2026/5/24,501,1
r18411,JanJingjing,23,227,2026/5/30,61342,0
r18412,EmiBonnie,3,2,2026/5/24,23,0
r18413,MilkLove,17,2,2026/5/24,1260,1
r18414,OomBam,1,5,2026/5/24,870,1
r18415,NamtanFilm,4,131,2026/7/22,6829,1
r18416,EmiBonnie,24,86,2026/5/24,27967,1
r18417,EmiBonnie,1,0,2026/5/24,65,0
r18418,EngLot,6,31,2026/6/23,14141,0
r18419,LingOrm,5,6,2026/5/24,507,0
r18420,OomBam,20,10,2026/7/13,3183,1
r18421,ViewJune,1,3,2026/5/24,37,1
r18422,MilkLove,26,9,2026/6/8,3635,0
r18423,EnjoyJune,4,13,2026/5/24,1008,0
r18424,MilkLove,7,0,2026/6/11,406,1
r18425,EmiBonnie,2,0,2026/5/24,39,0
r18426,EmiBonnie,1,2,2026/6/20,38,0
r18427,LingOrm,1,31,2026/5/27,940,0
r18428,MilkLove,1,2,2026/5/25,79,0
r18429,LMSY,8,10,2026/5/30,658,1
r18430,JanJingjing,4,13,2026/5/25,1170,0
r18431,MilkLove,13,4,2026/5/24,1990,1
r18432,GinJay,8,24,2026/5/26,2230,0
r18433,EnjoyJune,20,25,2026/5/26,8127,0
r18434,FreenBecky,3,20,2026/8/15,852,0
r18435,LingOrm,28,470,2026/6/4,193548,1
r18436,OomBam,1,7,2026/5/28,491,0
r18437,NamtanFilm,1,2,2026/5/26,127,0
r18438,LingOrm,1,0,2026/6/14,68,0
r18439,FreenBecky,7,19,2026/7/19,1396,0
r18440,FreenBecky,13,19,2026/7/14,2929,0
r18441,FreenBecky,14,20,2026/7/18,3671,0
r18442,TkNur,1,0,2026/5/25,128,0
r18443,TkNur,1,0,2026/5/25,153,0
r18444,LenaMiu,3,37,2026/5/25,2254,0
r18445,LingOrm,6,73,2026/6/1,7730,0
r18446,EmiBonnie,7,14,2026/5/26,1645,1
r18447,EmiBonnie,1,0,2026/5/26,64,0
r18448,PuyfaiPloy,3,24,2026/5/28,2937,0
r18449,EngLot,8,13,2026/5/30,4948,1
r18450,PuyfaiPloy,6,27,2026/5/27,4687,0
r18451,NamtanFilm,11,47,2026/5/27,8604,1
r18452,NamtanFilm,4,1,2026/5/25,331,0
r18453,NamneungNoey,2,0,2026/5/26,103,0
r18454,LingOrm,4,1,2026/5/26,89,0
r18455,NamtanFilm,7,3,2026/5/30,1141,1
r18456,GinJay,5,8,2026/6/2,1148,0
r18457,EmiBonnie,3,0,2026/5/27,30,0
r18458,NamtanFilm,22,54,2026/5/26,10273,1
r18459,EnjoyJune,3,29,2026/6/6,2171,0
r18460,EmiBonnie,1,35,2026/5/26,1847,1
r18461,LenaMiu,10,1,2026/5/26,308,0
r18462,EngLot,2,1,2026/6/18,95,0
r18463,FreenBecky,19,12,2026/5/29,2119,1
r18464,LingOrm,1,17,2026/8/10,690,0
r18465,EmiBonnie,11,2,2026/5/28,459,0
r18466,LingOrm,1,4,2026/6/1,181,0
r18467,NamneungNoey,30,164,2026/7/8,11368,0
r18468,EmiBonnie,2,0,2026/6/3,59,0
r18469,EmiBonnie,1,1,2026/5/26,67,0
r18470,NamtanFilm,10,2,2026/5/30,360,1
r18471,EmiBonnie,6,4,2026/5/26,187,0
r18472,JanJingjing,4,15,2026/5/29,1107,0
r18473,JanJingjing,4,0,2026/8/4,101,0
r18474,JanJingjing,10,142,2026/5/30,22495,1
r18475,LingOrm,1,3,2026/5/28,130,0
r18476,JanJingjing,1,3,2026/7/14,345,0
r18477,EngLot,20,154,2026/7/24,54666,1
r18478,LingOrm,5,3,2026/5/27,82,1
r18479,LenaMiu,1,1,2026/5/27,332,0
r18480,NamneungNoey,21,41,2026/6/20,2184,0
r18481,NamtanFilm,12,11,2026/5/27,3166,0
r18482,KaoJaneJaneKao,1,3,2026/5/27,144,0
r18483,JanJingjing,4,15,2026/5/28,2165,0
r18484,FayMay,5,3,2026/5/27,45,0
r18485,TkNur,1,0,2026/5/27,52,0
r18486,LingOrm,17,5,2026/6/27,896,1
r18487,OomBam,3,17,2026/8/15,810,0
r18488,JanJingjing,9,215,2026/5/27,36031,1
r18489,JanJingjing,11,27,2026/5/28,4273,0
r18490,LingOrm,23,8,2026/8/2,1826,1
r18491,EmiBonnie,4,1,2026/6/7,94,0
r18492,JanJingjing,4,63,2026/6/6,6647,0
r18493,NamneungNoey,2,1,2026/5/30,90,0
r18494,EngLot,4,0,2026/5/27,187,0
r18495,EmiBonnie,3,3,2026/5/27,209,0
r18496,LingOrm,14,7,2026/5/28,577,0
r18497,EmiBonnie,12,4,2026/5/27,1572,1
r18498,LingOrm,12,5,2026/5/27,440,1
r18499,JanJingjing,9,102,2026/5/27,8531,1
r18500,EmiBonnie,11,7,2026/5/30,1416,1
r18501,NamtanFilm,9,143,2026/6/15,17228,0
r18502,NamtanFilm,2,4,2026/6/8,357,0
r18503,LenaMiu,3,12,2026/5/28,1548,0
r18504,LingOrm,6,4,2026/5/30,388,0
r18505,NamtanFilm,1,3,2026/6/8,117,0
r18506,NamtanFilm,2,5,2026/6/8,875,0
r18507,NamtanFilm,1,3,2026/6/8,193,0
r18508,JanJingjing,9,504,2026/5/28,67495,0
r18509,EngLot,12,9,2026/5/28,1599,1
r18510,NamtanFilm,1,3,2026/6/5,221,0
r18511,EmiBonnie,2,3,2026/5/29,91,0
r18513,FreenBecky,1,1,2026/5/29,59,0
r18514,JanJingjing,11,46,2026/5/28,8378,0
r18515,EngLot,19,120,2026/6/8,60843,1
r18516,FreenBecky,4,22,2026/5/28,1082,0
r18517,EmiBonnie,2,3,2026/5/28,27,0
r18518,EnjoyJune,26,23,2026/5/28,9060,1
r18519,FayMay,4,6,2026/5/29,226,0
r18520,EngLot,25,71,2026/6/8,58692,1
r18521,JanJingjing,44,1041,2026/5/28,305986,0
r18522,EmiBonnie,10,5,2026/6/12,492,1
r18523,EmiBonnie,3,7,2026/5/30,332,0
r18524,FreenBecky,1,0,2026/5/29,63,1
r18525,LingOrm,22,119,2026/5/29,55193,0
r18527,MilkLove,7,1,2026/5/31,432,1
r18528,LenaMiu,10,11,2026/5/29,1733,1
r18530,EngLot,15,4,2026/6/7,910,0
r18531,NamtanFilm,11,42,2026/7/6,10986,1
r18532,JanJingjing,6,49,2026/5/30,6926,0
r18533,LingOrm,18,0,2026/6/25,339,0
r18534,JanJingjing,25,34,2026/6/8,19957,1
r18535,LingOrm,30,10,2026/5/31,7742,1
r18536,LingOrm,11,8,2026/5/29,1121,1
r18537,MeenBabe,2,2,2026/7/11,81,0
r18538,LingOrm,21,143,2026/5/30,19898,1
r18539,JanJingjing,13,467,2026/5/30,91873,1
r18540,LingOrm,12,82,2026/6/2,18565,1
r18541,EngLot,1,2,2026/6/23,175,0
r18542,EmiBonnie,1,7,2026/6/1,197,0
r18543,FreenBecky,6,44,2026/5/29,2406,1
r18544,FreenBecky,1,0,2026/5/30,33,0
r18545,KapookCiize,1,3,2026/8/12,63,0
r18546,JanJingjing,3,111,2026/6/4,8238,0
r18547,JanJingjing,5,0,2026/5/29,87,0
r18548,MilkLove,3,6,2026/6/9,539,0
r18549,JanJingjing,1,1,2026/5/30,297,0
r18550,EmiBonnie,12,18,2026/5/31,2666,0
r18551,EnjoyJune,2,8,2026/5/31,605,0
r18552,JanJingjing,17,114,2026/5/30,28926,1
r18553,LingOrm,1,0,2026/5/30,49,0
r18554,OomBam,6,5,2026/6/1,800,0
r18555,TkNur,1,1,2026/5/30,76,0
r18556,LingOrm,1,1,2026/5/30,17,0
r18557,NamtanFilm,24,24,2026/5/31,8618,1
r18558,LingOrm,30,7,2026/5/30,2324,1
r18560,LingOrm,1,1,2026/5/30,14,0
r18562,LingOrm,20,1,2026/6/20,631,0
r18563,EmiBonnie,24,137,2026/6/20,32301,0
r18564,EmiBonnie,15,5,2026/7/12,1176,1
r18566,EnjoyJune,21,29,2026/6/13,6443,1
r18567,LenaMiu,2,1,2026/6/4,160,0
r18568,LingOrm,17,323,2026/6/3,69289,1
r18569,EngLot,3,6,2026/5/31,390,0
r18570,FreenBecky,1,2,2026/5/30,152,0
r18571,JanJingjing,10,28,2026/6/1,4117,0
r18572,EmiBonnie,4,219,2026/5/31,11448,0
r18573,EngLot,8,16,2026/5/30,3070,0
r18575,FreenBecky,3,3,2026/5/31,96,1
r18576,JanJingjing,8,133,2026/6/1,14483,1
r18577,NamtanFilm,2,0,2026/5/31,118,0
r18578,EmiBonnie,2,0,2026/5/31,33,0
r18580,TkNur,1,0,2026/5/31,111,0
r18581,LingOrm,5,8,2026/8/17,849,0
r18582,LingOrm,1,1,2026/5/31,13,0
r18583,EmiBonnie,1,1,2026/6/5,18,0
r18585,EmiBonnie,4,4,2026/6/28,128,0
r18587,LingOrm,1,1,2026/5/31,6,0
r18588,JuneMewnich,22,18,2026/6/17,2865,1
r18589,JanJingjing,13,3,2026/5/31,564,0
r18591,FreenBecky,15,4,2026/6/1,2918,1
r18592,EngLot,13,9,2026/6/1,5442,0
r18593,EmiBonnie,9,183,2026/6/30,23764,0
r18594,LingOrm,12,3,2026/6/2,2614,1
r18595,EngLot,11,1,2026/5/31,673,1
r18596,EmiBonnie,14,229,2026/6/4,37101,0
r18597,JanJingjing,1,10,2026/6/4,615,0
r18598,EngLot,3,4,2026/5/31,481,0
r18599,FreenBecky,1,4,2026/6/1,91,0
r18600,JanJingjing,6,15,2026/7/29,2363,0
r18601,NamtanFilm,1,0,2026/5/31,117,0
r18602,MilkLove,2,0,2026/6/6,109,0
r18603,LingOrm,12,44,2026/5/31,3720,0
r18604,LingOrm,13,2,2026/7/10,598,0
r18605,EngLot,1,1,2026/6/1,55,0
r18606,JanJingjing,5,29,2026/5/31,3932,0
r18608,FreenBecky,2,2,2026/6/1,25,0
r18609,ViewMim,1,0,2026/6/1,47,0
r18610,JanJingjing,1,3,2026/6/1,444,0
r18611,EngLot,2,7,2026/8/22,353,0
r18612,LingOrm,5,3,2026/6/12,705,0
r18613,JaoyingMewnich,2,6,2026/8/1,377,0
r18614,EngLot,1,2,2026/6/1,107,0
r18615,JanJingjing,4,2,2026/7/19,659,0
r18616,EmiBonnie,1,5,2026/6/4,208,0
r18617,EmiBonnie,17,4,2026/8/5,617,0
r18618,MilkLove,1,0,2026/6/1,9,0
r18619,EmiBonnie,2,34,2026/6/1,1836,0
r18620,EmiBonnie,2,6,2026/6/1,425,0
r18621,LenaMiu,16,41,2026/6/5,13859,1
r18622,EmiBonnie,1,0,2026/6/1,21,0
r18623,LingOrm,1,0,2026/6/1,9,0
r18624,JanJingjing,12,11,2026/6/9,2758,0
r18625,EmiBonnie,2,41,2026/6/1,1371,0
r18626,LingOrm,4,2,2026/6/1,81,0
r18627,NamtanFilm,15,52,2026/6/1,9600,1
r18628,EmiBonnie,4,0,2026/6/1,122,0
r18629,ViewJune,1,0,2026/6/1,14,0
r18630,JuneMewnich,4,0,2026/6/1,39,0
r18631,EmiBonnie,4,50,2026/6/1,3282,0
r18632,LingOrm,7,1,2026/6/1,198,0
r18633,FreenBecky,19,3,2026/6/1,860,1
r18634,NamtanFilm,5,8,2026/6/22,526,0
r18635,MilkLove,10,4,2026/6/1,942,1
r18636,NamneungNoey,5,3,2026/6/3,285,1
r18637,JanJingjing,1,8,2026/6/5,509,0
r18638,EmiBonnie,7,5,2026/6/2,1308,1
r18639,EngLot,3,5,2026/6/3,391,0
r18640,EmiBonnie,10,126,2026/6/1,18029,0
r18642,EmiBonnie,2,1,2026/6/1,44,0
r18643,KaoJaneJaneKao,3,2,2026/6/3,211,0
r18644,MilkLove,9,12,2026/6/5,2056,0
r18645,FreenBecky,1,0,2026/6/2,81,0
r18646,EmiBonnie,3,4,2026/6/1,498,0
r18647,EngLot,11,55,2026/6/3,6750,0
r18648,EmiBonnie,19,44,2026/6/2,7939,1
r18650,FreenBecky,1,19,2026/6/13,384,0
r18651,JanJingjing,2,11,2026/6/2,846,0
r18652,FreenBecky,4,9,2026/6/3,367,0
r18653,FreenBecky,5,5,2026/6/10,371,0
r18654,LingOrm,42,113,2026/6/2,47476,1
r18655,FreenBecky,8,0,2026/6/21,369,1
r18656,EngLot,2,1,2026/6/1,79,0
r18657,LingOrm,1,0,2026/6/2,11,0
r18658,LingOrm,53,89,2026/6/5,50146,1
r18659,LingOrm,1,4,2026/6/2,262,1
r18660,JanJingjing,1,17,2026/6/1,1061,1
r18661,LingOrm,16,9,2026/7/31,2082,0
r18662,JanJingjing,1,1,2026/7/5,121,0
r18663,EmiBonnie,4,4,2026/6/8,129,0
r18664,EmiBonnie,5,114,2026/6/2,8860,0
r18665,LingOrm,1,0,2026/6/5,24,0
r18666,EmiBonnie,2,0,2026/6/2,33,0
r18667,LenaMiu,3,3,2026/6/2,1097,0
r18668,JanJingjing,16,22,2026/6/11,5948,1
r18669,EmiBonnie,5,101,2026/6/8,8403,0
r18670,FreenBecky,1,16,2026/6/2,693,1
r18671,LingOrm,3,19,2026/6/12,2085,0
r18672,EnjoyJune,12,40,2026/6/3,3824,0
r18673,JanJingjing,5,22,2026/6/2,2281,0
r18675,EmiBonnie,11,8,2026/6/2,2493,1
r18676,LenaMiu,25,127,2026/6/5,37247,1
r18677,EmiBonnie,4,7,2026/6/10,636,0
r18678,JanJingjing,20,851,2026/6/2,151525,1
r18679,LingOrm,65,127,2026/6/14,60972,1
r18680,LenaMiu,2,2,2026/6/25,551,0
r18681,JanJingjing,6,33,2026/6/3,4115,0
r18682,EngLot,11,24,2026/6/9,11773,1
r18683,EngLot,1,0,2026/6/13,73,0
r18684,EmiBonnie,1,0,2026/6/5,24,0
r18685,EmiBonnie,6,1,2026/6/2,629,0
r18686,FreenBecky,3,1,2026/6/7,197,0
r18687,MilkLove,2,2,2026/6/2,163,0
r18688,LingOrm,3,8,2026/6/14,701,0
r18689,EmiBonnie,12,393,2026/6/3,47833,0
r18690,OomBam,3,9,2026/6/4,897,0
r18691,ViewJune,2,2,2026/6/2,38,0
r18692,LingOrm,2,2,2026/6/3,30,0
r18693,EmiBonnie,2,38,2026/6/10,1610,0
r18694,EmiBonnie,4,134,2026/6/20,7813,0
r18695,LingOrm,4,2,2026/6/3,202,0
r18696,LenaMiu,4,3,2026/6/10,733,1
r18697,OomBam,17,119,2026/6/4,25113,1
r18698,LenaMiu,7,5,2026/6/8,1302,0
r18699,LingOrm,3,0,2026/6/2,7,0
r18700,JanJingjing,11,27,2026/6/7,7943,1
r18702,ViewMim,3,4,2026/6/4,943,0
r18704,EmiBonnie,18,1,2026/6/4,411,1
r18705,TkNur,1,0,2026/6/3,127,0
r18706,FreenBecky,3,1,2026/6/3,100,0
r18707,LingOrm,9,33,2026/7/14,3771,0
r18708,AppleMim,8,0,2026/8/4,100,0
r18709,LingOrm,9,2,2026/6/3,511,0
r18710,EngLot,2,0,2026/6/5,136,0
r18711,LingOrm,14,0,2026/6/3,535,0
r18712,EngLot,17,8,2026/6/5,813,0
r18713,LingOrm,3,5,2026/6/15,1339,0
r18714,EmiBonnie,12,44,2026/6/6,9734,0
r18715,LingOrm,2,1,2026/6/3,328,0
r18716,EmiBonnie,6,0,2026/6/3,34,0
r18717,NamtanFilm,5,4,2026/6/4,657,0
r18718,NamtanFilm,12,3,2026/6/4,757,1
r18719,EngLot,1,0,2026/7/11,63,0
r18720,JanJingjing,5,8,2026/6/7,1156,0
r18721,OomBam,11,14,2026/6/3,1725,0
r18722,JanJingjing,10,38,2026/6/3,6295,1
r18723,EmiBonnie,2,0,2026/6/19,22,0
r18724,EmiBonnie,7,6,2026/6/4,1256,0
r18725,FreenBecky,3,0,2026/6/3,31,0
r18726,FreenBecky,2,1,2026/6/3,72,0
r18727,LingOrm,3,6,2026/6/4,146,0
r18728,FreenBecky,7,6,2026/6/6,574,1
r18729,FreenBecky,31,26,2026/6/8,10800,1
r18730,FreenBecky,51,42,2026/6/5,24191,1
r18731,EmiBonnie,4,10,2026/6/10,698,0
r18732,FreenBecky,13,6,2026/6/9,1111,1
r18733,JanJingjing,9,122,2026/6/4,19450,1
r18734,LingOrm,12,2,2026/6/3,181,0
r18735,EmiBonnie,5,28,2026/6/10,2423,0
r18736,JanJingjing,15,19,2026/6/5,4452,0
r18737,EmiBonnie,23,97,2026/6/4,30961,1
r18738,EngLot,1,1,2026/6/25,160,0
r18740,LingOrm,4,3,2026/6/11,253,0
r18741,NamtanFilm,2,5,2026/7/3,450,0
r18742,LingOrm,6,21,2026/6/9,2086,0
r18743,TanYada,1,0,2026/6/5,46,0
r18744,GinJay,2,4,2026/6/8,211,0
r18745,LingOrm,1,1,2026/6/4,29,0
r18746,EngLot,17,8,2026/6/8,6940,1
r18747,EmiBonnie,6,76,2026/6/8,4275,0
r18748,JanJingjing,9,99,2026/6/6,12489,0
r18749,EngLot,12,0,2026/6/4,639,0
r18750,LenaMiu,3,9,2026/6/25,916,0
r18751,KaoJaneJaneKao,4,4,2026/6/4,126,1
r18752,JanJingjing,7,29,2026/6/4,6177,1
r18753,OomBam,14,14,2026/6/4,4556,1
r18754,MilkLove,2,1,2026/6/5,72,0
r18755,FreenBecky,2,10,2026/6/4,218,1
r18756,EngLot,10,3,2026/6/7,818,1
r18757,LingOrm,2,27,2026/6/5,1633,0
r18758,EmiBonnie,6,1,2026/6/10,105,0
r18759,LingOrm,17,5,2026/6/6,2562,0
r18760,LingOrm,5,5,2026/6/5,714,0
r18761,JanJingjing,6,28,2026/6/18,3011,0
r18762,JanJingjing,9,6,2026/6/4,1812,1
r18763,LingOrm,1,2,2026/7/5,201,0
r18764,EngLot,2,3,2026/6/10,94,0
r18765,LingOrm,1,0,2026/6/5,46,0
r18766,JanJingjing,2,7,2026/8/17,440,0
r18767,LingOrm,12,3,2026/6/5,945,0
r18768,EmiBonnie,1,2,2026/6/8,53,0
r18769,LingOrm,15,176,2026/6/7,46799,0
r18770,LenaMiu,16,85,2026/6/7,29416,1
r18771,KaoJaneJaneKao,2,6,2026/6/9,348,0
r18772,JanJingjing,5,86,2026/7/3,5808,0
r18773,JanJingjing,4,12,2026/6/5,2027,0
r18774,TkNur,1,0,2026/6/5,109,0
r18775,LingOrm,30,145,2026/6/5,41797,0
r18776,LingOrm,1,43,2026/6/5,2136,1
r18777,EngLot,3,1,2026/6/5,188,0
r18778,FreenBecky,2,14,2026/6/5,342,0
r18779,EngLot,3,0,2026/6/28,98,0
r18781,JanJingjing,11,197,2026/6/6,28875,0
r18782,PuyfaiPloy,5,24,2026/6/6,3114,0
r18783,JuneMewnich,2,1,2026/6/5,43,1
r18784,FreenBecky,1,3,2026/6/10,31,0
r18785,OomBam,20,45,2026/6/5,10252,1
r18786,GinJay,12,49,2026/6/9,7069,1
r18787,LingOrm,3,1,2026/6/5,105,0
r18789,LingOrm,1,103,2026/8/30,1330,0
r18790,FreenBecky,1,0,2026/6/5,85,0
r18791,LingOrm,2,2,2026/6/5,227,0
r18792,AppleMim,2,3,2026/6/5,158,0
r18793,LingOrm,15,7,2026/6/12,3302,1
r18794,JanJingjing,13,60,2026/6/8,11173,1
r18795,LingOrm,12,197,2026/8/19,26628,0
r18796,LingOrm,17,290,2026/6/8,74651,1
r18797,MilkLove,8,4,2026/7/12,927,0
r18798,EmiBonnie,4,2,2026/6/5,195,0
r18799,JanJingjing,5,14,2026/6/6,1305,0
r18801,JanJingjing,12,207,2026/7/17,23368,0
r18802,EmiBonnie,2,0,2026/6/7,78,0
r18803,LingOrm,3,3,2026/6/8,223,0
r18804,EngLot,18,99,2026/7/27,42450,0
r18805,FreenBecky,4,16,2026/6/7,741,1
r18806,JanJingjing,4,4,2026/6/24,485,0
r18807,FreenBecky,7,19,2026/6/7,2081,0
r18808,GinJay,8,12,2026/6/9,2166,0
r18809,EmiBonnie,30,186,2026/7/11,58427,0
r18810,LenaMiu,1,0,2026/6/6,292,1
r18811,JanJingjing,10,42,2026/7/22,4875,0
r18812,JanJingjing,1,1,2026/8/31,2,0
r18813,TkNur,1,5,2026/6/12,126,0
r18814,ViewJune,1,0,2026/6/7,14,0
r18815,JanJingjing,1,0,2026/7/15,45,0
r18816,EmiBonnie,2,2,2026/6/6,120,0
r18817,LingOrm,6,223,2026/8/11,20237,0
r18818,MilkLove,15,4,2026/6/6,1214,1
r18819,JanJingjing,17,486,2026/6/7,97603,1
r18820,EmiBonnie,1,4,2026/6/22,113,0
r18821,LenaMiu,9,4,2026/6/8,760,1
r18822,MablePangjie,8,5,2026/6/16,548,1
r18823,LingOrm,25,16,2026/6/11,7108,0
r18824,LenaMiu,1,10,2026/6/6,555,0
r18826,JanJingjing,1,3,2026/6/6,318,0
r18828,LingOrm,1,3,2026/7/22,41,0
r18829,EmiBonnie,1,1,2026/6/6,57,0
r18830,LingOrm,29,1,2026/6/12,1775,0
r18831,EmiBonnie,1,0,2026/6/8,21,0
r18832,NamneungNoey,1,0,2026/6/6,5,0
r18833,MilkLove,2,1,2026/6/6,156,0
r18834,TkNur,1,0,2026/6/6,71,0
r18835,LingOrm,4,0,2026/6/6,86,0
r18836,JanJingjing,3,5,2026/7/7,588,0
r18837,JanJingjing,5,22,2026/6/21,2157,0
r18838,JanJingjing,2,1,2026/6/7,156,0
r18839,NamneungNoey,2,1,2026/6/7,20,0
r18840,EmiBonnie,4,12,2026/6/11,935,0
r18841,JanJingjing,2,10,2026/6/20,801,0
r18842,EmiBonnie,1,1,2026/8/25,8,0
r18843,NamtanFilm,10,11,2026/6/9,1217,1
r18844,JanJingjing,31,312,2026/6/9,93450,1
r18845,JanJingjing,1,2,2026/6/8,76,0
r18846,EmiBonnie,5,3,2026/6/7,362,0
r18847,JanJingjing,3,1,2026/6/13,103,0
r18848,JuneMewnich,4,2,2026/7/5,271,0
r18849,FreenBecky,21,2,2026/6/7,536,0
r18850,EmiBonnie,1,0,2026/6/7,28,0
r18851,FreenBecky,1,6,2026/6/25,328,0
r18852,LingOrm,7,0,2026/6/7,127,0
r18853,FreenBecky,28,30,2026/6/23,10889,1
r18854,LingOrm,1,1,2026/6/8,12,0
r18855,EngLot,1,0,2026/6/8,84,0
r18856,LingOrm,15,63,2026/6/27,9808,1
r18858,EmiBonnie,1,0,2026/6/7,7,0
r18859,EmiBonnie,3,3,2026/7/15,69,0
r18860,LingOrm,4,5,2026/7/24,287,0
r18861,ViewJune,2,0,2026/6/10,65,0
r18862,LingOrm,7,2,2026/6/7,621,0
r18863,EngLot,27,45,2026/6/12,21639,1
r18864,NamtanFilm,7,43,2026/6/8,6075,0
r18865,EmiBonnie,3,1,2026/6/7,109,0
r18866,EmiBonnie,2,1,2026/6/9,55,0
r18867,NamneungNoey,14,1,2026/6/8,253,0
r18868,LingOrm,5,11,2026/6/8,1842,0
r18869,LingOrm,19,7,2026/6/8,2628,0
r18870,LingOrm,11,5,2026/6/10,2472,1
r18871,EmiBonnie,3,0,2026/6/8,207,0
r18872,EmiBonnie,15,4,2026/6/20,864,0
r18873,JanJingjing,3,4,2026/6/9,377,0
r18874,LingOrm,27,6,2026/6/10,2380,0
r18875,JanJingjing,2,2,2026/6/9,499,0
r18876,LingOrm,16,179,2026/6/9,38512,0
r18877,LingOrm,13,97,2026/6/8,20917,1
r18878,LingOrm,8,2,2026/6/8,591,0
r18879,OomBam,15,4,2026/8/1,1494,1
r18880,JanJingjing,6,4,2026/6/8,513,0
r18881,FayMay,1,5,2026/6/9,79,0
r18882,EngLot,5,3,2026/6/8,159,0
r18883,LingOrm,2,1,2026/6/20,48,0
r18884,JanJingjing,1,2,2026/7/12,127,0
r18885,EngLot,2,1,2026/6/8,142,0
r18886,LingOrm,4,11,2026/6/10,1016,0
r18887,OpalMint,6,8,2026/6/9,983,0
r18888,JanJingjing,10,7,2026/6/8,1007,0
r18889,JanJingjing,4,4,2026/7/5,145,0
r18890,JanJingjing,7,2,2026/7/23,585,0
r18892,JanJingjing,4,3,2026/7/26,133,0
r18893,LingOrm,13,14,2026/7/1,4761,1
r18894,EmiBonnie,2,7,2026/6/9,334,0
r18895,EngLot,5,1,2026/6/12,175,0
r18896,LenaMiu,6,7,2026/6/9,1251,0
r18897,LingOrm,27,142,2026/6/18,57283,1
r18898,EmiBonnie,2,2,2026/6/21,83,0
r18899,EngLot,1,0,2026/6/9,28,0
r18900,JanJingjing,12,97,2026/7/11,13363,0
r18901,JanJingjing,6,42,2026/6/12,5364,1
r18902,LingOrm,4,287,2026/6/15,23792,0
r18903,EmiBonnie,1,0,2026/7/4,39,0
r18904,LingOrm,14,81,2026/6/14,17819,1
r18905,NamtanFilm,2,0,2026/6/12,12,0
r18906,JanJingjing,1,1,2026/6/9,287,0
r18907,EngLot,11,4,2026/6/12,1326,1
r18908,MilkLove,4,5,2026/6/9,488,0
r18909,LingOrm,6,34,2026/6/13,3094,0
r18910,JanJingjing,3,2,2026/7/22,203,0
r18911,JanJingjing,7,7,2026/6/9,1217,0
r18912,EmiBonnie,2,0,2026/6/9,89,0
r18913,EngLot,1,0,2026/6/15,46,0
r18914,EngLot,16,11,2026/6/9,3139,1
r18916,LenaMiu,10,31,2026/7/3,6440,1
r18917,EmiBonnie,2,0,2026/6/9,25,0
r18918,EngLot,5,1,2026/6/9,694,0
r18919,OpalMint,2,0,2026/6/13,14,0
r18920,LingOrm,3,1,2026/6/12,218,0
r18921,LingOrm,4,10,2026/6/12,396,0
r18922,EmiBonnie,6,15,2026/7/12,1292,0
r18923,LingOrm,42,158,2026/7/17,38257,1
r18924,JanJingjing,16,17,2026/6/28,3841,0
r18925,TkNur,1,0,2026/6/10,78,0
r18926,JanJingjing,3,15,2026/6/14,1131,0
r18927,JanJingjing,3,181,2026/8/4,9631,0
r18928,LingOrm,13,0,2026/8/29,181,0
r18930,MeenBabe,9,5,2026/6/15,1782,1
r18931,FreenBecky,3,3,2026/6/20,28,0
r18932,EngLot,4,1,2026/6/11,156,0
r18933,NamtanFilm,7,57,2026/6/11,7163,1
r18934,NamtanFilm,4,1,2026/6/11,234,0
r18935,JanJingjing,4,3,2026/6/14,977,0
r18936,ViewJune,3,1,2026/6/11,117,0
r18937,EmiBonnie,1,1,2026/6/11,14,0
r18938,OomBam,5,7,2026/6/10,696,1
r18939,JanJingjing,23,102,2026/6/10,22395,0
r18940,EmiBonnie,1,0,2026/6/13,14,0
r18941,LMSY,10,7,2026/6/15,395,1
r18942,EmiBonnie,21,57,2026/6/14,10445,0
r18943,LingOrm,33,3,2026/6/11,2628,1
r18944,LingOrm,15,3,2026/6/11,760,0
r18945,JanJingjing,9,55,2026/6/11,13467,1
r18946,PahnFond,4,3,2026/7/30,269,0
r18947,LingOrm,1,6,2026/6/11,523,1
r18948,LenaMiu,7,84,2026/7/7,11453,0
r18949,GinJay,9,7,2026/6/11,727,1
r18951,PahnFond,4,5,2026/7/22,236,0
r18952,FreenBecky,47,27,2026/7/24,14878,1
r18953,LingOrm,14,124,2026/6/12,31286,0
r18954,NamtanFilm,3,4,2026/6/11,68,0
r18956,LingOrm,1,1,2026/6/11,923,1
r18957,LingOrm,3,1,2026/6/12,43,0
r18958,NamtanFilm,1,0,2026/6/12,118,0
r18959,EmiBonnie,14,188,2026/6/12,40126,1
r18960,TkNur,1,1,2026/6/12,320,0
r18961,MilkLove,2,23,2026/7/5,647,0
r18962,JanJingjing,19,63,2026/6/14,19197,1
r18964,EngLot,4,6,2026/6/13,2164,0
r18965,NamtanFilm,3,3,2026/6/17,151,0
r18966,EnjoyJune,2,11,2026/6/14,424,0
r18967,LenaMiu,1,0,2026/6/12,231,0
r18968,JanJingjing,5,127,2026/6/30,11456,0
r18970,OomBam,5,5,2026/6/12,822,1
r18971,LingOrm,23,21,2026/6/14,9238,1
r18972,EngLot,4,2,2026/6/15,383,0
r18974,OomBam,9,139,2026/6/18,16289,0
r18975,MilkLove,19,3,2026/6/12,1140,1
r18976,LingOrm,1,0,2026/6/12,19,0
r18977,LingOrm,1,0,2026/6/12,47,0
r18978,NamtanFilm,24,29,2026/6/16,7821,1
r18979,JanJingjing,4,26,2026/6/17,2007,0
r18980,LingOrm,2,53,2026/6/15,3062,0
r18981,NamneungNoey,1,2,2026/6/13,143,0
r18982,LingOrm,11,10,2026/6/17,1035,0
r18983,JanJingjing,1,3,2026/6/13,65,0
r18984,TkNur,10,8,2026/6/13,1364,1
r18985,JanJingjing,13,1048,2026/6/15,169765,0
r18987,LingOrm,17,98,2026/6/15,30311,1
r18988,LingOrm,2,1,2026/6/12,132,0
r18989,EngLot,1,2,2026/6/14,28,0
r18990,FayeAtom,3,2,2026/6/19,575,0
r18991,JanJingjing,1,2,2026/6/12,54,0
r18992,LingOrm,12,20,2026/6/12,6315,0
r18994,LingOrm,1,1,2026/6/13,89,0
r18995,FreenBecky,5,3,2026/6/13,447,1
r18996,JanJingjing,19,222,2026/6/18,55189,0
r18997,FreenBecky,1,1,2026/6/13,22,0
r18998,EmiBonnie,6,3,2026/6/13,331,0
r18999,FreenBecky,17,14,2026/6/13,5510,1
r19000,OpalMint,7,3,2026/6/27,1177,1
r19001,EmiBonnie,10,3,2026/6/17,320,1
r19002,MilkLove,5,1,2026/6/28,190,0
r19003,JanJingjing,9,68,2026/6/20,14502,1
r19004,EmiBonnie,5,121,2026/6/23,12412,0
r19005,NamtanFilm,1,3,2026/6/13,18,0
r19006,EmiBonnie,9,1,2026/6/14,126,0
r19007,FreenBecky,5,2,2026/6/13,103,0
r19008,ViewJune,3,0,2026/6/13,13,0
r19009,FreenBecky,2,10,2026/6/14,395,0
r19010,LingOrm,8,12,2026/6/14,893,0
r19011,MilkLove,3,0,2026/6/13,215,1
r19012,LingOrm,1,1,2026/6/13,76,0
r19013,EngLot,6,5,2026/7/2,564,1
r19014,NamtanFilm,3,3,2026/6/13,196,0
r19015,EmiBonnie,9,102,2026/6/18,12802,0
r19016,NamtanFilm,3,5,2026/6/13,100,0
r19017,PahnFond,1,3,2026/6/13,157,0
r19018,OomBam,9,30,2026/6/13,4159,0
r19019,EmiBonnie,5,0,2026/6/14,42,0
r19020,JanJingjing,2,3,2026/6/16,220,0
r19021,EngLot,4,3,2026/7/29,182,0
r19022,EngLot,5,2,2026/6/13,96,0
r19023,NamtanFilm,4,0,2026/6/14,42,1
r19024,EmiBonnie,1,32,2026/7/3,674,0
r19025,EmiBonnie,6,63,2026/7/16,6833,0
r19026,PahnFond,2,4,2026/8/15,170,0
r19027,LingOrm,14,88,2026/6/23,18622,1
r19028,LingOrm,17,271,2026/7/1,79783,0
r19029,PuyfaiPloy,1,8,2026/6/27,420,0
r19030,EnjoyJune,5,4,2026/6/14,639,0
r19031,JanJingjing,5,31,2026/6/15,4457,0
r19033,LingOrm,34,27,2026/6/14,8481,1
r19034,JanJingjing,2,10,2026/8/24,199,0
r19035,LingOrm,22,9,2026/6/14,3866,0
r19036,MilkLove,13,4,2026/6/14,691,1
r19037,MilkLove,2,4,2026/6/20,298,0
r19038,EmiBonnie,2,4,2026/6/15,432,0
r19039,KapookCiize,2,3,2026/6/14,357,1
r19040,JanJingjing,5,6,2026/7/14,788,0
r19041,JanJingjing,3,5,2026/7/20,501,0
r19042,PahnFond,9,1,2026/6/15,685,0
r19043,EngLot,28,76,2026/6/24,25082,0
r19044,LingOrm,29,237,2026/6/29,86690,1
r19045,LingOrm,1,1,2026/6/14,50,0
r19046,EmiBonnie,6,4,2026/6/14,170,0
r19047,FreenBecky,1,1,2026/7/12,53,0
r19048,JanJingjing,1,2,2026/6/14,144,0
r19049,NamtanFilm,4,1,2026/6/26,253,0
r19050,LenaMiu,15,2,2026/8/17,639,0
r19051,FreenBecky,1,1,2026/6/14,94,1
r19052,OpalMint,1,0,2026/6/14,53,0
r19053,LingOrm,14,12,2026/7/29,2007,1
r19054,JanJingjing,2,0,2026/8/15,187,0
r19055,LingOrm,1,0,2026/6/15,12,0
r19056,LingOrm,24,433,2026/8/2,165521,1
r19057,LingOrm,15,92,2026/8/4,14833,0
r19058,FreenBecky,3,1,2026/6/17,52,0
r19059,LingOrm,2,0,2026/6/15,82,0
r19060,LingOrm,2,44,2026/7/4,3576,0
r19061,JanJingjing,2,1,2026/6/15,535,0
r19062,JanJingjing,5,16,2026/6/15,1900,0
r19063,LingOrm,4,106,2026/7/29,9466,0
r19064,EmiBonnie,3,5,2026/7/31,560,0
r19065,EmiBonnie,1,0,2026/6/15,35,0
r19066,EmiBonnie,3,3,2026/6/17,133,0
r19067,EngLot,24,116,2026/6/20,61093,1
r19068,EngLot,25,14,2026/7/31,1193,1
r19069,JanJingjing,4,3,2026/6/17,461,0
r19070,LingOrm,2,5,2026/6/16,886,0
r19071,NamtanFilm,8,31,2026/6/21,3018,0
r19072,LingOrm,1,1,2026/6/15,505,1
r19073,EngLot,9,6,2026/6/15,1020,0
r19074,LenaMiu,3,1,2026/6/22,597,0
r19075,LenaMiu,20,39,2026/6/16,14820,0
r19076,LingOrm,1,1,2026/6/15,20,0
r19077,JanJingjing,1,2,2026/6/17,139,0
r19078,PuyfaiPloy,9,13,2026/6/15,2135,0
r19079,JanJingjing,2,23,2026/7/10,1304,0
r19080,LingOrm,23,4,2026/6/15,1762,1
r19081,EmiBonnie,2,5,2026/6/16,215,0
r19082,JanJingjing,4,3,2026/7/29,328,0
r19083,NamtanFilm,5,2,2026/6/17,290,0
r19084,TkNur,1,1,2026/6/16,28,0
r19085,FreenBecky,3,0,2026/6/17,154,0
r19086,EmiBonnie,2,0,2026/6/16,151,0
r19087,GinJay,14,7,2026/6/19,2087,0
r19088,JanJingjing,2,7,2026/6/17,813,0
r19089,NamneungNoey,3,0,2026/6/16,46,0
r19090,NamneungNoey,1,2,2026/7/30,56,0
r19091,EmiBonnie,1,0,2026/6/16,39,0
r19092,LingOrm,21,121,2026/6/26,45311,1
r19093,EmiBonnie,6,24,2026/6/21,2533,0
r19094,JanJingjing,5,2,2026/6/16,347,0
r19095,JanJingjing,3,5,2026/6/27,666,0
r19096,LingOrm,2,74,2026/8/23,2522,0
r19097,LingOrm,8,65,2026/6/22,11974,1
r19098,LingOrm,1,0,2026/7/21,130,1
r19099,LingOrm,6,3,2026/6/17,321,0
r19100,NamtanFilm,7,5,2026/6/21,530,0
r19102,JanJingjing,1,2,2026/6/21,163,0
r19103,LenaMiu,4,16,2026/8/20,751,0
r19104,FreenBecky,3,4,2026/7/28,288,0
r19105,EngLot,7,17,2026/7/5,3947,0
r19106,EngLot,2,4,2026/6/18,336,0
r19107,LingOrm,26,147,2026/8/3,44563,1
r19108,FayMay,9,6,2026/6/17,463,1
r19109,MeenBabe,19,1,2026/6/27,1630,1
r19110,JanJingjing,3,38,2026/6/17,1334,0
r19111,LingOrm,1,0,2026/8/24,34,1
r19112,JanJingjing,12,67,2026/6/17,14106,0
r19113,EmiBonnie,12,178,2026/7/8,34790,1
r19114,EmiBonnie,12,189,2026/6/18,36889,1
r19115,AppleMim,4,3,2026/6/17,282,0
r19116,FreenBecky,9,40,2026/6/20,4240,0
r19117,JanJingjing,4,36,2026/6/20,3035,0
r19118,EngLot,4,1,2026/6/18,172,0
r19119,NamtanFilm,1,0,2026/6/30,91,0
r19120,JanJingjing,16,29,2026/6/17,7378,0
r19121,JanJingjing,1,2,2026/6/18,119,0
r19122,EngLot,13,1,2026/6/30,959,1
r19123,KapookCiize,7,13,2026/6/20,1874,0
r19124,EmiBonnie,1,0,2026/6/17,13,0
r19125,EmiBonnie,2,1,2026/6/18,48,0
r19126,JanJingjing,2,12,2026/6/20,644,0
r19127,EmiBonnie,1,0,2026/6/20,20,0
r19128,NamtanFilm,18,33,2026/6/19,6987,1
r19129,JanJingjing,11,70,2026/6/19,13781,0
r19130,LingOrm,2,1,2026/6/24,145,0
r19131,JanJingjing,1,3,2026/6/18,178,0
r19132,PahnFond,1,2,2026/6/18,297,1
r19133,JanJingjing,1,1,2026/7/7,63,0
r19134,EmiBonnie,1,0,2026/6/18,15,0
r19135,EmiBonnie,10,6,2026/6/23,1927,1
r19136,LingOrm,1,2,2026/6/18,155,0
r19137,LenaMiu,2,2,2026/6/19,588,0
r19138,EmiBonnie,1,0,2026/6/19,39,0
r19139,LenaMiu,20,7,2026/7/19,2685,1
r19140,LingOrm,1,1,2026/6/19,40,0
r19141,LingOrm,7,65,2026/8/20,6740,0
r19142,LingOrm,18,102,2026/7/18,23688,1
r19143,JanJingjing,1,4,2026/6/20,306,0
r19144,JanJingjing,2,10,2026/6/18,720,0
r19145,JanJingjing,6,5,2026/6/18,504,0
r19146,EngLot,11,3,2026/6/18,926,0
r19147,ViewJune,5,2,2026/6/18,166,0
r19148,AndaLookkaew,16,21,2026/7/12,3887,1
r19149,AppleMim,4,0,2026/6/18,46,0
r19150,MilkLove,21,121,2026/6/23,33754,0
r19151,EmiBonnie,6,8,2026/6/21,1997,1
r19152,FreenBecky,10,1,2026/6/24,204,0
r19153,JanJingjing,4,1,2026/7/23,224,0
r19154,JanJingjing,7,33,2026/6/26,5938,1
r19155,EngLot,19,48,2026/6/18,22460,0
r19156,JanJingjing,8,11,2026/7/3,2101,1
r19157,LingOrm,3,1,2026/6/20,120,0
r19158,JanJingjing,14,13,2026/6/19,2915,1
r19159,JanJingjing,16,301,2026/6/29,59565,0
r19160,JanJingjing,6,13,2026/6/30,2036,1
r19161,TkNur,1,0,2026/6/18,74,0
r19162,JanJingjing,1,3,2026/6/22,353,0
r19163,JanJingjing,14,345,2026/6/30,60122,0
r19164,JanJingjing,8,11,2026/6/20,1332,0
r19165,TkNur,1,0,2026/6/19,77,0
r19167,KapookCiize,6,6,2026/6/21,870,0
r19168,JanJingjing,14,50,2026/6/23,12883,1
r19169,NamtanFilm,11,1,2026/6/19,275,1
r19170,EmiBonnie,11,5,2026/6/20,1924,1
r19171,LingOrm,2,1,2026/6/19,141,0
r19172,EnjoyJune,20,33,2026/6/20,9662,1
r19174,JanJingjing,39,38,2026/6/20,19784,1
r19175,LingOrm,3,23,2026/7/29,1905,0
r19176,PahnFond,10,5,2026/6/29,736,0
r19177,EmiBonnie,3,0,2026/6/20,30,0
r19178,LingOrm,14,13,2026/6/22,3994,0
r19179,EngLot,35,46,2026/6/19,26586,1
r19180,JanJingjing,7,5,2026/6/22,1086,0
r19181,ViewJune,1,0,2026/6/21,22,0
r19182,EngLot,1,0,2026/6/20,100,0
r19183,EmiBonnie,21,20,2026/6/20,3226,1
r19184,EngLot,21,32,2026/6/21,27217,1
r19186,JanJingjing,1,4,2026/6/19,273,0
r19187,LingOrm,12,12,2026/6/22,2032,0
r19188,FreenBecky,1,26,2026/6/26,721,0
r19189,LingOrm,14,10,2026/6/25,2545,0
r19190,MilkLove,3,0,2026/6/19,214,1
r19192,KapookCiize,6,11,2026/6/23,1033,0
r19193,JanJingjing,2,0,2026/8/1,147,0
r19194,JanJingjing,7,2,2026/6/20,315,0
r19195,EngLot,2,2,2026/6/24,496,1
r19196,LenaMiu,3,4,2026/6/20,256,0
r19197,LingOrm,7,166,2026/6/28,33853,0
r19199,JanJingjing,6,3,2026/6/20,1000,0
r19200,EmiBonnie,1,1,2026/6/23,35,0
r19201,NamtanFilm,9,2,2026/7/31,256,0
r19202,LingOrm,12,8,2026/7/7,4522,0
r19203,EmiBonnie,5,3,2026/7/2,387,0
r19204,EngLot,2,1,2026/6/20,65,0
r19205,LingOrm,1,2,2026/7/5,141,0
r19206,ViewMim,2,4,2026/7/24,64,0
r19207,EmiBonnie,1,5,2026/6/21,71,0
r19208,EmiBonnie,4,33,2026/6/27,3234,0
r19209,LingOrm,5,28,2026/7/2,4055,0
r19210,MilkLove,4,19,2026/6/20,1547,0
r19211,LingOrm,11,75,2026/6/23,28883,1
r19212,EmiBonnie,11,3,2026/6/21,908,1
r19213,EngLot,2,0,2026/7/17,53,0
r19214,OomBam,15,31,2026/7/12,4779,1
r19216,NamtanFilm,1,0,2026/6/21,19,0
r19217,KapookCiize,5,10,2026/6/23,1022,0
r19218,JanJingjing,6,40,2026/6/25,6059,0
r19219,JanJingjing,3,6,2026/6/21,426,0
r19220,OomBam,2,4,2026/6/21,480,0
r19221,LingOrm,18,11,2026/8/6,3720,1
r19222,JanJingjing,1,25,2026/6/24,884,0
r19223,LingOrm,2,4,2026/6/22,77,0
r19224,MilkLove,7,28,2026/7/16,3449,0
r19225,JanJingjing,7,4,2026/7/2,605,0
r19226,JanJingjing,5,7,2026/6/21,1147,0
r19227,NamtanFilm,5,1,2026/6/21,187,0
r19228,EmiBonnie,2,0,2026/6/21,4,0
r19229,KaoJaneJaneKao,1,2,2026/6/21,67,0
r19230,MilkLove,1,0,2026/7/12,21,1
r19231,EngLot,35,543,2026/6/22,251109,1
r19232,LingOrm,1,4,2026/8/16,35,0
r19233,PahnFond,1,1,2026/6/21,215,1
r19234,JanJingjing,26,148,2026/6/22,32520,0
r19235,LingOrm,8,9,2026/6/21,1523,0
r19237,LenaMiu,1,4,2026/6/21,470,0
r19238,EngLot,17,21,2026/6/21,2440,0
r19239,EmiBonnie,1,0,2026/6/21,28,0
r19240,FayMay,4,9,2026/7/20,363,0
r19241,LingOrm,9,3,2026/7/21,679,0
r19242,EmiBonnie,6,2,2026/6/30,1120,1
r19245,EmiBonnie,4,1,2026/6/22,244,0
r19246,JanJingjing,1,0,2026/6/22,167,0
r19247,EnjoyJune,18,19,2026/6/21,5027,1
r19248,LingOrm,13,19,2026/6/21,8429,1
r19249,NamtanFilm,12,65,2026/6/23,11334,1
r19250,EmiBonnie,1,2,2026/6/21,22,0
r19251,EmiBonnie,1,3,2026/6/21,135,0
r19252,EmiBonnie,13,1,2026/6/22,798,0
r19253,JanJingjing,1,0,2026/6/25,91,0
r19254,FreenBecky,1,42,2026/6/22,1603,0
r19255,EmiBonnie,1,2,2026/7/20,49,0
r19256,EmiBonnie,2,0,2026/6/21,40,0
r19257,LingOrm,1,1,2026/6/21,292,1
r19258,LingOrm,10,0,2026/6/24,132,0
r19259,EmiBonnie,17,3,2026/6/22,560,0
r19260,EmiBonnie,1,0,2026/7/2,8,0
r19261,JanJingjing,1,1,2026/7/7,74,0
r19262,FreenBecky,10,77,2026/6/24,11619,1
r19263,EmiBonnie,2,2,2026/6/24,42,0
r19264,JanJingjing,2,10,2026/6/22,809,0
r19265,NamtanFilm,4,3,2026/6/27,160,0
r19266,FreenBecky,12,38,2026/6/22,6107,0
r19267,JanJingjing,1,16,2026/7/12,843,0
r19268,LenaMiu,4,10,2026/6/26,1811,0
r19270,JanJingjing,4,78,2026/8/11,3683,0
r19271,JuneMewnich,11,6,2026/6/22,679,1
r19272,EnjoyJune,5,8,2026/6/22,639,0
r19273,EmiBonnie,2,0,2026/6/24,33,0
r19274,JanJingjing,2,6,2026/6/22,376,0
r19275,LingOrm,1,0,2026/6/22,77,0
r19276,EngLot,11,0,2026/6/22,878,0
r19278,JanJingjing,5,5,2026/6/25,527,0
r19279,JanJingjing,2,4,2026/6/22,197,0
r19280,LingOrm,1,5,2026/8/7,395,0
r19281,PuyfaiPloy,1,2,2026/7/20,232,0
r19282,GinJay,6,3,2026/6/22,548,0
r19283,GinJay,2,6,2026/6/22,270,1
r19284,JanJingjing,4,18,2026/6/27,1254,0
r19285,FreenBecky,7,9,2026/6/26,177,0
r19286,JanJingjing,1,12,2026/7/1,996,1
r19287,NamtanFilm,2,0,2026/6/23,96,0
r19288,JanJingjing,2,5,2026/6/23,536,0
r19289,JanJingjing,1,4,2026/7/10,170,0
r19290,LingOrm,3,1,2026/6/22,113,0
r19291,LingOrm,1,14,2026/8/5,811,0
r19292,FreenBecky,1,14,2026/6/25,365,0
r19293,EmiBonnie,1,5,2026/6/25,254,0
r19294,PahnFond,2,7,2026/6/23,431,0
r19295,LenaMiu,2,2,2026/8/29,156,0
r19296,JanJingjing,19,87,2026/6/30,13504,0
r19297,EmiBonnie,9,8,2026/6/24,2416,1
r19298,LingOrm,14,27,2026/6/27,7991,0
r19299,EmiBonnie,1,1,2026/7/1,26,0
r19300,FreenBecky,32,12,2026/6/23,6070,1
r19301,LingOrm,16,82,2026/7/1,16353,0
r19302,JanJingjing,19,26,2026/7/22,8627,1
r19303,FreenBecky,6,6,2026/7/11,358,1
r19304,LingOrm,2,1,2026/6/24,146,0
r19305,EnjoyJune,20,17,2026/7/2,5431,1
r19306,LingOrm,4,2,2026/6/27,283,0
r19307,MilkLove,2,4,2026/6/25,373,0
r19308,LingOrm,7,11,2026/6/23,848,1
r19309,JanJingjing,19,24,2026/6/24,6969,1
r19310,JanJingjing,5,95,2026/6/28,9006,0
r19311,LingOrm,12,9,2026/7/3,1801,0
r19312,JanJingjing,1,2,2026/6/23,98,0
r19313,OomBam,20,3,2026/6/23,616,1
r19315,FreenBecky,1,0,2026/6/23,80,1
r19316,EmiBonnie,11,212,2026/6/26,19151,0
r19318,JuneMewnich,18,2,2026/6/23,316,1
r19319,JanJingjing,5,43,2026/7/14,4517,0
r19320,EmiBonnie,2,2,2026/6/23,113,0
r19321,JanJingjing,1,2,2026/6/30,168,0
r19322,JanJingjing,1,9,2026/7/2,410,0
r19323,LingOrm,11,2,2026/7/31,1155,0
r19324,MeenBabe,13,11,2026/6/28,2876,1
r19325,JanJingjing,3,5,2026/6/27,443,0
r19326,KaoJaneJaneKao,1,1,2026/7/14,119,0
r19327,EmiBonnie,12,8,2026/6/23,1323,1
r19328,EmiBonnie,1,0,2026/6/24,10,0
r19329,MilkLove,30,6,2026/6/23,2415,1
r19330,EmiBonnie,5,10,2026/6/28,1217,1
r19331,EmiBonnie,25,251,2026/6/24,76748,1
r19332,JanJingjing,7,16,2026/6/24,2091,0
r19334,EnjoyJune,1,10,2026/6/25,501,0
r19335,LingOrm,12,19,2026/7/28,5392,0
r19336,LingOrm,43,14,2026/7/12,5671,0
r19337,JanJingjing,6,4,2026/6/25,765,0
r19338,JanJingjing,2,18,2026/6/24,1032,0
r19339,JanJingjing,2,41,2026/6/24,6597,0
r19340,TkNur,1,0,2026/6/24,126,0
r19341,ViewMim,2,1,2026/6/26,120,0
r19342,LingOrm,1,1,2026/6/28,22,0
r19343,EmiBonnie,7,8,2026/6/26,687,0
r19344,JanJingjing,9,19,2026/7/26,3740,0
r19345,JanJingjing,8,18,2026/6/25,2774,0
r19346,JanJingjing,2,9,2026/6/24,498,0
r19347,JanJingjing,5,6,2026/6/28,1088,0
r19348,LingOrm,12,15,2026/7/3,3297,0
r19349,EmiBonnie,5,6,2026/6/25,787,0
r19350,JanJingjing,35,11,2026/6/25,2275,1
r19351,EngLot,6,1,2026/6/25,132,0
r19352,FreenBecky,3,3,2026/7/17,89,0
r19353,EngLot,2,1,2026/6/27,181,0
r19354,LingOrm,43,22,2026/6/28,17577,1
r19355,NamneungNoey,2,2,2026/6/27,687,0
r19356,NamneungNoey,3,0,2026/7/2,137,0
r19357,EmiBonnie,2,0,2026/6/25,35,0
r19358,JanJingjing,3,3,2026/7/2,70,0
r19359,LenaMiu,2,22,2026/7/26,1723,0
r19360,LingOrm,1,1,2026/6/25,7,0
r19361,NamtanFilm,14,2,2026/6/25,462,0
r19362,MilkLove,4,4,2026/6/28,411,0
r19363,LingOrm,1,3,2026/7/18,164,0
r19365,LenaMiu,1,1,2026/6/25,197,0
r19366,EngLot,21,24,2026/7/8,7765,1
r19367,EngLot,24,14,2026/8/1,1255,1
r19368,JanJingjing,1,5,2026/6/27,879,1
r19369,EngLot,6,26,2026/8/26,936,0
r19370,EngLot,4,18,2026/8/27,2015,0
r19371,JanJingjing,12,18,2026/6/30,2620,0
r19372,JanJingjing,13,478,2026/7/1,67978,0
r19373,MilkLove,6,3,2026/6/27,1161,0
r19374,EmiBonnie,7,1,2026/7/3,139,0
r19375,MilkLove,15,5,2026/6/25,789,1
r19376,KapookCiize,1,1,2026/7/20,90,0
r19377,JuneMewnich,17,3,2026/6/26,246,1
r19378,MilkLove,2,21,2026/7/4,1630,0
r19379,NikyEngland,13,4,2026/7/1,1595,0
r19380,EmiBonnie,3,105,2026/7/12,4026,0
r19381,PahnFond,7,46,2026/6/27,2630,0
r19382,MilkLove,2,5,2026/6/29,219,0
r19383,JanJingjing,14,228,2026/7/4,41422,0
r19384,LingOrm,4,0,2026/6/27,178,0
r19385,LingOrm,10,8,2026/8/2,1663,0
r19386,NamtanFilm,9,12,2026/6/26,1602,0
r19387,LingOrm,19,149,2026/7/9,27967,1
r19388,LingOrm,18,16,2026/8/7,4997,1
r19389,LingOrm,9,1,2026/6/30,344,0
r19390,JanJingjing,17,356,2026/6/27,61235,0
r19391,NamtanFilm,1,0,2026/7/12,19,1
r19392,EnjoyJune,5,13,2026/6/26,996,0
r19393,FreenBecky,7,29,2026/7/5,4108,0
r19394,JanJingjing,6,1,2026/6/26,190,0
r19395,JanJingjing,10,16,2026/7/8,3724,1
r19396,ViewMim,12,8,2026/6/30,298,1
r19397,JanJingjing,7,34,2026/6/30,5068,0
r19398,JanJingjing,2,22,2026/7/20,1929,0
r19399,FreenBecky,3,2,2026/6/26,90,0
r19400,LenaMiu,5,6,2026/6/26,956,0
r19401,LingOrm,24,16,2026/7/19,9203,0
r19402,LingOrm,32,393,2026/7/2,197245,1
r19403,JanJingjing,7,17,2026/6/26,4780,1
r19404,NamneungNoey,4,4,2026/6/29,188,0
r19405,JanJingjing,6,58,2026/6/27,8058,0
r19406,NookAlex,8,1,2026/6/28,953,1
r19407,EmiBonnie,2,0,2026/6/27,62,0
r19408,FreenBecky,7,2,2026/7/1,364,1
r19409,LingOrm,4,112,2026/6/27,9873,0
r19410,JanJingjing,2,5,2026/6/27,487,0
r19411,LingOrm,55,210,2026/6/28,91873,0
r19412,JanJingjing,1,3,2026/7/2,161,0
r19413,MilkLove,6,5,2026/6/29,1204,0
r19414,LingOrm,1,0,2026/6/27,74,0
r19415,JanJingjing,7,18,2026/7/16,2539,0
r19416,JanJingjing,1,0,2026/8/24,4,0
r19417,EmiBonnie,5,0,2026/6/27,249,0
r19418,JanJingjing,8,14,2026/6/27,1658,0
r19419,LingOrm,1,0,2026/8/19,42,0
r19420,EmiBonnie,3,1,2026/6/27,37,0
r19421,EngLot,8,0,2026/6/27,240,0
r19422,NamtanFilm,2,12,2026/6/27,762,0
r19423,EmiBonnie,2,4,2026/6/27,57,0
r19424,JanJingjing,6,18,2026/6/27,2075,0
r19425,LenaMiu,4,5,2026/7/9,1608,0
r19426,JanJingjing,5,12,2026/6/27,1919,0
r19427,JanJingjing,1,0,2026/6/27,80,0
r19428,EmiBonnie,3,8,2026/7/16,396,0
r19429,MilkLove,1,0,2026/7/2,47,0
r19430,EmiBonnie,1,6,2026/6/27,153,0
r19431,JanJingjing,2,248,2026/7/22,9159,0
r19432,LingOrm,1,2,2026/8/24,91,0
r19433,JanJingjing,1,9,2026/7/7,1027,0
r19434,EmiBonnie,1,1,2026/7/4,142,0
r19435,EmiBonnie,9,9,2026/6/30,1122,1
r19437,JanJingjing,2,10,2026/8/13,314,0
r19438,EmiBonnie,1,6,2026/7/2,159,0
r19439,NamtanFilm,9,0,2026/6/28,716,0
r19440,MilkLove,3,0,2026/7/8,98,0
r19441,LingOrm,4,2,2026/6/27,147,0
r19442,EmiBonnie,1,2,2026/6/28,17,0
r19443,LingOrm,16,93,2026/7/2,16514,0
r19444,MilkLove,5,6,2026/7/4,770,0
r19445,EngLot,7,0,2026/6/29,498,0
r19446,LingOrm,11,10,2026/6/28,2340,0
r19447,LingOrm,28,245,2026/7/27,97603,1
r19448,GinJay,13,8,2026/6/27,1138,1
r19449,MilkLove,6,1,2026/6/28,429,1
r19450,LingOrm,26,9,2026/7/6,3119,1
r19451,LingOrm,12,7,2026/7/19,1449,1
r19452,GinJay,15,29,2026/6/28,6925,0
r19453,LingOrm,4,3,2026/6/28,68,0
r19454,JanJingjing,6,8,2026/7/5,1483,1
r19455,GinJay,1,3,2026/6/29,93,0
r19456,LingOrm,31,167,2026/7/2,88250,1
r19457,MilkLove,2,0,2026/6/29,199,0
r19458,JanJingjing,1,3,2026/6/29,96,0
r19459,JanJingjing,15,37,2026/6/30,6799,0
r19460,FreenBecky,23,7,2026/7/30,2930,1
r19462,EmiBonnie,9,4,2026/6/28,658,1
r19463,JanJingjing,6,142,2026/7/4,15138,1
r19464,LingOrm,11,2,2026/6/28,284,0
r19465,EngLot,11,25,2026/6/28,2110,0
r19466,EmiBonnie,1,0,2026/6/28,6,0
r19467,JanJingjing,15,13,2026/6/29,2991,0
r19468,EmiBonnie,2,1,2026/6/28,51,0
r19469,EmiBonnie,3,0,2026/7/6,50,0
r19470,JanJingjing,6,4,2026/6/28,237,0
r19471,EmiBonnie,1,3,2026/6/28,27,0
r19472,JanJingjing,10,5,2026/6/28,507,0
r19473,MeenBabe,7,3,2026/7/26,175,1
r19475,EnjoyJune,31,16,2026/6/28,6057,1
r19476,EmiBonnie,4,2,2026/7/27,162,0
r19477,EmiBonnie,7,1,2026/6/28,78,1
r19478,EmiBonnie,1,2,2026/6/30,35,0
r19479,FreenBecky,11,5,2026/7/3,447,0
r19480,JanJingjing,10,9,2026/6/28,1248,0
r19481,JanJingjing,11,6,2026/6/29,1478,1
r19482,MilkLove,15,12,2026/6/29,5692,1
r19483,EmiBonnie,1,0,2026/7/28,9,0
r19484,EngLot,21,17,2026/7/1,10892,0
r19485,NookAlex,10,17,2026/6/29,2181,1
r19486,LingOrm,3,2,2026/6/29,135,0
r19487,JanJingjing,9,210,2026/7/4,23727,0
r19488,JanJingjing,12,14,2026/8/1,3005,1
r19490,NamtanFilm,2,10,2026/8/10,489,0
r19491,EngLot,6,5,2026/7/20,232,0
r19492,EmiBonnie,6,14,2026/6/28,1069,0
r19494,MilkLove,7,38,2026/7/31,4548,0
r19495,KapookCiize,2,1,2026/8/3,93,0
r19496,JanJingjing,6,238,2026/7/8,17396,0
r19497,EngLot,1,0,2026/6/29,31,0
r19498,NamtanFilm,2,0,2026/6/29,184,0
r19499,FreenBecky,5,15,2026/8/4,1173,0
r19500,FreenBecky,4,17,2026/8/6,1250,0
r19501,PahnFond,1,1,2026/7/29,95,0
r19502,JanJingjing,2,1,2026/7/3,348,0
r19503,KapookCiize,49,28,2026/6/30,6556,0
r19504,JanJingjing,33,112,2026/7/13,45690,0
r19505,JanJingjing,18,80,2026/6/29,21266,0
r19506,JanJingjing,2,4,2026/7/2,529,0
r19507,EngLot,1,0,2026/6/29,59,0
r19508,FreenBecky,11,4,2026/6/29,152,0
r19509,LingOrm,4,4,2026/6/29,249,0
r19510,EngLot,24,9,2026/7/6,9165,0
r19511,EngLot,33,245,2026/7/8,141845,0
r19512,JanJingjing,5,8,2026/6/30,788,0
r19513,JanJingjing,4,13,2026/6/29,1884,0
r19514,FreenBecky,2,9,2026/7/1,468,0
r19515,JanJingjing,13,5,2026/7/5,1447,0
r19516,MilkLove,13,25,2026/7/5,6342,1
r19517,LingOrm,12,1,2026/6/29,311,1
r19518,FreenBecky,12,13,2026/6/30,2283,1
r19519,FreenBecky,1,0,2026/7/6,46,0
r19520,NamtanFilm,18,1,2026/6/29,524,0
r19521,EmiBonnie,1,2,2026/6/30,117,1
r19522,FreenBecky,5,3,2026/6/30,193,0
r19523,ViewJune,1,0,2026/6/30,18,1
r19524,LingOrm,2,66,2026/6/30,7037,1
r19525,EmiBonnie,1,12,2026/7/1,429,0
r19526,JanJingjing,19,7,2026/7/14,3851,0
r19527,JanJingjing,18,17,2026/7/4,1464,1
r19528,OomBam,6,3,2026/6/29,437,0
r19529,MilkLove,4,5,2026/7/7,978,0
r19530,EngLot,10,20,2026/7/9,7451,0
r19531,JanJingjing,15,17,2026/7/6,3971,0
r19532,NamneungNoey,1,0,2026/8/29,4,0
r19533,JanJingjing,12,441,2026/6/30,66643,0
r19534,EmiBonnie,1,0,2026/7/27,5,0
r19535,EmiBonnie,3,1,2026/7/1,137,0
r19536,FreenBecky,3,1,2026/6/30,125,0
r19537,NamtanFilm,1,7,2026/7/2,352,0
r19538,JanJingjing,10,61,2026/6/30,4887,1
r19539,TkNur,9,6,2026/7/6,954,0
r19540,LingOrm,13,6,2026/6/30,1338,0
r19541,FayMay,9,3,2026/6/30,307,0
r19542,LingOrm,1,2,2026/7/3,268,1
r19543,JanJingjing,7,14,2026/7/1,2993,0
r19544,LenaMiu,5,3,2026/7/1,370,0
r19545,EmiBonnie,4,16,2026/7/9,1251,1
r19546,LingOrm,1,10,2026/7/4,225,0
r19547,EngLot,14,48,2026/7/1,37034,1
r19548,MilkLove,1,0,2026/7/2,187,0
r19549,JanJingjing,11,7,2026/8/4,1648,0
r19550,FreenBecky,2,4,2026/7/1,251,0
r19551,MilkLove,9,4,2026/6/30,523,1
r19552,EmiBonnie,5,1,2026/7/17,213,1
r19553,LingOrm,3,6,2026/7/14,616,0
r19554,LenaMiu,6,31,2026/8/2,4452,0
r19555,ViewMim,1,2,2026/7/25,29,0
r19556,LingOrm,2,1,2026/7/1,61,0
r19557,LingOrm,2,1,2026/7/2,33,0
r19558,JanJingjing,6,33,2026/7/1,3885,0
r19559,JanJingjing,4,56,2026/7/25,4875,0
r19560,JanJingjing,4,3,2026/7/5,577,0
r19561,EmiBonnie,6,175,2026/7/31,14572,0
r19563,NamtanFilm,4,3,2026/7/2,301,0
r19564,JanJingjing,33,123,2026/7/1,43695,1
r19565,PuyfaiPloy,8,14,2026/7/1,2328,1
r19566,JanJingjing,3,6,2026/7/1,337,0
r19567,JanJingjing,2,0,2026/7/1,85,0
r19569,LingOrm,27,168,2026/7/12,71530,1
r19570,GinJay,19,9,2026/7/1,1393,1
r19571,LingOrm,8,4,2026/7/1,402,0
r19572,KapookCiize,1,6,2026/7/2,186,0
r19573,EngLot,8,2,2026/7/1,220,1
r19574,EmiBonnie,23,2,2026/7/18,533,0
r19575,JanJingjing,10,89,2026/7/1,12614,0
r19576,EmiBonnie,10,6,2026/7/2,465,1
r19577,EngLot,32,78,2026/7/4,37733,0
r19578,EmiBonnie,1,1,2026/7/27,76,0
r19579,GinJay,12,4,2026/7/2,274,0
r19580,OomBam,1,11,2026/7/1,503,0
r19581,PahnFond,7,14,2026/7/1,986,0
r19582,EmiBonnie,7,34,2026/7/1,2202,0
r19583,EmiBonnie,10,0,2026/7/2,225,0
r19584,LingOrm,4,2,2026/7/7,596,0
r19585,JanJingjing,17,10,2026/7/2,2085,0
r19586,JanJingjing,5,10,2026/7/7,680,0
r19587,JanJingjing,1,21,2026/7/13,450,0
r19588,JanJingjing,6,4,2026/7/8,697,0
r19591,EngLot,3,3,2026/7/2,314,0
r19592,LingOrm,4,29,2026/8/20,2925,0
r19593,MilkLove,16,2,2026/7/7,1704,0
r19594,JanJingjing,1,7,2026/7/4,246,0
r19595,AppleMim,1,1,2026/7/2,65,0
r19596,LingOrm,12,3,2026/7/2,548,0
r19597,LingOrm,1,2,2026/7/6,60,0
r19598,JanJingjing,14,56,2026/7/4,13102,1
r19599,EmiBonnie,1,5,2026/7/4,429,0
r19600,EmiBonnie,5,2,2026/7/2,47,0
r19601,EmiBonnie,2,0,2026/7/2,62,0
r19602,EmiBonnie,2,2,2026/7/13,92,0
r19603,JanJingjing,32,32,2026/7/2,7208,0
r19605,EmiBonnie,6,1,2026/7/4,70,0
r19606,EmiBonnie,13,99,2026/7/27,17106,1
r19607,JanJingjing,5,9,2026/7/11,1089,0
r19608,KapookCiize,5,20,2026/7/6,1637,0
r19609,JanJingjing,13,73,2026/7/3,19289,1
r19610,EmiBonnie,4,1,2026/8/12,109,0
r19611,LingOrm,23,100,2026/8/5,25022,1
r19612,PuyfaiPloy,7,38,2026/7/3,4568,0
r19613,GinJay,17,7,2026/7/4,776,1
r19614,JanJingjing,6,8,2026/7/3,953,0
r19615,JanJingjing,7,9,2026/7/13,1565,0
r19616,FreenBecky,2,1,2026/7/20,59,0
r19617,NamtanFilm,13,35,2026/7/3,8114,1
r19618,LingOrm,28,43,2026/7/21,14291,0
r19619,FreenBecky,3,3,2026/7/4,191,0
r19620,FreenBecky,1,0,2026/7/4,43,0
r19621,JanJingjing,23,134,2026/7/3,22437,0
r19622,EngLot,4,2,2026/7/3,327,1
r19623,LenaMiu,10,9,2026/7/3,1307,0
r19624,JanJingjing,5,18,2026/7/4,2193,0
r19625,LingOrm,1,2,2026/7/3,279,1
r19626,EmiBonnie,18,10,2026/7/4,3644,1
r19627,EmiBonnie,3,0,2026/7/6,275,0
r19629,LingOrm,1,8,2026/7/5,141,0
r19630,LenaMiu,3,1,2026/7/5,792,0
r19631,EmiBonnie,2,0,2026/7/3,13,0
r19632,LingOrm,3,0,2026/7/3,34,0
r19633,JanJingjing,11,14,2026/7/3,4215,0
r19634,EngLot,7,0,2026/7/3,53,0
r19635,LingOrm,17,9,2026/7/4,4794,1
r19636,EmiBonnie,1,2,2026/7/4,48,0
r19637,ViewJune,1,2,2026/7/8,43,0
r19638,LenaMiu,6,8,2026/7/4,1892,0
r19639,JanJingjing,1,0,2026/8/31,0,0
r19640,LingOrm,14,4,2026/7/17,1116,1
r19641,LenaMiu,7,4,2026/7/4,770,1
r19642,JanJingjing,7,175,2026/8/4,12513,0
r19643,JanJingjing,8,60,2026/7/5,7678,0
r19645,JanJingjing,8,24,2026/7/10,4057,0
r19647,EmiBonnie,5,1,2026/7/27,76,0
r19648,MilkLove,6,0,2026/7/5,133,0
r19649,JanJingjing,7,18,2026/7/8,2635,1
r19650,JanJingjing,1,4,2026/7/5,362,0
r19651,EmiBonnie,1,428,2026/7/6,11460,0
r19652,NamtanFilm,7,1,2026/7/4,172,1
r19653,JanJingjing,3,3,2026/7/7,627,0
r19654,EmiBonnie,4,1,2026/7/31,88,1
r19655,JanJingjing,2,0,2026/8/23,62,0
r19656,LingOrm,22,9,2026/7/13,5018,1
r19657,EmiBonnie,6,0,2026/7/8,47,0
r19658,LingOrm,3,1,2026/7/5,74,0
r19659,EngLot,1,1,2026/7/14,63,0
r19660,FreenBecky,2,1,2026/8/9,18,0
r19661,EmiBonnie,3,0,2026/7/4,104,0
r19662,PuyfaiPloy,3,4,2026/7/4,502,0
r19664,JanJingjing,1,8,2026/7/13,405,0
r19665,NamtanFilm,3,10,2026/7/5,1479,0
r19666,LenaMiu,8,15,2026/7/12,3656,0
r19667,PuyfaiPloy,11,15,2026/7/5,838,1
r19668,LingOrm,4,14,2026/7/6,1023,0
r19669,EmiBonnie,6,0,2026/7/5,107,0
r19670,JanJingjing,2,15,2026/7/5,868,0
r19671,EmiBonnie,5,10,2026/7/31,1006,0
r19672,EmiBonnie,3,4,2026/7/5,262,0
r19673,MablePangjie,1,0,2026/7/4,30,0
r19674,EmiBonnie,1,0,2026/7/4,8,0
r19675,LenaMiu,1,0,2026/7/18,115,0
r19676,EmiBonnie,1,0,2026/8/5,50,0
r19677,LingOrm,18,30,2026/7/25,8576,0
r19678,LingOrm,4,0,2026/7/5,55,1
r19679,NamtanFilm,4,7,2026/7/5,721,1
r19680,LenaMiu,23,105,2026/7/8,25233,1
r19681,LingOrm,13,3,2026/7/5,320,0
r19682,NamneungNoey,7,5,2026/7/5,483,0
r19683,KaoJaneJaneKao,18,18,2026/7/7,2660,1
r19684,JanJingjing,3,17,2026/7/6,1751,0
r19685,EngLot,1,0,2026/7/5,6,0
r19686,EmiBonnie,1,0,2026/7/5,14,0
r19687,EmiBonnie,1,1,2026/7/5,12,0
r19688,EmiBonnie,1,3,2026/8/24,48,0
r19689,JanJingjing,2,3,2026/7/12,432,0
r19690,LingOrm,12,111,2026/7/15,22025,0
r19691,EmiBonnie,15,8,2026/7/14,849,1
r19692,JanJingjing,12,24,2026/7/15,4140,0
r19693,EmiBonnie,2,0,2026/7/5,57,0
r19694,NamtanFilm,3,0,2026/7/5,71,0
r19695,EngLot,3,0,2026/7/5,74,0
r19696,JanJingjing,1,0,2026/7/12,254,0
r19697,JanJingjing,4,1,2026/7/6,351,0
r19698,JanJingjing,2,3,2026/7/6,196,0
r19699,JanJingjing,10,105,2026/7/5,13991,0
r19700,FreenBecky,2,0,2026/7/5,22,0
r19701,LingOrm,4,0,2026/7/5,15,0
r19702,EngLot,2,0,2026/7/5,34,0
r19703,LingOrm,23,736,2026/7/13,195852,0
r19704,FreenBecky,1,2,2026/7/5,137,1
r19705,EngLot,12,9,2026/7/10,6694,1
r19706,MilkLove,6,0,2026/7/12,260,0
r19707,EmiBonnie,7,7,2026/7/12,423,0
r19708,LenaMiu,1,2,2026/8/16,128,0
r19709,ViewMim,4,0,2026/7/5,56,0
r19710,EmiBonnie,2,1,2026/7/5,18,0
r19711,JanJingjing,6,1,2026/7/5,362,0
r19712,NamtanFilm,9,5,2026/7/25,292,1
r19713,JanJingjing,2,4,2026/7/11,97,0
r19714,EngLot,2,0,2026/7/11,53,0
r19715,EngLot,12,143,2026/8/2,37160,0
r19716,EmiBonnie,12,6,2026/7/8,362,1
r19717,NamtanFilm,2,1,2026/7/5,81,0
r19718,EmiBonnie,8,1,2026/7/8,111,0
r19719,NamtanFilm,3,1,2026/7/5,190,1
r19720,LingOrm,1,2,2026/7/6,28,0
r19721,EngLot,4,10,2026/7/9,1726,0
r19723,AppleMim,2,1,2026/7/27,60,0
r19724,EngLot,10,22,2026/7/6,6697,0
r19725,FreenBecky,10,9,2026/7/11,1522,0
r19726,MilkLove,1,91,2026/8/1,5324,0
r19727,JanJingjing,17,7,2026/7/8,1500,0
r19728,JanJingjing,4,16,2026/7/6,1346,0
r19729,EmiBonnie,1,0,2026/7/25,42,0
r19730,LingOrm,8,8,2026/7/8,616,0
r19731,MilkLove,8,5,2026/7/7,551,0
r19732,JanJingjing,1,5,2026/7/8,172,1
r19733,EngLot,10,1,2026/7/12,409,0
r19734,ViewMim,4,0,2026/7/6,91,0
r19735,EnjoyJune,17,14,2026/7/9,4130,0
r19736,EngLot,1,0,2026/7/6,22,0
r19738,MablePangjie,1,0,2026/7/11,76,0
r19739,JanJingjing,21,37,2026/7/6,15433,1
r19740,LingOrm,24,161,2026/7/7,45596,1
r19742,EmiBonnie,1,0,2026/7/7,5,0
r19743,EmiBonnie,4,1,2026/7/7,319,0
r19744,OomBam,42,12,2026/7/6,2995,1
r19745,JanJingjing,2,9,2026/7/6,786,0
r19746,EmiBonnie,10,9,2026/7/8,2085,0
r19747,JanJingjing,2,2,2026/7/6,368,1
r19748,LingOrm,3,0,2026/8/21,112,0
r19749,GinJay,5,10,2026/7/14,1312,0
r19750,PuyfaiPloy,2,6,2026/7/10,390,0
r19751,NookAlex,5,11,2026/7/12,1531,0
r19752,ViewMim,2,6,2026/7/7,158,0
r19753,OomBam,3,5,2026/7/7,785,0
r19754,JanJingjing,17,207,2026/7/7,34421,0
r19755,LingOrm,4,6,2026/7/11,558,0
r19756,LingOrm,1,1,2026/7/13,50,0
r19757,JanJingjing,2,0,2026/7/19,94,0
r19758,LenaMiu,17,48,2026/7/7,7575,0
r19759,OomBam,11,68,2026/7/10,10710,0
r19760,JanJingjing,1,1,2026/7/10,86,0
r19761,FreenBecky,6,4,2026/7/7,220,0
r19762,JanJingjing,2,3,2026/7/8,183,0
r19763,EngLot,19,43,2026/7/11,41458,1
r19764,JanJingjing,2,3,2026/7/7,121,0
r19765,EmiBonnie,4,32,2026/7/8,2145,0
r19766,FreenBecky,10,2,2026/7/8,1120,0
r19767,EnjoyJune,21,24,2026/7/7,6757,1
r19768,JanJingjing,2,1,2026/7/22,232,0
r19770,EmiBonnie,4,0,2026/7/15,91,0
r19771,LingOrm,28,428,2026/7/9,218706,1
r19773,LingOrm,12,665,2026/7/14,111844,0
r19774,JanJingjing,23,35,2026/7/8,9509,0
r19775,LingOrm,5,7,2026/7/9,647,0
r19776,ViewMim,2,3,2026/7/8,68,1
r19777,LingOrm,20,74,2026/7/10,15547,1
r19778,JanJingjing,3,5,2026/7/16,456,0
r19779,JanJingjing,1,3,2026/8/6,51,0
r19780,LingOrm,5,8,2026/7/8,1007,0
r19781,EmiBonnie,7,4,2026/7/12,237,0
r19782,ViewJune,1,1,2026/7/7,5,0
r19783,JanJingjing,1,4,2026/7/8,212,0
r19784,EmiBonnie,1,1,2026/7/8,19,0
r19785,LingOrm,8,10,2026/7/10,885,1
r19786,LingOrm,2,2,2026/7/8,121,0
r19787,NamtanFilm,8,57,2026/7/8,9903,1
r19788,EmiBonnie,14,10,2026/7/8,1428,1
r19789,JanJingjing,2,2,2026/7/8,140,0
r19790,LingOrm,13,10,2026/7/8,2437,1
r19791,PuyfaiPloy,2,6,2026/7/8,431,0
r19792,JanJingjing,2,3,2026/7/10,273,0
r19793,NamtanFilm,5,0,2026/7/9,71,1
r19794,JanJingjing,3,16,2026/7/8,1388,0
r19795,EmiBonnie,13,2,2026/7/24,436,0
r19796,MablePangjie,4,1,2026/7/11,210,0
r19797,NamtanFilm,12,5,2026/7/8,206,0
r19798,EngLot,10,8,2026/7/16,4391,1
r19799,LingOrm,15,1,2026/7/10,719,0
r19800,LingOrm,3,13,2026/8/2,939,0
r19801,EmiBonnie,12,4,2026/7/9,963,1
r19802,JanJingjing,9,3,2026/7/8,991,0
r19803,EngLot,6,0,2026/7/8,688,0
r19804,JanJingjing,5,45,2026/7/9,4720,0
r19805,JanJingjing,9,3,2026/7/9,396,0
r19806,EmiBonnie,8,5,2026/7/9,149,0
r19807,EmiBonnie,10,2,2026/7/9,391,0
r19808,EngLot,6,0,2026/7/8,212,0
r19809,NamtanFilm,1,0,2026/7/8,19,0
r19810,LingOrm,8,86,2026/7/14,11474,0
r19811,MilkLove,1,1,2026/7/8,38,0
r19812,JanJingjing,8,12,2026/7/8,4483,0
r19813,NamtanFilm,2,7,2026/7/11,525,0
r19814,EngLot,15,80,2026/7/13,30784,0
r19815,EnjoyJune,21,9,2026/7/23,1948,1
r19816,JanJingjing,10,6,2026/8/8,1101,0
r19817,FreenBecky,15,2,2026/7/17,1256,1
r19818,JanJingjing,1,4,2026/7/8,292,1
r19819,MilkLove,5,20,2026/7/9,2697,0
r19820,EmiBonnie,1,0,2026/7/11,11,0
r19821,FreenBecky,6,0,2026/7/8,119,0
r19822,JanJingjing,2,1,2026/7/12,114,0
r19824,PuyfaiPloy,8,23,2026/7/9,2127,0
r19825,JanJingjing,11,207,2026/7/11,27522,0
r19827,EngLot,11,94,2026/7/17,18133,0
r19828,LenaMiu,1,3,2026/7/9,355,0
r19829,JanJingjing,25,42,2026/7/10,21257,1
r19830,LingOrm,30,3,2026/7/9,876,1
r19832,NamtanFilm,32,27,2026/7/9,9115,1
r19833,EmiBonnie,2,2,2026/7/22,61,0
r19834,EmiBonnie,5,3,2026/7/9,550,0
r19835,EmiBonnie,1,0,2026/7/18,48,0
r19836,JanJingjing,7,3,2026/8/14,330,0
r19837,JanJingjing,8,19,2026/7/9,1899,0
r19838,EmiBonnie,3,0,2026/7/11,34,0
r19839,LingOrm,15,16,2026/7/13,1956,0
r19840,EnjoyJune,6,10,2026/7/11,1205,0
r19841,JanJingjing,7,9,2026/7/9,1923,1
r19842,LingOrm,26,9,2026/7/13,4359,1
r19843,LingOrm,1,6,2026/7/9,962,0
r19844,LenaMiu,5,3,2026/7/9,1162,1
r19846,EnjoyJune,2,8,2026/7/13,353,0
r19847,NamtanFilm,9,5,2026/7/10,1140,0
r19849,JanJingjing,9,104,2026/7/10,13302,0
r19850,LenaMiu,3,22,2026/7/10,1612,0
r19851,NamtanFilm,1,4,2026/7/13,130,0
r19852,JanJingjing,3,4,2026/7/11,367,0
r19853,LingOrm,1,1,2026/7/11,5,0
r19854,KapookCiize,1,4,2026/7/13,228,0
r19855,LingOrm,1,71,2026/7/12,2918,1
r19856,JanJingjing,14,46,2026/7/16,10805,1
r19857,LingOrm,19,1,2026/7/10,1452,0
r19858,LingOrm,1,52,2026/8/30,1114,0
r19859,KapookCiize,2,2,2026/7/21,41,0
r19860,LingOrm,3,0,2026/7/10,46,0
r19861,JanJingjing,4,74,2026/8/9,5847,0
r19862,LingOrm,17,118,2026/7/12,38470,1
r19863,JanJingjing,2,2,2026/7/10,68,0
r19864,EmiBonnie,1,0,2026/7/10,517,0
r19865,LingOrm,8,2,2026/7/13,356,0
r19866,LingOrm,5,2,2026/7/11,152,0
r19867,JuneMewnich,8,4,2026/7/27,83,1
r19868,JanJingjing,8,13,2026/7/13,2471,1
r19869,JanJingjing,27,30,2026/7/10,7334,1
r19870,JanJingjing,5,7,2026/7/11,839,0
r19871,FreenBecky,6,1,2026/7/10,267,1
r19872,EmiBonnie,4,3,2026/7/15,216,0
r19873,NamtanFilm,9,3,2026/7/13,530,0
r19874,NamtanFilm,5,4,2026/7/10,269,1
r19876,JanJingjing,3,0,2026/7/18,80,0
r19877,JanJingjing,44,73,2026/7/11,29293,1
r19878,LingOrm,2,1,2026/7/11,133,1
r19879,EmiBonnie,2,32,2026/7/20,1373,0
r19880,EmiBonnie,5,3,2026/8/29,85,1
r19882,LingOrm,21,109,2026/7/14,34855,1
r19884,JanJingjing,2,4,2026/7/11,293,0
r19885,FreenBecky,16,5,2026/7/12,1492,1
r19886,EmiBonnie,4,1,2026/7/12,99,0
r19887,EmiBonnie,1,1,2026/7/11,152,1
r19888,JanJingjing,1,3,2026/7/28,198,0
r19889,EngLot,4,1,2026/7/13,177,0
r19890,EmiBonnie,3,3,2026/7/11,236,0
r19891,EmiBonnie,7,8,2026/7/24,715,1
r19892,LenaMiu,5,1,2026/7/11,450,0
r19893,EmiBonnie,3,1,2026/7/11,55,1
r19894,JanJingjing,2,1,2026/7/11,124,0
r19895,FreenBecky,4,2,2026/7/11,173,0
r19896,NamtanFilm,1,0,2026/7/11,16,0
r19897,EngLot,2,0,2026/7/12,26,0
r19898,EngLot,6,1,2026/7/11,404,0
r19899,MilkLove,8,2,2026/7/26,117,0
r19900,MilkLove,1,0,2026/8/1,90,0
r19902,LingOrm,5,16,2026/7/11,1565,0
r19903,LingOrm,8,14,2026/7/16,1344,1
r19904,JanJingjing,1,2,2026/7/21,163,0
r19905,JanJingjing,2,2,2026/7/11,90,0
r19906,EngLot,3,0,2026/7/11,36,0
r19907,EmiBonnie,4,2,2026/7/18,211,0
r19908,EmiBonnie,7,1,2026/7/11,122,0
r19909,EmiBonnie,18,4,2026/8/10,1427,0
r19910,LingOrm,2,2,2026/7/12,168,0
r19911,EmiBonnie,6,2,2026/7/11,95,0
r19912,LingOrm,2,0,2026/7/11,82,0
r19914,EmiBonnie,3,0,2026/7/12,18,0
r19915,PahnFond,7,4,2026/7/15,679,0
r19916,EmiBonnie,2,67,2026/7/31,2605,0
r19917,FreenBecky,1,0,2026/7/29,14,0
r19918,JanJingjing,20,60,2026/7/11,12169,1
r19919,GinJay,17,4,2026/7/11,428,1
r19920,EmiBonnie,9,1,2026/7/13,526,1
r19921,LingOrm,1,1,2026/7/11,4,0
r19922,PuyfaiPloy,3,6,2026/7/12,726,0
r19923,MilkLove,1,0,2026/7/11,91,1
r19924,JanJingjing,1,6,2026/7/24,537,0
r19925,LingOrm,2,37,2026/7/19,2358,0
r19926,LingOrm,14,19,2026/7/27,3087,1
r19927,EmiBonnie,3,1,2026/8/28,9,0
r19928,JanJingjing,6,2,2026/7/14,246,0
r19929,NamtanFilm,12,46,2026/7/15,10873,0
r19930,EmiBonnie,4,2,2026/7/12,304,0
r19931,EmiBonnie,5,21,2026/7/12,902,0
r19932,EmiBonnie,2,1,2026/7/12,44,0
r19933,MilkLove,3,1,2026/7/12,146,0
r19934,EnjoyJune,17,28,2026/7/21,4922,1
r19935,JanJingjing,2,22,2026/7/14,1283,0
r19936,LingOrm,17,24,2026/7/12,14341,0
r19937,JanJingjing,4,5,2026/7/13,560,0
r19938,JanJingjing,3,7,2026/8/18,403,0
r19939,EmiBonnie,1,1,2026/8/15,29,0
r19940,LingOrm,11,257,2026/8/3,29377,0
r19941,EngLot,7,2,2026/7/12,185,0
r19942,NamtanFilm,21,33,2026/7/28,7451,1
r19943,MilkLove,13,7,2026/7/17,1532,1
r19944,MilkLove,4,4,2026/7/13,453,0
r19945,LenaMiu,16,26,2026/7/12,6470,0
r19946,FreenBecky,5,6,2026/7/14,854,0
r19947,LingOrm,24,37,2026/7/17,6636,1
r19948,EmiBonnie,1,0,2026/8/29,11,0
r19949,ViewJune,1,3,2026/7/12,36,0
r19950,FreenBecky,3,2,2026/7/13,195,0
r19951,JanJingjing,8,8,2026/7/18,1803,0
r19952,LingOrm,3,2,2026/7/12,55,0
r19953,EmiBonnie,1,5,2026/7/12,220,1
r19954,JanJingjing,12,22,2026/7/13,4875,1
r19955,EnjoyJune,53,17,2026/7/12,11076,1
r19956,JanJingjing,4,1,2026/7/19,498,0
r19957,OomBam,5,1,2026/7/12,346,1
r19958,LingOrm,3,69,2026/8/19,5228,1
r19959,JanJingjing,3,5,2026/7/14,209,0
r19960,EmiBonnie,1,0,2026/7/12,33,0
r19961,LingOrm,1,29,2026/7/12,1264,1
r19962,EmiBonnie,4,2,2026/7/16,507,1
r19963,JanJingjing,2,1,2026/7/13,259,0
r19964,FreenBecky,3,1,2026/7/30,84,0
r19965,PuyfaiPloy,3,7,2026/7/13,667,0
r19966,EmiBonnie,2,1,2026/7/12,68,0
r19967,MilkLove,1,0,2026/7/12,12,0
r19968,ViewMim,1,4,2026/7/30,83,0
r19969,GinJay,32,7,2026/7/12,2048,1
r19970,NamtanFilm,3,1,2026/7/12,133,0
r19971,GinJay,17,6,2026/7/17,662,1
r19972,JanJingjing,1,4,2026/7/19,163,0
r19973,FreenBecky,2,0,2026/7/13,20,0
r19974,JanJingjing,7,17,2026/8/6,1522,0
r19975,LingOrm,2,0,2026/7/16,13,0
r19976,LenaMiu,3,4,2026/7/13,495,0
r19977,JanJingjing,2,1,2026/7/13,65,0
r19978,JanJingjing,1,0,2026/7/13,55,0
r19979,NookAlex,3,7,2026/7/14,509,0
r19980,JanJingjing,4,20,2026/7/27,1891,0
r19981,MilkLove,3,0,2026/7/13,49,0
r19982,EngLot,17,43,2026/7/14,15980,0
r19983,NamtanFilm,1,0,2026/7/13,82,0
r19984,LMSY,3,2,2026/7/13,93,0
r19985,JanJingjing,12,8,2026/7/13,2460,1
r19986,LingOrm,1,19,2026/7/25,987,1
r19987,LingOrm,7,79,2026/7/13,11134,0
r19988,NamtanFilm,2,3,2026/7/13,24,0
r19989,EmiBonnie,14,19,2026/7/13,4916,1
r19990,EmiBonnie,3,2,2026/7/13,340,0
r19991,FreenBecky,1,17,2026/8/17,371,0
r19992,JanJingjing,8,6,2026/7/13,2425,1
r19993,JanJingjing,5,9,2026/7/13,2071,1
r19994,EmiBonnie,3,1,2026/7/13,30,0
r19995,MilkLove,1,2,2026/7/14,79,0
r19996,EmiBonnie,4,11,2026/7/22,1374,0
r19997,JanJingjing,20,31,2026/7/14,14422,1
r19998,JanJingjing,5,29,2026/7/14,2874,0
r19999,JanJingjing,2,2,2026/7/13,99,0
r20000,JanJingjing,1,2,2026/7/14,182,0
r20001,EmiBonnie,2,8,2026/7/17,282,0
r20002,EmiBonnie,7,1,2026/7/16,475,0
r20003,LenaMiu,6,48,2026/7/14,5732,0
r20004,LingOrm,16,16,2026/7/13,2870,0
r20005,LingOrm,15,19,2026/7/18,6243,1
r20007,JanJingjing,9,58,2026/7/14,6453,0
r20008,JuneMewnich,5,2,2026/7/15,66,0
r20009,LingOrm,16,16,2026/8/20,3627,0
r20010,JanJingjing,8,12,2026/7/14,2880,0
r20011,MilkLove,11,7,2026/7/21,1250,1
r20013,FreenBecky,20,3,2026/8/8,847,1
r20014,LingOrm,12,2,2026/7/20,694,0
r20015,PuyfaiPloy,6,22,2026/7/14,2143,0
r20016,JanJingjing,1,0,2026/7/14,60,0
r20017,FreenBecky,2,42,2026/7/20,1837,0
r20018,ViewJune,2,1,2026/8/4,11,0
r20019,NikyEngland,4,5,2026/7/20,499,0
r20020,JanJingjing,13,35,2026/7/14,7994,0
r20021,EmiBonnie,1,1,2026/7/14,68,0
r20022,EmiBonnie,10,4,2026/7/14,1932,0
r20023,JanJingjing,10,4,2026/7/21,1184,1
r20024,MieAya,8,1,2026/7/16,392,1
r20025,EmiBonnie,7,108,2026/7/16,9452,1
r20026,LingOrm,21,15,2026/7/23,4335,1
r20027,JanJingjing,10,18,2026/8/1,3224,0
r20028,EngLot,11,17,2026/7/19,5970,0
r20029,EmiBonnie,2,3,2026/7/14,72,1
r20030,EmiBonnie,4,2,2026/7/14,57,0
r20031,EmiBonnie,2,2,2026/8/3,20,0
r20032,MieAya,8,0,2026/7/16,180,1
r20033,EmiBonnie,1,0,2026/7/15,31,0
r20034,NamtanFilm,9,29,2026/7/15,6796,0
r20035,JanJingjing,1,3,2026/7/16,297,0
r20036,EmiBonnie,9,7,2026/7/23,737,1
r20037,OomBam,1,23,2026/7/16,1067,1
r20038,KapookCiize,10,3,2026/7/15,172,1
r20039,LingOrm,3,1,2026/7/21,170,0
r20040,LingOrm,3,0,2026/7/26,189,0
r20041,JanJingjing,1,0,2026/7/26,13,0
r20042,MilkLove,3,2,2026/7/19,85,0
r20043,EmiBonnie,3,3,2026/8/16,215,0
r20044,EngLot,14,84,2026/7/24,22067,1
r20045,NikyEngland,4,6,2026/7/22,690,0
r20046,LenaMiu,10,6,2026/7/15,1294,1
r20047,PahnFond,10,10,2026/7/15,1802,1
r20048,EmiBonnie,2,1,2026/7/15,20,0
r20049,EmiBonnie,2,2,2026/7/15,18,0
r20050,LenaMiu,4,13,2026/7/16,1974,0
r20051,FreenBecky,3,1,2026/7/15,44,0
r20052,JanJingjing,2,4,2026/7/15,321,0
r20053,EmiBonnie,6,17,2026/7/28,1956,0
r20054,EngLot,1,1,2026/7/15,14,0
r20055,LingOrm,20,29,2026/7/15,12569,0
r20056,NamtanFilm,4,30,2026/7/30,2549,0
r20057,EngLot,7,1,2026/7/15,58,0
r20058,LingOrm,16,38,2026/7/28,14239,0
r20059,EmiBonnie,11,14,2026/7/15,2198,1
r20060,MeenBabe,7,3,2026/7/15,227,0
r20061,LingOrm,15,2,2026/7/15,681,1
r20062,EmiBonnie,1,5,2026/8/11,68,0
r20063,JanJingjing,11,110,2026/7/19,17948,0
r20064,JanJingjing,7,4,2026/7/20,1129,1
r20065,NamtanFilm,1,1,2026/8/22,25,0
r20066,LingOrm,1,3,2026/7/30,65,0
r20067,JanJingjing,2,3,2026/8/9,473,0
r20068,EmiBonnie,1,0,2026/7/22,19,0
r20069,JanJingjing,18,22,2026/7/15,10517,0
r20070,EngLot,2,0,2026/7/15,68,0
r20071,LingOrm,16,28,2026/7/26,7565,0
r20072,JanJingjing,5,10,2026/7/18,424,0
r20073,JanJingjing,1,4,2026/7/17,212,0
r20074,PuyfaiPloy,1,6,2026/7/18,370,0
r20075,EngLot,2,1,2026/7/25,257,0
r20076,JanJingjing,10,51,2026/7/25,9428,0
r20077,EngLot,2,0,2026/8/2,27,0
r20078,EmiBonnie,34,22,2026/7/18,35607,0
r20079,JanJingjing,2,18,2026/7/16,1320,0
r20080,JanJingjing,4,2,2026/7/23,183,0
r20081,MablePangjie,1,3,2026/7/16,19,0
r20082,EmiBonnie,1,0,2026/7/16,31,0
r20083,FreenBecky,7,1,2026/7/17,394,0
r20084,EmiBonnie,1,8,2026/7/17,340,0
r20085,EmiBonnie,11,0,2026/7/18,252,1
r20086,MilkLove,1,0,2026/7/16,35,0
r20087,EngLot,17,78,2026/7/25,30659,0
r20088,MeenBabe,16,12,2026/7/21,7200,1
r20089,EmiBonnie,2,2,2026/7/16,60,0
r20090,JanJingjing,6,10,2026/7/16,1328,0
r20091,FreenBecky,6,2,2026/7/18,156,0
r20092,MilkLove,1,0,2026/7/16,160,1
r20093,EngLot,10,8,2026/7/22,967,1
r20094,JanJingjing,1,0,2026/7/27,9,0
r20095,EmiBonnie,1,0,2026/7/16,6,0
r20096,JanJingjing,23,28,2026/7/16,12266,1
r20097,JanJingjing,46,16,2026/7/16,6065,1
r20098,EngLot,4,11,2026/7/26,2278,0
r20099,MilkLove,8,9,2026/7/16,1919,1
r20100,NamtanFilm,7,1,2026/7/31,372,0
r20101,EmiBonnie,1,1,2026/7/18,41,0
r20102,LingOrm,4,1,2026/7/27,73,0
r20103,JanJingjing,3,0,2026/7/29,199,0
r20104,JanJingjing,4,9,2026/7/16,2329,1
r20105,EmiBonnie,5,4,2026/7/17,41,0
r20106,EmiBonnie,2,1,2026/7/17,36,0
r20107,PahnFond,6,13,2026/8/1,946,0
r20108,EmiBonnie,1,2,2026/7/18,23,0
r20109,NamtanFilm,10,0,2026/7/31,184,1
r20110,EmiBonnie,1,2,2026/7/28,88,0
r20111,NamtanFilm,1,4,2026/8/6,68,0
r20112,JanJingjing,1,0,2026/8/16,167,0
r20113,JanJingjing,16,7,2026/7/17,2131,1
r20114,LenaMiu,8,5,2026/7/17,1080,1
r20115,GinJay,1,3,2026/8/11,222,0
r20116,LenaMiu,7,2,2026/8/3,415,0
r20117,EngLot,4,3,2026/7/17,499,0
r20118,LenaMiu,9,10,2026/7/26,2208,1
r20119,LenaMiu,20,5,2026/7/19,1549,0
r20120,EmiBonnie,1,1,2026/7/20,22,0
r20121,JanJingjing,3,9,2026/7/25,249,0
r20122,ViewJune,1,1,2026/7/17,25,1
r20123,NamtanFilm,13,33,2026/7/18,4818,1
r20124,FreenBecky,1,3,2026/8/9,91,0
r20125,EmiBonnie,1,0,2026/7/27,9,0
r20126,ViewMim,2,0,2026/7/17,27,0
r20127,NamneungNoey,5,6,2026/7/26,215,0
r20128,JanJingjing,9,4,2026/7/18,1104,0
r20129,OomBam,2,4,2026/7/18,763,0
r20130,JanJingjing,4,0,2026/7/18,143,0
r20131,EmiBonnie,1,0,2026/8/23,5,0
r20132,NamtanFilm,2,1,2026/7/17,73,0
r20133,ViewMim,2,0,2026/7/17,46,0
r20134,FreenBecky,1,1,2026/7/17,19,0
r20135,EngLot,4,1,2026/7/29,170,0
r20136,EmiBonnie,5,1,2026/7/18,151,0
r20137,JanJingjing,16,3,2026/7/17,988,1
r20138,LingOrm,1,9,2026/7/17,1419,1
r20139,MilkLove,5,1,2026/7/19,244,0
r20140,KapookCiize,2,1,2026/8/4,205,0
r20141,JanJingjing,3,1,2026/8/19,194,0
r20142,JuneMewnich,7,3,2026/7/18,215,1
r20143,MilkLove,9,52,2026/7/27,6723,0
r20144,JanJingjing,20,167,2026/7/18,33153,0
r20145,EmiBonnie,3,1,2026/7/19,33,0
r20146,NamtanFilm,11,4,2026/7/19,1147,0
r20147,KapookCiize,2,42,2026/7/25,1633,0
r20148,LenaMiu,8,115,2026/7/22,13726,0
r20149,EngLot,11,3,2026/7/18,555,0
r20150,JanJingjing,63,528,2026/7/20,202278,0
r20151,JanJingjing,16,36,2026/7/19,11841,0
r20152,JanJingjing,1,0,2026/7/25,19,0
r20153,NamtanFilm,2,1,2026/7/22,171,0
r20154,LenaMiu,8,7,2026/7/18,1241,0
r20155,JanJingjing,2,6,2026/7/19,484,0
r20156,EmiBonnie,3,1,2026/7/18,27,0
r20157,EmiBonnie,3,11,2026/7/20,874,0
r20158,EmiBonnie,1,0,2026/8/9,1,0
r20159,EmiBonnie,1,0,2026/7/18,62,0
r20160,JanJingjing,1,0,2026/8/29,30,0
r20161,ViewMim,2,2,2026/7/29,6,0
r20162,JanJingjing,1,1,2026/8/23,31,0
r20163,EmiBonnie,20,4,2026/7/18,1185,1
r20164,JanJingjing,10,6,2026/7/18,932,1
r20165,JanJingjing,8,4,2026/7/18,962,0
r20166,EmiBonnie,1,8,2026/7/20,700,1
r20167,NamtanFilm,4,1,2026/7/20,137,0
r20168,JanJingjing,4,2,2026/7/18,592,0
r20169,EmiBonnie,14,4,2026/7/26,476,0
r20171,LenaMiu,1,0,2026/7/18,23,0
r20172,EmiBonnie,1,0,2026/7/19,7,0
r20173,JanJingjing,2,0,2026/8/4,73,0
r20174,JanJingjing,1,2,2026/7/19,443,1
r20175,EmiBonnie,2,1,2026/7/19,31,0
r20176,LingOrm,2,1,2026/7/18,123,0
r20177,NamtanFilm,8,1,2026/7/19,208,1
r20178,EmiBonnie,12,25,2026/7/19,5004,1
r20179,EngLot,18,18,2026/8/2,7503,0
r20180,LingOrm,1,0,2026/7/21,64,0
r20181,GinJay,1,3,2026/7/19,187,1
r20182,JanJingjing,4,5,2026/7/19,851,0
r20183,JanJingjing,3,17,2026/7/21,1251,0
r20184,JanJingjing,17,546,2026/7/19,70818,0
r20185,EmiBonnie,1,2,2026/7/19,22,0
r20186,EmiBonnie,2,47,2026/7/29,1455,0
r20187,EmiBonnie,5,0,2026/8/3,39,0
r20188,EmiBonnie,1,0,2026/7/19,20,0
r20189,JanJingjing,9,139,2026/7/25,15253,0
r20190,PahnFond,2,1,2026/8/13,141,0
r20191,MyChan,7,11,2026/7/20,615,0
r20192,JanJingjing,2,4,2026/7/19,268,0
r20193,PahnFond,14,4,2026/7/19,224,1
r20194,LenaMiu,4,3,2026/7/20,966,0
r20195,LingOrm,1,7,2026/7/19,415,1
r20196,LingOrm,22,6,2026/7/19,5846,1
r20197,JanJingjing,3,99,2026/8/2,5284,0
r20198,ViewMim,5,3,2026/7/19,175,0
r20199,EmiBonnie,2,0,2026/7/19,5,0
r20200,EngLot,1,22,2026/8/12,1111,0
r20202,JanJingjing,13,13,2026/7/19,3035,1
r20204,LingOrm,6,80,2026/8/10,7845,0
r20205,EmiBonnie,3,1,2026/7/19,89,0
r20206,EmiBonnie,2,0,2026/7/19,6,0
r20207,EmiBonnie,8,32,2026/8/7,6017,0
r20208,FreenBecky,1,3,2026/7/19,120,0
r20209,EmiBonnie,4,0,2026/7/20,56,0
r20210,JanJingjing,8,10,2026/7/20,2070,0
r20211,EmiBonnie,2,2,2026/7/19,37,0
r20212,PuyfaiPloy,12,6,2026/7/25,645,0
r20213,LingOrm,6,3,2026/7/19,549,1
r20214,LingOrm,7,37,2026/7/25,5452,0
r20215,OomBam,5,20,2026/8/2,1790,0
r20216,NamtanFilm,1,2,2026/7/19,27,0
r20217,LingOrm,3,19,2026/7/25,1199,0
r20218,GinJay,13,8,2026/7/19,891,1
r20219,EmiBonnie,1,0,2026/7/19,25,1
r20220,EmiBonnie,5,2,2026/7/19,213,0
r20221,LingOrm,1,214,2026/8/30,4276,0
r20222,LMSY,14,6,2026/7/19,635,1
r20223,EmiBonnie,29,4,2026/7/20,324,0
r20224,LingOrm,23,79,2026/7/25,23761,1
r20225,FreenBecky,6,3,2026/8/12,256,1
r20226,LenaMiu,2,0,2026/7/29,287,0
r20227,EnjoyJune,2,21,2026/7/20,850,0
r20228,EmiBonnie,1,1,2026/7/26,68,0
r20229,MilkLove,10,33,2026/7/19,7298,1
r20230,EngLot,6,3,2026/7/20,886,0
r20231,LenaMiu,4,7,2026/7/20,1329,0
r20232,JanJingjing,3,1,2026/7/20,129,0
r20233,JanJingjing,1,1,2026/7/28,85,0
r20234,LenaMiu,2,2,2026/7/19,180,0
r20235,MilkLove,4,2,2026/7/19,393,1
r20236,LingOrm,2,3,2026/7/19,124,0
r20237,LingOrm,4,2,2026/7/20,60,0
r20238,EmiBonnie,6,0,2026/7/20,73,0
r20239,MilkLove,11,133,2026/7/21,16699,0
r20240,FreenBecky,2,5,2026/7/19,266,0
r20241,LingOrm,2,1,2026/7/19,8,0
r20243,JanJingjing,1,2,2026/8/25,46,0
r20244,EmiBonnie,3,2,2026/8/2,361,0
r20245,LingOrm,5,0,2026/7/30,67,0
r20246,JanJingjing,5,4,2026/7/29,590,0
r20247,PuyfaiPloy,3,9,2026/7/20,739,0
r20248,JaoyingMewnich,2,2,2026/7/21,262,0
r20249,JanJingjing,3,4,2026/8/13,392,0
r20250,EmiBonnie,2,0,2026/7/29,25,0
r20251,JanJingjing,21,80,2026/7/20,18764,1
r20252,EmiBonnie,3,41,2026/7/26,3672,0
r20253,EnjoyJune,2,7,2026/8/21,150,0
r20254,JanJingjing,4,7,2026/8/5,732,0
r20255,EmiBonnie,24,12,2026/7/31,3933,0
r20257,EmiBonnie,2,1,2026/8/30,7,0
r20258,JanJingjing,4,23,2026/7/20,2738,0
r20259,EmiBonnie,8,17,2026/7/20,2806,1
r20260,NamtanFilm,9,0,2026/7/20,133,1
r20261,JanJingjing,20,24,2026/7/22,12402,1
r20262,LenaMiu,3,4,2026/7/25,577,0
r20263,JanJingjing,2,17,2026/7/26,1606,0
r20264,JanJingjing,1,0,2026/7/20,86,0
r20265,JanJingjing,7,6,2026/7/20,883,0
r20266,NookAlex,1,4,2026/7/25,214,0
r20267,LingOrm,11,3,2026/7/22,693,1
r20268,JanJingjing,12,3,2026/7/29,692,0
r20270,LenaMiu,6,1,2026/7/21,226,0
r20271,FreenBecky,6,3,2026/7/21,82,0
r20272,EngLot,11,52,2026/7/20,6450,0
r20273,FreenBecky,12,57,2026/7/25,10600,0
r20274,JanJingjing,1,8,2026/7/29,406,0
r20275,LingOrm,1,0,2026/7/20,9,0
r20276,JanJingjing,4,19,2026/8/10,944,0
r20277,EmiBonnie,5,3,2026/7/21,610,0
r20278,EmiBonnie,5,13,2026/7/22,1676,0
r20279,NamtanFilm,10,115,2026/7/28,14161,0
r20280,LenaMiu,12,4,2026/8/8,1374,0
r20281,JanJingjing,1,14,2026/8/9,714,0
r20282,EmiBonnie,6,163,2026/7/21,18577,0
r20283,JanJingjing,4,3,2026/7/21,139,0
r20284,MilkLove,1,1,2026/7/21,25,0
r20285,JanJingjing,8,134,2026/7/26,14106,0
r20286,EmiBonnie,1,0,2026/7/21,50,0
r20287,EngLot,15,53,2026/7/23,31638,0
r20288,EngLot,12,2,2026/8/15,1125,0
r20289,EngLot,1,0,2026/8/8,69,0
r20290,EnjoyJune,22,41,2026/7/23,11918,1
r20291,LenaMiu,7,3,2026/7/21,543,1
r20292,FreenBecky,62,31,2026/8/10,22898,0
r20293,EmiBonnie,2,4,2026/7/21,98,0
r20294,MilkLove,1,2,2026/7/28,111,0
r20295,NamtanFilm,3,6,2026/8/10,523,0
r20296,EngLot,2,0,2026/7/23,9,0
r20297,GinJay,16,5,2026/7/21,635,1
r20298,LenaMiu,10,186,2026/8/8,20840,0
r20299,LingOrm,5,3,2026/7/23,817,0
r20300,JanJingjing,5,5,2026/8/2,718,0
r20301,LingOrm,4,0,2026/7/23,104,0
r20302,EmiBonnie,4,5,2026/7/24,122,0
r20303,EngLot,4,2,2026/7/29,535,0
r20304,EmiBonnie,1,2,2026/7/21,92,1
r20305,EmiBonnie,10,7,2026/8/3,333,0
r20306,JanJingjing,7,7,2026/7/22,2117,0
r20307,EngLot,2,28,2026/7/27,2931,0
r20308,JanJingjing,1,2,2026/8/4,110,0
r20309,LingOrm,12,42,2026/7/30,9424,0
r20311,FreenBecky,1,4,2026/7/31,87,0
r20312,LingOrm,15,41,2026/8/4,14513,0
r20314,EmiBonnie,4,2,2026/7/22,143,0
r20315,ViewMim,5,1,2026/7/21,21,0
r20316,EmiBonnie,12,3,2026/7/22,717,0
r20317,LingOrm,3,2,2026/7/21,41,0
r20318,JanJingjing,1,1,2026/8/17,72,0
r20319,JanJingjing,3,2,2026/8/4,93,0
r20320,EmiBonnie,1,11,2026/7/23,294,0
r20321,JanJingjing,1,1,2026/7/22,77,0
r20322,JanJingjing,1,2,2026/7/22,94,0
r20323,EmiBonnie,1,0,2026/8/17,2,0
r20324,LenaMiu,3,0,2026/7/25,24,0
r20325,FreenBecky,9,2,2026/7/22,229,0
r20326,JanJingjing,13,7,2026/7/22,2856,1
r20327,LingOrm,1,10,2026/8/18,339,0
r20328,LingOrm,4,0,2026/7/30,82,0
r20329,FreenBecky,2,3,2026/7/22,132,0
r20330,AppleMim,11,4,2026/7/22,684,1
r20331,JanJingjing,7,8,2026/7/22,1347,0
r20332,ViewMim,1,1,2026/8/1,47,0
r20333,EngLot,7,134,2026/7/25,18462,0
r20334,NamtanFilm,1,1,2026/7/26,194,0
r20336,JanJingjing,18,11,2026/7/24,3496,0
r20338,JanJingjing,4,8,2026/7/22,1259,0
r20339,LenaMiu,9,8,2026/7/22,3092,1
r20340,EngLot,11,2,2026/7/22,283,1
r20341,JanJingjing,1,0,2026/7/27,185,0
r20342,JaoyingMewnich,4,5,2026/7/22,217,0
r20343,JanJingjing,11,187,2026/7/28,22593,0
r20344,PuyfaiPloy,8,2,2026/7/23,860,0
r20345,LingOrm,6,46,2026/8/10,5588,0
r20346,EngLot,24,17,2026/7/22,12349,1
r20347,NamtanFilm,4,1,2026/7/22,136,0
r20348,MilkLove,4,2,2026/7/23,190,0
r20349,JanJingjing,2,8,2026/7/23,884,0
r20350,MilkLove,2,0,2026/7/22,14,0
r20351,EngLot,3,1,2026/7/26,110,0
r20352,MablePangjie,14,15,2026/7/22,1208,0
r20353,LingOrm,26,6,2026/7/23,1141,0
r20354,NamtanFilm,21,28,2026/7/23,9378,0
r20355,NamtanFilm,1,5,2026/8/25,121,0
r20356,LenaMiu,3,1,2026/7/26,370,0
r20357,EmiBonnie,1,1,2026/7/23,50,0
r20358,EngLot,9,2,2026/7/23,1458,1
r20359,JanJingjing,2,3,2026/7/30,274,0
r20360,JanJingjing,6,3,2026/7/22,583,1
r20361,JanJingjing,4,2,2026/7/28,177,0
r20362,EmiBonnie,5,12,2026/7/23,1525,0
r20363,JanJingjing,6,101,2026/7/23,7925,0
r20364,FreenBecky,11,1,2026/7/22,511,1
r20365,LingOrm,32,121,2026/8/16,39489,0
r20366,NamtanFilm,20,11,2026/7/22,4802,0
r20367,JanJingjing,1,0,2026/7/24,12,0
r20368,JaoyingMewnich,2,21,2026/7/23,875,0
r20369,EmiBonnie,12,4,2026/7/22,942,1
r20370,LingOrm,1,0,2026/8/30,13,0
r20371,NamneungNoey,6,4,2026/7/23,352,0
r20372,FreenBecky,2,27,2026/7/23,1320,0
r20373,EngLot,12,2,2026/8/7,2220,0
r20374,EmiBonnie,5,2,2026/7/23,139,0
r20375,MilkLove,1,1,2026/7/23,47,0
r20376,LingOrm,26,50,2026/7/23,13226,0
r20377,JanJingjing,2,3,2026/7/24,169,0
r20378,EnjoyJune,1,5,2026/7/26,114,0
r20379,JanJingjing,7,1,2026/7/22,252,0
r20380,JanJingjing,2,1,2026/7/23,29,0
r20382,MilkLove,17,21,2026/7/23,6616,1
r20383,MilkLove,6,20,2026/8/22,2330,0
r20384,LingOrm,22,64,2026/7/24,16597,1
r20386,LingOrm,2,2,2026/7/23,77,0
r20387,EngLot,3,3,2026/7/23,180,1
r20388,ViewJune,1,5,2026/7/23,51,0
r20389,LingOrm,12,7,2026/7/24,1656,0
r20390,JanJingjing,8,9,2026/7/25,1447,0
r20391,LenaMiu,12,196,2026/7/24,28973,0
r20392,EmiBonnie,3,0,2026/7/24,60,0
r20393,JanJingjing,1,7,2026/8/13,280,0
r20394,JanJingjing,6,2,2026/7/28,981,0
r20395,EnjoyJune,4,8,2026/7/23,976,0
r20396,EmiBonnie,6,252,2026/8/9,22532,0
r20397,EmiBonnie,2,1,2026/7/23,69,0
r20398,JanJingjing,2,2,2026/8/9,179,0
r20399,EmiBonnie,1,4,2026/7/23,456,0
r20400,PuyfaiPloy,1,7,2026/7/25,269,0
r20401,EmiBonnie,1,3,2026/7/30,92,0
r20402,JanJingjing,5,21,2026/8/6,1928,0
r20403,EmiBonnie,1,0,2026/7/26,11,0
r20404,LenaMiu,18,26,2026/7/23,7647,1
r20405,EngLot,9,11,2026/7/24,2317,0
r20406,EmiBonnie,2,17,2026/8/29,220,0
r20408,JanJingjing,1,2,2026/7/24,111,0
r20409,JanJingjing,4,21,2026/7/26,2395,0
r20410,MeenBabe,12,2,2026/7/24,676,1
r20411,EngLot,5,7,2026/7/24,408,0
r20412,EmiBonnie,2,1,2026/8/9,12,0
r20413,EmiBonnie,3,1,2026/7/24,132,0
r20414,JanJingjing,9,271,2026/8/1,34655,0
r20415,LenaMiu,2,5,2026/7/24,700,0
r20416,JanJingjing,1,15,2026/7/30,515,0
r20417,AppleMim,41,29,2026/7/28,4821,1
r20418,LingOrm,4,4,2026/7/25,502,0
r20419,JaoyingMewnich,2,21,2026/7/25,794,0
r20420,JanJingjing,2,6,2026/7/26,331,0
r20421,EmiBonnie,5,0,2026/7/26,9,0
r20422,JanJingjing,1,5,2026/7/24,358,0
r20423,JanJingjing,11,4,2026/7/25,2141,1
r20424,LingOrm,2,0,2026/7/25,34,0
r20425,JanJingjing,16,17,2026/7/24,6196,1
r20426,EmiBonnie,1,1,2026/7/25,29,1
r20427,JanJingjing,2,0,2026/8/1,28,0
r20428,FreenBecky,11,9,2026/7/31,1492,1
r20430,EmiBonnie,1,1,2026/7/24,39,0
r20431,NamneungNoey,1,2,2026/7/25,80,0
r20432,FreenBecky,2,1,2026/7/30,120,0
r20433,EmiBonnie,1,35,2026/8/2,819,0
r20434,EmiBonnie,2,0,2026/7/25,43,0
r20435,NamneungNoey,2,2,2026/7/27,84,0
r20436,EngLot,2,0,2026/8/15,24,0
r20437,NamtanFilm,2,0,2026/7/25,63,0
r20438,EnjoyJune,2,13,2026/7/26,400,0
r20439,TkNur,1,2,2026/7/25,123,0
r20440,EmiBonnie,3,0,2026/7/26,68,0
r20441,NamneungNoey,7,4,2026/7/26,107,0
r20442,EmiBonnie,1,0,2026/8/3,13,0
r20443,JanJingjing,2,3,2026/7/26,117,0
r20444,EmiBonnie,1,3,2026/8/3,132,0
r20445,LingOrm,1,0,2026/7/25,117,0
r20446,FreenBecky,3,1,2026/7/25,21,0
r20447,JanJingjing,2,10,2026/8/7,486,0
r20448,EmiBonnie,6,2,2026/7/25,383,1
r20449,EmiBonnie,2,0,2026/7/25,19,0
r20450,JanJingjing,25,31,2026/7/25,18388,1
r20451,NamtanFilm,11,55,2026/7/26,10366,1
r20452,JanJingjing,1,1,2026/7/26,126,0
r20453,LingOrm,1,1,2026/7/25,92,0
r20454,LingOrm,17,9,2026/8/2,2276,1
r20455,JanJingjing,1,1,2026/7/25,40,0
r20456,JanJingjing,20,17,2026/7/30,9265,1
r20457,LingOrm,2,1,2026/8/16,155,0
r20458,EmiBonnie,1,1,2026/7/30,11,0
r20459,ViewJune,4,0,2026/7/25,342,1
r20460,EmiBonnie,1,0,2026/7/27,10,0
r20461,EmiBonnie,1,0,2026/8/9,6,0
r20462,JanJingjing,20,376,2026/7/25,73367,0
r20463,LenaMiu,2,10,2026/7/30,566,0
r20464,LenaMiu,1,6,2026/7/26,389,0
r20465,EmiBonnie,7,16,2026/8/11,1999,0
r20466,EmiBonnie,1,1,2026/7/27,59,0
r20467,JanJingjing,2,2,2026/8/14,109,0
r20469,EngLot,11,7,2026/7/25,2147,0
r20470,JanJingjing,7,3,2026/7/26,450,0
r20471,JanJingjing,1,2,2026/7/27,107,0
r20472,NamtanFilm,10,3,2026/7/25,1088,1
r20473,GinJay,1,2,2026/7/25,167,0
r20474,JanJingjing,7,1,2026/8/3,579,0
r20475,EngLot,10,7,2026/7/27,3153,1
r20476,NamtanFilm,1,0,2026/7/26,10,1
r20477,LingOrm,30,392,2026/7/27,213329,0
r20478,JaoyingMewnich,1,5,2026/7/28,302,0
r20479,FreenBecky,13,4,2026/7/26,661,1
r20480,EmiBonnie,1,0,2026/8/29,13,0
r20481,PuyfaiPloy,3,8,2026/7/26,401,0
r20482,MeenBabe,15,6,2026/7/25,1119,1
r20483,JanJingjing,8,2,2026/7/26,425,0
r20484,ViewMim,2,1,2026/7/27,159,0
r20485,FreenBecky,3,2,2026/7/25,59,0
r20486,EmiBonnie,2,4,2026/7/25,121,0
r20487,EmiBonnie,6,25,2026/8/22,2796,0
r20488,TkNur,3,1,2026/7/28,204,0
r20489,JanJingjing,5,8,2026/7/29,1678,0
r20490,PahnFond,1,0,2026/8/5,44,0
r20491,JanJingjing,6,4,2026/7/25,975,1
r20492,EngLot,18,180,2026/8/4,67731,0
r20493,MilkLove,4,1,2026/7/25,44,0
r20494,PahnFond,6,8,2026/7/28,622,0
r20495,JanJingjing,4,20,2026/7/26,1661,1
r20496,EngLot,2,0,2026/7/26,364,0
r20497,EmiBonnie,2,0,2026/7/26,8,0
r20498,FayGene,1,3,2026/7/26,80,0
r20499,EmiBonnie,1,0,2026/7/26,5,0
r20500,LingOrm,22,114,2026/7/26,29946,1
r20501,JanJingjing,5,14,2026/7/26,1285,0
r20502,JanJingjing,3,31,2026/7/26,1356,0
r20503,LingOrm,20,0,2026/7/26,152,1
r20504,LingOrm,1,1,2026/7/26,52,0
r20505,MilkLove,1,1,2026/7/28,55,0
r20506,JanJingjing,6,9,2026/7/28,1013,0
r20507,EmiBonnie,2,0,2026/7/26,20,0
r20508,JanJingjing,5,1,2026/7/26,300,0
r20510,NamtanFilm,1,1,2026/7/26,47,0
r20511,JanJingjing,4,3,2026/7/26,382,1
r20512,PuyfaiPloy,2,12,2026/8/5,473,0
r20513,LingOrm,19,194,2026/7/26,47362,1
r20514,JanJingjing,2,11,2026/7/30,806,0
r20515,LenaMiu,2,2,2026/7/26,342,0
r20517,JanJingjing,14,10,2026/7/29,4488,0
r20518,JanJingjing,3,2,2026/7/26,289,0
r20519,LingOrm,1,0,2026/7/26,6,0
r20520,EmiBonnie,7,1,2026/7/27,83,0
r20521,LenaMiu,4,3,2026/7/26,684,0
r20522,JanJingjing,1,2,2026/8/4,245,0
r20523,NamtanFilm,3,4,2026/7/27,382,0
r20524,EnjoyJune,30,26,2026/7/26,5631,1
r20525,JanJingjing,7,33,2026/7/28,5351,1
r20526,EngLot,2,0,2026/7/26,58,0
r20527,MilkLove,1,2,2026/7/27,19,0
r20528,LenaMiu,14,1,2026/7/26,1042,1
r20529,MilkLove,1,0,2026/8/12,69,0
r20530,LingOrm,1,0,2026/7/26,20,1
r20532,LingOrm,11,2,2026/7/27,267,0
r20533,EmiBonnie,2,2,2026/7/27,18,0
r20534,JanJingjing,5,4,2026/7/28,1029,0
r20535,EmiBonnie,1,0,2026/7/26,15,0
r20536,EmiBonnie,2,0,2026/7/26,17,0
r20537,MilkLove,1,1,2026/8/9,10,0
r20538,NamtanFilm,3,1,2026/7/26,33,0
r20539,JanJingjing,20,39,2026/7/30,12323,0
r20540,JanJingjing,4,10,2026/7/28,837,0
r20541,EmiBonnie,1,1,2026/7/29,18,0
r20542,MeenBabe,21,5,2026/7/27,346,1
r20543,EmiBonnie,2,1,2026/7/28,14,1
r20544,JanJingjing,13,27,2026/7/27,4912,0
r20545,JanJingjing,2,2,2026/8/6,101,0
r20546,LingOrm,1,16,2026/8/29,206,0
r20547,GinJay,3,9,2026/8/7,691,0
r20548,EngLot,2,0,2026/7/27,134,0
r20549,LenaMiu,4,6,2026/7/27,1343,0
r20550,EmiBonnie,9,23,2026/8/1,1785,0
r20551,LenaMiu,8,4,2026/7/27,679,1
r20552,GinJay,34,20,2026/7/31,1724,0
r20553,LingOrm,27,331,2026/7/31,148407,1
r20554,EngLot,3,6,2026/7/27,385,0
r20555,LingOrm,3,8,2026/7/27,455,0
r20556,FreenBecky,23,15,2026/7/27,5130,1
r20557,EmiBonnie,7,2,2026/7/27,490,0
r20558,EmiBonnie,1,0,2026/7/27,30,0
r20559,PahnFond,1,5,2026/7/31,131,0
r20560,LingOrm,6,199,2026/8/5,18646,0
r20561,LingOrm,6,0,2026/7/27,191,0
r20562,FreenBecky,4,4,2026/7/27,285,1
r20563,NamtanFilm,3,2,2026/7/28,225,0
r20564,KapookCiize,1,0,2026/7/28,91,0
r20566,EngLot,10,0,2026/7/27,48,0
r20567,JanJingjing,1,1,2026/7/27,95,0
r20568,MilkLove,2,2,2026/8/26,90,0
r20569,EmiBonnie,2,2,2026/7/28,57,0
r20570,JanJingjing,7,24,2026/7/28,4475,0
r20571,MablePangjie,8,1,2026/7/29,149,1
r20572,EmiBonnie,5,1,2026/8/12,400,0
r20573,LingOrm,1,1,2026/7/28,80,0
r20574,EngLot,14,3,2026/7/27,717,1
r20575,PahnFond,6,4,2026/7/27,393,1
r20576,JanJingjing,5,2,2026/7/29,316,0
r20577,JanJingjing,2,3,2026/8/1,78,0
r20578,LingOrm,20,16,2026/8/9,8312,1
r20579,JanJingjing,23,6,2026/7/27,1479,1
r20580,LingOrm,1,0,2026/7/29,79,0
r20581,JanJingjing,4,1,2026/7/28,82,0
r20582,MilkLove,2,2,2026/7/27,49,0
r20583,JanJingjing,5,3,2026/7/27,806,0
r20584,EmiBonnie,2,1,2026/7/27,132,0
r20585,LenaMiu,7,31,2026/8/8,4737,0
r20586,LingOrm,1,2,2026/7/28,61,0
r20587,JanJingjing,15,285,2026/8/2,40699,1
r20588,KapookCiize,30,17,2026/7/30,4864,0
r20590,FreenBecky,15,10,2026/7/29,1772,0
r20591,EmiBonnie,3,0,2026/7/28,91,0
r20592,JanJingjing,3,4,2026/7/28,563,0
r20593,NamneungNoey,3,3,2026/7/28,320,0
r20594,LingOrm,1,247,2026/8/17,10050,1
r20595,JanJingjing,1,2,2026/7/30,108,0
r20596,EngLot,12,29,2026/8/1,17960,1
r20597,EmiBonnie,2,1,2026/7/28,32,0
r20598,JuneMewnich,11,4,2026/7/28,178,1
r20599,EmiBonnie,9,1,2026/7/28,170,0
r20600,LingOrm,10,3,2026/7/28,648,0
r20601,EmiBonnie,5,5,2026/8/3,213,0
r20602,JanJingjing,5,3,2026/7/29,429,0
r20603,MilkLove,2,5,2026/8/4,163,0
r20604,EmiBonnie,2,55,2026/7/30,2382,0
r20605,LingOrm,1,1,2026/7/28,71,0
r20606,JanJingjing,10,18,2026/8/5,3508,0
r20607,JanJingjing,6,14,2026/7/29,1002,0
r20608,JanJingjing,4,27,2026/7/29,1767,0
r20609,PuyfaiPloy,1,6,2026/7/28,176,0
r20610,NamtanFilm,3,7,2026/7/29,630,0
r20611,NamtanFilm,1,6,2026/7/28,310,0
r20612,EngLot,1,0,2026/7/29,33,0
r20613,NamtanFilm,2,0,2026/7/29,64,0
r20614,FayMay,1,3,2026/7/29,35,0
r20615,EmiBonnie,3,1,2026/7/28,104,0
r20616,FreenBecky,4,1,2026/7/28,62,0
r20617,EmiBonnie,7,3,2026/7/29,115,0
r20618,FreenBecky,2,1,2026/8/7,43,0
r20619,JanJingjing,9,4,2026/7/28,1633,1
r20620,EmiBonnie,8,3,2026/7/28,820,1
r20621,LingOrm,3,2,2026/8/4,509,0
r20622,JanJingjing,2,12,2026/8/10,1091,0
r20623,JanJingjing,8,6,2026/7/29,539,0
r20624,LingOrm,7,4,2026/7/28,319,0
r20625,NamneungNoey,1,0,2026/7/28,19,0
r20626,EmiBonnie,1,2,2026/8/7,10,0
r20627,EmiBonnie,1,6,2026/7/29,197,1
r20628,LingOrm,8,32,2026/8/21,6030,0
r20629,JanJingjing,4,0,2026/8/6,383,0
r20631,EmiBonnie,11,8,2026/7/29,655,0
r20632,LingOrm,1,0,2026/7/28,6,0
r20633,ViewMim,2,2,2026/7/29,108,0
r20634,NamtanFilm,1,1,2026/8/13,68,0
r20635,JanJingjing,12,25,2026/7/29,5858,1
r20636,EmiBonnie,9,5,2026/7/29,1879,0
r20637,PahnFond,4,8,2026/7/29,441,0
r20638,EmiBonnie,2,4,2026/7/29,64,0
r20639,EmiBonnie,1,0,2026/7/29,7,0
r20640,LingOrm,11,2,2026/7/30,192,0
r20641,MilkLove,5,11,2026/7/31,1731,0
r20642,MeenBabe,21,2,2026/7/29,519,1
r20643,JanJingjing,1,5,2026/8/7,199,0
r20644,JanJingjing,5,28,2026/7/29,1332,0
r20645,GinJay,3,3,2026/7/29,233,1
r20646,LingOrm,29,71,2026/7/29,23023,1
r20647,JanJingjing,1,11,2026/8/2,427,0
r20648,NamneungNoey,6,9,2026/7/29,1508,0
r20649,EmiBonnie,3,3,2026/7/29,66,0
r20650,EngLot,2,0,2026/7/29,43,0
r20652,EmiBonnie,2,68,2026/8/1,2984,0
r20653,EmiBonnie,1,0,2026/7/29,8,0
r20654,JaoyingMewnich,1,3,2026/7/29,140,0
r20655,JanJingjing,4,1,2026/8/9,137,0
r20656,EngLot,1,0,2026/7/31,50,0
r20657,NamtanFilm,2,0,2026/7/29,62,0
r20658,FreenBecky,12,4,2026/8/6,271,0
r20659,JanJingjing,21,5,2026/7/29,678,0
r20660,EmiBonnie,2,0,2026/8/28,22,0
r20661,LingOrm,1,1,2026/7/30,43,0
r20662,JanJingjing,1,1,2026/8/2,39,0
r20663,EmiBonnie,3,2,2026/7/29,71,0
r20664,JanJingjing,17,38,2026/7/29,8078,0
r20665,EngLot,3,0,2026/7/29,46,0
r20666,NamtanFilm,2,4,2026/7/29,299,0
r20667,MyChan,11,8,2026/7/29,1220,0
r20668,JanJingjing,1,2,2026/7/30,139,0
r20669,EmiBonnie,1,0,2026/7/30,29,0
r20670,EmiBonnie,1,3,2026/7/29,189,0
r20671,EngLot,2,2,2026/7/30,80,0
r20672,FreenBecky,1,1,2026/8/17,117,0
r20673,JanJingjing,5,1,2026/7/29,265,0
r20674,EmiBonnie,2,46,2026/8/1,1813,0
r20675,EmiBonnie,13,2,2026/7/29,538,0
r20676,JanJingjing,12,178,2026/7/30,35961,1
r20677,EmiBonnie,1,0,2026/7/29,22,0
r20678,JanJingjing,2,0,2026/8/3,172,0
r20679,LenaMiu,5,1,2026/8/5,643,0
r20680,PuyfaiPloy,3,11,2026/8/12,602,0
r20681,EmiBonnie,2,1,2026/7/29,82,0
r20682,JanJingjing,1,2,2026/8/28,60,0
r20683,EmiBonnie,5,2,2026/7/29,64,0
r20684,EmiBonnie,3,1,2026/7/29,127,1
r20685,JanJingjing,7,1,2026/8/3,156,0
r20686,FreenBecky,5,3,2026/7/29,227,0
r20687,EmiBonnie,1,0,2026/7/30,9,0
r20688,NamtanFilm,1,0,2026/7/31,72,0
r20689,MyChan,4,4,2026/7/30,189,0
r20690,LMSY,2,1,2026/8/21,11,0
r20691,LingOrm,4,4,2026/7/31,1308,0
r20692,JanJingjing,30,39,2026/8/5,28258,1
r20693,EmiBonnie,1,3,2026/7/29,39,0
r20694,JanJingjing,1,0,2026/7/30,24,0
r20695,EmiBonnie,1,0,2026/7/30,26,1
r20696,PuyfaiPloy,4,4,2026/7/30,339,0
r20697,NamtanFilm,3,30,2026/7/30,1880,0
r20698,LingOrm,16,9,2026/8/6,5810,1
r20699,JanJingjing,1,1,2026/7/30,106,0
r20700,JanJingjing,4,7,2026/7/31,357,0
r20702,JanJingjing,4,1,2026/7/30,338,0
r20703,NamtanFilm,2,0,2026/7/30,33,0
r20704,LingOrm,29,5,2026/7/30,3305,1
r20705,EmiBonnie,13,14,2026/7/31,2594,1
r20706,LenaMiu,3,1,2026/7/30,657,0
r20707,JaoyingMewnich,1,2,2026/7/30,55,0
r20709,JanJingjing,1,0,2026/7/30,23,0
r20710,LenaMiu,2,5,2026/7/31,630,0
r20711,JanJingjing,2,0,2026/7/31,101,0
r20713,EmiBonnie,4,1,2026/7/30,38,0
r20714,FreenBecky,6,4,2026/8/10,170,0
r20715,JanJingjing,7,35,2026/8/12,3230,0
r20716,MilkLove,10,2,2026/7/30,863,0
r20717,NamtanFilm,4,2,2026/7/30,241,0
r20718,GinJay,2,4,2026/7/31,329,0
r20719,EmiBonnie,11,0,2026/7/30,129,1
r20720,NamtanFilm,1,1,2026/8/6,21,0
r20721,EnjoyJune,10,21,2026/7/31,1457,0
r20722,EnjoyJune,4,25,2026/8/29,549,0
r20723,EmiBonnie,4,0,2026/7/30,97,0
r20724,EmiBonnie,4,0,2026/7/31,46,0
r20725,EmiBonnie,1,1,2026/7/30,23,0
r20726,JanJingjing,4,4,2026/7/30,166,0
r20727,FreenBecky,5,1,2026/7/31,114,0
r20728,NamtanFilm,8,14,2026/7/30,3798,1
r20729,EmiBonnie,5,1,2026/7/30,15,0
r20730,JanJingjing,2,0,2026/7/30,253,0
r20731,FreenBecky,10,13,2026/7/31,1976,1
r20732,NamtanFilm,8,0,2026/7/31,168,0
r20733,EmiBonnie,1,0,2026/8/30,22,0
r20734,JanJingjing,2,2,2026/8/18,183,0
r20735,EngLot,2,0,2026/7/30,188,0
r20736,LingOrm,1,0,2026/7/30,1,0
r20737,FreenBecky,2,1,2026/7/30,25,0
r20738,LingOrm,11,8,2026/7/31,810,1
r20739,EmiBonnie,1,1,2026/7/31,21,0
r20740,JanJingjing,7,3,2026/7/30,982,0
r20741,LenaMiu,7,6,2026/8/6,798,0
r20742,JaoyingMewnich,2,3,2026/8/2,272,0
r20743,FayMay,1,3,2026/8/16,74,0
r20744,EmiBonnie,4,2,2026/8/1,143,0
r20745,EmiBonnie,9,1,2026/8/3,167,0
r20746,OomBam,3,1,2026/7/31,249,0
r20747,NamneungNoey,6,0,2026/7/31,55,0
r20748,EmiBonnie,3,6,2026/7/31,191,0
r20749,JanJingjing,2,1,2026/8/1,167,0
r20750,FreenBecky,7,3,2026/7/31,284,0
r20751,TkNur,1,0,2026/7/31,89,0
r20752,JanJingjing,14,8,2026/8/9,2937,0
r20753,JanJingjing,12,15,2026/8/5,3367,1
r20754,JanJingjing,6,69,2026/7/31,6758,0
r20755,LingOrm,2,0,2026/8/1,237,0
r20756,LingOrm,20,165,2026/8/3,30947,1
r20757,EmiBonnie,2,1,2026/7/31,58,0
r20758,LingOrm,23,186,2026/7/31,59124,0
r20760,MilkLove,6,2,2026/7/31,451,1
r20761,LenaMiu,13,14,2026/7/31,4315,0
r20763,EmiBonnie,1,0,2026/8/1,11,0
r20764,JanJingjing,5,1,2026/7/31,269,0
r20765,LingOrm,18,3,2026/8/2,1657,1
r20766,FreenBecky,1,2,2026/8/2,67,0
r20767,EmiBonnie,8,11,2026/7/31,1780,1
r20768,JanJingjing,12,1,2026/7/31,563,1
r20770,JanJingjing,6,3,2026/7/31,276,0
r20771,FreenBecky,1,13,2026/8/7,59,0
r20772,JanJingjing,7,9,2026/8/27,792,0
r20773,PuyfaiPloy,4,11,2026/7/31,543,0
r20774,EmiBonnie,1,0,2026/8/16,52,0
r20775,EngLot,3,17,2026/8/15,1087,0
r20776,EmiBonnie,4,8,2026/8/1,326,0
r20777,LenaMiu,11,7,2026/7/31,3454,0
r20778,FreenBecky,1,2,2026/7/31,65,0
r20779,EngLot,1,0,2026/8/5,20,0
r20780,LingOrm,3,1,2026/7/31,24,1
r20781,EngLot,1,0,2026/7/31,33,0
r20782,EmiBonnie,4,14,2026/8/1,1768,1
r20783,EmiBonnie,13,15,2026/8/4,1836,0
r20784,NamneungNoey,14,4,2026/8/2,569,0
r20786,JanJingjing,3,7,2026/8/1,593,0
r20787,EmiBonnie,1,1,2026/8/2,13,0
r20788,EngLot,4,3,2026/8/2,186,0
r20789,LMSY,1,3,2026/7/31,68,0
r20790,NamneungNoey,6,0,2026/8/17,122,0
r20791,PahnFond,7,0,2026/8/1,281,0
r20792,NamneungNoey,12,1,2026/7/31,117,1
r20793,EmiBonnie,1,0,2026/8/1,146,0
r20794,JanJingjing,1,1,2026/8/4,109,0
r20795,JanJingjing,1,3,2026/8/1,528,1
r20796,JanJingjing,1,5,2026/8/1,414,0
r20797,JanJingjing,8,19,2026/8/1,2495,0
r20798,LingOrm,2,33,2026/8/29,1188,0
r20799,EmiBonnie,4,0,2026/8/3,25,0
r20800,FreenBecky,1,1,2026/8/4,47,0
r20801,MilkLove,11,0,2026/8/1,264,1
r20802,JanJingjing,6,2,2026/8/1,310,0
r20803,FreenBecky,3,1,2026/8/2,53,0
r20804,EmiBonnie,8,2,2026/8/6,244,0
r20805,EngLot,2,1,2026/8/1,204,0
r20806,NamneungNoey,2,1,2026/8/7,212,0
r20807,EmiBonnie,1,1,2026/8/1,128,1
r20808,EngLot,3,1,2026/8/1,37,0
r20809,LingOrm,2,1,2026/8/1,136,0
r20810,NamtanFilm,1,1,2026/8/21,28,0
r20811,EmiBonnie,1,2,2026/8/1,44,0
r20812,JanJingjing,1,15,2026/8/8,538,0
r20813,EmiBonnie,3,2,2026/8/1,46,0
r20815,EmiBonnie,5,1,2026/8/1,30,0
r20816,JanJingjing,16,11,2026/8/1,1561,0
r20817,LingOrm,3,22,2026/8/2,1329,0
r20818,MilkLove,6,10,2026/8/2,1753,0
r20819,EmiBonnie,3,4,2026/8/3,33,0
r20820,JanJingjing,5,8,2026/8/1,959,1
r20821,LingOrm,1,1,2026/8/1,32,0
r20822,EnjoyJune,6,6,2026/8/1,610,0
r20823,LingOrm,1,1,2026/8/1,26,0
r20824,MilkLove,14,5,2026/8/1,762,0
r20825,EmiBonnie,4,3,2026/8/2,117,0
r20826,EmiBonnie,5,3,2026/8/1,167,0
r20827,EmiBonnie,4,1,2026/8/7,189,0
r20828,JanJingjing,4,2,2026/8/1,257,0
r20829,EmiBonnie,2,0,2026/8/1,5,0
r20830,LingOrm,1,1,2026/8/1,29,0
r20831,JanJingjing,15,57,2026/8/2,11236,0
r20832,JanJingjing,9,7,2026/8/1,1954,1
r20833,JanJingjing,15,9,2026/8/1,3191,1
r20835,JanJingjing,1,1,2026/8/19,25,0
r20836,EmiBonnie,4,1,2026/8/1,101,0
r20837,JanJingjing,1,13,2026/8/10,911,0
r20838,JanJingjing,6,1,2026/8/2,183,0
r20839,LingOrm,1,0,2026/8/2,86,0
r20840,LingOrm,2,2,2026/8/1,149,0
r20841,LMSY,1,1,2026/8/2,42,0
r20842,EmiBonnie,4,2,2026/8/2,72,0
r20843,JanJingjing,1,0,2026/8/2,43,0
r20844,LenaMiu,1,0,2026/8/2,167,0
r20845,JanJingjing,23,64,2026/8/3,15645,0
r20846,LingOrm,8,2,2026/8/2,153,1
r20847,TkNur,1,0,2026/8/2,6,1
r20848,EmiBonnie,8,2,2026/8/2,422,0
r20849,LingOrm,6,2,2026/8/2,60,1
r20850,JanJingjing,3,1,2026/8/2,305,0
r20851,EmiBonnie,2,2,2026/8/2,220,0
r20852,TkNur,12,4,2026/8/6,865,0
r20853,EngLot,6,23,2026/8/7,4813,0
r20854,NamtanFilm,4,4,2026/8/8,316,0
r20855,EmiBonnie,7,3,2026/8/3,853,0
r20856,JanJingjing,18,23,2026/8/4,6133,1
r20858,EngLot,4,0,2026/8/2,411,0
r20859,EnjoyJune,29,20,2026/8/2,5380,1
r20862,MilkLove,1,0,2026/8/13,9,0
r20863,NamtanFilm,3,2,2026/8/2,70,0
r20864,MilkLove,6,3,2026/8/2,183,0
r20865,FreenBecky,4,3,2026/8/2,167,0
r20866,NamtanFilm,8,10,2026/8/2,1247,0
r20867,EngLot,4,0,2026/8/2,123,0
r20869,PahnFond,3,4,2026/8/4,259,0
r20870,EmiBonnie,1,1,2026/8/2,45,0
r20871,LingOrm,12,9,2026/8/8,1602,0
r20872,LingOrm,4,1,2026/8/2,85,0
r20873,EmiBonnie,1,0,2026/8/2,16,0
r20874,MilkLove,5,2,2026/8/10,147,0
r20875,EmiBonnie,2,2,2026/8/8,92,0
r20876,EmiBonnie,1,0,2026/8/10,20,0
r20879,NamtanFilm,4,5,2026/8/8,863,0
r20880,JanJingjing,1,2,2026/8/30,22,0
r20881,EmiBonnie,3,1,2026/8/3,16,0
r20882,JanJingjing,1,2,2026/8/5,109,0
r20883,OpalMint,2,1,2026/8/2,88,0
r20884,JaoyingMewnich,1,0,2026/8/2,33,0
r20885,JanJingjing,19,78,2026/8/5,16692,0
r20886,EngLot,10,5,2026/8/2,893,1
r20887,JanJingjing,1,7,2026/8/3,333,0
r20888,JanJingjing,8,10,2026/8/3,2574,0
r20889,LingOrm,13,6,2026/8/3,453,0
r20890,EngLot,1,1,2026/8/3,280,1
r20891,MilkLove,2,1,2026/8/5,161,0
r20892,JanJingjing,2,11,2026/8/7,1127,0
r20893,TkNur,1,0,2026/8/3,60,0
r20894,LenaMiu,5,0,2026/8/3,615,0
r20895,FreenBecky,2,0,2026/8/14,52,0
r20896,EmiBonnie,7,3,2026/8/3,82,0
r20897,EmiBonnie,1,2,2026/8/14,92,0
r20898,LenaMiu,3,13,2026/8/4,2136,0
r20899,KapookCiize,10,12,2026/8/3,2461,0
r20900,JanJingjing,3,1,2026/8/5,153,0
r20901,EngLot,4,21,2026/8/9,2453,0
r20902,EmiBonnie,2,1,2026/8/15,9,0
r20903,EmiBonnie,6,8,2026/8/3,1466,0
r20904,KapookCiize,6,3,2026/8/3,678,0
r20905,PuyfaiPloy,8,11,2026/8/3,913,0
r20906,EmiBonnie,12,5,2026/8/4,547,0
r20907,NamneungNoey,3,0,2026/8/3,107,1
r20908,EmiBonnie,2,2,2026/8/3,29,0
r20909,LingOrm,1,1,2026/8/7,39,0
r20910,NamtanFilm,14,3,2026/8/3,1097,1
r20912,JanJingjing,1,5,2026/8/27,67,0
r20913,EngLot,1,1,2026/8/3,7,0
r20914,LingOrm,1,0,2026/8/22,15,0
r20915,FreenBecky,12,2,2026/8/3,327,0
r20916,LingOrm,4,6,2026/8/4,643,0
r20917,NamtanFilm,1,4,2026/8/7,105,0
r20918,EmiBonnie,2,2,2026/8/6,39,0
r20919,JanJingjing,3,64,2026/8/17,3441,0
r20920,JanJingjing,2,70,2026/8/6,3149,0
r20921,JanJingjing,2,4,2026/8/7,336,0
r20922,JanJingjing,2,1,2026/8/5,149,0
r20923,NamtanFilm,3,4,2026/8/5,442,0
r20924,LingOrm,19,55,2026/8/6,15477,0
r20925,JanJingjing,3,5,2026/8/4,486,0
r20926,LingOrm,25,11,2026/8/7,2564,1
r20927,JaoyingMewnich,1,2,2026/8/8,55,0
r20928,KaoJaneJaneKao,5,7,2026/8/5,226,0
r20929,EnjoyJune,17,20,2026/8/6,3840,1
r20930,NamtanFilm,8,9,2026/8/4,1142,0
r20931,JanJingjing,1,1,2026/8/4,17,0
r20932,EmiBonnie,8,0,2026/8/4,114,0
r20933,FreenBecky,2,0,2026/8/4,49,0
r20934,JanJingjing,4,9,2026/8/4,923,1
r20935,EmiBonnie,1,0,2026/8/12,40,0
r20936,FreenBecky,3,14,2026/8/6,749,0
r20937,EmiBonnie,4,2,2026/8/4,91,0
r20938,EmiBonnie,5,18,2026/8/4,1914,0
r20939,MilkLove,4,1,2026/8/8,98,0
r20940,EmiBonnie,3,21,2026/8/9,2400,1
r20941,EngLot,1,0,2026/8/4,28,0
r20943,NamtanFilm,11,5,2026/8/4,1688,0
r20944,JanJingjing,1,0,2026/8/21,36,0
r20946,EmiBonnie,17,14,2026/8/16,1759,1
r20947,JanJingjing,1,6,2026/8/11,608,1
r20948,EmiBonnie,5,1,2026/8/4,151,1
r20949,MilkLove,1,2,2026/8/5,170,0
r20950,EmiBonnie,1,2,2026/8/5,73,0
r20951,JanJingjing,3,7,2026/8/5,314,0
r20952,EmiBonnie,1,2,2026/8/5,133,0
r20953,KapookCiize,1,6,2026/8/5,198,0
r20954,LenaMiu,11,22,2026/8/9,6627,0
r20955,LenaMiu,2,1,2026/8/9,354,0
r20956,JanJingjing,8,58,2026/8/6,6562,0
r20957,LenaMiu,5,4,2026/8/5,889,0
r20958,NamtanFilm,12,6,2026/8/6,1897,0
r20959,PuyfaiPloy,1,2,2026/8/8,95,0
r20960,NamneungNoey,2,0,2026/8/6,29,0
r20961,LingOrm,1,1,2026/8/9,153,0
r20962,JanJingjing,17,6,2026/8/6,1307,0
r20963,ViewMim,8,5,2026/8/8,207,0
r20964,EmiBonnie,8,3,2026/8/5,293,0
r20965,EngLot,3,0,2026/8/12,50,0
r20966,JanJingjing,5,3,2026/8/5,629,0
r20967,EmiBonnie,2,4,2026/8/20,62,0
r20968,LenaMiu,4,14,2026/8/6,1015,0
r20969,LingOrm,17,14,2026/8/12,5809,0
r20970,FreenBecky,3,1,2026/8/5,38,0
r20971,JanJingjing,1,0,2026/8/5,106,0
r20972,LingOrm,1,2,2026/8/13,17,0
r20973,EmiBonnie,1,0,2026/8/5,22,0
r20974,EngLot,29,1,2026/8/5,1156,1
r20975,JanJingjing,14,5,2026/8/5,502,0
r20976,EmiBonnie,2,0,2026/8/5,68,0
r20978,EmiBonnie,13,20,2026/8/6,6057,0
r20979,NamtanFilm,10,54,2026/8/6,9453,1
r20980,JuneMewnich,3,1,2026/8/8,27,0
r20981,LingOrm,1,0,2026/8/6,0,0
r20982,ViewMim,2,0,2026/8/5,16,0
r20983,MablePangjie,1,0,2026/8/5,9,0
r20984,LingOrm,5,4,2026/8/5,84,0
r20985,EngLot,9,8,2026/8/6,1524,0
r20986,EmiBonnie,11,9,2026/8/13,400,0
r20987,EngLot,2,0,2026/8/7,41,0
r20988,JanJingjing,2,4,2026/8/5,143,0
r20989,NamneungNoey,5,2,2026/8/5,142,0
r20990,FreenBecky,1,4,2026/8/16,107,0
r20991,LingOrm,4,1,2026/8/28,85,0
r20992,LingOrm,15,0,2026/8/13,2531,0
r20993,LenaMiu,17,83,2026/8/11,14807,0
r20994,MilkLove,4,2,2026/8/17,84,0
r20995,JaoyingMewnich,1,1,2026/8/9,65,0
r20996,JanJingjing,1,2,2026/8/6,339,1
r20997,LingOrm,18,0,2026/8/12,1308,0
r20998,JanJingjing,1,3,2026/8/10,221,0
r20999,LingOrm,1,0,2026/8/9,53,0
r21000,LenaMiu,2,0,2026/8/20,148,0
r21001,EmiBonnie,4,4,2026/8/11,198,0
r21002,EmiBonnie,3,3,2026/8/6,261,1
r21003,LingOrm,12,0,2026/8/28,88,0
r21004,EngLot,6,11,2026/8/6,1240,0
r21005,EngLot,12,1,2026/8/6,596,1
r21006,EmiBonnie,12,13,2026/8/6,3643,1
r21007,EmiBonnie,4,63,2026/8/13,4610,0
r21008,EngLot,1,0,2026/8/23,4,0
r21009,JanJingjing,1,3,2026/8/10,385,0
r21010,EmiBonnie,1,0,2026/8/6,16,0
r21011,EmiBonnie,2,0,2026/8/7,58,0
r21012,JanJingjing,17,23,2026/8/8,5920,1
r21013,ViewMim,3,1,2026/8/7,91,0
r21014,LingOrm,1,3,2026/8/30,60,0
r21015,MilkLove,1,2,2026/8/26,46,0
r21016,JanJingjing,3,7,2026/8/8,468,0
r21017,EmiBonnie,1,0,2026/8/9,10,0
r21018,FreenBecky,2,0,2026/8/7,116,0
r21019,NamneungNoey,5,14,2026/8/13,1087,0
r21020,EmiBonnie,3,0,2026/8/8,119,0
r21021,EngLot,16,0,2026/8/7,358,0
r21022,JanJingjing,6,1,2026/8/15,608,0
r21023,JanJingjing,1,11,2026/8/8,520,0
r21024,EmiBonnie,12,19,2026/8/7,3588,1
r21025,NamtanFilm,2,54,2026/8/8,3133,0
r21026,NamtanFilm,11,0,2026/8/7,198,1
r21027,EngLot,6,7,2026/8/9,1222,0
r21028,NamtanFilm,1,1,2026/8/8,246,0
r21029,MilkLove,4,60,2026/8/11,2513,0
r21030,EngLot,2,0,2026/8/17,125,0
r21031,EmiBonnie,1,1,2026/8/9,11,0
r21032,MilkLove,11,5,2026/8/7,1411,1
r21033,JanJingjing,13,70,2026/8/8,9605,0
r21034,JanJingjing,1,1,2026/8/31,14,0
r21035,NamtanFilm,2,2,2026/8/21,156,0
r21036,EmiBonnie,11,2,2026/8/8,824,0
r21037,JanJingjing,1,1,2026/8/8,43,0
r21038,JanJingjing,2,39,2026/8/9,807,0
r21039,LingOrm,3,0,2026/8/8,49,0
r21040,JanJingjing,3,47,2026/8/9,4208,0
r21041,JanJingjing,2,30,2026/8/18,1540,0
r21042,EnjoyJune,7,10,2026/8/8,1031,0
r21043,EmiBonnie,1,0,2026/8/30,15,0
r21044,EmiBonnie,5,19,2026/8/11,2003,0
r21045,EmiBonnie,2,7,2026/8/12,353,0
r21046,MilkLove,7,1,2026/8/8,585,0
r21047,LingOrm,17,6,2026/8/8,933,0
r21048,FreenBecky,3,1,2026/8/8,146,0
r21049,EmiBonnie,7,2,2026/8/9,603,1
r21050,PuyfaiPloy,5,5,2026/8/8,308,0
r21051,LingOrm,2,1,2026/8/8,52,0
r21052,MilkLove,1,0,2026/8/8,33,0
r21053,EmiBonnie,2,1,2026/8/8,73,0
r21054,PuyfaiPloy,5,2,2026/8/8,492,1
r21055,JanJingjing,2,8,2026/8/13,516,0
r21056,LingOrm,1,4,2026/8/8,61,0
r21057,EngLot,8,1,2026/8/8,330,1
r21058,EmiBonnie,3,2,2026/8/8,12,0
r21059,EmiBonnie,1,1,2026/8/16,26,0
r21060,EmiBonnie,4,4,2026/8/8,89,0
r21061,JanJingjing,3,7,2026/8/12,796,0
r21062,EngLot,1,2,2026/8/9,60,0
r21063,JanJingjing,5,7,2026/8/8,682,0
r21064,LingOrm,2,18,2026/8/9,733,0
r21065,EmiBonnie,1,0,2026/8/24,14,0
r21066,LingOrm,4,1,2026/8/9,788,0
r21067,NamtanFilm,4,3,2026/8/9,118,0
r21068,EmiBonnie,1,3,2026/8/10,134,0
r21069,MilkLove,1,1,2026/8/9,39,0
r21070,JanJingjing,2,5,2026/8/8,392,1
r21071,LenaMiu,8,3,2026/8/8,626,1
r21072,EmiBonnie,1,1,2026/8/9,120,0
r21073,EmiBonnie,1,1,2026/8/13,13,0
r21074,EmiBonnie,6,2,2026/8/9,117,0
r21076,JanJingjing,10,15,2026/8/9,2212,0
r21077,JanJingjing,6,1,2026/8/9,157,0
r21078,LingOrm,38,0,2026/8/11,235,1
r21079,MilkLove,2,3,2026/8/9,184,0
r21080,JanJingjing,16,328,2026/8/14,44209,1
r21081,EngLot,1,1,2026/8/10,46,0
r21082,EngLot,1,1,2026/8/9,61,0
r21083,JanJingjing,13,3,2026/8/9,1199,0
r21084,EngLot,1,0,2026/8/9,95,0
r21085,LenaMiu,41,68,2026/8/10,23501,0
r21086,JanJingjing,12,15,2026/8/9,4233,1
r21087,JanJingjing,7,8,2026/8/19,1130,0
r21088,JanJingjing,6,0,2026/8/14,281,0
r21089,KapookCiize,2,3,2026/8/13,48,0
r21090,EngLot,18,1,2026/8/9,601,1
r21091,EmiBonnie,2,0,2026/8/9,105,1
r21092,EngLot,1,2,2026/8/9,92,0
r21093,EmiBonnie,1,2,2026/8/9,8,0
r21094,LingOrm,17,7,2026/8/16,2039,0
r21095,NamtanFilm,2,7,2026/8/10,394,0
r21097,EmiBonnie,5,1,2026/8/12,201,0
r21098,EmiBonnie,11,5,2026/8/24,115,0
r21099,NamtanFilm,1,0,2026/8/14,48,0
r21100,JanJingjing,1,1,2026/8/9,41,0
r21101,NamtanFilm,1,1,2026/8/12,146,0
r21102,NamtanFilm,8,0,2026/8/9,137,0
r21103,NamtanFilm,4,4,2026/8/9,129,0
r21104,EngLot,2,0,2026/8/9,9,0
r21105,NamtanFilm,3,6,2026/8/12,334,0
r21106,LingOrm,1,4,2026/8/16,99,0
r21107,JanJingjing,1,1,2026/8/15,24,0
r21108,ViewMim,1,0,2026/8/9,10,0
r21109,JanJingjing,1,0,2026/8/9,12,0
r21110,NamneungNoey,1,11,2026/8/18,136,0
r21111,JanJingjing,16,2,2026/8/9,874,1
r21112,EmiBonnie,4,4,2026/8/12,350,0
r21113,JanJingjing,5,4,2026/8/9,739,1
r21114,LingOrm,2,295,2026/8/16,7143,0
r21115,EmiBonnie,3,3,2026/8/9,169,1
r21116,MilkLove,1,0,2026/8/10,12,0
r21117,LingOrm,2,2,2026/8/12,235,0
r21118,NamtanFilm,17,10,2026/8/10,3147,0
r21119,MilkLove,7,4,2026/8/9,1217,1
r21120,JanJingjing,1,2,2026/8/9,45,0
r21121,EngLot,1,0,2026/8/9,75,0
r21122,MilkLove,2,0,2026/8/10,58,0
r21123,NamtanFilm,8,1,2026/8/10,151,1
r21124,MilkLove,7,1,2026/8/9,244,0
r21125,OpalMint,1,0,2026/8/14,18,0
r21126,JanJingjing,1,1,2026/8/10,82,0
r21127,MilkLove,2,0,2026/8/23,115,0
r21128,EmiBonnie,1,0,2026/8/12,6,0
r21129,FreenBecky,16,3,2026/8/10,383,1
r21130,JanJingjing,1,8,2026/8/23,246,0
r21131,LingOrm,1,1,2026/8/10,182,0
r21132,EngLot,19,2,2026/8/10,1119,1
r21133,EmiBonnie,1,12,2026/8/10,276,0
r21134,JanJingjing,8,5,2026/8/10,1189,0
r21136,EmiBonnie,2,4,2026/8/10,68,0
r21137,LenaMiu,12,32,2026/8/10,14771,0
r21138,LingOrm,4,2,2026/8/10,193,1
r21139,JanJingjing,1,3,2026/8/29,142,0
r21140,EmiBonnie,1,1,2026/8/10,33,0
r21141,JanJingjing,21,41,2026/8/10,5638,1
r21142,EmiBonnie,6,7,2026/8/10,531,0
r21144,LingOrm,1,6,2026/8/12,278,1
r21145,JanJingjing,1,0,2026/8/10,36,0
r21146,JanJingjing,1,1,2026/8/10,57,0
r21147,FreenBecky,1,19,2026/8/14,735,0
r21148,NamtanFilm,5,61,2026/8/17,4140,0
r21149,JanJingjing,1,0,2026/8/13,27,0
r21150,MilkLove,2,3,2026/8/14,732,0
r21151,NamtanFilm,5,3,2026/8/10,616,0
r21152,EmiBonnie,1,0,2026/8/17,20,0
r21154,EmiBonnie,2,0,2026/8/10,10,0
r21155,EngLot,2,1,2026/8/11,410,0
r21157,EnjoyJune,12,10,2026/8/11,2151,1
r21158,PahnFond,8,2,2026/8/12,228,1
r21159,NamneungNoey,2,1,2026/8/10,65,0
r21160,JanJingjing,2,1,2026/8/11,168,0
r21161,JanJingjing,6,19,2026/8/27,4477,0
r21162,LingOrm,25,318,2026/8/11,125316,0
r21163,JanJingjing,3,0,2026/8/11,41,0
r21164,JanJingjing,1,0,2026/8/13,20,0
r21165,NamtanFilm,6,3,2026/8/11,723,0
r21166,JanJingjing,6,9,2026/8/15,1660,0
r21167,JanJingjing,3,4,2026/8/18,344,0
r21168,EngLot,17,13,2026/8/15,8250,0
r21169,EmiBonnie,3,69,2026/8/11,3091,0
r21170,MilkLove,9,0,2026/8/11,153,1
r21171,EnjoyJune,29,22,2026/8/11,5328,1
r21172,LingOrm,2,61,2026/8/11,3060,0
r21173,JanJingjing,1,1,2026/8/11,50,0
r21174,FreenBecky,1,10,2026/8/11,231,0
r21175,JanJingjing,2,0,2026/8/11,28,0
r21176,LingOrm,1,44,2026/8/15,1535,0
r21177,LenaMiu,11,24,2026/8/15,7498,1
r21178,NamtanFilm,1,0,2026/8/20,23,0
r21179,JanJingjing,3,6,2026/8/13,255,0
r21180,EmiBonnie,1,2,2026/8/12,22,0
r21181,JanJingjing,2,3,2026/8/12,164,0
r21182,JanJingjing,2,0,2026/8/12,40,0
r21183,JanJingjing,1,0,2026/8/13,46,0
r21184,JanJingjing,4,2,2026/8/23,435,0
r21185,EmiBonnie,3,2,2026/8/11,54,0
r21186,EmiBonnie,1,1,2026/8/11,10,1
r21187,EmiBonnie,11,1,2026/8/14,506,0
r21189,JanJingjing,10,19,2026/8/11,4348,1
r21190,EmiBonnie,8,3,2026/8/12,112,0
r21191,JanJingjing,7,6,2026/8/11,1502,0
r21193,LingOrm,1,1,2026/8/11,36,0
r21194,NamtanFilm,2,0,2026/8/11,12,0
r21195,LingOrm,4,0,2026/8/12,23,0
r21196,TkNur,11,4,2026/8/14,991,0
r21197,JanJingjing,1,2,2026/8/28,97,0
r21198,LingOrm,2,2,2026/8/22,138,0
r21199,FreenBecky,1,2,2026/8/16,26,0
r21200,LingOrm,8,25,2026/8/12,3703,1
r21201,JanJingjing,1,2,2026/8/30,20,0
r21202,LingOrm,8,1,2026/8/13,286,0
r21203,LingOrm,4,31,2026/8/21,3278,0
r21204,LingOrm,11,2,2026/8/12,320,0
r21205,JanJingjing,9,6,2026/8/14,441,0
r21206,LingOrm,15,168,2026/8/12,17159,0
r21208,JanJingjing,3,3,2026/8/12,214,0
r21209,EmiBonnie,4,0,2026/8/12,36,0
r21212,LingOrm,10,21,2026/8/16,5033,0
r21213,JanJingjing,5,1,2026/8/13,146,0
r21214,JanJingjing,2,1,2026/8/12,36,0
r21215,LingOrm,1,1,2026/8/12,14,0
r21216,NamtanFilm,1,0,2026/8/12,8,0
r21217,EnjoyJune,8,12,2026/8/16,1524,0
r21218,LingOrm,11,2,2026/8/12,433,0
r21219,MilkLove,4,2,2026/8/12,96,0
r21220,EngLot,11,2,2026/8/12,123,1
r21221,LingOrm,2,0,2026/8/13,179,0
r21222,EmiBonnie,1,0,2026/8/25,5,0
r21223,EmiBonnie,1,4,2026/8/12,217,0
r21224,EmiBonnie,3,7,2026/8/12,748,0
r21225,MilkLove,3,0,2026/8/16,390,0
r21226,FreenBecky,4,0,2026/8/16,118,0
r21227,NamneungNoey,3,1,2026/8/12,175,0
r21228,OomBam,1,3,2026/8/21,204,0
r21229,JanJingjing,7,3,2026/8/12,493,0
r21230,LingOrm,2,11,2026/8/16,711,0
r21231,JanJingjing,2,0,2026/8/12,48,0
r21232,MilkLove,1,1,2026/8/22,77,0
r21233,JanJingjing,22,2,2026/8/14,292,1
r21234,AppleMim,1,0,2026/8/16,27,0
r21237,LenaMiu,8,14,2026/8/12,3393,1
r21238,JanJingjing,1,3,2026/8/12,149,0
r21239,EmiBonnie,3,2,2026/8/12,94,0
r21240,NamtanFilm,1,0,2026/8/12,26,0
r21241,FayMay,1,1,2026/8/13,22,0
r21242,KapookCiize,2,1,2026/8/13,76,0
r21243,LingOrm,12,1,2026/8/13,771,0
r21244,JanJingjing,7,20,2026/8/13,4388,1
r21245,JanJingjing,1,6,2026/8/12,407,0
r21246,LMSY,6,3,2026/8/13,149,0
r21247,JanJingjing,2,2,2026/8/14,161,0
r21248,LingOrm,5,3,2026/8/14,865,1
r21249,JanJingjing,4,257,2026/8/19,16208,0
r21250,LingOrm,23,57,2026/8/13,14238,1
r21251,MilkLove,1,1,2026/8/13,159,0
r21252,FreenBecky,2,2,2026/8/13,56,0
r21253,JanJingjing,4,3,2026/8/13,416,1
r21254,NamtanFilm,1,0,2026/8/18,34,0
r21255,OomBam,2,1,2026/8/13,193,0
r21256,GinJay,31,2,2026/8/13,638,1
r21257,JanJingjing,2,0,2026/8/13,118,0
r21258,JanJingjing,7,3,2026/8/13,192,0
r21259,JanJingjing,9,122,2026/8/14,20434,0
r21260,JanJingjing,2,2,2026/8/13,122,0
r21262,EmiBonnie,1,17,2026/8/31,0,0
r21263,JanJingjing,1,4,2026/8/31,28,0
r21264,EmiBonnie,6,41,2026/8/13,3103,0
r21265,EmiBonnie,6,1,2026/8/13,517,1
r21266,EmiBonnie,4,21,2026/8/15,3191,1
r21267,MilkLove,2,0,2026/8/13,67,0
r21268,EnjoyJune,1,2,2026/8/13,53,0
r21270,EmiBonnie,2,2,2026/8/13,12,0
r21271,LingOrm,21,255,2026/8/13,66013,0
r21272,EmiBonnie,2,2,2026/8/16,78,0
r21273,JanJingjing,1,0,2026/8/15,46,0
r21274,EmiBonnie,2,1,2026/8/14,54,0
r21275,NamtanFilm,5,0,2026/8/13,165,0
r21276,LingOrm,12,25,2026/8/17,1822,1
r21277,FreenBecky,17,24,2026/8/13,3832,1
r21278,FreenBecky,3,3,2026/8/13,46,0
r21279,EmiBonnie,4,1,2026/8/13,303,1
r21280,JanJingjing,3,0,2026/8/14,213,0
r21281,JanJingjing,2,1,2026/8/13,26,0
r21282,JanJingjing,9,4,2026/8/13,753,0
r21283,JanJingjing,25,19,2026/8/15,8521,1
r21284,MilkLove,3,4,2026/8/14,447,0
r21285,EngLot,1,0,2026/8/14,44,0
r21286,JanJingjing,1,45,2026/8/25,1431,0
r21288,LenaMiu,6,5,2026/8/18,569,0
r21289,EngLot,2,0,2026/8/15,44,0
r21290,NamtanFilm,9,14,2026/8/21,2208,1
r21291,LingOrm,10,5,2026/8/20,555,0
r21292,LingOrm,12,90,2026/8/14,18612,0
r21293,JanJingjing,8,4,2026/8/14,895,0
r21294,EnjoyJune,12,25,2026/8/18,3760,0
r21295,JanJingjing,2,3,2026/8/14,281,0
r21296,KapookCiize,1,1,2026/8/20,74,0
r21297,JanJingjing,12,1,2026/8/14,676,0
r21298,FreenBecky,6,4,2026/8/16,434,0
r21299,FreenBecky,5,0,2026/8/14,84,0
r21300,EmiBonnie,6,13,2026/8/16,765,0
r21301,MilkLove,3,1,2026/8/15,44,0
r21302,FreenBecky,6,3,2026/8/14,214,0
r21303,EmiBonnie,2,4,2026/8/21,184,0
r21304,EmiBonnie,5,2,2026/8/15,44,0
r21305,EmiBonnie,2,9,2026/8/14,213,0
r21306,NamtanFilm,3,11,2026/8/14,1076,0
r21308,NamneungNoey,5,2,2026/8/14,135,1
r21309,JanJingjing,7,20,2026/8/14,3561,1
r21310,EmiBonnie,5,1,2026/8/14,207,1
r21311,EmiBonnie,1,4,2026/8/15,36,0
r21312,JanJingjing,2,8,2026/8/24,412,0
r21313,NamneungNoey,1,1,2026/8/15,76,0
r21314,EmiBonnie,1,0,2026/8/17,39,0
r21315,ViewMim,2,2,2026/8/16,66,0
r21316,MilkLove,1,1,2026/8/14,42,0
r21317,MilkLove,3,1,2026/8/16,93,0
r21318,JanJingjing,2,1,2026/8/29,52,0
r21319,EmiBonnie,2,2,2026/8/16,216,0
r21320,JanJingjing,2,5,2026/8/15,334,0
r21321,NamtanFilm,3,68,2026/8/16,3528,0
r21322,EngLot,5,38,2026/8/19,5685,0
r21323,LingOrm,4,1,2026/8/15,142,0
r21324,EngLot,8,1,2026/8/15,654,1
r21326,EmiBonnie,1,0,2026/8/15,127,1
r21327,JanJingjing,8,7,2026/8/15,917,0
r21328,LingOrm,1,1,2026/8/22,32,0
r21329,JanJingjing,2,3,2026/8/15,194,0
r21330,EmiBonnie,1,6,2026/8/30,39,0
r21332,MilkLove,7,0,2026/8/15,66,1
r21333,NamneungNoey,6,2,2026/8/16,444,0
r21334,LingOrm,12,7,2026/8/17,3072,1
r21335,JanJingjing,6,6,2026/8/15,2711,1
r21336,LingOrm,1,1,2026/8/15,19,1
r21337,LingOrm,4,1,2026/8/15,78,0
r21338,EmiBonnie,8,1,2026/8/15,819,1
r21339,LingOrm,1,1,2026/8/15,25,0
r21340,EmiBonnie,2,0,2026/8/15,91,1
r21341,JanJingjing,2,7,2026/8/15,680,0
r21342,ViewJune,3,2,2026/8/15,46,1
r21344,JanJingjing,2,1,2026/8/16,40,0
r21345,EmiBonnie,1,0,2026/8/15,30,0
r21347,EmiBonnie,1,2,2026/8/15,103,0
r21348,GinJay,16,2,2026/8/15,386,1
r21349,EmiBonnie,7,1,2026/8/15,123,0
r21350,EmiBonnie,10,5,2026/8/15,254,1
r21351,NamtanFilm,4,14,2026/8/16,996,0
r21352,OomBam,2,2,2026/8/16,221,0
r21353,MilkLove,1,0,2026/8/15,12,0
r21354,LingOrm,1,0,2026/8/15,16,1
r21355,JaoyingMewnich,5,15,2026/8/17,830,0
r21356,NamtanFilm,4,3,2026/8/16,561,0
r21357,EmiBonnie,8,3,2026/8/16,388,0
r21358,NamneungNoey,2,1,2026/8/15,9,0
r21359,MablePangjie,4,4,2026/8/16,58,0
r21360,ViewMim,1,1,2026/8/16,28,0
r21361,JanJingjing,2,3,2026/8/23,132,0
r21362,LenaMiu,1,0,2026/8/16,79,0
r21363,EmiBonnie,1,0,2026/8/15,9,0
r21364,FreenBecky,6,16,2026/8/16,768,0
r21365,EmiBonnie,5,1,2026/8/17,24,1
r21366,OomBam,7,10,2026/8/15,1807,0
r21367,FreenBecky,3,16,2026/8/23,779,0
r21368,EmiBonnie,6,223,2026/8/16,16064,0
r21369,EngLot,1,0,2026/8/15,53,0
r21370,MilkLove,1,0,2026/8/15,9,0
r21371,ViewMim,2,1,2026/8/16,37,0
r21372,FayMay,2,5,2026/8/16,71,0
r21374,JanJingjing,4,1,2026/8/19,65,0
r21375,EmiBonnie,1,1,2026/8/18,23,0
r21376,EngLot,12,1,2026/8/16,396,1
r21377,FreenBecky,2,4,2026/8/20,90,0
r21378,JanJingjing,1,14,2026/8/16,896,0
r21379,NamtanFilm,3,7,2026/8/22,688,0
r21380,JanJingjing,9,24,2026/8/16,3193,1
r21381,JanJingjing,1,0,2026/8/17,62,0
r21382,JanJingjing,13,38,2026/8/16,7490,1
r21383,MablePangjie,1,0,2026/8/17,7,0
r21384,LingOrm,4,28,2026/8/17,2857,0
r21385,AppleMim,1,1,2026/8/19,20,0
r21386,EmiBonnie,12,0,2026/8/16,232,1
r21387,MilkLove,14,3,2026/8/16,543,1
r21388,FreenBecky,2,11,2026/8/16,85,0
r21389,LingOrm,1,1,2026/8/16,9,1
r21390,JanJingjing,4,0,2026/8/16,121,0
r21391,JanJingjing,2,3,2026/8/22,35,0
r21392,EmiBonnie,8,3,2026/8/16,302,1
r21393,FreenBecky,3,1,2026/8/16,50,0
r21394,EngLot,13,1,2026/8/16,197,1
r21395,LingOrm,1,0,2026/8/16,2,1
r21396,LingOrm,1,1,2026/8/16,8,1
r21397,LingOrm,1,4,2026/8/16,126,0
r21398,EngLot,1,0,2026/8/16,1,0
r21399,MilkLove,1,0,2026/8/16,25,0
r21400,LingOrm,4,19,2026/8/22,942,0
r21401,LingOrm,2,0,2026/8/16,34,0
r21402,PuyfaiPloy,1,2,2026/8/16,94,0
r21403,NamtanFilm,17,3,2026/8/20,1000,1
r21404,LingOrm,3,3,2026/8/17,74,0
r21405,EnjoyJune,3,10,2026/8/17,393,0
r21406,JanJingjing,4,2,2026/8/16,159,1
r21407,EngLot,16,68,2026/8/16,21853,0
r21408,ViewJune,1,0,2026/8/16,13,1
r21409,LingOrm,1,0,2026/8/16,14,0
r21410,EmiBonnie,1,1,2026/8/16,9,0
r21411,EmiBonnie,2,4,2026/8/22,504,0
r21412,LingOrm,11,5,2026/8/16,375,0
r21413,JanJingjing,5,2,2026/8/16,150,0
r21414,JanJingjing,2,0,2026/8/16,166,0
r21415,JanJingjing,1,3,2026/8/17,130,0
r21416,NamtanFilm,4,1,2026/8/16,179,0
r21417,EmiBonnie,11,54,2026/8/21,7761,0
r21418,JanJingjing,6,27,2026/8/18,4344,0
r21419,JanJingjing,4,2,2026/8/17,186,0
r21420,EmiBonnie,1,0,2026/8/16,6,0
r21421,EmiBonnie,2,0,2026/8/23,53,0
r21422,LingOrm,1,0,2026/8/16,25,0
r21423,LingOrm,4,1,2026/8/16,42,0
r21424,MilkLove,1,0,2026/8/17,36,0
r21425,MilkLove,1,1,2026/8/29,28,0
r21426,JanJingjing,2,0,2026/8/23,93,0
r21427,JanJingjing,8,9,2026/8/17,1635,0
r21428,JanJingjing,1,1,2026/8/25,78,0
r21429,EmiBonnie,1,0,2026/8/17,32,0
r21430,JanJingjing,3,8,2026/8/19,613,0
r21431,EmiBonnie,13,7,2026/8/17,256,0
r21432,JanJingjing,6,21,2026/8/19,2788,0
r21433,NamtanFilm,2,5,2026/8/21,270,0
r21434,LingOrm,21,3,2026/8/22,212,1
r21435,NamtanFilm,2,66,2026/8/23,1503,0
r21436,LingOrm,6,2,2026/8/17,269,0
r21438,NamneungNoey,13,51,2026/8/17,9662,0
r21439,EmiBonnie,2,2,2026/8/20,28,0
r21440,NamtanFilm,1,0,2026/8/19,69,0
r21441,LingOrm,4,4,2026/8/19,1007,0
r21442,LingOrm,6,4,2026/8/17,263,0
r21443,EmiBonnie,4,1,2026/8/18,171,1
r21444,LingOrm,7,16,2026/8/17,3347,1
r21445,EmiBonnie,2,0,2026/8/23,1,0
r21446,JanJingjing,1,1,2026/8/17,60,0
r21447,LingOrm,3,1,2026/8/27,86,0
r21448,MyChan,1,0,2026/8/28,23,0
r21449,KaoJaneJaneKao,7,0,2026/8/18,197,0
r21450,LenaMiu,5,1,2026/8/17,190,0
r21451,EngLot,3,209,2026/8/17,7229,0
r21453,EmiBonnie,3,2,2026/8/18,59,0
r21454,JanJingjing,21,6,2026/8/19,950,1
r21455,JuneMewnich,2,2,2026/8/20,72,0
r21456,JanJingjing,4,3,2026/8/25,229,0
r21457,LingOrm,7,10,2026/8/18,2713,1
r21458,FreenBecky,2,1,2026/8/18,23,0
r21459,EmiBonnie,2,11,2026/8/22,486,0
r21460,NamtanFilm,1,0,2026/8/17,17,0
r21461,JanJingjing,6,13,2026/8/18,3362,1
r21462,EngLot,2,0,2026/8/18,66,0
r21463,EmiBonnie,3,0,2026/8/19,176,0
r21464,LingOrm,1,0,2026/8/18,0,1
r21465,EngLot,1,6,2026/8/24,204,0
r21467,LingOrm,2,3,2026/8/18,54,0
r21469,EngLot,1,15,2026/8/23,1515,0
r21470,JanJingjing,5,1,2026/8/18,114,0
r21471,LingOrm,3,4,2026/8/19,548,0
r21472,EmiBonnie,4,56,2026/8/22,3234,0
r21473,MilkLove,1,3,2026/8/19,69,0
r21474,EmiBonnie,2,1,2026/8/19,27,0
r21475,EngLot,5,0,2026/8/18,74,1
r21477,EmiBonnie,3,1,2026/8/29,14,0
r21478,MilkLove,7,60,2026/8/19,4034,0
r21479,LenaMiu,9,1,2026/8/19,659,0
r21480,EmiBonnie,5,3,2026/8/24,577,0
r21481,MablePangjie,1,0,2026/8/18,22,0
r21482,PahnFond,1,3,2026/8/25,42,1
r21484,FreenBecky,1,0,2026/8/25,21,0
r21485,MilkLove,2,0,2026/8/19,37,1
r21486,EngLot,9,0,2026/8/19,81,0
r21487,LenaMiu,3,1,2026/8/27,97,0
r21488,EmiBonnie,2,6,2026/8/20,621,0
r21489,JanJingjing,3,4,2026/8/27,137,0
r21490,EmiBonnie,1,0,2026/8/23,3,0
r21491,EngLot,4,11,2026/8/19,1255,0
r21492,LingOrm,2,3,2026/8/19,19,0
r21493,EngLot,3,2,2026/8/20,138,0
r21494,LenaMiu,2,1,2026/8/20,93,0
r21495,EmiBonnie,1,3,2026/8/19,59,0
r21496,JanJingjing,1,1,2026/8/19,10,0
r21497,MilkLove,3,3,2026/8/20,57,0
r21498,EmiBonnie,1,1,2026/8/31,0,0
r21499,JanJingjing,10,3,2026/8/19,319,0
r21500,OomBam,35,2,2026/8/19,546,1
r21501,EmiBonnie,2,2,2026/8/19,14,0
r21502,JanJingjing,1,1,2026/8/19,43,0
r21503,EngLot,3,5,2026/8/19,428,0
r21504,EmiBonnie,3,0,2026/8/19,14,0
r21505,EmiBonnie,1,2,2026/8/22,12,0
r21506,FreenBecky,2,28,2026/8/25,681,0
r21507,EmiBonnie,4,2,2026/8/20,261,0
r21508,LingOrm,2,1,2026/8/29,92,0
r21509,EmiBonnie,1,0,2026/8/29,2,0
r21510,EmiBonnie,2,0,2026/8/30,4,0
r21511,EngLot,1,0,2026/8/20,8,0
r21512,JanJingjing,1,2,2026/8/20,116,0
r21513,OomBam,4,18,2026/8/26,893,0
r21514,NamtanFilm,4,26,2026/8/24,1604,0
r21515,EngLot,1,1,2026/8/20,104,0
r21516,PahnFond,6,3,2026/8/20,359,0
r21517,NamneungNoey,2,2,2026/8/26,125,0
r21518,EngLot,1,1,2026/8/20,22,0
r21519,EmiBonnie,3,0,2026/8/21,37,0
r21520,JanJingjing,3,1,2026/8/20,143,0
r21521,EngLot,3,1,2026/8/26,95,0
r21522,EngLot,1,1,2026/8/22,14,0
r21523,FreenBecky,2,0,2026/8/20,25,0
r21524,MablePangjie,4,0,2026/8/22,49,0
r21525,EmiBonnie,2,2,2026/8/23,24,0
r21526,LingOrm,3,16,2026/8/20,781,0
r21527,FreenBecky,3,1,2026/8/27,22,0
r21528,EmiBonnie,5,2,2026/8/20,118,0
r21529,MilkLove,3,1,2026/8/20,24,0
r21531,EmiBonnie,2,1,2026/8/20,20,0
r21532,EmiBonnie,3,2,2026/8/24,59,0
r21533,FreenBecky,4,5,2026/8/20,129,0
r21534,EmiBonnie,7,4,2026/8/21,309,1
r21536,LenaMiu,1,6,2026/8/28,134,0
r21537,EmiBonnie,1,2,2026/8/22,69,0
r21538,NamtanFilm,2,2,2026/8/21,78,0
r21539,NamtanFilm,1,0,2026/8/28,9,0
r21540,EmiBonnie,1,5,2026/8/25,151,0
r21541,LenaMiu,2,0,2026/8/21,126,0
r21542,NamneungNoey,1,1,2026/8/21,53,0
r21543,JanJingjing,3,3,2026/8/21,231,0
r21544,EmiBonnie,1,0,2026/8/24,50,0
r21545,JanJingjing,6,4,2026/8/22,471,0
r21546,JanJingjing,16,31,2026/8/21,3627,1
r21547,LenaMiu,8,4,2026/8/21,1213,0
r21548,EmiBonnie,2,0,2026/8/22,14,0
r21549,NamtanFilm,5,3,2026/8/22,573,0
r21550,LingOrm,9,3,2026/8/21,737,0
r21551,JanJingjing,2,2,2026/8/24,102,0
r21552,MilkLove,32,5,2026/8/25,130,1
r21553,PuyfaiPloy,5,2,2026/8/21,146,0
r21554,EnjoyJune,1,4,2026/8/21,82,0
r21555,TkNur,3,2,2026/8/22,83,0
r21556,EmiBonnie,3,1,2026/8/22,74,0
r21557,EmiBonnie,1,1,2026/8/21,10,0
r21558,JanJingjing,2,5,2026/8/21,275,0
r21559,FreenBecky,1,1,2026/8/27,26,0
r21560,NamneungNoey,1,0,2026/8/21,9,0
r21561,JanJingjing,8,26,2026/8/21,3342,0
r21562,JanJingjing,1,0,2026/8/22,40,0
r21563,EmiBonnie,1,2,2026/8/22,47,0
r21564,PuyfaiPloy,2,2,2026/8/21,123,0
r21565,EmiBonnie,9,4,2026/8/21,158,1
r21566,JanJingjing,1,0,2026/8/22,10,0
r21567,GinJay,4,9,2026/8/21,456,0
r21568,EmiBonnie,1,2,2026/8/21,22,0
r21569,EmiBonnie,3,0,2026/8/23,36,0
r21570,JanJingjing,2,2,2026/8/21,92,0
r21571,NamneungNoey,2,3,2026/8/21,76,0
r21572,KaoJaneJaneKao,1,4,2026/8/29,105,0
r21573,NamtanFilm,1,0,2026/8/21,7,0
r21574,MilkLove,2,1,2026/8/25,63,0
r21575,EmiBonnie,2,0,2026/8/21,21,0
r21577,EnjoyJune,22,8,2026/8/21,971,1
r21578,FreenBecky,5,0,2026/8/22,40,0
r21579,JanJingjing,2,0,2026/8/22,111,0
r21580,AppleMim,2,2,2026/8/22,31,0
r21581,LingOrm,1,2,2026/8/22,122,1
r21582,EmiBonnie,3,1,2026/8/22,19,1
r21583,EmiBonnie,2,1,2026/8/22,13,0
r21584,EmiBonnie,4,2,2026/8/25,31,0
r21585,FreenBecky,5,1,2026/8/22,106,0
r21586,LingOrm,27,5,2026/8/24,1484,1
r21587,LingOrm,1,1,2026/8/27,40,0
r21588,JanJingjing,4,7,2026/8/24,498,0
r21589,JanJingjing,2,14,2026/8/24,735,0
r21590,JanJingjing,25,13,2026/8/23,6340,1
r21591,EmiBonnie,5,25,2026/8/27,1291,0
r21592,NamtanFilm,1,3,2026/8/29,50,0
r21594,FreenBecky,3,5,2026/8/22,83,1
r21595,NamneungNoey,1,0,2026/8/22,6,0
r21596,EmiBonnie,1,0,2026/8/22,4,0
r21597,KapookCiize,2,1,2026/8/22,104,0
r21598,JanJingjing,4,0,2026/8/22,70,0
r21599,EmiBonnie,1,0,2026/8/23,28,0
r21600,GinJay,4,3,2026/8/22,271,0
r21601,LenaMiu,1,5,2026/8/22,279,0
r21602,EmiBonnie,6,1,2026/8/22,24,0
r21603,JanJingjing,1,6,2026/8/23,256,0
r21604,EngLot,2,57,2026/8/29,1849,0
r21605,JanJingjing,7,18,2026/8/23,3447,0
r21606,EmiBonnie,1,0,2026/8/22,50,0
r21607,JanJingjing,2,3,2026/8/24,202,0
r21608,MeenBabe,4,1,2026/8/23,47,0
r21609,NamneungNoey,2,4,2026/8/23,97,0
r21610,LingOrm,5,2,2026/8/24,108,0
r21611,NamtanFilm,2,17,2026/8/23,1016,0
r21612,FayMay,14,0,2026/8/22,96,1
r21613,EmiBonnie,1,1,2026/8/23,65,1
r21614,EngLot,17,0,2026/8/23,814,0
r21615,EmiBonnie,4,2,2026/8/25,118,0
r21617,EmiBonnie,4,0,2026/8/28,9,0
r21618,JaoyingMewnich,4,1,2026/8/22,61,0
r21619,LenaMiu,10,0,2026/8/22,401,1
r21620,EmiBonnie,1,1,2026/8/23,8,0
r21621,FreenBecky,1,1,2026/8/26,3,0
r21622,EngLot,3,1,2026/8/22,114,0
r21623,FreenBecky,1,4,2026/8/26,54,0
r21624,LingOrm,1,1,2026/8/22,13,0
r21625,EmiBonnie,3,0,2026/8/22,28,0
r21626,EngLot,16,8,2026/8/23,1080,0
r21627,JanJingjing,3,2,2026/8/22,194,0
r21628,EmiBonnie,1,0,2026/8/22,2,0
r21629,LingOrm,5,1,2026/8/23,98,0
r21630,KapookCiize,2,2,2026/8/23,180,1
r21631,JanJingjing,3,3,2026/8/23,163,0
r21632,NookAlex,1,1,2026/8/27,62,0
r21634,EmiBonnie,8,23,2026/8/25,1376,0
r21635,EmiBonnie,7,0,2026/8/23,87,1
r21636,MilkLove,2,0,2026/8/23,20,1
r21637,EmiBonnie,1,0,2026/8/23,15,0
r21638,EmiBonnie,5,12,2026/8/23,669,0
r21639,EmiBonnie,2,0,2026/8/23,22,0
r21640,JanJingjing,2,3,2026/8/26,235,0
r21641,OomBam,3,3,2026/8/23,470,0
r21642,EmiBonnie,1,0,2026/8/23,19,1
r21643,EmiBonnie,1,11,2026/8/24,500,0
r21644,MilkLove,2,0,2026/8/25,39,0
r21645,EnjoyJune,22,15,2026/8/23,2551,1
r21646,MilkLove,1,10,2026/8/23,311,1
r21647,ViewJune,1,0,2026/8/23,1,0
r21648,EmiBonnie,4,0,2026/8/23,37,1
r21649,EngLot,4,1,2026/8/23,61,0
r21650,JanJingjing,4,5,2026/8/24,545,0
r21651,EmiBonnie,1,1,2026/8/23,11,1
r21652,TkNur,2,3,2026/8/26,76,0
r21653,FreenBecky,1,0,2026/8/23,2,0
r21654,LingOrm,3,0,2026/8/23,78,0
r21655,NamneungNoey,1,0,2026/8/23,13,1
r21656,LingOrm,1,0,2026/8/23,43,0
r21657,MilkLove,5,1,2026/8/23,120,0
r21658,MilkLove,1,7,2026/8/25,213,0
r21659,EmiBonnie,7,3,2026/8/23,95,1
r21661,EmiBonnie,1,1,2026/8/23,50,0
r21662,EmiBonnie,3,0,2026/8/23,38,0
r21663,LenaMiu,3,0,2026/8/24,61,0
r21665,MeenBabe,1,1,2026/8/24,52,0
r21666,EmiBonnie,1,5,2026/8/26,94,0
r21667,LingOrm,3,2,2026/8/23,60,0
r21668,JanJingjing,1,0,2026/8/30,20,0
r21670,NamtanFilm,15,2,2026/8/27,455,0
r21671,EmiBonnie,2,1,2026/8/23,7,0
r21672,JanJingjing,2,7,2026/8/26,315,0
r21673,EngLot,2,30,2026/8/25,962,0
r21674,EmiBonnie,1,0,2026/8/26,123,0
r21675,EmiBonnie,2,0,2026/8/24,33,0
r21676,JanJingjing,1,0,2026/8/23,52,0
r21677,FreenBecky,2,26,2026/8/24,644,0
r21678,LenaMiu,1,10,2026/8/23,320,0
r21679,LenaMiu,8,0,2026/8/24,205,1
r21680,EmiBonnie,1,0,2026/8/24,20,0
r21681,MilkLove,1,4,2026/8/29,40,0
r21682,EngLot,2,0,2026/8/25,33,0
r21683,JanJingjing,1,2,2026/8/24,150,0
r21684,JaoyingMewnich,2,3,2026/8/25,97,0
r21685,EmiBonnie,1,0,2026/8/24,62,0
r21686,NamtanFilm,1,1,2026/8/25,54,0
r21687,MilkLove,4,3,2026/8/24,183,0
r21688,LingOrm,2,105,2026/8/30,1669,0
r21689,JanJingjing,1,2,2026/8/30,46,0
r21690,EmiBonnie,2,0,2026/8/24,8,0
r21691,LingOrm,6,0,2026/8/24,86,0
r21692,LingOrm,1,5,2026/8/25,95,1
r21693,NamtanFilm,1,0,2026/8/25,5,0
r21694,LingOrm,3,5,2026/8/25,139,0
r21695,LingOrm,1,16,2026/8/25,363,0
r21696,EngLot,2,1,2026/8/24,31,0
r21697,MilkLove,2,0,2026/8/26,38,0
r21698,EmiBonnie,3,0,2026/8/24,15,0
r21699,EmiBonnie,2,13,2026/8/24,101,0
r21700,EmiBonnie,1,1,2026/8/25,31,0
r21701,JanJingjing,1,0,2026/8/24,38,0
r21702,MablePangjie,5,1,2026/8/24,70,0
r21703,FreenBecky,2,3,2026/8/26,90,0
r21704,FreenBecky,3,15,2026/8/24,714,0
r21705,LenaMiu,1,1,2026/8/24,129,0
r21706,MilkLove,1,1,2026/8/25,35,0
r21707,EmiBonnie,3,1,2026/8/24,14,0
r21708,LingOrm,36,3,2026/8/24,471,1
r21709,PahnFond,2,3,2026/8/24,78,0
r21710,EmiBonnie,1,1,2026/8/26,17,0
r21711,MilkLove,1,0,2026/8/24,27,0
r21712,EmiBonnie,3,0,2026/8/24,22,0
r21713,EmiBonnie,3,9,2026/8/26,248,0
r21714,LenaMiu,4,2,2026/8/25,189,0
r21715,JanJingjing,4,3,2026/8/25,67,0
r21716,JanJingjing,3,2,2026/8/25,205,0
r21717,JanJingjing,8,3,2026/8/25,513,0
r21718,EmiBonnie,1,0,2026/8/25,5,0
r21719,LingOrm,3,36,2026/8/25,2871,0
r21720,JanJingjing,1,0,2026/8/25,11,0
r21721,LenaMiu,2,1,2026/8/25,247,0
r21722,JanJingjing,1,1,2026/8/25,105,1
r21723,EmiBonnie,8,2,2026/8/25,77,1
r21724,EmiBonnie,4,3,2026/8/25,109,1
r21725,EmiBonnie,5,2,2026/8/25,45,0
r21727,JanJingjing,5,1,2026/8/27,111,0
r21728,EmiBonnie,5,2,2026/8/25,144,0
r21729,LenaMiu,3,3,2026/8/25,149,0
r21730,EmiBonnie,2,0,2026/8/25,16,0
r21731,LingOrm,1,1,2026/8/25,90,1
r21732,EmiBonnie,1,1,2026/8/26,23,0
r21733,JanJingjing,2,2,2026/8/25,254,0
r21734,NamneungNoey,5,43,2026/8/26,2223,0
r21735,EmiBonnie,1,1,2026/8/27,44,0
r21736,EngLot,1,0,2026/8/25,45,0
r21737,LingOrm,1,0,2026/8/25,50,0
r21738,EmiBonnie,7,1,2026/8/26,104,0
r21739,NamneungNoey,3,0,2026/8/26,11,0
r21740,LingOrm,3,152,2026/8/26,10010,0
r21741,LingOrm,1,1,2026/8/27,20,0
r21742,MilkLove,1,1,2026/8/28,18,0
r21743,LingOrm,23,4,2026/8/25,749,1
r21744,LenaMiu,5,81,2026/8/26,2667,0
r21745,LingOrm,1,4,2026/8/27,119,1
r21746,JanJingjing,18,11,2026/8/26,2572,1
r21747,JanJingjing,1,1,2026/8/26,57,0
r21748,NikyEngland,1,0,2026/8/26,5,0
r21749,NamtanFilm,6,3,2026/8/26,230,0
r21750,LingOrm,4,4,2026/8/26,61,0
r21751,PuyfaiPloy,1,5,2026/8/26,34,0
r21752,OomBam,1,0,2026/8/31,0,0
r21753,EmiBonnie,10,5,2026/8/29,213,1
r21754,JanJingjing,2,6,2026/8/28,223,0
r21756,LingOrm,1,4,2026/8/31,150,0
r21757,EmiBonnie,7,0,2026/8/26,73,0
r21758,LingOrm,6,1,2026/8/26,87,0
r21759,JanJingjing,5,0,2026/8/27,122,0
r21760,JanJingjing,4,3,2026/8/26,335,1
r21761,GinJay,2,1,2026/8/26,150,0
r21762,EmiBonnie,5,1,2026/8/26,19,0
r21763,JanJingjing,6,1,2026/8/26,220,1
r21764,EnjoyJune,1,6,2026/8/26,109,0
r21765,JanJingjing,1,79,2026/8/29,1056,0
r21766,NamtanFilm,1,0,2026/8/31,13,0
r21767,EmiBonnie,2,2,2026/8/27,144,0
r21768,MilkLove,1,0,2026/8/27,9,0
r21770,LingOrm,30,0,2026/8/26,65,1
r21772,LingOrm,3,2,2026/8/28,30,0
r21773,LingOrm,16,0,2026/8/26,104,1
r21774,KaoJaneJaneKao,1,0,2026/8/28,5,0
r21775,LingOrm,1,5,2026/8/28,107,0
r21776,JanJingjing,2,1,2026/8/27,66,0
r21777,EmiBonnie,1,0,2026/8/28,6,0
r21778,JanJingjing,1,5,2026/8/30,96,0
r21779,EmiBonnie,2,2,2026/8/27,17,0
r21780,LingOrm,2,3,2026/8/27,52,0
r21781,JanJingjing,2,3,2026/8/27,125,0
r21782,JanJingjing,4,1,2026/8/27,137,0
r21783,LingOrm,2,30,2026/8/29,754,0
r21784,NamtanFilm,1,9,2026/8/29,155,0
r21785,NamtanFilm,1,4,2026/8/29,76,0
r21786,EmiBonnie,3,0,2026/8/27,18,0
r21787,JanJingjing,2,0,2026/8/28,16,0
r21788,LingOrm,2,1,2026/8/27,37,0
r21789,EmiBonnie,2,0,2026/8/27,12,0
r21790,MilkLove,4,1,2026/8/27,90,0
r21791,FreenBecky,4,2,2026/8/27,59,0
r21792,NamtanFilm,1,3,2026/8/27,79,0
r21793,JanJingjing,1,2,2026/8/28,54,0
r21794,EmiBonnie,1,0,2026/8/29,5,0
r21795,LingOrm,2,3,2026/8/27,479,0
r21796,LenaMiu,6,7,2026/8/28,627,0
r21797,EmiBonnie,2,1,2026/8/28,15,0
r21798,JanJingjing,6,12,2026/8/27,1464,0
r21799,EmiBonnie,6,13,2026/8/27,573,0
r21800,JanJingjing,1,66,2026/8/28,1437,0
r21801,LingOrm,2,0,2026/8/29,42,0
r21802,LingOrm,3,4,2026/8/28,778,0
r21803,JanJingjing,11,8,2026/8/28,645,0
r21804,TkNur,2,1,2026/8/31,7,0
r21805,EmiBonnie,1,1,2026/8/29,8,0
r21806,JanJingjing,1,6,2026/8/31,0,0
r21807,NamneungNoey,1,5,2026/8/30,28,0
r21808,AndaLookkaew,1,0,2026/8/31,0,0
r21809,EmiBonnie,2,2,2026/8/28,50,0
r21810,JanJingjing,1,8,2026/8/28,476,0
r21811,NamneungNoey,3,0,2026/8/28,11,0
r21812,OomBam,1,1,2026/8/28,274,0
r21813,EmiBonnie,3,0,2026/8/28,10,0
r21814,EngLot,15,1,2026/8/31,0,1
r21815,EngLot,1,0,2026/8/28,9,1
r21816,PuyfaiPloy,3,0,2026/8/28,75,0
r21817,EmiBonnie,1,0,2026/8/31,0,0
r21818,LingOrm,2,137,2026/8/30,2886,0
r21820,FreenBecky,3,1,2026/8/28,52,0
r21821,EngLot,1,0,2026/8/28,6,0
r21822,JanJingjing,3,1,2026/8/28,51,0
r21823,JanJingjing,1,7,2026/8/31,122,0
r21824,EmiBonnie,4,1,2026/8/28,32,0
r21825,LingOrm,9,0,2026/8/28,19,0
r21827,EmiBonnie,1,0,2026/8/29,3,0
r21828,NamneungNoey,1,1,2026/8/29,19,0
r21829,FreenBecky,3,2,2026/8/29,68,0
r21830,MablePangjie,1,2,2026/8/30,22,0
r21831,EmiBonnie,3,0,2026/8/29,59,0
r21832,LingOrm,1,2,2026/8/29,29,0
r21833,JanJingjing,1,10,2026/8/31,57,0
r21834,EmiBonnie,2,0,2026/8/30,7,0
r21835,EngLot,4,0,2026/8/30,24,0
r21836,LingOrm,8,12,2026/8/29,353,1
r21837,LingOrm,1,5,2026/8/29,164,0
r21838,EmiBonnie,3,0,2026/8/29,17,0
r21839,EngLot,3,2,2026/8/29,154,0
r21840,NamtanFilm,5,0,2026/8/29,31,0
r21841,LingOrm,2,0,2026/8/29,26,0
r21842,MilkLove,1,1,2026/8/29,33,0
r21843,MilkLove,1,1,2026/8/30,18,0
r21844,EngLot,2,1,2026/8/30,22,0
r21845,LingOrm,1,0,2026/8/29,27,0
r21846,NamtanFilm,1,2,2026/8/29,35,0
r21847,LingOrm,2,4,2026/8/30,51,0
r21848,EmiBonnie,1,1,2026/8/30,7,0
r21849,EmiBonnie,2,0,2026/8/29,3,0
r21850,EmiBonnie,2,1,2026/8/31,0,0
r21851,JanJingjing,1,0,2026/8/29,28,0
r21852,EmiBonnie,11,1,2026/8/30,29,1
r21853,EmiBonnie,7,0,2026/8/30,30,1
r21854,JanJingjing,3,1,2026/8/29,54,0
r21855,NamneungNoey,1,0,2026/8/29,5,0
r21856,EmiBonnie,1,0,2026/8/29,5,0
r21857,EngLot,1,0,2026/8/30,33,0
r21858,LingOrm,1,0,2026/8/31,6,0
r21859,JanJingjing,1,24,2026/8/30,408,0
r21860,JanJingjing,5,0,2026/8/30,45,0
r21861,JanJingjing,2,1,2026/8/31,0,0
r21862,EmiBonnie,1,1,2026/8/30,54,0
r21863,MilkLove,1,1,2026/8/30,42,0
r21865,FreenBecky,1,2,2026/8/30,9,0
r21866,EmiBonnie,5,0,2026/8/30,4,0
r21867,EmiBonnie,1,1,2026/8/30,15,0
r21868,FreenBecky,3,6,2026/8/30,84,0
r21870,LenaMiu,16,0,2026/8/30,146,1
r21871,LenaMiu,4,1,2026/8/30,39,0
r21872,NamtanFilm,1,0,2026/8/30,12,1
r21873,EmiBonnie,1,1,2026/8/30,9,0
r21874,LingOrm,7,0,2026/8/30,41,0
r21875,LingOrm,1,0,2026/8/30,5,0
r21876,JaoyingMewnich,1,0,2026/8/30,22,0
r21877,LingOrm,1,0,2026/8/30,3,0
r21878,LingOrm,3,36,2026/8/30,486,0
r21879,EmiBonnie,1,0,2026/8/30,1,0
r21880,EmiBonnie,1,0,2026/8/30,7,0
r21881,EnjoyJune,5,3,2026/8/30,34,0
r21882,EmiBonnie,2,3,2026/8/30,6,0
r21883,LingOrm,1,0,2026/8/30,8,0
r21884,NamtanFilm,1,2,2026/8/30,28,0
r21885,EmiBonnie,2,1,2026/8/30,4,0
r21886,EmiBonnie,2,0,2026/8/30,12,0
r21887,EmiBonnie,1,0,2026/8/30,10,0
r21888,JanJingjing,2,2,2026/8/30,28,0
r21889,EmiBonnie,1,0,2026/8/30,9,0
r21890,ViewJune,2,0,2026/8/30,0,0
r21891,EngLot,3,0,2026/8/30,2,0
r21892,LingOrm,1,1,2026/8/30,13,0
r21893,JanJingjing,1,47,2026/8/31,0,0
r21894,EmiBonnie,2,0,2026/8/31,0,0
r21895,MilkLove,1,0,2026/8/30,6,0
r21896,EmiBonnie,1,1,2026/8/31,10,0
r21897,OomBam,1,1,2026/8/31,0,0
r21898,NookAlex,2,2,2026/8/31,0,0
r21899,JanJingjing,8,1,2026/8/31,0,0
r21900,LenaMiu,6,0,2026/8/31,0,0
r21901,JanJingjing,2,0,2026/8/31,0,0
r21902,LingOrm,1,7,2026/8/31,0,0
r21903,LenaMiu,3,0,2026/8/31,0,0
r21904,JanJingjing,1,0,2026/8/31,0,0
r21905,FreenBecky,1,1,2026/8/31,0,0
r21906,LenaMiu,2,2,2026/8/31,35,0
r21907,EmiBonnie,1,0,2026/8/31,0,0
r21908,JanJingjing,1,1,2026/8/31,0,0
r21909,JanJingjing,1,0,2026/8/31,0,0
r21910,LingOrm,1,2,2026/8/31,0,0
r21911,NamneungNoey,40,177,2019/11/9,105726,1
r21912,NamneungNoey,3,10,2020/5/1,2444,0
r21913,NamneungNoey,3,71,2020/1/11,7342,0
r21914,NamneungNoey,5,3,2020/5/2,807,0
r21915,NamneungNoey,1,2,2020/3/11,607,0
r21916,NamneungNoey,1,116,2019/6/9,8631,0
r21917,NamneungNoey,3,128,2019/7/4,12313,0
r21918,NamneungNoey,17,27,2020/4/24,11847,0
r21919,NamneungNoey,1,77,2019/6/9,10263,0
r21920,NamneungNoey,2,27,2020/1/20,3107,0
r21921,NamneungNoey,14,27,2020/2/6,19192,0
r21922,NamneungNoey,46,55,2020/1/16,7928,0
r21923,NamneungNoey,3,16,2020/1/14,2696,0
r21924,NamneungNoey,1,19,2020/4/9,10988,1
r21925,NamneungNoey,1,21,2020/4/21,5298,0
r21926,LingOrm,2,7,2024/10/23,1742,0
r21927,NamneungNoey,3,2,2020/5/31,1512,0
r21928,NamneungNoey,3,5,2020/5/6,1726,0
r21929,NamneungNoey,6,104,2020/3/26,22197,0
r21930,NamneungNoey,17,111,2019/6/10,31269,1
r21931,NamneungNoey,1,36,2020/1/12,2640,0
r21932,NamneungNoey,1,3,2020/3/29,636,0
r21933,NamneungNoey,6,34,2020/2/3,12765,0
r21934,NamneungNoey,2,17,2020/3/27,4582,0
r21935,NamneungNoey,5,46,2019/6/26,8979,0
r21936,NamneungNoey,8,141,2019/9/26,34719,0
r21937,NamneungNoey,1,30,2020/1/28,9484,1
r21938,NamneungNoey,5,9,2020/9/3,2889,0
r21940,NamneungNoey,5,20,2020/1/13,5021,0
r21941,JanJingjing,3,3,2026/5/15,419,0
r21942,NamneungNoey,94,284,2019/6/19,203617,1
r21943,NamneungNoey,42,135,2020/1/13,56251,1
r21944,NamneungNoey,1,12,2020/4/23,1570,0
r21945,NamneungNoey,23,111,2020/1/11,44735,1
r21946,NamneungNoey,28,92,2020/3/12,28788,1
