detail_key,link,title,author
r22,https://www.readawrite.com/a/KZsoms,affection.HER,hopeless.m
r228,https://www.readawrite.com/a/Z3mihr,KHO JAO / BonnieEmi,busstation♡
r273,https://www.readawrite.com/a/Z48av6,ไปไหนพิ้ง &mdash; emibonnie,greenpeople
r436,https://www.readawrite.com/a/Z5jaxl,ใครเพื่อนแก | emibonnie,imatchayou
r511,https://www.readawrite.com/a/Z61f9k,ขวัญใจนักบาส : Laz1,Writer_rin 🌟
r803,https://www.readawrite.com/a/Z6xdck,#เจ้าความรัก | emibonnie,Bluebellslove.
r1288,https://www.readawrite.com/a/Z7rh09,แฟนคลับ | satangwinny,ช่องยี่สิบห้าตึกฟ้า
r2530,https://www.readawrite.com/a/Za03mf,ฝนหลงฤดู &mdash; emibonnie,blueue
r2577,https://www.readawrite.com/a/Za2dn5,ex-girlfriend | emibonnie,Ruesara
r2585,https://www.readawrite.com/a/Za2jot,จ้านเซียงหลงใจ๋ | emibonnie,notinlove
r2824,https://www.readawrite.com/a/Zaax0g,เอสอาเทอร์ | Emibonnie,พีพีอาร์
r2985,https://www.readawrite.com/a/Zafste,เราขอแอบรักพี่หมอต่อไป -​ emibonnie,ทำๆไปก่อน
r3059,https://www.readawrite.com/a/Zahhby,ช่วยทำตัวปกติเหมือนคนอื่นได้มั้ยคะ | emibonnie,ชาเขียวสีเขียว
r3094,https://www.readawrite.com/a/Zaicg9,grow up than now - emibonnie,pitah
r3155,https://www.readawrite.com/a/Zak1jt,jellyfish | emibonnie,bethedofour
r3294,https://www.readawrite.com/a/Zanmrm,ไอ้นี่เนี่ยนะ | EMIBONNIE,EB
r3304,https://www.readawrite.com/a/Zansdd,ทีละนิด - emibonnie,9dinine
r3626,https://www.readawrite.com/a/Zaxp9i,กลิ่นไอฝน - Emibonnie -,องุ่นไซตามะ
r3901,https://www.readawrite.com/a/Zb6rso,just friends /emibonnie,Fah.xi
r3986,https://www.readawrite.com/a/Zb90ph,อินเชื่อใจ &rsquo; emibonnie,iproudof u.
r3996,https://www.readawrite.com/a/Zb990w,เกลียดเด็กสภา,หลังท้องฟ้าที่สดใส
r4285,https://www.readawrite.com/a/Zbihmw,charm(ed) you | emibonnie,SiLenT
r4692,https://www.readawrite.com/a/Zbtrj0,ranked match ! | emibonnie,soul.n2
r4950,https://www.readawrite.com/a/Zc1n2o,"pretty neighbor , emibonnie",myfrecklesloveu
r5086,https://www.readawrite.com/a/Zc4y3d,สิ้นสุดทางรัก|emibonnie,บี๋บอนค้าบเอื้อยยย
r5244,https://www.readawrite.com/a/Zca1d7,the girl next door! |emibonnie,nipponbluu
r5607,https://www.readawrite.com/a/Zcjtp9,ซ้อไม่เลี้ยงเด็ก-emibonnie,คุณบุรินทร์
r5628,https://www.readawrite.com/a/Zckg2o,จันทร์เอ๋ยจันทร์เจ้า,love emibonnie
r5798,https://www.readawrite.com/a/Zcow2x,คู่นี้ฟินเวอร์ |PEEMTHAI|,G.
r5869,https://www.readawrite.com/a/Zcqi11,พื้นที่ปลอดแจ๋ม  | emi &amp; bonnie,fungsoop
r5907,https://www.readawrite.com/a/Zcrtio,กูเกลียดหมาแฝด | AKJ,แต่งตามฟิว👁️🫦👁️🤟
r5908,https://www.readawrite.com/a/Zcru04,เรื่องเล่าของเจ้าหญิง | เอมี่บอนนี่,yisadai
r5919,https://www.readawrite.com/a/Zcs4fh,tianmolly | EmiBonnie,m00min
r5987,https://www.readawrite.com/a/Zctrdi,ทานตะวันกลางคืน | emibonnie,SiChompoo
r6106,https://www.readawrite.com/a/Zcwo0w,เมอร์หน้าเมะ|Emibonnie,Theerax
r6123,https://www.readawrite.com/a/Zcx5wi,พี่เลี้ยงเด็ก # เอมี่บอนนี่,ท้องฟ้าสีคราม นามสมมุติ☔
r6313,https://www.readawrite.com/a/Zd3a6g,ไอ้หมา|Emi x Bonnie,natiii★
r6438,https://www.readawrite.com/a/Zd6ep7,คุณลูกค้า &mdash; emibonnie,imyoursummer
r6467,https://www.readawrite.com/a/Zd77qx,chemistry,มิถุนผู้รอกรกฎ
r6478,https://www.readawrite.com/a/Zd7jcq,She's next to the room ― bonnieemi,โกโก้ปั่นแก้วกลางหวานศูนย์
r6552,https://www.readawrite.com/a/Zd9a3c,forget me (or) not | emibonnie,busstation♡
r6600,https://www.readawrite.com/a/Zdac9m,I like golden|emibonnie,kenwingsboi
r6691,https://www.readawrite.com/a/Zdcqho,zero percent | emibonnie,infiniteblue
r6702,https://www.readawrite.com/a/Zdcxru,สวนรักใต้แสงตะวัน|EmiBonnie,Any
r6718,https://www.readawrite.com/a/Zddbki,ดับเบิลบี ; juniormark x emibonnie,exoticmeqlin
r6743,https://www.readawrite.com/a/Zddxsq,พ่อหมอแม๋ว | pondphuwin,ตีนไก่แซ่บๆๆ
r6845,https://www.readawrite.com/a/Zdgcr9,เอาไงวะไอ้พี่ - emibonnie,inuju
r6872,https://www.readawrite.com/a/Zdgtsp,กลรักเกมร้าย [วิลเลี่ยมเอส],สาววายใจฟู
r6873,https://www.readawrite.com/a/Zdgxvn,วอนขอดาว | emibonnie,คิตตี้ ้ ้ &hearts;️🫰🏻
r6879,https://www.readawrite.com/a/Zdh1yd,แล้วแต่มาโปรด | emibonnie,goldiedrop
r6895,https://www.readawrite.com/a/Zdhcgf,สัญญารักกลางฤดูหนาว | emibonnie,Kachaphetx
r6929,https://www.readawrite.com/a/Zdi179,SUNSHINE | เอมี่บอนนี่,I.am.Pluto:2
r6933,https://www.readawrite.com/a/Zdi3ku,Toy | Emibonnie,$us_tain
r6940,https://www.readawrite.com/a/Zdibbl,Two| emibonnie,twentyfive_ee
r6969,https://www.readawrite.com/a/Zdiusb,one | emibonnie,비우
r6972,https://www.readawrite.com/a/Zdiwwg,friend - emibonnie,"ma , rin"
r6977,https://www.readawrite.com/a/Zdj0v9,Doctor ? | EB,หกสิบเอ็ด
r6980,https://www.readawrite.com/a/Zdj5p5,ให้อภัยสักครั้ง|emibonnie,kenwingsboi
r7003,https://www.readawrite.com/a/Zdjort,ชอบหมี่เกี๊ยว | emibonnie,theyc
r7046,https://www.readawrite.com/a/Zdkqx4,long time no sei | emibonnie,goldiedrop
r7047,https://www.readawrite.com/a/Zdkr02,หมาเด่กกับพี่สาวคนสวย. |เอมี่บอนนี่,URANU.✮⋆˙
r7048,https://www.readawrite.com/a/Zdkrdc,หนังสือเล่มเดิม|เอมี่บอนนี่,"맛있고, 꽉 끼고, 뜨거운 머리.🤔"
r7053,https://www.readawrite.com/a/Zdkxj0,คู่กัด|เอมี่บอนนี่,ดาวประกาย. 💫🖊️
r7057,https://www.readawrite.com/a/Zdl23w,อย่ากวนตีน | emibonnie,ตี๋ติ๋มลูกพถ
r7074,https://www.readawrite.com/a/Zdla56,ยัยเย็นชากับไอหมาเด๋ก|เอมี่บอนนี่,พลูโตเเสนสดใส🐣
r7110,https://www.readawrite.com/a/Zdm7ah,อย่ามองหาฝุ่นในบ้านของจิตรกร - emibonnie,เพราะโลกหมุนรอบตัวเธอ
r7127,https://www.readawrite.com/a/Zdmhi3,she&rsquo;s mine | emibonnie,tissue dog
r7129,https://www.readawrite.com/a/Zdmia9,อิ่มเบเกอรี่ | emibonnie,น่านฝัน
r7134,https://www.readawrite.com/a/Zdmnwq,ซ่อนเธอไว้เพลย์ลิสต์ | emibonnie,ZARANA
r7155,https://www.readawrite.com/a/Zdn3xj,อดีตรักCEO,เจ้าพูม่า
r7191,https://www.readawrite.com/a/Zdnqpm,On Your Plate &mdash; emibonnie,cahn
r7212,https://www.readawrite.com/a/Zdocub,มิจมั้ย | emibonnie,malueggueggui
r7215,https://www.readawrite.com/a/Zdoew3,พลอยชมพู | emibonnie,ไรท์เตอร์แกรมมี่💙🎧
r7231,https://www.readawrite.com/a/Zdoqxf,ระยะเผลอ|emibonnie,เหล็มเหล็ม
r7239,https://www.readawrite.com/a/Zdp27n,(os) แพลงก์ตอน | emibonnie,ศูนย์สี่หนึ่งสอง
r7242,https://www.readawrite.com/a/Zdp5vc,otakutism &mdash; bonnieemi,@nothingness
r7253,https://www.readawrite.com/a/Zdpdk1,"ถาปัตย์ส่งสาร , emibonnie",ddorthxes
r7263,https://www.readawrite.com/a/Zdpp8i,ลักยิ้ม | skynani,WอWอ
r7265,https://www.readawrite.com/a/Zdpq9g,รอ | emibonnie,IAMYOUR🎧
r7266,https://www.readawrite.com/a/Zdpqqy,coincidentally | emibonnie,justthink
r7273,https://www.readawrite.com/a/Zdpyg2,moonsun | emibonnie,xinjiayui
r7291,https://www.readawrite.com/a/Zdqfhy,Whispers of heart | emibonnie,อัญญารินทร์🥀
r7311,https://www.readawrite.com/a/Zdqyaw,ผมรู้ว่าคุณเลี้ยงไข้ ผมเลยไม่อยากกินยา - emibonnie,KHUNPradid
r7313,https://www.readawrite.com/a/Zdr0i3,คิดถึงคนิ้ง │ emibonnie (rewrite),namesong
r7325,https://www.readawrite.com/a/Zdrc7r,คนคุยเก่า//เอมี่บอนนี่,อยากกินสลัด
r7327,https://www.readawrite.com/a/Zdrdd1,ประธานนักเรียนที่(รัก),Natnicha
r7341,https://www.readawrite.com/a/Zdrsp5,หมาคิมบับ| emibonnie,sawsunset
r7350,https://www.readawrite.com/a/Zdrym6,โปรดซักผ้าในวันที่แดดออก,SeulKi
r7362,https://www.readawrite.com/a/Zdsbbq,จีบหลิน &mdash; emibonnie,iproudof u.
r7375,https://www.readawrite.com/a/Zdsh32,First love |bonnieemi,eiei1
r7394,https://www.readawrite.com/a/Zdsnrl,ผมยาวไม่ได้แปลว่าสวยค่ะหนู &mdash; emibonnie,thursdaynight.
r7395,https://www.readawrite.com/a/Zdsok2,เปี๊ยก | emibonnie,Merisa
r7398,https://www.readawrite.com/a/Zdsrd2,ศัตรู | EMIBONNIE,ณ.ฟ้า🫧
r7409,https://www.readawrite.com/a/Zdt933,จีบ |emibonnie,เนยทรงกระโหลก
r7412,https://www.readawrite.com/a/Zdt9yb,ฤดูฝนที่(ไม่)รอคอย,เจ้ากาแฟ
r7413,https://www.readawrite.com/a/Zdtat3,นิชา(ค)วีน - emibonnie,YerberaEiei
r7416,https://www.readawrite.com/a/Zdtbkw,ไป๋เปเปอร์ &mdash; emibonnie,junggu
r7423,https://www.readawrite.com/a/Zdtjvg,สายนิเทศนี้ไม่แพ้ใคร | JuniorMark,ไรท์เมร่อนดี
r7433,https://www.readawrite.com/a/Zdtrew,listen &mdash; emibonnie,cahn
r7438,https://www.readawrite.com/a/Zdtuat,เพียงผกา|emibonnie,kaokaikrob
r7450,https://www.readawrite.com/a/Zdu9mt,#บิมบัมไม่น่าเลย | emibonnie,หะเห้ย
r7452,https://www.readawrite.com/a/Zdu9pt,เมื่อเธอเข้ามา,นักเรียนช่างกล
r7471,https://www.readawrite.com/a/Zduovn,เพื่อนรัก||เอมี่บอนนี่,อุอิอิอ้าเองง
r7482,https://www.readawrite.com/a/Zduvm5,Turn back time : ฉันย้อนเวลากลับมา ||emibonnie,~Mul~
r7488,https://www.readawrite.com/a/Zdv469,พอ หยุดเรียกเจ้ได้ยัง|eimbonnie,soflkkkkkk
r7489,https://www.readawrite.com/a/Zdv4lj,พบรัก |emibonnie,supichaya pp
r7497,https://www.readawrite.com/a/Zdv5ke,The art of heart|Emibonnie,PPP_Thorfan
r7509,https://www.readawrite.com/a/Zdvbub,"howloud?a"" WHISPER ""| embn",triplese7en
r7512,https://www.readawrite.com/a/Zdvdeh,ใจสั่งมา | emibonnie,Cxllme_bbell
r7519,https://www.readawrite.com/a/Zdviu6,แด้นท์ฮาร์ท |emibonnie,Home la
r7523,https://www.readawrite.com/a/Zdvopy,Only you | emibonnie,beo
r7530,https://www.readawrite.com/a/Zdvqk9,อาชิบีลีน | EMIBONNIE,Marmola Bambiiiiii
r7547,https://www.readawrite.com/a/Zdw4h0,love shhh !  &mdash;  bonnieemi,baerued
r7552,https://www.readawrite.com/a/Zdw5oa,Lowkey | emibonnie,moodyellow
r7556,https://www.readawrite.com/a/Zdw93q,อาลัวเป็นคนเจ้าชู้ | emibonnie,ศูนย์สี่หนึ่งสอง
r7557,https://www.readawrite.com/a/Zdwavk,ดวงดาวนำทาง|EMI BONNIE,prang_lie.
r7561,https://www.readawrite.com/a/Zdwfmo,พู่กันทำงาน | emibonnie,theyc
r7564,https://www.readawrite.com/a/Zdwhae,smash - bonnieemi,crankdat
r7575,https://www.readawrite.com/a/Zdwors,จำ(ให้)ได้,เจ้ากาแฟ
r7581,https://www.readawrite.com/a/Zdwtlc,ฟีลเพื่อนเหรอ &sup1; | emiBonnie,nxmzxm&gt;&lt;
r7586,https://www.readawrite.com/a/Zdwwvq,คู่กัดสุดที่รัก|เอมี่บอนนี่,ปลากรอบ🐟
r7588,https://www.readawrite.com/a/Zdwyrv,ปุณภัทร &mdash; emibonnie,ไก่ยางชุบแป้งทอด
r7607,https://www.readawrite.com/a/Zdxash,รุ่นพี่นักร้องรุ่นน้องนักกีฬา,Nova
r7615,https://www.readawrite.com/a/Zdxin0,butterflies &mdash; emibonnie,imyoursummer
r7619,https://www.readawrite.com/a/Zdxk90,สุดที่รัก,ตับพัง
r7623,https://www.readawrite.com/a/Zdxrmr,Us รักของเรา(เอมี่:บอนนี่),น้ำเพรช
r7630,https://www.readawrite.com/a/Zdxwew,AEMRENE | emibonnie,ปลุกความเป้นอาตติ๊ดในตัวคุน
r7631,https://www.readawrite.com/a/Zdxwnd,แมวกับหมามันเข้ากันยาก|เอมี่บอนนี่,k.poo W ater oo
r7637,https://www.readawrite.com/a/Zdy17a,Listen to your heart - emibonnie,ไก่ยางชุบแป้งทอด
r7639,https://www.readawrite.com/a/Zdy1r3,SamRuk | emibonnie,Bambi
r7655,https://www.readawrite.com/a/Zdycuw,star/ emibonnie,Flowerr
r7658,https://www.readawrite.com/a/Zdyels,เป็นเพราะฝน | emibonnie,นามปากกา
r7672,https://www.readawrite.com/a/Zdym17,Saichopmaew | Praewlene,ภัทรตัวแสบ
r7673,https://www.readawrite.com/a/Zdynqa,เมื่อไม่มีเธอ | emibonnie,เจ้ากาแฟ
r7674,https://www.readawrite.com/a/Zdyorb,วาดฝันไว้ตรงนั้น |emibonnie,พฤษภาเธอกลับมาที
r7679,https://www.readawrite.com/a/Zdyuox,Lostlove | Emibonnie,ม๋าติ๋ม
r7680,https://www.readawrite.com/a/Zdyv37,ม๋าเด๋ก | เอมี่บอนนี่,ตัวตึงไม่สู้ เข้าสู่5/1
r7682,https://www.readawrite.com/a/Zdyvs7,คุณผีว้าวุ่น(เอมี่บอนนี่),น้อนโต้ไม่ดื้อกั๊บ
r7691,https://www.readawrite.com/a/Ze02f2,ปลาระเบิดระเบ้อ |bonnieemi / Emibonnie,about 24
r7695,https://www.readawrite.com/a/Ze046a,แอบรัก/เอมี่บอนนี่,Autchee
r7696,https://www.readawrite.com/a/Ze04on,รักคนละขั้ว|emibonnie,"d^=b[,7'"
r7699,https://www.readawrite.com/a/Ze06dp,ไอเกลหัวใจพระพาย/เอมี่บอนนี่,TAWAN- YIM
r7703,https://www.readawrite.com/a/Ze08ox,CANMINT | emibonnie,ปลุกความเป้นอาตติ๊ดในตัวคุน
r7705,https://www.readawrite.com/a/Ze0awq,เพื่อนที่รัก(แฟนที่รัก),เอมี่บอนนี่
r7714,https://www.readawrite.com/a/Ze0ebb,"We fight , We fall (in love ) - emibonnie",sorrusaryboy
r7721,https://www.readawrite.com/a/Ze0i8m,"niranjaii, &mdash; emibonnie",blueiscolour
r7724,https://www.readawrite.com/a/Ze0iyl,ไม่รู้จักกลายเป็นรู้ใจ,กระต่าย
r7728,https://www.readawrite.com/a/Ze0nu3,ส้มเช้งร่างทอง|emibonnie,เด็กหญิงสร้างสรรค์
r7729,https://www.readawrite.com/a/Ze0p45,อะไรของพี่ | perthsanta,ขี้เกียจต่อ
r7732,https://www.readawrite.com/a/Ze0r4b,P' PAM | เอมี่บอนนี่,23.5 us Pluto
r7733,https://www.readawrite.com/a/Ze0rnm,เธออย่าคิดมาก/เอมมี่บอนนี่/,คุณนกแก้ว
r7753,https://www.readawrite.com/a/Ze17r4,มึงชอบกูป่ะ |เอมี่บอนนี่,หมาเช็ดชู่
r7754,https://www.readawrite.com/a/Ze18m3,พี่จีนไม่เล่นติ๊กต่อก - BonnieEmi,slxut!
r7768,https://www.readawrite.com/a/Ze1l0j,my roommate | emibonnie,ปลุกความเป้นอาตติ๊ดในตัวคุน
r7782,https://www.readawrite.com/a/Ze1ue2,นับหนึ่งถึงพัน emibonnie,อักษรโศก
r7795,https://www.readawrite.com/a/Ze22nr,พี่หมอ(ที่รัก)|EMIBONNIE,Sae Wave
r7802,https://www.readawrite.com/a/Ze27o3,นางแบบคนโปรด//EmiBonnie,TN MOON
r7811,https://www.readawrite.com/a/Ze2d61,2 miles,mastiff
r7812,https://www.readawrite.com/a/Ze2g3n,dek genZ | emibonnie,แว่นสายตา2อัน
r7815,https://www.readawrite.com/a/Ze2h8l,halley ; emibonnie,ไก่ยางชุบแป้งทอด
r7833,https://www.readawrite.com/a/Ze2v1v,หุ้นส่วน | emibonnie,Khun Phak
r7843,https://www.readawrite.com/a/Ze35xb,WTF? | Emibonnie,wtdxck
r7850,https://www.readawrite.com/a/Ze3a7i,ปมปริศนา|EMIBONNIE,ทะเลยามเย็น
r7856,https://www.readawrite.com/a/Ze3iux,brace oneself,tofuusang
r7860,https://www.readawrite.com/a/Ze3nqt,GEN Z |EMIBONNIE,นาโนโง่จัด
r7861,https://www.readawrite.com/a/Ze3oki,I knew from the first time.,[Better]Fine
r7872,https://www.readawrite.com/a/Ze412g,ผัวฉิบหายฉิบหายมีผัว|emibonnie,นี่คือจอมยุทธเด้ะ
r7875,https://www.readawrite.com/a/Ze43ug,จดหมายฉบับสุดท้าย|emibonnie,น้อนโต้ไม่ดื้อกั๊บ
r7877,https://www.readawrite.com/a/Ze43yx,Espresso | emibonnie,เจ้ากาแฟ
r7879,https://www.readawrite.com/a/Ze460k,22:13 PM,Nutbutter
r7883,https://www.readawrite.com/a/Ze49lj,#ไอตี๋ ; emibonnei,ปากกาไม่มีหมึก
r7884,https://www.readawrite.com/a/Ze49s3,mindshine|เอมี่บอนนี่emibonnie lingorm milklove namtanflim viewmim,ชาช่าzarin
r7885,https://www.readawrite.com/a/Ze49t1,แสงสว่างของพระพาย|เอมี่บอนนี่emibonnie,ชาช่าzarin
r7886,https://www.readawrite.com/a/Ze4bes,เสี่ยวหลงเปา|Emibonnie,ไม่แปกไม่ใช่ผม
r7912,https://www.readawrite.com/a/Ze5468,บอดี้การ์ด|เอมี่บอนนี่,แต่งไปเรื่อย
r7919,https://www.readawrite.com/a/Ze58ly,ไอ้เด็กบ้า!! |EmiBonnie,ชอบทุกคู่ :)
r7928,https://www.readawrite.com/a/Ze5lh1,วาโยตื่นยัง? (emibonnie),mojito pls
r7935,https://www.readawrite.com/a/Ze5r6f,รุ่นพี่ที่รัก//เอมี่บอนนี่//,เเสงเเห่งความหวัง
r7954,https://www.readawrite.com/a/Ze5y6p,2side | emibonnie,หวานเจี๊ยบเลอ
r7961,https://www.readawrite.com/a/Ze62q5,เก็บไว้ข้างเตียง | emibonnie,คัมแบ็คทูมี
r7971,https://www.readawrite.com/a/Ze6csh,ปลอมปะคะ|emibonnie,นาโนโง่จัด
r7972,https://www.readawrite.com/a/Ze6d1p,House for rent - bonnieemi,ตับพัง
r7983,https://www.readawrite.com/a/Ze6k5m,ไปอยู่ไหนมา | emibonnie,IAMYOUR🎧
r7998,https://www.readawrite.com/a/Ze7387,ภูเขาเหมาเกี๊ยว (emibonnie),beonn.🖍️
r8007,https://www.readawrite.com/a/Ze78rs,ลลิน | emibonnie,kalinx
r8011,https://www.readawrite.com/a/Ze7abn,รักเธอนะคะหมาเด็กของพี่(เอมี่บอนนี่),ก็ผมหมาเด็ก
r8017,https://www.readawrite.com/a/Ze7cuo,ทิวาลาตะวัน - BonnieEmi,slxut!
r8020,https://www.readawrite.com/a/Ze7fc8,รักแรกพบ : เอมี่บอนนี่,กนิษฐา บัวแก้ว
r8022,https://www.readawrite.com/a/Ze7hct,ว้าวุ่น|emibonnie,เจจิ
r8033,https://www.readawrite.com/a/Ze7mw9,จีบ,ตับพัง
r8047,https://www.readawrite.com/a/Ze80yb,child ; emibonnie,ฮาตตี๋
r8074,https://www.readawrite.com/a/Ze8lna,lana - emibonnie,mrmatcha
r8083,https://www.readawrite.com/a/Ze8ppa,#ไม่ใช่กระเทย (emibonnie),nyto
r8085,https://www.readawrite.com/a/Ze8rub,แค่บังเอิญพบกัน|เอมี่บอนนี่,ไอ่ไดโนเสาร์
r8088,https://www.readawrite.com/a/Ze8sqq,ไอ่เด็กแว่น | emibonnie,เจ้ากาแฟ
r8092,https://www.readawrite.com/a/Ze8t1x,เจ้าของหมาเด็ก,Harutchanan
r8095,https://www.readawrite.com/a/Ze8tms,จีน่ารัก | emibonnie,theyc
r8096,https://www.readawrite.com/a/Ze8vrp,รวมฟิคสั้น,คุณใบไม้
r8119,https://www.readawrite.com/a/Ze95de,ลักยิ้มอชิระ | emibonnie,ลานไก่ทอด
r8122,https://www.readawrite.com/a/Ze99ud,emibonnie,1863
r8207,https://www.readawrite.com/a/Zeamrr,dump story |*,psychoZ;
r8222,https://www.readawrite.com/a/Zeasnl,ไอสัสเรน | emibonnie,PLUTO:D
r8224,https://www.readawrite.com/a/Zeav6l,รับแฝดเป็นแฟนไหมครับ - be my boo twin - emibonnie 1,白天
r8234,https://www.readawrite.com/a/Zeb12x,miles away - emibonnie,baby violet
r8236,https://www.readawrite.com/a/Zeb1df,ป๊องม๊วฟ | emibonnie,meaowli
r8238,https://www.readawrite.com/a/Zeb3hp,Mars |emibonnie |,ไก่โอ๊ะโบ๊ะจ่าง
r8253,https://www.readawrite.com/a/Zebidp,หมาเด็กแอบรักกับพี่หมอฟันคนสวย|เอมี่บอนนี่,เซียนนักเขียน
r8255,https://www.readawrite.com/a/Zebmnc,หมวยกู|emibonnie,นาโนโง่จัด
r8258,https://www.readawrite.com/a/Zebo3t,เพราะรักของเราไม่เคยเลือนลาง os  - emibonnie,saingpleng
r8259,https://www.readawrite.com/a/Zebphd,เพลงพิณไอริน | emibonnie,unij
r8269,https://www.readawrite.com/a/Zebtul,บุหลันเหนือตะวัน | Emibonnie,น่านฝัน
r8270,https://www.readawrite.com/a/Zebu4r,ใกล้เกิน | EmiBonnie,tdzps
r8278,https://www.readawrite.com/a/Zec0sx,r.carnations | emibonnie,3rd&rsquo;
r8285,https://www.readawrite.com/a/Zec62e,อยากเจอคนจริงใจ มีไหมแถวนี้ | emibonnie,ทีอาร์ดับบิ้ว
r8289,https://www.readawrite.com/a/Zec9uf,ชอบกลิ่นนี้ ถ้ามันอยู่บนตัวคุณ | emibonnie,Voice from Head
r8292,https://www.readawrite.com/a/Zecbo2,i don&rsquo;t rly like u,Xxmm
r8300,https://www.readawrite.com/a/Zecf8f,แด่เธอผู้เป็นแสงแดด||เอมี่บอนนี่,อุอิอิอ้าเองง
r8307,https://www.readawrite.com/a/Zecjrs,คุณพ่อโปรด | EMIBONNIE,EB
r8315,https://www.readawrite.com/a/Zecow3,เรื่องราวของเรา |เอมี่บอนนี่,ไอแบมแม่เรียก
r8326,https://www.readawrite.com/a/Zectpr,ร้านข้าว | bonnieemi,มายที่ชอบกินชาเย็น
r8327,https://www.readawrite.com/a/Zecvid,เชลเมฟ | bonnieemi,power
r8330,https://www.readawrite.com/a/Zecw2f,PLENGPANG | emibonnie,ปลุกความเป้นอาตติ๊ดในตัวคุน
r8331,https://www.readawrite.com/a/Zecwkj,heart to heart | emibonnie,flowerswaiting
r8334,https://www.readawrite.com/a/Zecy4w,"pretend to bloom , bonnieemi",myfrecklesloveu
r8341,https://www.readawrite.com/a/Zed35h,น้องรหัสคนโปรด|เอมี่บอนนี่,เซียนนักเขียน
r8346,https://www.readawrite.com/a/Zed71a,นับเวลารอเธอ|emibonie,One day :)
r8349,https://www.readawrite.com/a/Zedb3j,#เลี้ยงหมูทอด ㅡ EmiBonnie,kratah.
r8354,https://www.readawrite.com/a/Zedf5a,บุ๋นมาแล้วจ้า | emibonnie,ทีอาร์ดับบิ้ว
r8355,https://www.readawrite.com/a/Zedggg,สามไม้ที &mdash; emibonnie,twentythreebn
r8363,https://www.readawrite.com/a/Zedl0r,หมออาร์|emibonnie,นาโนโง่จัด
r8385,https://www.readawrite.com/a/Zee1hb,ปลาทู |  bonnieemi,เจ้ากาแฟ
r8399,https://www.readawrite.com/a/Zeeaw3,ทฤษฎี21วันไม่ได้ผลหรอ?/emibonnie,kx_kkn
r8415,https://www.readawrite.com/a/Zeel1t,Foster Fail : รักฝากเลี้ยง,NopeJune
r8429,https://www.readawrite.com/a/Zeeyry,หอมกลิ่นพี่|บอนนี่เอมี่,ยูริเท่านั้น
r8447,https://www.readawrite.com/a/Zef9pi,ต้น|emibonnie,นาโนโง่จัด
r8450,https://www.readawrite.com/a/Zefamn,Fan art (สาววาย GL) หลายๆเรื่อง,Krussher
r8463,https://www.readawrite.com/a/Zefii5,The Forgotten House &ndash; emibonnie,cutiepink
r8467,https://www.readawrite.com/a/Zefl3c,Between  Us แค่เราสองคน,เคมูนอิๆ
r8473,https://www.readawrite.com/a/Zefqkk,เพียงใจ- emibonnie,สามจุด
r8482,https://www.readawrite.com/a/Zefwk4,Love you forever&sup1;|forcebook,ส้มตำไม่พริกแซ่บๆ
r8496,https://www.readawrite.com/a/Zeg5xb,เจนีนต้องหยุดแอค|emibonnie,biyu
r8518,https://www.readawrite.com/a/Zegleo,win won vanich &ndash; emibonnie,blizzlabyrinth
r8519,https://www.readawrite.com/a/Zegm3c,BLACK TONE | emibonnie,WUL;
r8528,https://www.readawrite.com/a/Zegw68,only her | bonnieemi,เจ้ากาแฟ
r8557,https://www.readawrite.com/a/Zehckt,Before The Sun Rises | EMIBONNIE,the full moon
r8561,https://www.readawrite.com/a/Zehh1e,roommate love|Emibonnie,namwaannn
r8565,https://www.readawrite.com/a/Zehhbn,ลูกมาเฟีย&sup1; -เอมี่บอนนี่,หมาเด้ก
r8568,https://www.readawrite.com/a/Zehjce,กว่าจะพบรัก(แรก) | เอมี่บอนนี่,Abeth
r8578,https://www.readawrite.com/a/Zehqox,ฟีลเพื่อน(แฟน)เหรอ &sup2; |emiBonnie,nxmzxm&gt;&lt;
r8587,https://www.readawrite.com/a/Zehu5l,ถ้าได้รักกันอีกครั้ง|เอมี่บอนนี่,เซียนนักเขียน
r8589,https://www.readawrite.com/a/Zehumt,Fake Love ; emibonnie,กุ้งถือมีด
r8594,https://www.readawrite.com/a/Zehwoj,ไป๋นริน | emibonnie,iamfinethankyou
r8609,https://www.readawrite.com/a/Zei678,รุ่นพี่ที่รัก| เอมี่บอนนี่,bewtie
r8610,https://www.readawrite.com/a/Zei6g2,รักในเสียงเพลง | เอมี่บอนนี่,Amy Bonney
r8618,https://www.readawrite.com/a/Zeian7,รัก|nantanfilm,natiii★
r8628,https://www.readawrite.com/a/Zeihbr,ฤดูดาว[The Queen]|EMI☆BONNIE,EM_BN
r8630,https://www.readawrite.com/a/Zeikww,Friend | EB,หกสิบเอ็ด
r8640,https://www.readawrite.com/a/Zeipx9,Luciano | Emibonnie,Bena
r8646,https://www.readawrite.com/a/Zej03q,Mission to The Painite,AfterDayOne
r8661,https://www.readawrite.com/a/Zej8c1,vinylparis | EmiBonnie,m00min
r8678,https://www.readawrite.com/a/Zeji05,สุดที่รักของป๋ม🐶|เอมี่บอนนี่,aaammmyyy
r8681,https://www.readawrite.com/a/Zejkhe,july | emibonnie,หวานเจี๊ยบเลอ
r8682,https://www.readawrite.com/a/Zejl4b,ความรักที่ผิด(เอมี่บอนนี่),กด
r8683,https://www.readawrite.com/a/Zejl83,rival |emibonnie,kaokaikrob
r8685,https://www.readawrite.com/a/Zejlek,dont love &mdash; emibonnie,เลอลาลิน
r8686,https://www.readawrite.com/a/Zejlvl,ไอฝนของลมหนาว|EmiBonnie,Babi
r8691,https://www.readawrite.com/a/Zejn94,สาวบ้านไร่สะใภ้ไฮโซ|emibonnie,🐇🐇
r8697,https://www.readawrite.com/a/Zejqdq,ต๊ะจริงใจ | emibonnie,meedang
r8699,https://www.readawrite.com/a/Zejqxq,&sup1;มาหาแป้งจี่ | emibonnie,power
r8700,https://www.readawrite.com/a/Zejro3,คนเเย่งเเฟนต้องโดน(เอมี่บอนนี่),กด
r8717,https://www.readawrite.com/a/Zek5si,หยงต้องตา &mdash; emibonnie,winnie the poohw
r8720,https://www.readawrite.com/a/Zek8tm,Continue straight | emi&amp;bonnie,malueggueggui
r8738,https://www.readawrite.com/a/Zekgp0,เด็กท่านประธาน,บุหลันกลางดง
r8739,https://www.readawrite.com/a/Zekgpq,แฟนตัวยง,ไอ้เจ้ารัก👶⛅
r8757,https://www.readawrite.com/a/Zekppp,เธอคุณหนูพี่คนดูแล#emibonnie,no-ey
r8758,https://www.readawrite.com/a/Zekr2n,"เพื่อน?,emibonnie",ขอพรกับดาว
r8759,https://www.readawrite.com/a/Zekr7c,รักพลิกเกม//เอมี่บอนนี่//,แสงแห่งความหวัง
r8800,https://www.readawrite.com/a/Zelq8l,พี่ปี2รักน้องปี1/เอมี่บอนนี่ gmm,เสือก
r8803,https://www.readawrite.com/a/Zelt33,ความสัมพันธ์ที่ไม่ชัดเจน{มิลค์เลิฟ},วันใหม่มุ๊ๆ
r8805,https://www.readawrite.com/a/Zelv6m,ขอloveได้ไหม:เอมี่บอนนี่,ซาเฟอร์
r8808,https://www.readawrite.com/a/Zelx7p,พี่เป็นของหนู///เอมี่&amp;บอนนี่,แล้วไง👾🐶
r8810,https://www.readawrite.com/a/Zelxhr,ก็ประธานนักเลียครูไง! l emibonnie,กิมหนม
r8811,https://www.readawrite.com/a/Zelxln,โปรด(ไม่)รักพี่ |emibonnie,1863
r8813,https://www.readawrite.com/a/Zelyey,เตี๋ยวไก่ | Bonnieemi,เจ้ากาแฟ
r8818,https://www.readawrite.com/a/Zem2ix,fanclub | emibonnie,เราเองปลาส้ม
r8821,https://www.readawrite.com/a/Zem3fo,รอยคำถามในหัวใจ | emibonnie,หมูกรอบพิเศษ
r8825,https://www.readawrite.com/a/Zem57n,เด็กหลังห้อง|Emibonnie,คุณจันทร์เหนือ🌙
r8831,https://www.readawrite.com/a/Zemal3,ด้ายแดง - เอมี่บอนนี่,yori
r8832,https://www.readawrite.com/a/Zemb36,สาระน่ารู้ | juniormark,exoticmeqlin
r8843,https://www.readawrite.com/a/Zemhg4,friend Zone|EmiBonnie,natiii★
r8848,https://www.readawrite.com/a/Zemiyb,เมื่อ(ไหร่)รักฉันเกิด | emibonnie,famelx.&reg;
r8854,https://www.readawrite.com/a/Zemm81,สวนดอกไม้ | emibonnie,seventhnov
r8860,https://www.readawrite.com/a/Zemor8,Time|emibonnie,i love u💐
r8866,https://www.readawrite.com/a/Zemsi5,รักมึงนะ|PondPhuwin,Mai&curren;ruk&curren;gmm♡♡
r8872,https://www.readawrite.com/a/Zemvjf,right person with right time | emibonnie,ToMyBlues
r8873,https://www.readawrite.com/a/Zemvnv,รักว้าวุ่นวัยรุ่นวิศวะ|เอมี่บอนนี่,เซียนนักเขียน
r8887,https://www.readawrite.com/a/Zen4s0,ขอความชัดเจน|emibonnie,nueng
r8890,https://www.readawrite.com/a/Zen5qa,knock knock | emibonnie,sim1
r8892,https://www.readawrite.com/a/Zen8as,wait | emibonnie,whatthemeow
r8905,https://www.readawrite.com/a/Zenmyk,ยามที่เราหลับตา | เอมี่บอนนี่,ชอบกินชาเขียวว🍵
r8909,https://www.readawrite.com/a/Zenov7,เธออยู่ในทุกการแจ้งเตือน | เอมี่บอนนี่,ชอบกินชาเขียวว🍵
r8911,https://www.readawrite.com/a/Zenp87,เด็กใหม่,nnn2.401
r8916,https://www.readawrite.com/a/Zens3m,พ่อบ้านใจกล้า,โจมายด์ดิ่ว่ะ
r8918,https://www.readawrite.com/a/Zenu2a,ดาวลงถาปัตย์ | emibonnie,iwishuhappy.
r8932,https://www.readawrite.com/a/Zeo2gy,We are Karios,p.piphat
r8937,https://www.readawrite.com/a/Zeo4ui,รักนะไอ้เด็กดื้อ -emibonnie,ลูกหมาน่ารัก
r8944,https://www.readawrite.com/a/Zeo9lq,ดาราหน้าใหม่|emibonnie,mew_q_ped
r8959,https://www.readawrite.com/a/Zeojmx,บ้านนอก|เอมี่บอนนี่,แต่งไปเรื่อย
r8963,https://www.readawrite.com/a/Zeombn,พี่น้องแล้วไง?|เอมี่บอนนี่,นกฮูกใต้จันทร์
r8973,https://www.readawrite.com/a/Zeosiy,รอให้รัก,น้องคนน่ารัก
r8980,https://www.readawrite.com/a/Zeow3w,Habibi | emibonnie,meedang
r8981,https://www.readawrite.com/a/Zeowja,อย่าคิดจะจิ้น |  เอมี่บอนนี่emibonnie,ชาช่าzarin
r8983,https://www.readawrite.com/a/Zeoyv3,แฟนน้องเฟียคือใคร? - emibonnie,Ninkoh
r8984,https://www.readawrite.com/a/Zep05b,มือปืน|emibonnie,mew_q_ped
r8986,https://www.readawrite.com/a/Zep1ni,หมาเด้กกับพี่สาวคนสวย (เอมี่🩷บอนนี่),MIM❤️❤️
r8991,https://www.readawrite.com/a/Zep2xy,ไม่ดื้อสิเบ๊บ |เอมี่บอนนี่,Flowerrainbow
r8994,https://www.readawrite.com/a/Zep43s,เธอ..ที่โตมาด้วยกัน | emibonnie,Voice from Head
r8999,https://www.readawrite.com/a/Zep71a,เคียงข้างกัน|emibonnie,อยู่เฉยๆ โลกก็หมุนนี้
r9011,https://www.readawrite.com/a/Zepau7,ปั้นพราว | emibonnie,infiniteblue
r9037,https://www.readawrite.com/a/Zepr1a,What is love? -เอมี่บอนนี่,my happiness And smiles
r9041,https://www.readawrite.com/a/Zeptjs,เปี๊ยกอย่าเห่า  | emibonnie,betoou
r9044,https://www.readawrite.com/a/Zepvql,สายน้ำกับก้อนหิน | EmiBonnie,Babi
r9045,https://www.readawrite.com/a/Zepw1l,Swimming Pools,Xxmm
r9046,https://www.readawrite.com/a/Zepxj4,ถูกรัก|emibonnie,zA_.raree
r9054,https://www.readawrite.com/a/Zeq129,ปิ๊งรักพี่นักดนตรี|เอมี่บอนนี่,เซียนนักเขียน
r9065,https://www.readawrite.com/a/Zeq5y1,ว่าไงยัยตัวดี!!,"d^=b[,7'"
r9066,https://www.readawrite.com/a/Zeq79m,รักแรกพบ | เอมี่บอนนี่ | emibonnie,นะ
r9069,https://www.readawrite.com/a/Zeq8s6,เซฟพี่ว่ามันไม่ใช่ |emibonnie|,พิมพ์มัต
r9075,https://www.readawrite.com/a/Zeqc08,เองไหวอ้วม &mdash;emibonnie,ข้าวผัดกุ้ง;-;
r9082,https://www.readawrite.com/a/Zeqe6b,พัดรักแมว พี่รักใคร? | emibonnie,Need2Sleep
r9088,https://www.readawrite.com/a/Zeqgax,ติ๋มว่ะ|emibonnie,สายดอง
r9100,https://www.readawrite.com/a/Zeqoag,Lovend|emibonnie,Eve
r9107,https://www.readawrite.com/a/Zeqpux,เฟรญ่าดีที่สุด &mdash; emibonnie,winnie the poohw
r9119,https://www.readawrite.com/a/Zeqw17,พี่ติวเตอร์ | emibonnie,สมองไหลไปไหนแล้ว
r9120,https://www.readawrite.com/a/Zeqx1e,ลูกคุณหนู|เอมี่บอนนี่,เตชิน🐶🖤
r9122,https://www.readawrite.com/a/Zeqxi5,รักเธอทุกสุดในหัวใจ|น้ำตาลฟิลม์ เอมี่บอนนี่ วิวมิ้ม มิ้ลค์เลิฟ,Paper🔒.
r9123,https://www.readawrite.com/a/Zeqxn8,ฤดูที่หายไป | Emibonnie,ชาเขียวมุกบิน
r9127,https://www.readawrite.com/a/Zeqyjl,เพื่อนรักนักแข่ง,Minnie
r9142,https://www.readawrite.com/a/Zer53p,คู่อริ SS2|EMIBONNIE,😑
r9151,https://www.readawrite.com/a/Zeraln,mammoth | emibonnie,เลอลาลิน
r9153,https://www.readawrite.com/a/Zerb1b,... |emibonnie,อ่ออืมเค
r9165,https://www.readawrite.com/a/Zerii4,Pim &amp; goodnight&sup2; - Emibonnie,nnubfan
r9168,https://www.readawrite.com/a/Zeritk,วิน ; emibonnie,19166
r9177,https://www.readawrite.com/a/Zerm2v,ต้าอย่ากวน-emibonnie,คุณบุรินทร์
r9184,https://www.readawrite.com/a/Zerq5e,palpitate - emibonnie,halfemptyglass
r9186,https://www.readawrite.com/a/Zersc4,found you | emibonnie,*-*!
r9194,https://www.readawrite.com/a/Zerxc4,ลูกคุณหนู |เอมี่บอนนี่,.
r9207,https://www.readawrite.com/a/Zes9ed,หลงรัก...พี่รหัส|เอมี่บอนนี่,FUJIGO。
r9221,https://www.readawrite.com/a/Zesjl8,แม็กกี้ไข่ต้ม  ‐emibonnie,หมาสีม่วง
r9236,https://www.readawrite.com/a/Zesu3n,"My Singer | Emibonnie , Namtanflim",The SunfloEver
r9238,https://www.readawrite.com/a/Zesue7,Stop motion | emibonnie,frometob
r9241,https://www.readawrite.com/a/Zesv9l,แฟนเด็ก|emibonnie,เจ้าหญิงอาเนีย
r9243,https://www.readawrite.com/a/Zesx40,โบตั๋นมันไก่ |emibonnie,ดอกเอื้องสีรุ่ง
r9267,https://www.readawrite.com/a/Zetasx,TYPE | EMIBONNIE,tamta_w
r9277,https://www.readawrite.com/a/Zetg9k,(1) Make love |Emibonnie เอมี่บอนนี่,useee
r9278,https://www.readawrite.com/a/Zethnh,จริงหรอ|emibonnie,Elsa
r9280,https://www.readawrite.com/a/Zeti5r,คุณหนูคับผมรักคุณ|emibonnie,อย่ากินไก่หมดจาน
r9292,https://www.readawrite.com/a/Zetpd6,That night &mdash; perthsanta,ZAYEAR
r9301,https://www.readawrite.com/a/Zetulf,ลูกมาเฟีย&sup2;-เอมี่บอนนี่,หมาเด้ก
r9306,https://www.readawrite.com/a/Zetw0i,โลกที่ไร้แสงอาทิตย์|เอมี่บอนนี่,เซียนนักเขียน
r9326,https://www.readawrite.com/a/Zeu740,สตรีมเมอร์เผลอรัก|BonnieEmi,Kin⚽🎱
r9329,https://www.readawrite.com/a/Zeu7jj,ใกล้ซีนแต่ไกลเลิฟ | emibonnei,วาฬอนันต์
r9335,https://www.readawrite.com/a/Zeued1,เจ้าของตึก|บอนนี่เอมี่,ハル
r9346,https://www.readawrite.com/a/Zeukhv,ชู้,ทาลอส เวก้า
r9361,https://www.readawrite.com/a/Zeuvo4,ระยะห่างของหัวใจ :เอมี่บอนนี่,cmp.
r9370,https://www.readawrite.com/a/Zeuyej,อบอุ่นในเงาเธอ เอมี่บอนนี่,cmp.
r9374,https://www.readawrite.com/a/Zev0vl,กอดสุดท้าย | emibonnie,เจ้าหญิงอาเนีย
r9384,https://www.readawrite.com/a/Zev5c7,ไอ้นี่เด่กแลกเปลี่ยน | emibonnie,tierzqx
r9389,https://www.readawrite.com/a/Zev9e0,ความสุขที่แท้จริง เอมี่บอนนี่,cmp.
r9391,https://www.readawrite.com/a/Zev9mn,เงาแห่งรักและรอยปวด เอมี่บอนนี่,cmp.
r9394,https://www.readawrite.com/a/Zevahp,อยู่ๆ ก็มาปรากฏตัวในหัวใจ | emibonnie,เอมี่บอนนี่ดิ่ว้ะ
r9411,https://www.readawrite.com/a/Zevklo,Bellenus | emibonnie,หวานเจี๊ยบเลอ
r9418,https://www.readawrite.com/a/Zevplw,ความรักของคนสองคนที่รักในการแสดง,หลงรักศิลปินคนโปรด
r9419,https://www.readawrite.com/a/Zevq35,tow,ตับพัง
r9425,https://www.readawrite.com/a/Zevsrm,พี่เลี้ยง part time |emibonnie,ดอกเอื้องสีรุ่ง
r9430,https://www.readawrite.com/a/Zevxnd,โต้อย่าเบียว | emibonnie,ไก่ยางชุบแป้งทอด
r9437,https://www.readawrite.com/a/Zew16f,ปากกัด ตีนถีบ Emibonnie,cmp.
r9438,https://www.readawrite.com/a/Zew1b4,โยธาคนจน | emibonnie,ชาเขว
r9444,https://www.readawrite.com/a/Zew2de,proud. | emibonnie,Merisa
r9457,https://www.readawrite.com/a/Zew9wk,รุ่นพี่ที่รักSS2 (อ่านฟรี),เเสงเเห่งความหวัง
r9462,https://www.readawrite.com/a/Zewbye,cometoseemyfarther &ndash; emibonnie,jamais.
r9463,https://www.readawrite.com/a/Zewbyo,119  bonnieemi,白色
r9468,https://www.readawrite.com/a/Zewffk,สาวใช้กับหนุ่มทั้ง 5|เอมี่บอนนี่,แต่งไปเรื่อย
r9475,https://www.readawrite.com/a/Zewky4,ประธานฟาริค | emibonnie,LEGO_
r9480,https://www.readawrite.com/a/Zewmu5,ผมไม่รู้ใครควรได้ยินมันบ้าง&mdash;emibonnie,ข้าวผัดกุ้ง;-;
r9488,https://www.readawrite.com/a/Zewrtt,อีกคนที่รักเธอ | emibonnie,jarinnz.
r9490,https://www.readawrite.com/a/Zews3o,ก่าโต๋ย | emibonnie,เอหมี
r9493,https://www.readawrite.com/a/Zewtn1,talay | emibonnie,เลอลาลิน
r9506,https://www.readawrite.com/a/Zexa6f,AI about love |emibonnie|,พิมพ์มัต
r9508,https://www.readawrite.com/a/Zexb15,mhee ; emibonnie,วันนี้ง่วง
r9538,https://www.readawrite.com/a/Zey076,up to you emibonnie,白色
r9540,https://www.readawrite.com/a/Zey0m8,รักนี้..ไม่หลงทาง,โจ๋กระโป๋โบร๋
r9547,https://www.readawrite.com/a/Zey381,ไอ้เนิร์ด|emibonnie,mew_q_ped
r9553,https://www.readawrite.com/a/Zey69i,รักนี้ เริ่มที่เธอ เอมี่บอนนี่,cmp.
r9557,https://www.readawrite.com/a/Zeycc2,หมวย | bonnieemi,tofuusang
r9561,https://www.readawrite.com/a/Zeyfmv,คู่กัด!|เอมี่บอนนี่,ชอบอ่านนิยายเกเป็นชีวิตจิตจัย
r9568,https://www.readawrite.com/a/Zeyk62,เส้น(สุด)ทางรัก,ทิวลิป🍃
r9570,https://www.readawrite.com/a/Zeymh0,เธมมหารวย|emibonnie,Tarareotarara
r9580,https://www.readawrite.com/a/Zeyry0,รุ่นพี่คนนี้....หัวใจฉันแอบยกให้ตั้งแต่วันแรก,Minnymood
r9581,https://www.readawrite.com/a/Zeys7i,รักในฤดูที่ฟ้าเปียก (Under The Rain),Rain in Starlight
r9592,https://www.readawrite.com/a/Zf00v4,ใบพัดร้านชำ,หมาสีม่วง
r9598,https://www.readawrite.com/a/Zf03fh,พิมดาว|emibonnie,มีมี่
r9613,https://www.readawrite.com/a/Zf0bue,คนโปรดของเทียนหอม |เอมี่บอนนี่,A little bird
r9618,https://www.readawrite.com/a/Zf0fxg,ทีดานาริน|emibonnie,mew_q_ped
r9619,https://www.readawrite.com/a/Zf0gw7,หญิงอัลฟ่าผิดตรงไหน | บอนนี่เอมี่,ภัทรทะ
r9631,https://www.readawrite.com/a/Zf0m7m,pimnerd &mdash; emibonnie,เลอลาลิน
r9644,https://www.readawrite.com/a/Zf0tm3,"Adore You, Baby~",P'Wer มีไม้เอกด้วย
r9645,https://www.readawrite.com/a/Zf0ucc,B &amp; M | Emibonnie,Meowemi
r9648,https://www.readawrite.com/a/Zf0vqd,รักษาเรน | emibonnie,meaowli
r9651,https://www.readawrite.com/a/Zf0x6s,ชอบแองเจิ้ล | emibonnie,infiniteblue
r9654,https://www.readawrite.com/a/Zf111i,Dream Debug | เอมี่บอนนี่,grapevine
r9657,https://www.readawrite.com/a/Zf12j5,นักเลงแอบรัก|เอมี่บอนนี่,เซียนนักเขียน
r9666,https://www.readawrite.com/a/Zf1agt,จงรักภักดี|emibonnie,DOCTOR&reg;
r9674,https://www.readawrite.com/a/Zf1e4g,เเอดหลุม - EmiBonnie,ออกจ้า
r9681,https://www.readawrite.com/a/Zf1i97,enamored | emibonnie,น่านฝัน
r9702,https://www.readawrite.com/a/Zf1xxn,3 ; เอมี่บอนนี่,วันนี้ง่วง
r9704,https://www.readawrite.com/a/Zf1ygo,รักเธอไปแล้วตอนเวลาไหนนะ?|Emibonnieเอมี่บอนนี่|mlikloveมิ้ลค์เลิฟ,ปลาสะไหว้ไก่nอ๑ชีส
r9706,https://www.readawrite.com/a/Zf20i5,Senbo|emibonnie,เด็กโหยหาความสุข
r9711,https://www.readawrite.com/a/Zf24xc,องศาที่พันไมล์  bonnieemi,白色
r9713,https://www.readawrite.com/a/Zf25p7,คะเนชั่น|emibonnie,แสงแห่งความหวัง
r9716,https://www.readawrite.com/a/Zf278r,ไลแคนมือใหม่กับพี่สาวแวมไพร์เขี้ยวจิ๋ว,NopeJune
r9729,https://www.readawrite.com/a/Zf2c4i,How to จีบ by เข็มทิศ (rewrite) | emibonnie,yoswallenom .
r9740,https://www.readawrite.com/a/Zf2ifi,รักแรกพบ//เอมี่บอนนี่,ไรท์พูดมาก
r9767,https://www.readawrite.com/a/Zf2ync,หนึ่งนทีจะมีแค่เพียงตะวัน|EmiBonnie,ไอติมรสชาไทย
r9772,https://www.readawrite.com/a/Zf34f2,ฉันได้ยินเสียงหัวใจเธอบอกว่ารัก &gt;&gt;เอมี่บอนนี่&lt;&lt;,vincent666
r9781,https://www.readawrite.com/a/Zf3f3x,รักสุดท้าย|emibonnie,mew_q_ped
r9785,https://www.readawrite.com/a/Zf3gmt,ที่สุดเลยเว้ยแก,godseulgi
r9802,https://www.readawrite.com/a/Zf3vl0,คนแพ้ที่ไม่มีน้ำตาEmiBonnei,น้ำหมึกสีเขียว
r9856,https://www.readawrite.com/a/Zf56ml,ถ่านไฟเก่า|เอมี่บอนนี่,ข้าวซอยแซ่บๆ
r9858,https://www.readawrite.com/a/Zf5925,ติณสีน้ำ | emibonnie,whale
r9860,https://www.readawrite.com/a/Zf5b0p,นิวศิน|เอมี่บอนนี่,ก๋วยเตี๋ยวเรือ_
r9866,https://www.readawrite.com/a/Zf5is2,ยิ่งใกล้ ยิ่งหวั่นไหว | เอมี่บอนนี่,A little bird
r9867,https://www.readawrite.com/a/Zf5iwb,รักวัยใสในมหาลัยเลิฟๆ{เอมี่บอนนี่},Neoma_010
r9891,https://www.readawrite.com/a/Zf61w4,taohupla bonnieemi,zeeedr
r9915,https://www.readawrite.com/a/Zf6eck,hey fineshyt &mdash; emi &amp; bonnie,mrmatcha
r9916,https://www.readawrite.com/a/Zf6edy,รุ้งจันทรา - emibonnie,yestereveryday
r9933,https://www.readawrite.com/a/Zf6p38,อิมอย่าเนียน|emibonnie,khwid
r9974,https://www.readawrite.com/a/Zf7giu,คนละโลก PondPhuwin EmiBonnie,James said
r9983,https://www.readawrite.com/a/Zf7kmr,(Rewrite) Never | emibonnie,WUL;
r10000,https://www.readawrite.com/a/Zf7tn0,รักว้าวุ่นกับวัยรุ่นวิศวะ@เอมี่บอนนี่,โออิตะ
r10022,https://www.readawrite.com/a/Zf83b0,My Casanova|EmiBonnie,ไอติมรสชาไทย
r10033,https://www.readawrite.com/a/Zf86na,She is like a flower |EmiBonnie,Ap_pLe🍎
r10034,https://www.readawrite.com/a/Zf87jh,คุณสบายดีใช่ไหม.?? /เอมี่)(บอนนี่/,เก้า
r10056,https://www.readawrite.com/a/Zf8l7q,บลูชีส | emibonnie,*-*!
r10077,https://www.readawrite.com/a/Zf94l0,เจ้าขามารัก &mdash; emibonnie,iproudof u.
r10099,https://www.readawrite.com/a/Zf9isc,แฟนใหม่ใกล้ฉัน |bonnieemi,พิมพ์มัต
r10120,https://www.readawrite.com/a/Zf9uqc,หนึ่งเธอ สองเรา|เอมี่บอนนี่,เซียนนักเขียน
r10122,https://www.readawrite.com/a/Zf9vmi,heart blue. | emibonnie,panwantxcg
r10127,https://www.readawrite.com/a/Zfa03r,PATMON | emibonnie,ปลุกความเป้นอาตติ๊ดในตัวคุน
r10136,https://www.readawrite.com/a/Zfa6i5,คนโปรดทุกที | emibonnie,ดินสอสีน้ำเงินเข้ม
r10159,https://www.readawrite.com/a/Zfai5j,อชิตัวแสบ | emibonnie,ทานตะวันสีรุ้งੈ✩‧₊˚
r10161,https://www.readawrite.com/a/Zfajrw,เทมส์ไม่เข้าใจ | emibonnie,yoursky
r10168,https://www.readawrite.com/a/Zfamxk,ไอเนิร์ด.|emibonnie,คนเบียวว11
r10181,https://www.readawrite.com/a/Zfavge,ตะแน๊ว | emibonnie,mrs.strawberry
r10193,https://www.readawrite.com/a/Zfb0t6,เติ้งขอลา ;emibonnie,lekyum
r10200,https://www.readawrite.com/a/Zfb5sy,ที่รัก | เอมี่บอนนี่,ไรท์เดอร์
r10203,https://www.readawrite.com/a/Zfb88n,จากนี้และตลอดไป | โอมนนน,แจ้มอ้น น
r10218,https://www.readawrite.com/a/Zfbigb,"zentyfive , emibonnie | close rewrite",someone .
r10224,https://www.readawrite.com/a/Zfbmnd,เอมี่บอนนี่,สิกิบิดิ้
r10235,https://www.readawrite.com/a/Zfbt4q,รอยรักวนซ้ำ|perthsanta,money💸
r10238,https://www.readawrite.com/a/Zfbukw,แฟนต้า |emibonnie,kiddycool
r10256,https://www.readawrite.com/a/Zfc87n,ฝืน(ไม่)รัก|เอมี่บอนนี่,ต้มยำ🦐น้ำข้น
r10261,https://www.readawrite.com/a/Zfce46,เผื่อว่าจะพบเธอสักวัน | emibonnie,Manuayyy
r10269,https://www.readawrite.com/a/Zfckm1,กะทิ |emibonnie,หมาสีม่วง
r10273,https://www.readawrite.com/a/Zfclxy,ถั่วติ๋ม - emibonnie,power
r10278,https://www.readawrite.com/a/Zfcs20,ธีราลิน | emibonnie,bleu ciel
r10293,https://www.readawrite.com/a/Zfd0np,วรินธารา | emibonnie,19มกรา
r10296,https://www.readawrite.com/a/Zfd23a,ภาวิน &mdash; emibonnie,blueue
r10303,https://www.readawrite.com/a/Zfd6j4,คิดจะพัก(?) | emibonnie,cherj&agrave;
r10305,https://www.readawrite.com/a/Zfd7nq,ชอบพี่นะ | Emibonnie,emibonnieee
r10316,https://www.readawrite.com/a/Zfddgu,ThanwaMeeruk &ndash; bonnieemi,lovee.
r10318,https://www.readawrite.com/a/Zfdg7m,เรื่องเล่าจากทิวากร | EMIBONNY,กุหลาบแดงในฤดูหนาว
r10330,https://www.readawrite.com/a/Zfdm1n,️ good game ; bonnieemi,Pizx.2
r10339,https://www.readawrite.com/a/Zfdqym,เจ-ริญ emibonnie,jkchi
r10355,https://www.readawrite.com/a/Zfe1id,ฟุ้งขวัญ | emibonnie,little_daisuke
r10358,https://www.readawrite.com/a/Zfe3m3,สิทธิ์คนแพ้|เอมี่บอนนี่,ดีโด้ผู้ที่ไม่จิงโจ้
r10367,https://www.readawrite.com/a/Zfe6wm,peachblossom | emibonnie,inuju
r10375,https://www.readawrite.com/a/Zfebcq,SINNA | emibonnie,ปลุกความเป้นอาตติ๊ดในตัวคุน
r10377,https://www.readawrite.com/a/Zfecy2,แค่พี่น้อง|เอมี่บอนนี่,ชื่ออะไรก็ได้
r10392,https://www.readawrite.com/a/Zfeja9,หลานเฟย &mdash; emibonnie,twentythreebn
r10393,https://www.readawrite.com/a/Zfejs7,ไป๋ปาย |เอมี่บอนนี่,อัายเปอร์ซอยยิกๆ
r10395,https://www.readawrite.com/a/Zfektx,ไต้ฝุ่นไม่ติ๋ม | emibonnie,ดินสอสีน้ำเงินเข้ม
r10396,https://www.readawrite.com/a/Zfem8h,ไอ่เด็กค่ะ|เอมี่บอนนี่,เบียวมาก
r10414,https://www.readawrite.com/a/Zff0cf,เฟือนกันค่ะ(นํ้าตาลฟิล์ม),???เองค่ะ
r10421,https://www.readawrite.com/a/Zff3db,แก้วใจดี​ &sup1;​ | emibonnie,ปาท๋องโก๋ปากซอย
r10435,https://www.readawrite.com/a/Zff9ao,เมจ wlw |emibonnie,ไรท์เมร่อนด้า
r10442,https://www.readawrite.com/a/Zffcg4,กฏต้องห้ามชมรมดนตรี️&zwj;️&zwj;️&zwj;,paijiw.
r10454,https://www.readawrite.com/a/Zffk2g,i gave you my whole hard disk (emibonnie),bombmab
r10470,https://www.readawrite.com/a/Zffrou,Purple tulips|EmiBonnie,ไอติมรสชาไทย
r10477,https://www.readawrite.com/a/Zffvg0,รุ่นพี่ครับ รับรักผมเถอะ emibonnie,cmp.
r10502,https://www.readawrite.com/a/Zfgena,เราต้องทำยังไง - emibonnie,jikso_k
r10504,https://www.readawrite.com/a/Zfgf7j,แรมจันทร์โฮเทล,พรุ่งนี้อาบน้ำแมว
r10509,https://www.readawrite.com/a/Zfghay,When the nightfall | EmiBonnie,PrezZo__
r10526,https://www.readawrite.com/a/Zfgogq,เพื่อน(รัก) - emibonnie,กาฟิว
r10529,https://www.readawrite.com/a/Zfgpd6,my love at first sight l emibonnie,ourfleurbnni
r10530,https://www.readawrite.com/a/Zfgpjj,นักเลงแพ้เบ๊บ | emibonnie,เอมี่บอนนี่ดิ่ว้ะ
r10531,https://www.readawrite.com/a/Zfgpu2,คุณธาร | emibonnie |,khunretrokub
r10539,https://www.readawrite.com/a/Zfgvex,unloud love #emibonnie,เพชรหัวแถว
r10549,https://www.readawrite.com/a/Zfh6w9,ยัยเด็กข้างบ้าน | เอมี่บอนนี่,ไอแบมแม่เรียก
r10558,https://www.readawrite.com/a/Zfhbck,เพนื่ออย่าเยอะ - bonnieemi,Sojemino
r10568,https://www.readawrite.com/a/Zfhhr4,"วิศวะมีเธอ ,  emibonnie",14june&rsquo;
r10574,https://www.readawrite.com/a/Zfhmde,อริที่รัก | Preawlene x Emibonnie,Film_NPY
r10578,https://www.readawrite.com/a/Zfhnhw,1998 ; emibonnie,lily_nicha
r10582,https://www.readawrite.com/a/Zfhsk4,Vv |EmiBonnie,ที่ผมชิลเพราะฟังอิล
r10583,https://www.readawrite.com/a/Zfhst9,SUDTEERAK|EmiBonnie,พัก
r10596,https://www.readawrite.com/a/Zfi1wi,close heart - emibonnie,kimkean
r10599,https://www.readawrite.com/a/Zfi460,MY ROOMMATE | emibonnie,PLUTO:D
r10604,https://www.readawrite.com/a/Zfi604,พ่อคนซึน /เอมี่บอนนี่,คัลเล่อ
r10610,https://www.readawrite.com/a/Zficaq,#เอมี่บอนนี่,binie♡🥛57
r10616,https://www.readawrite.com/a/Zfifcp,สุดที่รั๊กกกก&lt;3 | emibonnie,waywii
r10618,https://www.readawrite.com/a/Zfihx3,"becauseofbebell , emibonnie",meaowli
r10620,https://www.readawrite.com/a/Zfiire,ไอเด็กเจย์|emibonnie,poett
r10623,https://www.readawrite.com/a/Zfimjf,ปีโป้ขวัญใจ| bonnieemi,ข้าวผัดจุ้ง
r10627,https://www.readawrite.com/a/Zfiqhc,forever | emibonnie,จีนเจอร์รี่ไม่ได้บ้า
r10632,https://www.readawrite.com/a/Zfiste,Hot ; emibonnie,lily_nicha
r10634,https://www.readawrite.com/a/Zfiuyb,เคะโมตร|emibonnie,ดอกรัก.
r10637,https://www.readawrite.com/a/Zfiwnl,รักของ(เขา)เรา |เอมี่บอนนี่,Star&amp;flower
r10655,https://www.readawrite.com/a/Zfj56l,เพื่อนผมใครอย่ายุ่ง|EmiBonnie,จิ๊กซอร์ขาวดำ
r10662,https://www.readawrite.com/a/Zfj8d3,รักคนนี้พี่คนสวย,ไรท์ชอบญญ
r10663,https://www.readawrite.com/a/Zfj8jl,( sf / of ) แล้วแต่&hellip;ผม,Unknown.person
r10679,https://www.readawrite.com/a/Zfjf5m,ไอเจ๋งกินเกม | emibonnie,kaoza425
r10681,https://www.readawrite.com/a/Zfjh19,เขาจ้างให้ผมจีบนักฆ่า,ไก่เน่า
r10693,https://www.readawrite.com/a/Zfjm8r,Lone Swan | GMMTV (บางคู่),Meowขี้เก๊ก
r10701,https://www.readawrite.com/a/Zfjul2,Almost Us|Emibonnie,Akiii_qqq
r10712,https://www.readawrite.com/a/Zfk3ly,มึงจะรับรักกูได้ยัง??,ราเมงเย็นโอฮาระ
r10713,https://www.readawrite.com/a/Zfk4jg,ป่าอ้วน ; emibonnie,วันนี้ง่วง
r10724,https://www.readawrite.com/a/Zfkajj,ชฎาพร |jomind,someone
r10739,https://www.readawrite.com/a/Zfkldb,last night &mdash; emibonnie,ตอเออยอ
r10750,https://www.readawrite.com/a/Zfkq3l,รู้งี้จีบนานละ//เอมี่บอนนี่,แล้วไง👾🐶
r10764,https://www.readawrite.com/a/Zfkw7c,เพลงเก่าในใจ | EMIBONNIE,sawsunset
r10767,https://www.readawrite.com/a/Zfkyau,เมยชอบวาฬ | emibonnie,theyc
r10770,https://www.readawrite.com/a/Zfl27p,ต๋องไม่กินเผ็ด|emibonnie,LAWK
r10775,https://www.readawrite.com/a/Zfl4qs,Collapse | emibonnei,ᴹᵃᵏⁱˢᵃ
r10777,https://www.readawrite.com/a/Zfl5m0,ตัวแม่แพ้ไอ้หน้าติ๋ม / เอมี่บอนนี่,คัลเล่อ
r10781,https://www.readawrite.com/a/Zfl7wp,แฟนเด็ก|บี๋บอน,hanilemonest
r10805,https://www.readawrite.com/a/Zflhfj,Warin|emibonnie,ตัยวาย
r10807,https://www.readawrite.com/a/Zfliek,Beneath Our Roof - EmiBonnie,ชิปเปอร์ตัวจิ๋ว
r10811,https://www.readawrite.com/a/Zflkbs,H8 vs Love|EmiBonnie,ไอติมรสชาไทย
r10813,https://www.readawrite.com/a/Zfllb0,เสี่ยวหลงเปา|emibonnie,3สหายขายไม่ออก
r10815,https://www.readawrite.com/a/Zflnxu,คีย์อย่าเบียว - emibonnie,อัยย์เลิฟเอหมี
r10825,https://www.readawrite.com/a/Zflw7c,"โซเชียลสนุกยัง, emibonnie (rewrite)",bor บ
r10828,https://www.readawrite.com/a/Zflx50,รักนะตัวแสบ|เอมี่บอนนี่,Earnny
r10830,https://www.readawrite.com/a/Zflywq,หมาป่าในคราบแกะ - EmiBonnie,ชิปเปอร์ตัวจิ๋ว
r10838,https://www.readawrite.com/a/Zfm2t9,จริงใจ |emibonnie,หมาสีม่วง
r10840,https://www.readawrite.com/a/Zfm3cf,ชื่อใจแล้วจริงใจมั้ย &mdash; Emibonnie,kurubota
r10842,https://www.readawrite.com/a/Zfm3yh,หมอกมู่ | emibonnie,silentpx
r10845,https://www.readawrite.com/a/Zfm4lw,คนเก่าเขาทำไว้ดี |เอมี่บอนนี่,Star&amp;flower
r10846,https://www.readawrite.com/a/Zfm4r6,เขียนฟ้า......วาดฝัน,namo
r10852,https://www.readawrite.com/a/Zfm8dm,Unhidden - EmiBonnie,ชิปเปอร์ตัวจิ๋ว
r10856,https://www.readawrite.com/a/Zfmbcx,เพียงขวัญ ' emibonnie,唯一
r10859,https://www.readawrite.com/a/Zfmd9e,จองจีน | emibonnie,doi
r10866,https://www.readawrite.com/a/Zfmhy0,my roommate ;emibonnie ft. viewjune,นางฟ้าหน้ากระเเทกโอ๋ง
r10869,https://www.readawrite.com/a/Zfmioo,brew cafe - emibonnie,สิบแปดล้านเก้า
r10870,https://www.readawrite.com/a/Zfmk9w,Hi my babe-emibonnie,inmyheart
r10873,https://www.readawrite.com/a/Zfmkun,บี๋โซน-emibonnie,inmyheart
r10875,https://www.readawrite.com/a/Zfmlit,sunflower - emibonnie,hj_qiix
r10879,https://www.readawrite.com/a/Zfmn3i,ถ่านไฟเก่า|เอมี่บอนนี่,URANU.✮⋆˙
r10884,https://www.readawrite.com/a/Zfmofh,เรื่องนี้ต้องมีคนแพ้ | emibonnei,pung_kung
r10890,https://www.readawrite.com/a/Zfmsgt,รักของเรา | Emi Bonnie,น้อวภัทส
r10896,https://www.readawrite.com/a/Zfmw7r,พายอาร์ อะเกน | EmiBonnie,สะนัด
r10898,https://www.readawrite.com/a/Zfmyhg,untitled | emibonnie,_therin
r10902,https://www.readawrite.com/a/Zfn17t,2 mey &rsquo;# emibonnie,sim1
r10908,https://www.readawrite.com/a/Zfn36e,เพื่อนแท้ {เอมี่บอนนี่},วันใหม่มุ๊ๆ
r10911,https://www.readawrite.com/a/Zfn3x2,พิชต้า | emibonnie,ccluster
r10927,https://www.readawrite.com/a/Zfnaqh,PAINFUL|EMIBONNIE,ทะเลยามเย็น
r10929,https://www.readawrite.com/a/Zfnbpt,ตี้ไม่จืด,godseulgi
r10933,https://www.readawrite.com/a/Zfncsk,ls it my love| emibonnie,อลินขาว
r10960,https://www.readawrite.com/a/Zfnrnx,เป็นหนึ่งปันปัน &mdash; emibonnie,deuxmille_?
r10962,https://www.readawrite.com/a/Zfns0y,"nakasaban นาคาสาบาน - emibonnie,milklove",yusu_ยูซุ
r10966,https://www.readawrite.com/a/Zfnswt,Almost Something |Emibonnie,LaMuD ja
r10979,https://www.readawrite.com/a/Zfo0uq,เมื่อดวงใจมีรัก &mdash; emibonnie,navywithblue
r10983,https://www.readawrite.com/a/Zfo2qk,roommate | emibonnie,เอมี่บอนนี่ดิ่ว้ะ
r10992,https://www.readawrite.com/a/Zfoddc,ริน(ไม่)รัก| emibonnie,biebonbie
r10997,https://www.readawrite.com/a/Zfoecy,แอบชอบ|เอมี่บอนนี่,mobal
r11004,https://www.readawrite.com/a/Zfojsy,เมียไอ้ไท|emibonnie,poett
r11030,https://www.readawrite.com/a/Zfp0jb,sometimes - emibonnie,nothingon_
r11045,https://www.readawrite.com/a/Zfpcnf,สามีพี่เธียร | emibonnie,เอมี่บอนนี่ดิ่ว้ะ
r11057,https://www.readawrite.com/a/Zfpoas,&sup2;ต้องมินตรา | emibonnie,power
r11062,https://www.readawrite.com/a/Zfpt2r,Close Enough  | Emibonnie,วันว่างว่าง
r11068,https://www.readawrite.com/a/Zfptpd,ผิดเวลามาผิดที่,🌾ต้นข้าว🌾
r11075,https://www.readawrite.com/a/Zfpwh2,My secret luv(EMIBONNIE),Starlit Dream
r11079,https://www.readawrite.com/a/Zfpxd4,kodseed | emibonnie,anothertusedaytulip
r11097,https://www.readawrite.com/a/Zfq58v,如何(หรูเหอ)|emibonnie,Chob ros khom
r11098,https://www.readawrite.com/a/Zfq5yf,SEAHOney - emibonnie,pipxxx.
r11103,https://www.readawrite.com/a/Zfq8e0,ตามใจมีรัก | emibonnie,serryblue
r11112,https://www.readawrite.com/a/Zfqdfg,รักบ้านนอก | emibonnie,แล้วไง👾🐶
r11129,https://www.readawrite.com/a/Zfqq2p,ม๋าเด๋ก | emibonnie,อาเฮียใหญ่
r11130,https://www.readawrite.com/a/Zfqqcn,"สื่อกลางระหว่างเรา,emibonnie",kaokaikrob
r11134,https://www.readawrite.com/a/Zfqr48,P&rsquo;est &lsquo; #emibonnie,sim1
r11139,https://www.readawrite.com/a/Zfqv5t,Broken Ties,cmp.
r11163,https://www.readawrite.com/a/Zfrfub,ถ่านไฟ..|เอมี่บอนนี่,คุณไนท์ชอบกินหม่าล่า!
r11170,https://www.readawrite.com/a/Zfrle7,5yr5d | emibonnie,WUL;
r11175,https://www.readawrite.com/a/Zfrnsk,คิดถึงแฟนเก่า|เอมี่&times;บอนนี่,ซาลาเปาอร่อยๆ
r11177,https://www.readawrite.com/a/Zfrobl,บรูซ|เอมี่บอนนี่,เฟยย
r11191,https://www.readawrite.com/a/Zfrxbx,เด็กใหม่||บอนนี่เอมี่,เบนซ์
r11192,https://www.readawrite.com/a/Zfrxem,guitar | emibonnie,b.bluz
r11193,https://www.readawrite.com/a/Zfrxhl,รักแรกในเพศเดียวกัน| emibonnie,ไรท์ขอคิดก่อน
r11197,https://www.readawrite.com/a/Zfs1iy,ทำไมจะกินไม่ได้...ก็เหล้าเหมือนกัน//GL&times;BL,_. 醬油 อิ้ง
r11199,https://www.readawrite.com/a/Zfs2go,A titleholder &mdash; emibonnie,exoticmeqlin
r11202,https://www.readawrite.com/a/Zfs3gt,mr.service | emibonnie,silentpx
r11207,https://www.readawrite.com/a/Zfs6wt,no (have) ex girlfriend &mdash; bonnieemi,lopraprod
r11208,https://www.readawrite.com/a/Zfs734,Almost | emiboonnie,หมูไม่อ้วน
r11214,https://www.readawrite.com/a/Zfsaek,"ต้ายี่หวา , emibonnie",14june&rsquo;
r11224,https://www.readawrite.com/a/Zfshqq,หนึ่งนที,namo
r11225,https://www.readawrite.com/a/Zfsj6r,ที่หนึ่ง | emibonnie,Saru Artesian
r11240,https://www.readawrite.com/a/Zfstgl,ตุลาแต่ไม่ลาเธอ &mdash; emibonnie,InwzaSapphic55+
r11261,https://www.readawrite.com/a/Zftak6,"เตไม่ชอบ , emibonnie",someone .
r11279,https://www.readawrite.com/a/Zftjlo,จิวธาร - emibonnie,PEK
r11285,https://www.readawrite.com/a/Zftnsq,&sup1;พี่ทราย &mdash; emibonnie,qiksr
r11301,https://www.readawrite.com/a/Zftvmd,ผูกปิ่นโต | emibonnie,หมามุดเนย
r11307,https://www.readawrite.com/a/Zfu1h7,Miniskirt ; emibonnie,Finteesud
r11311,https://www.readawrite.com/a/Zfu3hk,parak |bonnieemi,ไรท์เต๋อ
r11323,https://www.readawrite.com/a/Zfucu5,"พับเพียบ , emibonnie (sf)",meaowli
r11325,https://www.readawrite.com/a/Zfudax,เธอเหนือ | emibonnie,sarukkai
r11329,https://www.readawrite.com/a/Zfuec8,เพื่อนรัก |emibonnie|,หมูเด้ง
r11331,https://www.readawrite.com/a/Zfueog,gold(en)fish &mdash; emibonnie,เลอลาลิน
r11348,https://www.readawrite.com/a/Zfupy6,หยดเทียน |EmiBonnie,Skyrine
r11372,https://www.readawrite.com/a/Zfv40c,"Artist , EmiBonnie",m๋าม่อน
r11386,https://www.readawrite.com/a/Zfv9ge,Suntia - emibonnie,iamfinethankyou
r11391,https://www.readawrite.com/a/Zfvcb5,ธันวัน | emibonnie (รีไรท์),วารินทร์
r11397,https://www.readawrite.com/a/Zfvjlm,Just friend? |เอมี่บอนนี่,ดีโด้ผู้ที่ไม่จิงโจ้
r11424,https://www.readawrite.com/a/Zfw1o9,ติณณ์รดา | เอมี่บอนนี่ (rewrite),โซเบียว
r11456,https://www.readawrite.com/a/Zfwj8t,แม่บอกแล้วว่าอย่าหลบหลู่ | emibonnie,tofuusang
r11467,https://www.readawrite.com/a/Zfworm,รักที่ไม่อาจสอน |emibonnie,cmp.
r11472,https://www.readawrite.com/a/Zfwsth,พบรักมันยากเลยรักเธอแทน|เอมี่บอนนี่Emibonnie|มิ้ลค์เลิฟmliklove,ปลาสะไหว้ไก่nอ๑ชีส
r11482,https://www.readawrite.com/a/Zfwwyw,ผูกรักด้วยบทบูชา|EmiBonnie,ไอติมรสชาไทย
r11487,https://www.readawrite.com/a/Zfx0ia,ฝนเป็นเก,เทียนส่องฟ้า
r11492,https://www.readawrite.com/a/Zfx405,แอบรักยัยรุ่นพี่|เอมี่บอนนี่,Jin Jin
r11499,https://www.readawrite.com/a/Zfx9q2,Black horizon,nnn2.401
r11500,https://www.readawrite.com/a/Zfx9r8,คุณหนูเอาแต่ใจกับนายขี้ซึน,ชื่อเส้นเล็กก
r11507,https://www.readawrite.com/a/Zfxcli,paper | emibonnie,ปาท๋องโก๋ปากซอย
r11509,https://www.readawrite.com/a/Zfxctx,ลนิณธิชา | emibonnie,lnliu
r11518,https://www.readawrite.com/a/Zfxl8a,มากกว่าเพื่อนไม่ได้ | emibonnie,เอมี่บอนนี่ดิ่ว้ะ
r11523,https://www.readawrite.com/a/Zfxnq6,อะไรวะ|emibonnie,ต้นไม้สีเขียวทางด้านซ้าย
r11537,https://www.readawrite.com/a/Zfy13s,theyn | emibonnie,b.bluz
r11540,https://www.readawrite.com/a/Zfy2oe,ทำงานใช้ทุนชอบคุณได้ป่าว | EmiBonnie,Seaphk
r11548,https://www.readawrite.com/a/Zfy6g2,cross over (emibonnie/namtanfilm),littlek
r11551,https://www.readawrite.com/a/Zfy9nh,รักร้าวสวนดอกไม้-Emibonnie,ปากกาแมวอ้วรร
r11567,https://www.readawrite.com/a/Zfyjvb,คนในฝัน | เอมี่บอนนี่,Any&lt;3
r11571,https://www.readawrite.com/a/Zfyl3j,แฟน(เก่า)คนโปรด&sup1;|EmiBonnie,อ่านได้ก็อ่าน อ่านไม่ได้ก็ไม่ต้องอ่าน
r11576,https://www.readawrite.com/a/Zfynws,Rayplays - emibonnie,เซียนยัง
r11582,https://www.readawrite.com/a/Zfys14,&sup2;nongsea &mdash; emibonnie,qiksr
r11584,https://www.readawrite.com/a/Zfysul,แอบหวัง|เอมี่บอนนี่,เฟล
r11587,https://www.readawrite.com/a/Zfyvxf,สองสีน้ำ | emibonnie,ccubple
r11591,https://www.readawrite.com/a/Zfywlr,(x&sup2; + y&sup2; - 1)&sup3; - x&sup2; y&sup3; = 0,midnight-fortythree
r11597,https://www.readawrite.com/a/Zg01xp,banoffee ' bonnieemi,yyeloww
r11598,https://www.readawrite.com/a/Zg02ki,พรรษา|emibonnie,หิวข้าวเว้วววววววว
r11607,https://www.readawrite.com/a/Zg06lc,paopei &mdash; emibonnie,kayobii
r11610,https://www.readawrite.com/a/Zg08tw,ของขวัญที่ต้องตารอคอย &mdash; Emibonnie,mingji
r11618,https://www.readawrite.com/a/Zg0d9h,สรุปได้ไหม เราเป็นอะไรกัน | Final Answer,ErythroRain
r11622,https://www.readawrite.com/a/Zg0f7j,ตุ๋นไม่เล่น [เอมี่บอนนี่],หมูเก่า
r11629,https://www.readawrite.com/a/Zg0i9s,เปเปอร์เป็นใจ-emibonnie,inmyheart
r11631,https://www.readawrite.com/a/Zg0j6a,เขียนถึง | emibonnie,Ash
r11636,https://www.readawrite.com/a/Zg0lh6,ตี๋ยอมหน่อย | emibonnie,g_jiea
r11637,https://www.readawrite.com/a/Zg0li6,หมวยจ่ายยา|emibonnie,Bakedbroccoli
r11640,https://www.readawrite.com/a/Zg0mrj,รักน้อง emibonnie,&spades;&hearts;
r11655,https://www.readawrite.com/a/Zg0v58,&sup1; มาหาธานหน่อย - emibonnie,แมวกินคุกกี้ใส่ช็อคแลต
r11668,https://www.readawrite.com/a/Zg15ye,ชุนแปง | emibonnie,mnb
r11679,https://www.readawrite.com/a/Zg1ce0,ติวเตอร์ &mdash; emibonnie,หกสิบเอ็ด
r11693,https://www.readawrite.com/a/Zg1jni,หมาน้อยของเปิ้ล ; emibonnie,jellyfish &lt;3
r11713,https://www.readawrite.com/a/Zg1uym,ศึกเวทมนต์|Emibonnie,JIN ZX
r11724,https://www.readawrite.com/a/Zg24g0,เกินกว่าพี่น้องได้ไหม | emibonnie,หิวข้าวครับ TT
r11733,https://www.readawrite.com/a/Zg2877,โน๊ตเนิร์ด |emibonnie,เจจิ
r11734,https://www.readawrite.com/a/Zg28p2,floral scents ᪥ * emibonnie,anothersips
r11735,https://www.readawrite.com/a/Zg28ug,สูตรรักสูตรร้าย // รักเรา (We Are) EmiBonnie,ดาราณิกร
r11739,https://www.readawrite.com/a/Zg2a6l,เผลอตกหลุมรัก|emibonnei,นีนี่
r11754,https://www.readawrite.com/a/Zg2gd0,เมื่อเรา8คนสลับเนื้อคู่กัน,บุหลันดั้นเมฆ
r11756,https://www.readawrite.com/a/Zg2h86,Beloved|EmiBonnie,น้อวภัทส
r11758,https://www.readawrite.com/a/Zg2hfi,Irene | emibonnie,onetwothree
r11763,https://www.readawrite.com/a/Zg2kr9,ซันเพ่ย | emibonnie,notsure
r11764,https://www.readawrite.com/a/Zg2ls1,sweet secret&sup1; | emibonnie,หมีน้อยยามค่ำคืน
r11765,https://www.readawrite.com/a/Zg2lxt,กุมภาจานีน|emibonnie,anbellx
r11766,https://www.readawrite.com/a/Zg2m8c,พี่แค่ห่วงรชา | emibonnie,ไก่น้อย
r11780,https://www.readawrite.com/a/Zg33pb,นิยมศิลป์ | emibonnie,project.t
r11791,https://www.readawrite.com/a/Zg37oo,23 hours | bonnieemi,ccluster
r11792,https://www.readawrite.com/a/Zg386u,หมิงเจีย | emibonnie,19มกรา
r11799,https://www.readawrite.com/a/Zg3bdr,ไอท๊อปติดเกม|emibonnie,poett
r11811,https://www.readawrite.com/a/Zg3gnn,หม๋าเด่ก|เอมี่บอนนี่,เOuี่nอ๑
r11816,https://www.readawrite.com/a/Zg3j5x,u| emibonnie,gg
r11832,https://www.readawrite.com/a/Zg3qir,"""หวงกูออ""",รักโต้งงงง
r11842,https://www.readawrite.com/a/Zg3w2b,1love |emibonnie,greendear
r11851,https://www.readawrite.com/a/Zg405v,&sup2; พี่นาวินอย่าแกล้ง - emibonnie,แมวกินคุกกี้ใส่ช็อคแลต
r11874,https://www.readawrite.com/a/Zg4aln,candy cane|bonnieemi,KRin
r11878,https://www.readawrite.com/a/Zg4e1k,"วิศวะมันร้าย&sup1; , emibonnie (รีไรท์)",วารินทร์
r11879,https://www.readawrite.com/a/Zg4ect,คุณอาทิตย์ | PondPhuwin,nutasa ◌ิ◌ิ
r11880,https://www.readawrite.com/a/Zg4eps,ซันธันวา | BonnieEmi,DecemberSunshine
r11884,https://www.readawrite.com/a/Zg4glc,พร้อมเจ้าขา ; emibonnie,yoswallenom .
r11885,https://www.readawrite.com/a/Zg4het,Unscripted Love,emiibebon
r11890,https://www.readawrite.com/a/Zg4jn0,รักนอกกรอบ (Out of Frame)|emibonnie,Mach
r11896,https://www.readawrite.com/a/Zg4m8f,สิ้นสุดคำโปรย | Emibonnei,;mewa;
r11898,https://www.readawrite.com/a/Zg4o0b,เด็กวิศวะที่กำลังตามจีบมิ้ลค์|เอมี่บอนนี่,Boinn
r11902,https://www.readawrite.com/a/Zg4otp,ทีหลงอัยย์ - emibonnie,power
r11911,https://www.readawrite.com/a/Zg4uij,ท้องฟ้าแลเมฆ |Emibonnie,Seahorse
r11913,https://www.readawrite.com/a/Zg4wti,ครอบครัวสุขสันต์|มิ้ลคเลิฟ | นํ้าตาลฟิล์ม | เอมี่บอนนี่,???เองค่ะ
r11934,https://www.readawrite.com/a/Zg58ap,คนแรก | Emibonnie,impriyakron
r11937,https://www.readawrite.com/a/Zg5aiy,ปอยหลวง|bonnieemi,แบ้ดด๋อย
r11941,https://www.readawrite.com/a/Zg5cn7,(._.) -  emibonnie,เซียนยัง
r11943,https://www.readawrite.com/a/Zg5dob,Unlovable | Emibonnie,อัญญารินทร์🥀
r11957,https://www.readawrite.com/a/Zg5iv9,春花伴 | EMIBONNIE,cmp.
r11965,https://www.readawrite.com/a/Zg5lsi,ติ๋มคณะเภสัช | emibonnie,lune.e*b
r11966,https://www.readawrite.com/a/Zg5m3d,idontwannaloveyou | emibonnie,little_daisuke
r11967,https://www.readawrite.com/a/Zg5mse,percent | emibonnie,someoneintherain.
r11970,https://www.readawrite.com/a/Zg5n6c,"หมวยออกสาว, emibonnie",itimtod
r11987,https://www.readawrite.com/a/Zg5wqs,พบกันต์(นะ)มาโปรด,yoursky
r11989,https://www.readawrite.com/a/Zg5xh8,&sup1;โต๊ะจีน | emibonnie,22oc
r11993,https://www.readawrite.com/a/Zg5yio,เพ้ออะไรอยู่?,ชั้นแต่งไม่เรื่อยย
r12012,https://www.readawrite.com/a/Zg6d63,Dreamlight&sup2; l emibonnie,หมีน้อยยามค่ำคืน
r12036,https://www.readawrite.com/a/Zg6nps,thitnor &lsquo;th| emibonnie,ที่ผมชิลเพราะฟังอิล
r12040,https://www.readawrite.com/a/Zg6os6,คนเก่าที่แสนดี // เอมี่บอนนี่,nk02671
r12060,https://www.readawrite.com/a/Zg7661,"a wedding that was never really mine, emibonnie",bor บ
r12075,https://www.readawrite.com/a/Zg7gck,SEREN. | JOSSGAWIN,HeartRules🪭
r12076,https://www.readawrite.com/a/Zg7hh5,Linleng &mdash; emibonnie,qiksr
r12085,https://www.readawrite.com/a/Zg7khp,Patner |emibonnie,คนกินกบ
r12092,https://www.readawrite.com/a/Zg7n5h,ไจ่ไจ๋|emibonnie,biyu
r12098,https://www.readawrite.com/a/Zg7rm7,น้องหมอที่รัก |เอมี่บอนนี่,แมวเด็ก🎀🧸
r12100,https://www.readawrite.com/a/Zg7slj,Another thing | emibonnie,ชวาลิน
r12104,https://www.readawrite.com/a/Zg7u74,บอดี้การ์ด|Emibonnie/milklove,Bena
r12106,https://www.readawrite.com/a/Zg7up1,เสียคนรัก|บอนนี่เอมี่,อเรนเวนๆ
r12113,https://www.readawrite.com/a/Zg7xps,ลี่ฟาง - L&igrave;fāng | EmiBonnie,tofuchesetart
r12128,https://www.readawrite.com/a/Zg88pl,&sup1;โปรดวิทยา | emibonnie,meedang
r12135,https://www.readawrite.com/a/Zg8a9l,หนู(เอมี่บอนนี่),lovely
r12137,https://www.readawrite.com/a/Zg8aua,My Star|nuthong,bee_13910
r12138,https://www.readawrite.com/a/Zg8c4k,ธีร์ชิตา | emibonnie,ชอบทุกคู่ :)
r12144,https://www.readawrite.com/a/Zg8fgv,รหัสลับ หัวใจวิศวะ || EmiBonnie,TarrIn🌀
r12151,https://www.readawrite.com/a/Zg8jgp,พายปัน | emibonnie,Judy_p
r12155,https://www.readawrite.com/a/Zg8my3,เพื่อนในเกม |eimbonnie,แมวปัดเป๋😸
r12164,https://www.readawrite.com/a/Zg8rnb,ลูแปงเลอแปง | emibonnie,yoswallenom .
r12165,https://www.readawrite.com/a/Zg8rup,Summertime - emibonnie,Somp
r12168,https://www.readawrite.com/a/Zg8t6a,&sup2;Sofia | emibonnie,22oc
r12178,https://www.readawrite.com/a/Zg927y,You Talk I Listen | emibonnie,หมูไม่อ้วน
r12192,https://www.readawrite.com/a/Zg97ir,"2noelle, emibonnie",meaowli
r12193,https://www.readawrite.com/a/Zg98cj,ต๋าเจ๋อ | emibonnie,ยี่สิบห้า&lrm;
r12200,https://www.readawrite.com/a/Zg9c2b,กวนตีน|bonnieemi,&lt;Marvel&gt;
r12205,https://www.readawrite.com/a/Zg9f7t,จากใจเจ็ด |emibonnie,Fryse
r12212,https://www.readawrite.com/a/Zg9hha,no.1| emibonnie,youinmyg_
r12214,https://www.readawrite.com/a/Zg9htl,รักทำไมไม่ชัดเจน,บ้อกแบ้ก
r12221,https://www.readawrite.com/a/Zg9k81,นักแข่งที่รัก | บี๋บอน,เด็กไบโพล่าร์
r12233,https://www.readawrite.com/a/Zg9ptn,Velocity's Verse| Emibonnie,เนลกา
r12235,https://www.readawrite.com/a/Zg9qis,querencia | emibonnie,sarukkai
r12239,https://www.readawrite.com/a/Zg9sd5,เมธา |เพิร์ธแซนต้า,pst_jazx
r12252,https://www.readawrite.com/a/Zg9x1c,ไอเลิฟสตอรี่โยเกิร์ต- emilbonnie,พี้เองง
r12256,https://www.readawrite.com/a/Zg9xyb,รูมเมทคู่ปรับ ดัดนิสัย |เอมี่บอนนี่,A.
r12259,https://www.readawrite.com/a/Zg9y6m,tanrak &mdash; emibonnie,"luk , seung"
r12263,https://www.readawrite.com/a/Zga161,ใต้แสงโคมแดง |emibonnie,ผกา
r12296,https://www.readawrite.com/a/Zgal2k,เพื่อนที่ไหนทำแบบนี้|emibonnie,อุอิอ่่่า
r12303,https://www.readawrite.com/a/Zgap1i,I like golden|emibonnie,Lemon tree
r12305,https://www.readawrite.com/a/Zgapdt,Anonymous | emibonnie,Gloomy Sky
r12309,https://www.readawrite.com/a/Zgaqig,ไอ้หมาโช | bonnieemi,ยี่สิบห้า&lrm;
r12312,https://www.readawrite.com/a/Zgarmq,เลขาธี | emibonnie,โฮรางี
r12314,https://www.readawrite.com/a/Zgassc,ปากแข็ง | emibonnie,ウィラダ
r12315,https://www.readawrite.com/a/Zgat2l,พี่เลือกรักนะ|emibonny,โอมเพี้ยง
r12316,https://www.readawrite.com/a/Zgat8y,แพทย์ปีหนึ่ง &mdash; bonnieemi,Pizx.2
r12323,https://www.readawrite.com/a/Zgaxoi,เฌอร์ริรินด์ - emibonnie,flowerry
r12325,https://www.readawrite.com/a/Zgaxxw,แม่ทูนหัว | emibonnie,Saru Artesian
r12326,https://www.readawrite.com/a/Zgaxyj,Only fan | EMIBONNIE,เสี้ยวของจันทร์🌙
r12333,https://www.readawrite.com/a/Zgb2wh,The Warm Corner | EmiBonnie,Nineteen_.
r12345,https://www.readawrite.com/a/Zgb7po,"ระยะเกล้า , emibonnie",talyseri
r12350,https://www.readawrite.com/a/Zgb8pj,"tipbentist , emibonnie",someone .
r12352,https://www.readawrite.com/a/Zgb9fc,&sup1; ธีร์ธารา - emibonnie,itsmux_
r12355,https://www.readawrite.com/a/Zgb9o0,ไม่เอาข้างห้อง | emibonnie,โจเจ๋งโจจ๋อง
r12374,https://www.readawrite.com/a/Zgbg01,"Boost 303 , emibonnie",piangruk
r12380,https://www.readawrite.com/a/Zgbhxk,หัวใจของสายหมอก - เอมี่บอนนี่,สายรุ้งในแสงแดด
r12382,https://www.readawrite.com/a/Zgbihx,หนูแค่ช่วยพี่ จีบพี่|EmiBonnie,Maneeeee
r12392,https://www.readawrite.com/a/Zgbnsm,Skyline |emibeonnie,ฟ้าหลังฝน
r12395,https://www.readawrite.com/a/Zgbr60,เพื่อน(ไม่)เล่น|emibonnie,คิดถุงนะเตง✌🏻🥰😍
r12401,https://www.readawrite.com/a/Zgbsqv,บ่าววิศวะ/emibonnie,ไรท์เองคั้บ
r12409,https://www.readawrite.com/a/Zgbumt,ภูมิใจเด่กใต้ - emibonnie,dtim eiei
r12422,https://www.readawrite.com/a/Zgc1gi,เธอคนนั้นที่ฉันเฝ้าฝัน,Saturn22hz
r12441,https://www.readawrite.com/a/Zgc9kp,"bebey , emibonnie",kuntann.n
r12452,https://www.readawrite.com/a/Zgcbk0,เพลย์ลิสของเอมี่บอนนี่|เอมี่บอนนี่,น้ำพริกนรก
r12469,https://www.readawrite.com/a/Zgck0v,let&rsquo;s on top &mdash; emibonnie,eosdih
r12471,https://www.readawrite.com/a/Zgckuw,ตัวแม่แพ้ทรงติ๋ม -//- Emibonnie,เมเน
r12480,https://www.readawrite.com/a/Zgcotc,รัก วุ่นวาย | emibonnie,เนเน๋
r12487,https://www.readawrite.com/a/Zgcsla,"วงโคจร|emibonnie, freenbecky, milklove",samaran
r12497,https://www.readawrite.com/a/Zgcxsw,หยกน้ำชา |emibonnie,ยืนกินไก่อยู่หน้าเซเว่น🐣
r12504,https://www.readawrite.com/a/Zgd19p,พราวฟ้า - bonnieemi,pipxxx.
r12507,https://www.readawrite.com/a/Zgd2di,อโนนิมัส | emibonnie,Why n
r12517,https://www.readawrite.com/a/Zgd83g,'คุณบอดี้การ์ด' รับรักหนูไม่ได้หรอคะ? #EmiBonnie (Omegaverse),Purple_RoseSS
r12523,https://www.readawrite.com/a/Zgdcg0,ร้านนี้มีดอกไม้ | emibonnie,คุณพระ
r12524,https://www.readawrite.com/a/Zgdcnb,เเค่เพื่อน(สนิท)  |เอมี่บอนนี่,อยากไปอยู่ที่ดาวพลูโต
r12542,https://www.readawrite.com/a/Zgdmg4,แอบปิ๊งรุ่นน้อง (เอมี่บอนนี่),แอบรักรุ่นน้อง
r12562,https://www.readawrite.com/a/Zgdsrp,สติหน่อยเจนิส | emibonnie,จ้คะ
r12563,https://www.readawrite.com/a/Zgdt16,มากกว่าเพื่อนร่วมงาน,ตื๋มเจ้า
r12567,https://www.readawrite.com/a/Zgdwae,babe | emibonnie,thxpp_q
r12580,https://www.readawrite.com/a/Zge2gl,เร่งรักให้ถึงเธอ|emibonni,เซียนนักเขียน
r12581,https://www.readawrite.com/a/Zge3br,คดีที่ชื่อว่าเธอ | EmiBonnie,Film_NPY
r12583,https://www.readawrite.com/a/Zge3mi,blue hour &mdash; emibonnie,overtherainbow
r12595,https://www.readawrite.com/a/Zge8yb,สาวนิเทศ|emibonnie,โกโก้หวานร้อย
r12598,https://www.readawrite.com/a/Zgea5u,ไอ้นักเลง|เอมี่xบอนนี่,นกกระดาษกินโค้ก
r12605,https://www.readawrite.com/a/Zgefs1,ไม่ใช่แบบนี้นะ|emibonnie,หวานค่ะ
r12611,https://www.readawrite.com/a/Zgehkq,รักเมีย | emibonnie,creammmy
r12615,https://www.readawrite.com/a/Zgei13,รับรัก | emibonnie,newnewnew
r12624,https://www.readawrite.com/a/Zgemwx,Five Years - emibonnie,thaichayanon
r12636,https://www.readawrite.com/a/Zgetrr,ม๋าขี้เรื้อน|เอมี่บอนนี่,เรือแฮนอาย
r12639,https://www.readawrite.com/a/Zgeurk,เด็กวัด|emibonnie,เกินปายยย
r12641,https://www.readawrite.com/a/Zgew6j,gumaiporjai | emibonnie,22oc
r12643,https://www.readawrite.com/a/Zgexfi,พี่เสือ  by  คะนิ้ง  | emibonnie,ฟ้าหลังฝน
r12688,https://www.readawrite.com/a/Zgfhs3,ม๋าเด่กของพี่หมวยยย|เอมี่บอนนี่,ซิกม่าหิวมาม่า
r12697,https://www.readawrite.com/a/Zgflw5,The Gangster's Exception | EMIBONNIE,สติอยู่หนายยย
r12715,https://www.readawrite.com/a/Zgfqy9,พี่น้องแบบไหน?|เอมี่บอนนี่/น้ำตาลฟิล์ม,👉🏻ท้องฟ้าตอนเช้า🌄👈🏻
r12722,https://www.readawrite.com/a/Zgfutq,Secret love | aouboom,สุดสวยอย่าทิ้งเค้า
r12730,https://www.readawrite.com/a/Zgfwck,สเกลของการบอกรัก│emibonnie,กาลครั้งหนึ่งที่เคยเกิดขึ้น
r12732,https://www.readawrite.com/a/Zgfww6,เพลงของคุณ|EmiBonnie,ไอติมรสชาไทย
r12735,https://www.readawrite.com/a/Zgg13d,More Than Friends l emibonnie,Nineteen_.
r12742,https://www.readawrite.com/a/Zgg3ph,ใครบอกมันไม่ถูกกัน//วิลเลี่ยมเอส,เเมวตกน้ำ🐬🐱
r12746,https://www.readawrite.com/a/Zgg66o,ChorusTonfa - emibonnie,อัายเปอร์ซอยยิกๆ
r12747,https://www.readawrite.com/a/Zgg6k7,พี่ต้าวิดวะ | emibonnie,สวยสุดจ้า
r12749,https://www.readawrite.com/a/Zgg6us,on top | emibonnie,zandwich
r12750,https://www.readawrite.com/a/Zgg8b3,"บริษัทจัดหาคู่ ""Love Link""",ชิปเปอร์ตัวจิ๋ว
r12753,https://www.readawrite.com/a/Zgg8oy,พี่ว้ากค่ะ/emibonnie,ไรท์เองคั้บ
r12760,https://www.readawrite.com/a/Zggaek,รับรักน้องนะ|emibonnie,มุมะอุอะ
r12764,https://www.readawrite.com/a/Zggbp0,sorry | emibonnie,icome2say
r12767,https://www.readawrite.com/a/Zggcw3,เด็กเล|Emibonnie,Chob ros khom
r12771,https://www.readawrite.com/a/Zgge6n,เป็นไม่เป็น|เอมี่บอนนี่,อิอิ
r12773,https://www.readawrite.com/a/Zggg0t,ภาพจำลิน|emibonnie,sxrxph_
r12783,https://www.readawrite.com/a/Zggjtf,คิดถึง | emibonnie,อีไรท์นี่ขี้เก๊ก
r12786,https://www.readawrite.com/a/Zgglie,kopydaisy | emibonnie,พิเลอึมมะ
r12796,https://www.readawrite.com/a/Zggpfi,รุ่นพี่|เอมี่บอนนี่,???เองค่ะ
r12797,https://www.readawrite.com/a/Zggqjh,wednesday | emibonnie,littlemiffy
r12803,https://www.readawrite.com/a/Zggt9o,น้ำเต้าหู้ | emibonnie,Why n
r12857,https://www.readawrite.com/a/Zghk0m,"ตาต้าโนหนึ่ง , emibonnie",j1
r12860,https://www.readawrite.com/a/Zghlcl,Time&hellip;หารัก | เอมี่บอนนี่,A little bird
r12861,https://www.readawrite.com/a/Zghlw5,น้ำเหนือจิ๋วหลิว|emibonnie,เจจิ
r12862,https://www.readawrite.com/a/Zghmej,Hurt nah-nah | emibonnie,little_daisuke
r12863,https://www.readawrite.com/a/Zghmqp,เพราะรัก &lsquo;about US | emibonnie,SiChompoo
r12864,https://www.readawrite.com/a/Zghn3c,เขื่อนอ้าย ; emibonnie,power
r12874,https://www.readawrite.com/a/Zghrs0,Soul Hot |emibonnie,Paphatsara
r12876,https://www.readawrite.com/a/Zghuby,The Shift|emibonnie,poett
r12879,https://www.readawrite.com/a/Zghv5b,Ch&eacute;n Fēi |Praewlene,Write_Thai
r12881,https://www.readawrite.com/a/Zghw9n,&sup2;เต้าหู้นับหนึ่ง | emibonnie,meedang
r12892,https://www.readawrite.com/a/Zgi0pa,หนูจะตายเพราะความหล่อของพี่/บอนนี่&amp;เอมี่,GMM
r12893,https://www.readawrite.com/a/Zgi0r5,(&ldquo;&mdash;&rdquo;) | emibonnie,emibonnie
r12901,https://www.readawrite.com/a/Zgi2ix,นักตบมือหนึ่ง - emibonnie,yestereveryday
r12903,https://www.readawrite.com/a/Zgi3rm,Paradise online | emibonnie,22oc
r12906,https://www.readawrite.com/a/Zgi55r,อุ่นไอในหมอกเย็น|EmiBonnie,ยืนงงในดงหญ้า
r12908,https://www.readawrite.com/a/Zgi5t2,lucky bunn | emibonnie,chickenwingsss
r12914,https://www.readawrite.com/a/Zgiauo,มาโปรดธาราริน | emibonnie,เจ้าของแมวไม่มีเจ้าของ
r12934,https://www.readawrite.com/a/Zgilif,ไอตูดลิง-bonnieemi,ไอเด้น
r12938,https://www.readawrite.com/a/Zginwu,เฟรนโซน|เอมี่บอนนี่,ดูเถอะจ้า
r12939,https://www.readawrite.com/a/Zgiohf,Moments of Us&sup3; | emibonnie,หมีน้อยยามค่ำคืน
r12942,https://www.readawrite.com/a/Zgirq0,My Dream&sup1; &mdash; emibonnei,ท้องฟ้า
r12947,https://www.readawrite.com/a/Zgitdy,ธันวา|emibonnie,ไม่ใช่หนาๆ
r12948,https://www.readawrite.com/a/Zgithx,V | emibonnie,prodfah
r12953,https://www.readawrite.com/a/Zgix43,&amp;sup1;ตะวัน;emibonnie,ไม่ใช่หนาๆ
r12955,https://www.readawrite.com/a/Zgiydj,รักลับกลางสปอร์ตไลท์ emibonnie,cmp.
r12965,https://www.readawrite.com/a/Zgj6dj,เซฟโซนโอนใจ|emibonnie,ไม่ใช่หนาๆ
r12968,https://www.readawrite.com/a/Zgj98s,ฤดูใบไม้ผลิ | emibonnie,someoneintherain.
r12973,https://www.readawrite.com/a/Zgjacf,น้ำชอบพี่โชน | emibonnie,แอ๋ดแอ๊ดแอ็ดแอ่ดแอ้ด
r12978,https://www.readawrite.com/a/Zgjd47,แฟนหนูเป็นนักบิน | Emibonnie,วันว่างว่าง
r12985,https://www.readawrite.com/a/Zgjhrv,3 L  &mdash; emibonnie,warden_
r12987,https://www.readawrite.com/a/Zgjjb5,&sup1;พี่ไม่ชอบเด็ก l  EMIBONNIE,myself
r12992,https://www.readawrite.com/a/Zgjnau,ยาโยอิฮะจิบัง  | emibonnie,เดือนที่สี่
r12993,https://www.readawrite.com/a/Zgjorb,เพื่อนหรอว่ะ(จุงดัง),Corinna
r12995,https://www.readawrite.com/a/Zgjq0v,sydney|emibonnie,susu🐸
r12999,https://www.readawrite.com/a/Zgjryj,คุณแฟน(เก่า) - emibonnie,lnliu
r13001,https://www.readawrite.com/a/Zgjsl4,พี่นักกีฬา//เอมี่บอนนี่,โดนัทมั้ยอ่ะ
r13006,https://www.readawrite.com/a/Zgjvqg,RIVALRY | Emibonnie,เนลกา
r13032,https://www.readawrite.com/a/Zgk6w7,แทนฟ้า | emibonnie,ms.ligea
r13041,https://www.readawrite.com/a/Zgkdfk,เยาวราชมีรัก |emibonnie,เจจิ
r13063,https://www.readawrite.com/a/Zgklej,ธูปนิรันดร์ ; emibonnie,warden_
r13064,https://www.readawrite.com/a/Zgklgq,"ปุณเบบี๋ , emibonnie",kuntann.n
r13067,https://www.readawrite.com/a/Zgkojc,พี่สาวคนสวยของหนู|MindJoe,Kornphat.
r13070,https://www.readawrite.com/a/Zgkpqx,how to build a gay | emibonnie,ToMyBlues
r13072,https://www.readawrite.com/a/Zgkqek,ภัทรธารา | emibonnie,สวยสุดจ้า
r13089,https://www.readawrite.com/a/Zgkyir,ก็ได้แค่แอบชอบ,อิออิมูฮาๆ
r13100,https://www.readawrite.com/a/Zgl3cv,This song for Maprod | emibonnie,PLUTO:D
r13107,https://www.readawrite.com/a/Zgl53g,เจิดจรัส|เอมี่บอนนี่,ฟิรญญ
r13120,https://www.readawrite.com/a/Zglct6,P'dara - emibonnie,pipxxx.
r13134,https://www.readawrite.com/a/Zgli9b,นักเลงชอบสาวเนิร์ดเนี่ยนะ | เอมี่บอนนี่,MIM❤️❤️
r13153,https://www.readawrite.com/a/Zgloa6,劉封 | emibonnie,Dragonfly .
r13162,https://www.readawrite.com/a/Zglrgj,ครึ่งทาง | E&amp;B,อาณาจักรเจ้าหญิงยูริ 𓆩♡ ᪲᪲᪲𓆪
r13167,https://www.readawrite.com/a/Zglt1y,เฟียสชนเนิร์ด | emibonnie,เดือนที่สี่
r13203,https://www.readawrite.com/a/Zgmarc,จีบครับ ; emibonnie,28;07:D
r13217,https://www.readawrite.com/a/Zgmeg3,แฟนเก่าคนโปรด|emibonnie,Wissuths_014
r13235,https://www.readawrite.com/a/Zgmlyx,nubneung | emibonnie,bsnssswc
r13241,https://www.readawrite.com/a/Zgmnop,Nerd by day |emibonine,อาบูชิกเก้น🐣
r13249,https://www.readawrite.com/a/Zgmq8y,ยัยคนโสด|emibonnie,&bull; จีบเธออยู่เผื่อไม่รู้ &bull;
r13281,https://www.readawrite.com/a/Zgn099,รักจริงหรอ | emibonnie,เนเน๋
r13290,https://www.readawrite.com/a/Zgn373,ไม้หมอก | emibonnie,babyyim
r13292,https://www.readawrite.com/a/Zgn3bf,ยัยบื้อ...,แพ้พี่หมวย💐__
r13297,https://www.readawrite.com/a/Zgn56u,EMBN's playlist,khunt-rak
r13299,https://www.readawrite.com/a/Zgn849,อาเต๋อขนมิ้งค์ (ผูกจิตจองจำ) |Emibonnie,ฟ้าหลังฝน
r13310,https://www.readawrite.com/a/Zgneb7,เจ๋งซาลาเปา | bonnieemi,Pizx.2
r13311,https://www.readawrite.com/a/Zgnfqp,&sup1;ไอเเอมอ้าย | emibonnie (รีไรท์),emibonnie diwaaa
r13312,https://www.readawrite.com/a/Zgnfv2,คุณเจ้าของร้านดอกไม้ | EmiBonnie,What does 사랑 mean?
r13317,https://www.readawrite.com/a/Zgngmj,6 years ; emibonnie,ธันเดอร์ เอ็กซ์เพลส
r13322,https://www.readawrite.com/a/Zgnj5d,หมาเด็กของพี่รัน l emibonnie,ผมมือใหม่อย่าว่ากันนะ💯
r13325,https://www.readawrite.com/a/Zgnl55,เธอรู้สึกอะไรบ้างไหม?,ชาเขียวหวานน้อยห์
r13330,https://www.readawrite.com/a/Zgnnbp,คุณนายตื่นสาย |emibonnie,เตย
r13336,https://www.readawrite.com/a/Zgnqp5,Good Boy|emibonnie,PensYuri
r13340,https://www.readawrite.com/a/Zgnru1,pepper | emibonnie,1983s
r13341,https://www.readawrite.com/a/Zgns9s,อย่าไปไหนอีก|dewtee emibonnie skynani,Jigsaw​www
r13344,https://www.readawrite.com/a/Zgnsou,คุณชายตื่นสาย|emibonnie,noey na kub
r13350,https://www.readawrite.com/a/Zgnw62,อัคนีศิลป์|skynani,G.lysera_
r13367,https://www.readawrite.com/a/Zgo4lx,แด่เธอผู้มีความสุข | EmiBonnie,Symmetry_
r13382,https://www.readawrite.com/a/Zgoa1b,เธอไม่มีใครแต่ยังมีเรานะ|emibonni,คุณน้ำตาล หวานสู่ขิต
r13397,https://www.readawrite.com/a/Zgogej,good morning - emibonnie,แก้วไวน์
r13405,https://www.readawrite.com/a/Zgojmi,อยากเป็นเด็กซ้อ | bonnieemi,Filmkrup
r13407,https://www.readawrite.com/a/Zgok5d,จีบแบบใด&sup2; &mdash; emibonnei,ท้องฟ้า
r13414,https://www.readawrite.com/a/Zgolh3,heart before the flowers fade | emibonnie,mnb
r13428,https://www.readawrite.com/a/Zgoqpl,"thap3, emibonnie",meaowli
r13446,https://www.readawrite.com/a/Zgowvr,hay day |emibonnie,มัวมายครุฟ
r13448,https://www.readawrite.com/a/Zgoxcj,พี่ประธานที่รัก | emiboonny,12eb
r13450,https://www.readawrite.com/a/Zgoxf7,Eternal Beloved ⁴ | emibonnie,หมีน้อยยามค่ำคืน
r13460,https://www.readawrite.com/a/Zgp0fm,"""กฎข้อที่ 11: ห้ามตกหลุมรักรูมเมท""",DEKKAPOK__
r13466,https://www.readawrite.com/a/Zgp4gt,Zone ของซิน | Emibonnie,หมี่ผัดสังขยา
r13470,https://www.readawrite.com/a/Zgp583,จุนนะชิลล์ &mdash; emibonnie,ichionehanauno.
r13480,https://www.readawrite.com/a/Zgp93b,รักสุด(ท้าย)|emibonnie,ชื่ออะไรก็ได้
r13488,https://www.readawrite.com/a/Zgpcd7,"A Season Uncaptured , emibonnie",ตอ.🥬
r13503,https://www.readawrite.com/a/Zgpink,เกียมัว | เอมี่บอนนี่,pie
r13513,https://www.readawrite.com/a/Zgpkvc,ของขวัญจากจักรวาล,"""คาร์มอส"""
r13518,https://www.readawrite.com/a/Zgpnfu,ชอบมึงจริงๆ emibonnie,หยา
r13533,https://www.readawrite.com/a/Zgprcp,รักเก่าที่ไม่เคยลืม|เอมี่บอนนี่,ดีเลย
r13534,https://www.readawrite.com/a/Zgprgg,สามหมัด &mdash; emibonnie,dontsayabouther
r13535,https://www.readawrite.com/a/Zgprvl,สำรองไม่ได้สำคัญ|emibonnie,tar505
r13549,https://www.readawrite.com/a/Zgpxfx,ซอยศาลเจ้า |emibonnie,เจจิ
r13554,https://www.readawrite.com/a/Zgpyv9,ห่างหน่อยก็แค่ชื่อเรื่อง|เอมี่บอนนี่,เอาผมไปนอนที่
r13569,https://www.readawrite.com/a/Zgq3tx,Just wanna be yours :): | emibonnie,first__1
r13585,https://www.readawrite.com/a/Zgq83j,ยิ้มแก้มระเบิด | EmiBonnie,freewifi
r13604,https://www.readawrite.com/a/Zgqg3v,Missing Aria | Emibonnie,เนลกา
r13630,https://www.readawrite.com/a/Zgqq32,นภาพาฝัน | emibonnie,nnn2.401
r13643,https://www.readawrite.com/a/Zgqvq0,พายให้ทาย | emibonnie,เลอลาลิน
r13650,https://www.readawrite.com/a/Zgr0dj,-ขึ้นมหาลัยก็อย่าหลุดนะ //emibonnie-,mastermz
r13674,https://www.readawrite.com/a/Zgr7g5,ซุเป้อไซย่า - emibonnie,greenpeople
r13675,https://www.readawrite.com/a/Zgr7hn,heart  | emibonnie,girl._
r13682,https://www.readawrite.com/a/Zgr9fl,รักแรกพบ|emibonnie,prae-p
r13689,https://www.readawrite.com/a/Zgra9s,เสียงรักตามสาย - emibonnie,yestereveryday
r13690,https://www.readawrite.com/a/Zgraaw,Remember ME - EMIBONNIE,blindfold
r13698,https://www.readawrite.com/a/Zgrd51,ได้แค่รัก |เอมี่บอนนี่,บัสรีสเฮร์ว
r13702,https://www.readawrite.com/a/Zgrerj,ใครเอาโรสทอยฉันไป,เอมี่บอนนี่
r13716,https://www.readawrite.com/a/Zgrlxp,อลันอันดา | EmiBonnie,กาลครั้งหนึ่งนานมาแล้ว.
r13724,https://www.readawrite.com/a/Zgrsca,gamer. bonnieemi,LENXRTEPICATE
r13741,https://www.readawrite.com/a/Zgrwgr,"อยากรักตลอดไป:Emibonni,Viwemim",ไอเลิฟลูกพี่ถา
r13753,https://www.readawrite.com/a/Zgs3o7,&sup1;Flowers &amp; U | EmiBonnie,น้องเป็ดสีม่วง
r13762,https://www.readawrite.com/a/Zgs6hs,แพรไหมพราวฟ้า⁵|emibonnie,หมีน้อยยามค่ำคืน
r13772,https://www.readawrite.com/a/Zgs9on,狐狸精 | BonnieEmi,Ngan
r13805,https://www.readawrite.com/a/Zgsia4,ซ่อนรัก - เอมี่บอนนี่,สายรุ้งในแสงแดด
r13816,https://www.readawrite.com/a/Zgsk7s,Antbell &mdash; emibonnie,qiksr
r13817,https://www.readawrite.com/a/Zgskel,ขวัญใจอีบัว | emibonnie,meedang
r13831,https://www.readawrite.com/a/Zgsq2f,inttine &mdash; emibonnie,februarydump
r13837,https://www.readawrite.com/a/Zgssfl,Caf&eacute; ที่รัก // เอมี่บอนนี่,ดาราณิกร
r13839,https://www.readawrite.com/a/Zgst3x,น้องคนสวย|เอมี่บอนนี่,พิเศษไข่ดาว
r13850,https://www.readawrite.com/a/Zgsy3o,mynamepal | emibonnie,mpukati
r13852,https://www.readawrite.com/a/Zgsyga,Only friend-emibonnie bonnieemi,Filmkrup
r13862,https://www.readawrite.com/a/Zgt675,โจทย์รัก /เอมี่บอนนี่,คัลเล่อ
r13866,https://www.readawrite.com/a/Zgt745,&sup1;เด็กแสบ | emibonnie,anyy
r13877,https://www.readawrite.com/a/Zgtcxd,เขตดุ | emibonnie,c e l
r13904,https://www.readawrite.com/a/Zgtk7i,ไจ๋จะเอา|emibonnie,macao&rsquo;
r13905,https://www.readawrite.com/a/Zgtku0,taychin | emibonnie,whale
r13941,https://www.readawrite.com/a/Zgu2v7,The Goodbye We Never Said | Emibonnie,Nineteen_.
r13965,https://www.readawrite.com/a/Zgu8ay,คิดเกินเพื่อน/เอมี่บอนนี่,บีเอ็นเก
r13976,https://www.readawrite.com/a/Zgudjn,You and me.. | EmiBonnie,ชายสี่หมี่เหลือง
r13980,https://www.readawrite.com/a/Zgueek,&sup1;mormeili - emibonnie,teelong
r13985,https://www.readawrite.com/a/Zgueyc,and cut ! | emibonnie,bleu ciel
r13989,https://www.readawrite.com/a/Zgugtf,มนตรานารี &sup2; |emibeonnie,ฟ้าหลังฝน
r13996,https://www.readawrite.com/a/Zgulcl,The caf&eacute; photo|EmiBonnie,myn4mx
r14026,https://www.readawrite.com/a/Zguw30,favorite friend|EmiBonnie,ไอติมรสชาไทย
r14038,https://www.readawrite.com/a/Zgv27q,หลงรักลูกจ้าง//emibonnie,โดนัทมั้ยอ่ะ
r14039,https://www.readawrite.com/a/Zgv2q0,อยากชนะใจตัวเอง / emibonnie,bonบอน 🪻
r14046,https://www.readawrite.com/a/Zgv7nd,"อัลมอนด์อย่าซ่า , emibonnie",ุิาุิสิุ
r14052,https://www.readawrite.com/a/Zgvbjn,#เดน่าพอร์เทียร์ |emibonnie,peony
r14056,https://www.readawrite.com/a/Zgvc0w,"ตะวันแสง , Emibonnie",𝘏𝘪𝘨𝘢𝘯𝘣𝘢𝘯𝘢
r14066,https://www.readawrite.com/a/Zgvg9u,หมอ ' bonnieemi,Tbadz
r14075,https://www.readawrite.com/a/Zgvjou,ณิทราวายุ| aouboom,เยลลี่หมีโป้
r14082,https://www.readawrite.com/a/Zgvo6m,"because of blue , bonnieemi",y3ntpdcc
r14084,https://www.readawrite.com/a/Zgvovh,เต็มสิบ (emibonnie),pt.
r14093,https://www.readawrite.com/a/Zgvt9q,อาคมอักษรา |เอมี่บอนนี่,A.
r14096,https://www.readawrite.com/a/Zgvuek,"thapfah, emibonnie",meaowli
r14102,https://www.readawrite.com/a/Zgvxds,&sup1;TonDao|emibonnie,Juu.u
r14107,https://www.readawrite.com/a/Zgw01q,Friend zone|Emibonnie,_.beejoongxtb_
r14112,https://www.readawrite.com/a/Zgw1ww,เข้าคลาสเมะ | emibonnie,หมามุดเนย
r14121,https://www.readawrite.com/a/Zgw66i,คุณห่าวหราน | winnysatang,ไรท์ beus
r14123,https://www.readawrite.com/a/Zgw7mp,ไม้ส้มส้ม | emibonnie,likeaseaeay
r14131,https://www.readawrite.com/a/Zgwajj,ใจหล่น ՞&bull;ᴥ&bull;՞▕  emibonnie,กาปิเป็นบ้า
r14136,https://www.readawrite.com/a/Zgwd5y,ทะเลเหนือดาว,Pluto
r14141,https://www.readawrite.com/a/Zgwebx,ภารกิจจีบเธอของท่านประธาน | emibonnie,LatteTwoplease
r14142,https://www.readawrite.com/a/Zgwek8,รักที่นานมาแล้ว...,คุณนมชมพูเย็น
r14148,https://www.readawrite.com/a/Zgwfyo,ติดหนี้ | เอมี่บอนนี่,behhnxxterr
r14150,https://www.readawrite.com/a/Zgwg95,nerd | Williamest,gifts
r14152,https://www.readawrite.com/a/Zgwhet,พัดหยก | emibonnie,Maibokjaa
r14155,https://www.readawrite.com/a/Zgwhre,จิ้นอยู่ไหน เอาจิ้นมา | emibonnie,tw3nty-nine
r14169,https://www.readawrite.com/a/Zgwkb8,delicate | emibonnie,goodgiew
r14181,https://www.readawrite.com/a/Zgwoqd,dull (emibonnie),summerofjune
r14183,https://www.readawrite.com/a/Zgwpdp,"ลีเจ้นท์ซ่า , emibonnie",kuntann.n
r14185,https://www.readawrite.com/a/Zgwri4,I'm stuck in the friend zone &mdash; Emibonnie,mingji
r14186,https://www.readawrite.com/a/Zgwsb2,พื้นที่ว่างไม่ต้องเติมเต็ม | เอมี่บอนนี่,Us
r14189,https://www.readawrite.com/a/Zgwt4d,"ปังติสต์ , emibonnie",ddorthxes
r14191,https://www.readawrite.com/a/Zgwu6o,ลักนะคุณแองจี้ &mdash; emibonnie,สวนปิ้งย่าง
r14209,https://www.readawrite.com/a/Zgx373,สิ้นสุดทางพี่น้อง,หิวตลอดครับผม
r14211,https://www.readawrite.com/a/Zgx3k0,สนใจเค้าหน่อย|emibonnie,นปโปะหม่ำๆ
r14219,https://www.readawrite.com/a/Zgx7ku,พี่ห้องตรงข้ามเขา...ชอบหนูค่ะแม่,ยำวุ้นเส้น🤗💓
r14233,https://www.readawrite.com/a/Zgxb2v,เซนอาน่า - emibonnie,julyfri
r14237,https://www.readawrite.com/a/Zgxd8b,อัยหนุ่มเทรสดีย์|emibonnie,ซ่อนกลีบเมฆ
r14254,https://www.readawrite.com/a/Zgxiae,เจ๋งเมษา | emibonnie,ไก่ย่างอินดี้
r14264,https://www.readawrite.com/a/Zgxm6n,"เกล้าดาหลัน , DewTee",Ashira.aa
r14265,https://www.readawrite.com/a/Zgxmc5,เมษา |emibonnie,Why n
r14273,https://www.readawrite.com/a/Zgxppr,บุหรี่โซล | emibonnie,หมูทอด
r14286,https://www.readawrite.com/a/Zgxsuw,วิศวะซ่อนรัก | EmiBonnie,กระเป๋าดำ
r14294,https://www.readawrite.com/a/Zgxvam,แชทที่ไม่กล้าบอก | emibonnie,BabyMeow
r14305,https://www.readawrite.com/a/Zgy1f0,ไม่กล้ารักเเล้ว|emibonnie,บ้อกเเบ้ก🐶💋
r14308,https://www.readawrite.com/a/Zgy1jo,sweetener|emibonnie,anbellx
r14318,https://www.readawrite.com/a/Zgy6r5,Cafe | seakeen,ไอ้ปรางปี้ๆๆ
r14328,https://www.readawrite.com/a/Zgybqt,เสียดายของ l เอมี่บอนนี่,พาเสว
r14333,https://www.readawrite.com/a/Zgyg40,แล้วแต่แม่คุณ | emibonnie,เดินผ่านไปเดินผ่านมา
r14352,https://www.readawrite.com/a/Zgyl6d,หรอครับโค้ช : emibonnie,the.em
r14358,https://www.readawrite.com/a/Zgym7i,23(TWO3) Cafe | emibonnie,ไข่เค็มตราไข่ต้ม
r14363,https://www.readawrite.com/a/Zgyocp,เด๋อ | EmiBonnie,thanwawa
r14364,https://www.readawrite.com/a/Zgyox3,ไม่ชอบราตรี - emibonnie,sstn
r14367,https://www.readawrite.com/a/Zgypk0,Her heart  | emibonnie,gupi
r14368,https://www.readawrite.com/a/Zgypq1,ติ๋มโอ๋ | emibonnie,gg
r14371,https://www.readawrite.com/a/Zgyq80,TC | emibonnie,V.eronica
r14384,https://www.readawrite.com/a/Zgyt4n,ตินอิน | filmbonnie,nnn2.401
r14390,https://www.readawrite.com/a/Zgyvcq,พ่อมันเป็นฆาตกร//emibonnie,โดนัทมั้ยอ่ะ
r14391,https://www.readawrite.com/a/Zgyvnf,วิญญาณใต้ห้องหลังคา|EmiBonnie,บอนแบ๋ว
r14402,https://www.readawrite.com/a/Zgyxp7,คิมขอยื่นฟ้อง &mdash; emibonnie,warden_
r14406,https://www.readawrite.com/a/Zh00h5,นิสิตคนโปรด|Emibonnie,AngiE
r14409,https://www.readawrite.com/a/Zh01gl,TharynKwan | Emibonnie,werเวอร์
r14414,https://www.readawrite.com/a/Zh03ly,The Girl I Dreamed | NamtanFlim,ข้าวมันไก่ไม่เอาไก่
r14418,https://www.readawrite.com/a/Zh04t9,แค่พี่น้อง|emi bonnie.,dina_natchariya
r14423,https://www.readawrite.com/a/Zh0641,Toxic | emibonnie,strawberrylover
r14431,https://www.readawrite.com/a/Zh09eu,พร 13 ข้อ | emibonnie,จีนเจอร์รี่ไม่ได้บ้า
r14433,https://www.readawrite.com/a/Zh09tr,CMI to BKK - emibonnie,lnliu
r14448,https://www.readawrite.com/a/Zh0enf,&sup1;สองมองฟ้า - emibonnie,shadow 🐾
r14453,https://www.readawrite.com/a/Zh0fh5,21 day | emibonnie,ไก่ย่างอินดี้
r14455,https://www.readawrite.com/a/Zh0fwv,ไอ้เด็กขี้แงงง  emibonnie,Banthita
r14457,https://www.readawrite.com/a/Zh0gfg,Forced love | EmiBonnie,paragirl
r14467,https://www.readawrite.com/a/Zh0kge,Old  photos | MLIKLOVE,หมาน้อยข้างถนน🦮
r14471,https://www.readawrite.com/a/Zh0m36,ชมป๋วย &mdash; emibonnie,mellosept
r14482,https://www.readawrite.com/a/Zh0p9t,Sleep cozy|emibonnie,twooneeb
r14488,https://www.readawrite.com/a/Zh0s9m,ไอเ-ี่ยด่าน | NUTHONG-นัทฮง,ว้าว_-
r14492,https://www.readawrite.com/a/Zh0t5j,บังเอิญรัก : emibonnie,ปลากระแป๋ง
r14512,https://www.readawrite.com/a/Zh0ylr,hello my friend - bonnieemi,smallfluft2
r14542,https://www.readawrite.com/a/Zh1fj9,สั้นๆแต่่มีความหมาย | เอมี่บอนนี่,windyyy
r14543,https://www.readawrite.com/a/Zh1frt,รัก|เอมี่บอนนี่,sㅏ랑
r14554,https://www.readawrite.com/a/Zh1j4y,ฟิสิกส์วิศวะ&sup1; emibonnie,144p Frame rate
r14576,https://www.readawrite.com/a/Zh1q45,ดอกรัก | emibonnie,n ^~^
r14597,https://www.readawrite.com/a/Zh22si,Business Rivals|เอมี่บอนนี่,A.
r14625,https://www.readawrite.com/a/Zh2cie,My Beloved Curse | emibonnie,Llaa_laze
r14636,https://www.readawrite.com/a/Zh2gr0,กระต่ายหมายจันทร์ | EmiBonnie,ก๋วยเตี๋ยวต้มยำไม่ใส่ถั่ว
r14646,https://www.readawrite.com/a/Zh2kwf,Love me| Emibonnie,The Sunshine ☀️
r14655,https://www.readawrite.com/a/Zh2n5w,วสันต์ปันน้ำ | kristsingto emibonnie,haiden
r14656,https://www.readawrite.com/a/Zh2nrk,F-R-I-E-N-D??,k.prodpran
r14666,https://www.readawrite.com/a/Zh2r49,สุดที่รัก | เอมี่บอนนี่,เรียกไรได้หมดด
r14670,https://www.readawrite.com/a/Zh2sds,กลไกเกียร์ / เอมี่บอนนี่,soqe
r14677,https://www.readawrite.com/a/Zh2uc7,poppy|emibonnie,5tiox1
r14678,https://www.readawrite.com/a/Zh2uhv,รอยรัก|เอมี่บอนนี่,แสงแห่งความหวัง
r14689,https://www.readawrite.com/a/Zh308h,ตะวันมีจันทร์ | emibonnie,หมูปิ้ง
r14694,https://www.readawrite.com/a/Zh31q1,รักเพื่อนสนิท|emibonnie,pipima
r14713,https://www.readawrite.com/a/Zh393o,命中无忘 |emibonnie,cauz_y
r14724,https://www.readawrite.com/a/Zh3eih,เพี้ยน - emibonnie,นปโปะหม่ำๆ
r14739,https://www.readawrite.com/a/Zh3jyf,1 2 3 4 5 6 7 emibonnie,qqppqp
r14751,https://www.readawrite.com/a/Zh3myg,ดอกกล้วยไม้(บี๋บอน),ไก่กินนักเก็ต
r14753,https://www.readawrite.com/a/Zh3nky,Gear in Love ; SingChimon,daDa_2010
r14759,https://www.readawrite.com/a/Zh3q8k,ภาษาไม่เข้าหานิยม  ; เอมี่บอนนี่,soqe
r14763,https://www.readawrite.com/a/Zh3slh,เพียงดินประดับพิมดาว | emibonnie,twinkling tales
r14766,https://www.readawrite.com/a/Zh3u4v,ภาคภูมิชอบหมา &mdash; emibonnie,ผึ้งเหลือง
r14767,https://www.readawrite.com/a/Zh3u5f,Bluewhite / emibonnie,MINZUYU
r14770,https://www.readawrite.com/a/Zh3vgt,ตินเบล | emibonnie,himades
r14777,https://www.readawrite.com/a/Zh3wvl,เอาปะล่ะเคะหน้านิ่ม,🦋
r14779,https://www.readawrite.com/a/Zh3xtd,Iris | emibonnie,อยากไปอยู่ที่ดาวพลูโต
r14780,https://www.readawrite.com/a/Zh3y34,รักสุดเย็นชาพี่วิศวะ,เอมี่บอนนี่ ◌่◌่◌่
r14782,https://www.readawrite.com/a/Zh3ygi,กุหลาบปากแข็ง | emibonnie,kmmk
r14797,https://www.readawrite.com/a/Zh47xi,"รักสองตระกูลอริ|NT,FB,SJ,EB",Mix_FB
r14815,https://www.readawrite.com/a/Zh4ckn,เกเรนัก!!จับรัักซะรัก,เบบี๋มิ้ลค์
r14819,https://www.readawrite.com/a/Zh4egq,ฟ้าหลังฝน l emibonnie,บี๋บอนดิwa
r14821,https://www.readawrite.com/a/Zh4fwf,คนละชั้น&sup1; &mdash; emibonnie,ทุ่งนา
r14834,https://www.readawrite.com/a/Zh4juc,แด่...เธอคนนั้นให้ฉันได้รัก,theonlywayy
r14837,https://www.readawrite.com/a/Zh4k1i,โก๋เกี๊ยว | emibonnie,:☁️)
r14839,https://www.readawrite.com/a/Zh4laf,"ไออุ่น , emibonnie",ม๋ะอุ๋ง
r14846,https://www.readawrite.com/a/Zh4or6,"ใต้เท้า , emibonie",waranil
r14857,https://www.readawrite.com/a/Zh4v66,ทัพฟ้าหมาวัด&sup2; &mdash; emibonnie,ทุ่งนา
r14882,https://www.readawrite.com/a/Zh57pq,"Cat shop ,BonnieEmi",PBPA.F9reQrounB
r14887,https://www.readawrite.com/a/Zh59h9,น้องก้านับหนึ่ง|emibonnie,:O
r14888,https://www.readawrite.com/a/Zh5alw,แล้วหนูรู้ตัวรึยัง | emibonnie,Renji🎸
r14889,https://www.readawrite.com/a/Zh5alx,เอาซะใจละลาย/เอมี่บอนนี่,แก้มไง
r14892,https://www.readawrite.com/a/Zh5bsa,เพราะเธอคือเส้นชัย (พสุธา-มินตรา),white rose.
r14893,https://www.readawrite.com/a/Zh5cca,ยัยรูมเมท | EmiBonnie,sxrxph_
r14904,https://www.readawrite.com/a/Zh5gej,หมวยเพ้อเจ้อ | emibonnie,ปิปิมปั๊บ
r14937,https://www.readawrite.com/a/Zh5smi,ไหนบอกไม่ชอบ|เจมโฟ้ด,pookie
r14944,https://www.readawrite.com/a/Zh5v7c,เหนือไม่โอ | bonnieemi,Pizx.2
r14964,https://www.readawrite.com/a/Zh62kd,แม่หมอสืบรัก - emibonnie,yestereveryday
r14965,https://www.readawrite.com/a/Zh62np,รักเก่ากลับมาในฉบับปรับปรุง//Amy Bonnie,Amy Bonnie
r14976,https://www.readawrite.com/a/Zh663g,พักเวรมาพักใจ | Emibonnie,เนลกา
r14987,https://www.readawrite.com/a/Zh6csk,fzone | emibonnie,WUL;
r14988,https://www.readawrite.com/a/Zh6d2n,True North⁶ | emibonnie,หมีน้อยยามค่ำคืน
r14989,https://www.readawrite.com/a/Zh6di1,รูปไม่หล่อมีสิทธิ์ไหมครับ | emibonnie,บ๊อกบ๊อก
r14991,https://www.readawrite.com/a/Zh6e0e,jadepie | EMIBONNIE,Meowemi
r14997,https://www.readawrite.com/a/Zh6gyu,เราสามคน-emibonnie-,คุณบุรินทร์
r15005,https://www.readawrite.com/a/Zh6iw4,เหนือฟ้า | emibonnie,หมูทอด
r15006,https://www.readawrite.com/a/Zh6j11,AkiLalin - Emibonnie,ad.ppy
r15007,https://www.readawrite.com/a/Zh6jb7,คิดถึงแก้มหอม | emibonnie,becauseyou
r15013,https://www.readawrite.com/a/Zh6n4w,แสบใสหัวใจเกินร้อย |emibonnie,ดาวเด่น🌟
r15017,https://www.readawrite.com/a/Zh6o80,The sun sets,Rice Zx
r15023,https://www.readawrite.com/a/Zh6sjl,sunshine|emibonnie,พี่ชาวี
r15026,https://www.readawrite.com/a/Zh6taj,krypton!te | emibonnie,401hurt
r15030,https://www.readawrite.com/a/Zh6v8u,ข้อตกลงระหว่างเรา|เอมี่บอนนี่,ใบหยกเองงับ
r15035,https://www.readawrite.com/a/Zh6w08,กระซิบรักข้างๆเธอ,BABY LK
r15043,https://www.readawrite.com/a/Zh6y0t,"เซเปียนส์ , emibonnie",ม้าเขือเทศส้ม
r15049,https://www.readawrite.com/a/Zh70x7,รักของเรา|เอมี่บอนนี่มิ้ลท์เลิฟ,ข้าวจ้าว🐷
r15055,https://www.readawrite.com/a/Zh71xq,คุณหนูหลงใจ//เอมี่บอนนี่,ดาราณิกร
r15063,https://www.readawrite.com/a/Zh7532,ระวังสิ้นสุดทาง...&gt;&lt;,เมี้ยววว
r15072,https://www.readawrite.com/a/Zh78dp,healing : emibonnie,the.em
r15074,https://www.readawrite.com/a/Zh7aup,"Her rules, not me|EmiBonnie",ไอติมรสชาไทย
r15079,https://www.readawrite.com/a/Zh7ce1,Under your skin | emibonnie,BlueForRest
r15085,https://www.readawrite.com/a/Zh7eea,ร้ายลดา|EmiBonnie,มิตรณชา
r15086,https://www.readawrite.com/a/Zh7efb,อุ่นไอรัก | EmiBonnie,STPWFY ✨🧸
r15089,https://www.readawrite.com/a/Zh7gcu,รักของเรา(Us the series) เอมี่บอนนี่,แก้มไง
r15091,https://www.readawrite.com/a/Zh7gpv,ภัทรต๋อง | emibonnie,zin
r15095,https://www.readawrite.com/a/Zh7i3y,นางกวักมหาเสน่ห์ | EmiBonnie,ไก่น้อย
r15105,https://www.readawrite.com/a/Zh7lqh,พี่หมอคะ|เอมี่บอนนี่,ไก่ทอด
r15106,https://www.readawrite.com/a/Zh7mby,thookjai | emibonnie,P Pig Prinn
r15108,https://www.readawrite.com/a/Zh7mjr,SEA CARE u.|emibonnie,ทะเลมัทฉะ
r15111,https://www.readawrite.com/a/Zh7ndd,ติ๋มคนโปรด | emibonnie,หมี่ผัดสังขยา
r15112,https://www.readawrite.com/a/Zh7oer,ยอม - เอมี่บอนนี่,🫰🫰🫰
r15120,https://www.readawrite.com/a/Zh7s4a,หญ้าได้ทุกเทด/เอมี่บอนนี่,ไอเลิฟไมจ๊อบ
r15130,https://www.readawrite.com/a/Zh7wb7,คนที่สวยขนาดนี้|emibonnie,เมะแง๊วว
r15142,https://www.readawrite.com/a/Zh84d7,ได้หมดแล้วแต่หมวย|bonnieemi,Fav❤️
r15150,https://www.readawrite.com/a/Zh886m,ในนามของเพื่อนคนนี้|emibonnie,no-ey
r15153,https://www.readawrite.com/a/Zh88xm,ทำไมมานั่งตักหนู ล่ะคะอาจารย์?(เอมี่xบอนนี่),เต้ยจิรดา
r15158,https://www.readawrite.com/a/Zh8a5y,อ้ายเว้าซือๆ,ไอเลิฟไมจ๊อบ
r15159,https://www.readawrite.com/a/Zh8agl,เต๋ออย่ากวน | emibonnie,น้ำพริกนรก
r15173,https://www.readawrite.com/a/Zh8if5,ป๊าคริส &mdash; emibonnie,pzxq
r15174,https://www.readawrite.com/a/Zh8ih8,Scene of Love ปฏิบัติการลับซ่อนเงา|| EmiBonnie,Blaze.
r15181,https://www.readawrite.com/a/Zh8k8k,"happy wife happy life , emibonnie",เพลงรักฤดูหวาน
r15182,https://www.readawrite.com/a/Zh8ktv,SOS สถานะต้องห้าม&hellip;รบกวน | emibonnie,ขนนกไร้สี
r15184,https://www.readawrite.com/a/Zh8lq3,ขอบฟ้าข้างสมุทร | จิมมี่ซี,สาววาย
r15189,https://www.readawrite.com/a/Zh8npr,กุมภามีเธอ|emibonnie,เจจิ
r15201,https://www.readawrite.com/a/Zh8shk,รักเค้าแล้วต้องจีบ/เอมี่บอนนี่,พั้น พั้น
r15204,https://www.readawrite.com/a/Zh8tif,เพื่อนสนิทคิดไม่ซื่อ|เอมี่บอนนี่,โปรดใช้จักรยานในการอ่าน ◌ิ ◌ิ
r15206,https://www.readawrite.com/a/Zh8tym,click-click ! | emibonnie,401hurt
r15217,https://www.readawrite.com/a/Zh8x3j,Lens - EmiBonnie,talyseri
r15226,https://www.readawrite.com/a/Zh90cv,แอบรักน้องรหัส.,มะเขือเทศราชีนี
r15228,https://www.readawrite.com/a/Zh90ky,ภาพอิ๊งค์ ; emibonnie,young ไม่ได้นอน
r15236,https://www.readawrite.com/a/Zh93xi,ถ้าเรารักกันไม่ได้ |emibonnie,anyy
r15237,https://www.readawrite.com/a/Zh94bu,"แอบชอบ ""รุ่นพี่""",แต่งไม่รู้เรื่อง😵&zwj;💫
r15241,https://www.readawrite.com/a/Zh9652,ภาระ,ข้าวเหนียวหมูปิ้ง
r15245,https://www.readawrite.com/a/Zh97uc,แอบชอบ|เอมี่บอนนี่,พี่มอโอ้
r15262,https://www.readawrite.com/a/Zh9c19,ม้าฟีน ; emibonnie,young ไม่ได้นอน
r15270,https://www.readawrite.com/a/Zh9elw,รักแม่งเจ็บ|geminifourth,F_P sorry
r15277,https://www.readawrite.com/a/Zh9ha4,ม๋าเด็กของพี่คนสวย,เรียกไรได้หมดด
r15289,https://www.readawrite.com/a/Zh9m8m,อาหวังแอบชอบอาหมวย | emibonnie,kmmk
r15291,https://www.readawrite.com/a/Zh9msf,คนสวยขา|emibonnie,n.natthatida
r15296,https://www.readawrite.com/a/Zh9oq8,"รักข้ามภพ|เจมีไนน์โฟร์ท,แอลม่อนโปรเกรส,ปอนด์ภูวินทร์",คุณยายแกรนนี่
r15300,https://www.readawrite.com/a/Zh9pku,The Idol|EmiBonnie,`hmuping__
r15308,https://www.readawrite.com/a/Zh9uxn,เป็นแค่รุ่นพี่รุ่นน้อง |เก่งน้ำปิง  ปอนด์ภูวินทร์  วิมเหลื่อมเอส  เอมี่บอนนี่     เติ้ลเฟิร์นวัน,ไม่รู้แล้วมั้ง
r15316,https://www.readawrite.com/a/Zh9xg9,kitten dumb | emibonnie,meedang
r15328,https://www.readawrite.com/a/Zha32k,&sup1; เต้ใจ๋| emibonnie,ปาท๋องโก๋ปากซอย
r15330,https://www.readawrite.com/a/Zha3gb,รักเเท้|เอมี่บอนนี่,เกี๊ยวรสเปรี้ยว
r15331,https://www.readawrite.com/a/Zha4tx,แป๋วอย่าทิ้งติ๋ม - emibonnie,กุ๊กไก่ชอบกินปู
r15338,https://www.readawrite.com/a/Zha6t6,"intelligence   , emibonnie",ยัยยี่ ੈ✩‧₊
r15341,https://www.readawrite.com/a/Zha7vc,เธอคนเดิม | emibonnie,เสือร้องไห้้
r15345,https://www.readawrite.com/a/Zha9pc,รักแรกพบ|emiBonnie,สนับสนุนโดยมีcatต้องมีo
r15362,https://www.readawrite.com/a/Zhagvy,(2)don't believe in love| Emibonnie,useee
r15379,https://www.readawrite.com/a/Zhanuo,เพิร์ธแซนต้า,dr_dream.17
r15385,https://www.readawrite.com/a/Zhaphj,"อนันตกาล , emibonnie",nyctophile
r15398,https://www.readawrite.com/a/Zhaug5,เธอไม่ต้องกลัวนะ&sup1; ; emibonnie,cupcakephk
r15406,https://www.readawrite.com/a/Zhaxc6,หมดห่วง|emibonnie,dream land✨
r15412,https://www.readawrite.com/a/Zhayfb,ก้าวที่เกินคำว่าเพื่ิอน|เอมี่บอนนี่,พลอยใสหมอยดก
r15420,https://www.readawrite.com/a/Zhb0sx,เวฟ5G | emibonnie,pzxq
r15425,https://www.readawrite.com/a/Zhb1lb,บะหมี่หยก | เอมี่บอนนี่,A little bird
r15426,https://www.readawrite.com/a/Zhb1mw,พี่ว๊ากรักน้องมั้ยคะ|เอมี่บอนนี่,น้ำ   หวาน
r15428,https://www.readawrite.com/a/Zhb34l,คนนั้น:)|emibonnie,ployploy
r15435,https://www.readawrite.com/a/Zhb50s,รอเธอมารัก|emibonnie,เจ้าแบ้ก
r15440,https://www.readawrite.com/a/Zhb5ut,TOXIC |emibbonnie,emibbonnie
r15449,https://www.readawrite.com/a/Zhb8j1,มองเพียงเธอ|bonnieemi,9
r15454,https://www.readawrite.com/a/Zhbbdo,กจปฝ #emibonnie,muobyt
r15467,https://www.readawrite.com/a/Zhbgiv,รักสารข่าว,Jen_Jenny
r15477,https://www.readawrite.com/a/Zhbiwo,&sup2; รักเนิร์ด | emibonnie,emibonnie diwaaa
r15488,https://www.readawrite.com/a/Zhbm7n,หมื่นสามขาดตัว | emibonnie,หงอกไก่
r15490,https://www.readawrite.com/a/Zhbmdi,Stay Close &mdash; emibonnie,กะเพรากุ้งไม่เผ็ด:p
r15497,https://www.readawrite.com/a/Zhbpt7,The Sharp Edge of Us | Emibonnie,เนลกา
r15506,https://www.readawrite.com/a/Zhbthx,รักน้องดั้ยไหม | bonnieemi,rake&rsquo;🌟
r15509,https://www.readawrite.com/a/Zhbusc,ตุลย์มีน ; emibonnie,สลิ่มพี่น่า
r15515,https://www.readawrite.com/a/Zhbwor,ในถึงเจิร์ด | สกายนานิ,punpang
r15517,https://www.readawrite.com/a/Zhbxi1,"Mirage , Hz 19 [ BonnieEmi ]",ZTROMY RAINZ
r15528,https://www.readawrite.com/a/Zhc2qs,สองเจ็ดเหนือ | emibonnie,Gloomy Sky
r15534,https://www.readawrite.com/a/Zhc4e8,จูเนี่ยร์ตั้งสติ | emibonnie,keeplookk☄️
r15536,https://www.readawrite.com/a/Zhc4g8,เอมี่&amp;บอนนี่ รักในวัยเรียน,Don't give up on your life.
r15553,https://www.readawrite.com/a/Zhcami,คุณหนูไฮโซกับยัยโก๊ะบ้านทุ่ง |เอมี่บอนนี่,A.
r15556,https://www.readawrite.com/a/Zhcc27,หอมกลิ่นรัก | เอมี่บอนนี่,แจวม่อนน
r15557,https://www.readawrite.com/a/Zhcd1d,&sup1;อะไรริน - emibonnie,WHITE
r15558,https://www.readawrite.com/a/Zhcfvg,แค่เพื่อน ไม่ร้องนะครับ| EmiBonnie,Llaa_laze
r15561,https://www.readawrite.com/a/Zhcgw2,โลกที่มันเอียง}PS/PP/มี่ๆนี่ๆ,คับบบ
r15563,https://www.readawrite.com/a/Zhchqu,Empty 12 &sup1; ; emibonnie,ร่มสีฟ้าทะเล
r15565,https://www.readawrite.com/a/Zhcibv,มายซันไชน์ | bonnieemi,Pizx.2
r15566,https://www.readawrite.com/a/Zhcitc,"babebie , bonnieemi",รักแก้มบุ๋ม ยิ้มหวาน
r15570,https://www.readawrite.com/a/Zhcj7r,Green&rsquo;s Caf&eacute;&sup1; l Emibonnie,Nineteen_.
r15597,https://www.readawrite.com/a/Zhcrs2,vipforyou | BonnieEmi,busstation♡
r15601,https://www.readawrite.com/a/Zhcsnq,&amp;ldquo;ข้าง ๆ คิม&amp;ldquo; | emibonnie,บ้าพลังงง
r15607,https://www.readawrite.com/a/Zhcv2l,พราวตะวัน - emibonnie,mr.soul
r15614,https://www.readawrite.com/a/Zhcx7k,ไอฟาย|เอมี่บอนนี่,ทีติรัต
r15616,https://www.readawrite.com/a/Zhcxbo,RETURN | emibonnie,kunpat
r15618,https://www.readawrite.com/a/Zhcxrd,ลูกสาวกำนัน&hellip;รับรัก(หมอ)หน่อย|EmiBonnie,`hmuping__
r15621,https://www.readawrite.com/a/Zhcyek,เธอขา|เอมี่บอนนี่,ฟิรญญ
r15629,https://www.readawrite.com/a/Zhd0w4,ทิวากร |emibonnie,อัลมอนด์ไวท์ช็อกโกแลต
r15633,https://www.readawrite.com/a/Zhd2tu,ใต้เงาหุ้นส่วน | Emibonnie,พี่คะ
r15642,https://www.readawrite.com/a/Zhd5hj,photography | Estwilliam,Catforyou.
r15643,https://www.readawrite.com/a/Zhd60q,ปังป่อ | emibonnie,gg
r15649,https://www.readawrite.com/a/Zhd7d1,kenjikai | emibonnie,iamfinethankyou
r15660,https://www.readawrite.com/a/Zhdd23,lunar ' s eclipse| emibonnie,rixt.rawiss_
r15663,https://www.readawrite.com/a/Zhde5e,คิดไม่ออกค่ะ | เอมี่บอนนี่,เรียกไรได้หมดด
r15667,https://www.readawrite.com/a/Zhdgxl,Play Me Like A String | EmiBonnie,กระทะกระเทียมไข่เจียว
r15668,https://www.readawrite.com/a/Zhdh0u,เพลงณริน l EmiBonnie,แมวง่าว
r15673,https://www.readawrite.com/a/Zhdjgg,หมาเน่า,พร้อมนอน
r15678,https://www.readawrite.com/a/Zhdk6y,123 | WilliamEst,Shadang
r15681,https://www.readawrite.com/a/Zhdlsk,เพื่อนสาวเปลี่ยนสถานะ | emibonnie,คุณเซนกะ
r15682,https://www.readawrite.com/a/Zhdn9y,กีดกั้น l EmiBonnie,พาเสว
r15684,https://www.readawrite.com/a/Zhdnvl,คนแปลกหน้า | emibonnie,เจียวตุ๋นดาว
r15685,https://www.readawrite.com/a/Zhdo5t,ตะวันลับฟ้า | EmiBonnie,อร่อยบอกต่อ
r15694,https://www.readawrite.com/a/Zhdpe3,เมืองซิดนีย์,LUNOVIA
r15705,https://www.readawrite.com/a/Zhdti2,"กินอยู่กับปาก อยากอยู่กับตี๋ |,เอมี่บอนนี่",ฟอสอ ฟอรอ
r15706,https://www.readawrite.com/a/Zhdtsq,ไอ้เพี้ยน | EmiBonnie,sxrxph_
r15708,https://www.readawrite.com/a/Zhdua8,Killer - Bonnieemi,ad.ppy
r15709,https://www.readawrite.com/a/Zhduqc,เพื่อนกันมัน(ส์)ดี|emibonnie,มาม่าปลากระป๋อง
r15711,https://www.readawrite.com/a/Zhdval,ไป๋ทำดีๆ | emibonnie,กึง
r15716,https://www.readawrite.com/a/Zhdwf7,จันทร์นภัส | emibonnie,greenchx_
r15717,https://www.readawrite.com/a/Zhdwwr,Phok-Phok | emibonnie,Pai Krub Mia
r15721,https://www.readawrite.com/a/Zhdy0w,สุดปลายฝัน,ละกำ
r15724,https://www.readawrite.com/a/Zhdyfa,อิจฉารักซับเลือด(เอมี่บอนนี่),กวีไร้เเสง🌘
r15726,https://www.readawrite.com/a/Zhe055,The Warmth That Stayed|EmiBonnie,กระทะกระเทียมไข่เจียว
r15729,https://www.readawrite.com/a/Zhe11w,ผู้กองพบรัก | emibonnie,pzxq
r15735,https://www.readawrite.com/a/Zhe3gb,kaninmulan ; emibonnie,power
r15738,https://www.readawrite.com/a/Zhe3x9,วณิชาจะเป็นเด็กดี 一 emibonnie,ตอนนี้ยังไม่ได้นอน
r15742,https://www.readawrite.com/a/Zhe523,พี่รหัสซาแซงว่ะ | เอมี่บอนนี่,Kxxxx9
r15747,https://www.readawrite.com/a/Zhe5ps,(sf) Paihei | emibonnie,Meowemi
r15767,https://www.readawrite.com/a/Zheebf,somimodel | emibonnie,mpukati
r15776,https://www.readawrite.com/a/Zheiwe,ตามรอย| emibonnie,อยากแต่งก็แต่ง
r15780,https://www.readawrite.com/a/Zhel34,รักคนใจแข็ง|emi bonnie.,dina_natchariya
r15791,https://www.readawrite.com/a/Zhenko,เป็นหนึ่ง | emibonnie,pzxq
r15801,https://www.readawrite.com/a/Zhepea,Only for Tonight - bonnieemi,Eevrenn
r15802,https://www.readawrite.com/a/Zhepmc,ช่างไฟปราบคุณชายตัวร้าย,รักไร้เสียง
r15826,https://www.readawrite.com/a/Zhex7l,คนใจร้าย,sun
r15837,https://www.readawrite.com/a/Zhf2xy,ตี๋ไหน|emibonnie,ลมหายใจที่ไร้เสียง
r15840,https://www.readawrite.com/a/Zhf3ng,ก่อนแสงสุดท้ายจะดับลง|เอมี่บอนนี่,P'JAS
r15842,https://www.readawrite.com/a/Zhf3wc,ทำไมนิสัยหมาไม่แดกแบบนี้อะคับ,ชาไข่มุกแซบๆ
r15844,https://www.readawrite.com/a/Zhf4aw,ชอบก็บอก | EMIBONNY,Fuji nana
r15850,https://www.readawrite.com/a/Zhf834,เพลงนี้เขียนถึงเธอ | jomark,มัมหมีจูจู้
r15851,https://www.readawrite.com/a/Zhf8ke,โปรดจิระ &mdash; emibonnie,winnie the poohw
r15854,https://www.readawrite.com/a/Zhf9tn,ระหว่างลินกับฟ้า|emibonnie,ไก่
r15860,https://www.readawrite.com/a/Zhfaar,แอบชอบน้อง | เอมี่บอนนี่,คิวตะ
r15863,https://www.readawrite.com/a/Zhfawk,รักนะมือคีย์บอร์ด (emibonnie),แกงเตี๋ยวไก่
r15883,https://www.readawrite.com/a/Zhfi58,Peta Irene|emibonny,Alisa..
r15892,https://www.readawrite.com/a/Zhfk9b,You had me at hello - EmiBonnie,sinnyleener
r15897,https://www.readawrite.com/a/Zhflyr,Deal Love⁷ | emibonnie,หมีน้อยยามค่ำคืน
r15920,https://www.readawrite.com/a/Zhfvb3,พี่รหัส #mernew | emibonnie,worxphzs
r15923,https://www.readawrite.com/a/Zhfwv2,8 yearsago | emibonnie,meedang
r15931,https://www.readawrite.com/a/Zhg0m0,Cloudy| EmiBonnie,Chick199x
r15936,https://www.readawrite.com/a/Zhg24a,&sup2;คนสวยเกลียดติ๋ม |emibonnie,myself
r15939,https://www.readawrite.com/a/Zhg2vl,ยัยบ้าเอ้ย/emibonnie,กัสบัตเตอร์ฟาย
r15942,https://www.readawrite.com/a/Zhg4lv,บ้านนอก(ปลอม) | emibonnie,tonkun
r15950,https://www.readawrite.com/a/Zhg7w4,ไงครับคุณทนาย |pondphuwin PPW,kan`t
r15954,https://www.readawrite.com/a/Zhg92h,โปรดพบรัก | emibonnie,willubinmineh
r15958,https://www.readawrite.com/a/Zhgc17,Ride into my heart |emibonnie,I ❤️ miminini
r15965,https://www.readawrite.com/a/Zhgcgn,รักวุ่นๆของวัยรุ่นม.ปลาย|เอมี่บอนนี่,ʚpaerwɞ ✧༺&hearts;༻✧
r15966,https://www.readawrite.com/a/Zhgcje,ติวเตอร์|emibonnie,หกเจ็ด
r15973,https://www.readawrite.com/a/Zhgeyn,hey! wait| emibonnie,anbellx
r15974,https://www.readawrite.com/a/Zhgfgo,รุ่นพี่ครับ ร้านผมไม่ได้ขายความรักนะ|emibonnie,กวางตุ้น
r15986,https://www.readawrite.com/a/Zhgkut,(os) Khaotang | Emibonnie,K.Khaikhem
r15995,https://www.readawrite.com/a/Zhgnvq,GMMTV(ธงแดงกึ่งเขียว),อนา
r15997,https://www.readawrite.com/a/Zhgo8p,Spicy Fate | emibonnie,จิ้งจกจิ้งใจ
r15998,https://www.readawrite.com/a/Zhgp12,You got me nerdy | Emibonnie,Canvas &amp;  Palette
r16008,https://www.readawrite.com/a/Zhgrc8,ถ้าไหวก็ต่อสิคะเด็ก|เอมี่บอนนี่,พรีมภีม
r16010,https://www.readawrite.com/a/Zhgs89,flame  &mdash; emibonnie,qiksr
r16022,https://www.readawrite.com/a/Zhgw1e,&sup1;​ บะบี๋ที่รัก  |bonnieemi,ยี่สิบเก้าพฤจิกายน
r16025,https://www.readawrite.com/a/Zhgx3i,PUPPY.|emibonnie,เ𝖒ะมาละ𝖓รับ
r16028,https://www.readawrite.com/a/Zhgygw,สายเลือดจุฑาเทพ |gmm,จันทร์ประดับ
r16029,https://www.readawrite.com/a/Zhgyko,ทิศเหนือตะวัน|EMIBONNIE,บี๋บอนไงหนู
r16032,https://www.readawrite.com/a/Zhh1ky,แค่เธอทั้งใจ|ฟอสบุ๊ค จูมาร์ค เอมี่บอนนี่,แพรร งายย🎀🤏
r16045,https://www.readawrite.com/a/Zhh4ld,หนีฝุ่นมาเจอไร่องุ่นสุดที่รัก|emibonnie,wi^⁠_⁠^
r16055,https://www.readawrite.com/a/Zhh8nx,ใจตราตรึง//เอมี่บอนนี่,ดาราณิกร
r16056,https://www.readawrite.com/a/Zhh9kr,หลับตาถึงเพียงฝัน ; bonnieemi,Reez I O X
r16058,https://www.readawrite.com/a/Zhha7m,ไจ๋จ๋า|geminifourth,ปวดแขน
r16063,https://www.readawrite.com/a/Zhhbgl,นางเอกที่อยากดันพระเอกให้รักตัวร้าย,Lovers
r16070,https://www.readawrite.com/a/Zhhdiv,เฟยหลง|emibonnie,impunity
r16077,https://www.readawrite.com/a/Zhhflp,คนสวยข๋า//บอนบี๋,แต่งไปทั่วมั่วไว้ก่อน
r16078,https://www.readawrite.com/a/Zhhfts,รักมาโปรด|emibonnie,เพียงสายลมโชย
r16081,https://www.readawrite.com/a/Zhhgg2,Almost Love - emibonnie,qwerty.mnj
r16082,https://www.readawrite.com/a/Zhhh9u,ระยะห่าง|เอมี่บอนนี่,พรีมภีม
r16084,https://www.readawrite.com/a/Zhhheo,ของขวัญวันเกิด | emibonnie,สาววาย
r16090,https://www.readawrite.com/a/Zhhk4q,Delacroix | EMIBONNIE,คุโรหมี
r16094,https://www.readawrite.com/a/Zhhlkx,10 | emibonnie,apple whitedog
r16095,https://www.readawrite.com/a/Zhhlpx,เวียงพิงค์︱emibonnie,หมีเต๊ะเมะติ๋ม
r16100,https://www.readawrite.com/a/Zhhmho,ผุได๋ลักข้าวยายจวน l emibonnie,badtzmaru_.
r16104,https://www.readawrite.com/a/Zhhoq2,ไอฟาย|เอมี่บอนนี่.ภาค.2,ทีติรัต
r16112,https://www.readawrite.com/a/Zhhrlr,Love not again | วิลเลี่ยมเอส,K/mail
r16113,https://www.readawrite.com/a/Zhhry2,รูมเมท จริงอะป่าว| emibonnie,~^nicha~
r16122,https://www.readawrite.com/a/Zhhwb0,บทเรียนที่ชื่อว่ารัก|emibonnie,Maneeeee
r16128,https://www.readawrite.com/a/Zhhyf1,รักเก่าสุดที่รัก|emibonnie,ยาดองทรยศ
r16131,https://www.readawrite.com/a/Zhhyot,รักต้องห้าม|เอมี่บอนนี่,งาง่าง๋า
r16146,https://www.readawrite.com/a/Zhi4ig,กล้องฟิล์ม|Emibonnie,jakan;)
r16147,https://www.readawrite.com/a/Zhi4oq,Between |emibonnie,กัปตันแอร์ไลน์อะไร
r16151,https://www.readawrite.com/a/Zhi68m,side by side &mdash; emibonnie,Hufbonbie
r16161,https://www.readawrite.com/a/Zhi9kw,สายสัมพันธ์ | PerthSanta,ทีเค้ก
r16169,https://www.readawrite.com/a/Zhibl5,เธอเป็นมากกว่ารัก,hogpej135899
r16172,https://www.readawrite.com/a/Zhicgk,ฤดูหนาวรอเธอ &ndash; bonnieemi,เจ้าบุหลัน
r16174,https://www.readawrite.com/a/Zhid2y,จากคุณหนูสู่ชีวิตบ้านนา|emibonnie,noey na kub
r16175,https://www.readawrite.com/a/Zhie5f,theendofpoem #EmiBonnie,สิบเจ็ดนาฬิกา
r16177,https://www.readawrite.com/a/Zhiepe,คนสวยของผม,hogpej135899
r16185,https://www.readawrite.com/a/Zhih3k,ติวรัก[มิ้ลเลิฟ][เอมี่บอนนี่],me anan
r16186,https://www.readawrite.com/a/Zhihh1,&ldquo;ลูกอมเชอร์รี่&rdquo;#EmiBonnie,moongod_yt
r16191,https://www.readawrite.com/a/Zhijkh,ไอ้จ๋ายอยากมีแฟน,นกกาแหว่ว
r16192,https://www.readawrite.com/a/Zhijum,miusickcore | emibonnie,gg
r16201,https://www.readawrite.com/a/Zhin8j,อะไรวะ : emibonnie,ยุงบิน
r16202,https://www.readawrite.com/a/Zhinl5,Deep Cut |emibonnie,คนที่คุณก็รู้ว่าใคร:D
r16205,https://www.readawrite.com/a/Zhip4a,ได้ฟังเก็นมั้ยเนี่ย | emibonnie,io.qx
r16207,https://www.readawrite.com/a/Zhiphj,Blueprint of Us | emibonnie,ฟ้าหลังฝน
r16208,https://www.readawrite.com/a/Zhipiu,4 ธาตุ(AmyBonnie),วันใหม่มุ๊ๆ
r16217,https://www.readawrite.com/a/Zhis6d,ในเฟรมที่มีเธอ | emibonnie,🎶🎸
r16225,https://www.readawrite.com/a/Zhitpc,เจ๋งเพียง| emibonnie,ทุกเลนยกเว้นเมจ
r16227,https://www.readawrite.com/a/Zhitrx,ศัตรูหัวใจ | emibonnie,Forever
r16230,https://www.readawrite.com/a/Zhiux4,เอมี่บอนนี่สุดที่รักก(รักกันแต่เค้าเป้นของคนอื่น),งอนนะ
r16231,https://www.readawrite.com/a/Zhiuy6,รักแรกในเมืองกรุง|เอมี่บอนนี่,แมวส้มลงกระทะทองแดง
r16234,https://www.readawrite.com/a/Zhivhp,FALL FOR YOU | emibonnie,ikwydls
r16247,https://www.readawrite.com/a/Zhiyuf,Worry? | bonnieemi,keeplookk☄️
r16251,https://www.readawrite.com/a/Zhj120,วัยรุ่นวุ่นรักไรนักวะ|EMIBONNIE,4jim_9
r16253,https://www.readawrite.com/a/Zhj2bi,เบลูก้าไม่ใช่วาฬ | emibonnie,หมามุดเนย
r16254,https://www.readawrite.com/a/Zhj2ju,จีบจนพี่ยอมแพ้ | emibonnie,Ggaozz99
r16259,https://www.readawrite.com/a/Zhj43s,คุณตินปภัทร:(emibonnie),ปลากระแป๋ง
r16262,https://www.readawrite.com/a/Zhj5ay,ความรักระหว่างธุรกิจ|เอมี่บอนนี่,y_น้ำเพชร
r16273,https://www.readawrite.com/a/Zhj76u,ชาล็อตอย่าคิดเกินเพื่อน | emibonnie,พี่ว่าไงผมว่าไง
r16274,https://www.readawrite.com/a/Zhj78r,"1920&lsquo;s , emibonnie",唯一
r16291,https://www.readawrite.com/a/Zhjd6w,รักเรามันดี|forcebook,คิดไรก็แต่ง
r16299,https://www.readawrite.com/a/Zhjfh8,sibtid |emibonnie,กะเพรากุ้งไม่เผ็ด:p
r16305,https://www.readawrite.com/a/Zhjh4u,พบรัก Williamest,ไม่ว่างแต่งนิยายอยู่🎶
r16306,https://www.readawrite.com/a/Zhjh7j,เพลิงไหม้|เอมี่บอนนี่,ความลับของคนโหด
r16310,https://www.readawrite.com/a/Zhjhu4,Turning Like a Sunflower &mdash; emibonnie,wendy
r16314,https://www.readawrite.com/a/Zhjikd,ก็ลองดู|emibonnie,ซิกม่าหิวมาม่า
r16315,https://www.readawrite.com/a/Zhjiv4,Guitar | emibonnie,The most
r16317,https://www.readawrite.com/a/Zhjj1a,รู้จักป่ะ&ldquo;Friend zone&rdquo; | Emi&amp;Bonnie,สุดที่รักเทอโทรมาGMM&amp;____
r16319,https://www.readawrite.com/a/Zhjjun,ใบผ้าบ้านข้างๆ - emi&amp;bonnie,keeplookk☄️
r16321,https://www.readawrite.com/a/Zhjkbx,ไอติ๋ม!! | เอมี่บอนนี่,สกีบีดี้อกหัก
r16329,https://www.readawrite.com/a/Zhjmx7,Unspoken Truth | emibonnie,gg
r16330,https://www.readawrite.com/a/Zhjn7r,Car racing | Emi&times;bonnie,กินอยากเดียวบ่นอน
r16332,https://www.readawrite.com/a/Zhjnhi,ขอบฟ้าพันลี้ | emibonnie,anotherdenim*
r16339,https://www.readawrite.com/a/Zhjp1f,มาโปรด &mdash; emibonnie,กะเพรากุ้งไม่เผ็ด:p
r16345,https://www.readawrite.com/a/Zhjqka,"&sup1; ไม่ชอบบ๊วย , emibonnie",tembersib
r16352,https://www.readawrite.com/a/Zhjsm4,เอมี่บอนนี่,p☆♡r&bull;▪︎&deg;i○&curren;■m..!
r16360,https://www.readawrite.com/a/Zhjw82,ไม่อยากรัก| เอมี่บอนนี่,อะไรเยะแยะ
r16365,https://www.readawrite.com/a/Zhjx5y,ก็เพราะกูรักมึงไง|emibonnie,bee
r16368,https://www.readawrite.com/a/Zhjxhx,ดาวเหนือ |EmiBonnie,สุดสวยเองคร่ะ
r16370,https://www.readawrite.com/a/Zhjy6w,ชอบนะจิ๋ว|EMIBONNIE,ศาสนาเกย์
r16373,https://www.readawrite.com/a/Zhjyq9,แค่เธอ | EMIBONNIE,Daisy🌷🤏🏻
r16377,https://www.readawrite.com/a/Zhk09r,The Last Guest | emibonnie,V.eronica
r16381,https://www.readawrite.com/a/Zhk151,เจ๊จริงหรอ|nuthong,seter🚗🔅
r16384,https://www.readawrite.com/a/Zhk2kb,รักที่ไม่มีวันสิ้นสุดลง//เอมี่-บอนนี่//,แต่งเล่นๆ
r16386,https://www.readawrite.com/a/Zhk2xw,ชอบแต่ไม่กล้าบอกกลัวเสียเพื่อน|Pond,ไรเตอร์ไม่มีอีพี2กลัวหมดไฟ
r16388,https://www.readawrite.com/a/Zhk321,เปรมไม่ชอบเสี่ย|Jossgawin,khem_kAni
r16399,https://www.readawrite.com/a/Zhk5i7,จังหวะจิต &mdash; emibonnie,dontsayabouther
r16402,https://www.readawrite.com/a/Zhk6j2,ลินเป็นของไคล์ | emibonnie,Minteryy
r16415,https://www.readawrite.com/a/Zhkc1p,นิชาพริม &lsquo; emibonnie,Drayvorn
r16421,https://www.readawrite.com/a/Zhke4b,บี๋เบลเอว 5G | emibonnie,มันตามฝา
r16431,https://www.readawrite.com/a/Zhkh8h,"Damn, you look good|EmiBonnie",ไอติมรสชาไทย
r16435,https://www.readawrite.com/a/Zhkinh,การันต์​ &sup2;​ | emibonnie,ปาท๋องโก๋ปากซอย
r16438,https://www.readawrite.com/a/Zhkjtq,ด้วยใจรัก|EmiBonnie,คุณน้ำตาล หวานสู่ขิต
r16439,https://www.readawrite.com/a/Zhkkqk,"Between Us ""รักของเรา""",วาด-ฝัน
r16440,https://www.readawrite.com/a/Zhkl69,#Gearhom | emibonnie,pzxq
r16442,https://www.readawrite.com/a/Zhklmk,สภาที่รัก/Pond&times;Phuwin,ID
r16443,https://www.readawrite.com/a/Zhklnu,สามมาหาเธอ |emibonnie,no-ey
r16447,https://www.readawrite.com/a/Zhko2x,ตี๋นิชา|emibonnie,gam.kanyapat
r16452,https://www.readawrite.com/a/Zhkpvh,เพลงของเธอ | emibonnie,gg
r16465,https://www.readawrite.com/a/Zhkt13,meow ไม่ชอบ | emibonnie,Willow Bridge
r16466,https://www.readawrite.com/a/Zhkt1t,รับรักกัสหน่อย | emibonnie,bentoAugust
r16480,https://www.readawrite.com/a/Zhkwrf,บันทึกลับฉบับประธาน (Sketch of You),เคะจะโหมด
r16487,https://www.readawrite.com/a/Zhl00e,C - 1401,winwin'j
r16490,https://www.readawrite.com/a/Zhl0qc,Boss in Love | GMNF,X Minnie.readAwrite
r16492,https://www.readawrite.com/a/Zhl3sa,wh-question | emibonnie,whatisniqht
r16497,https://www.readawrite.com/a/Zhl5if,photograph &mdash; emibonnie,hiddenscorp
r16499,https://www.readawrite.com/a/Zhl5wr,หลงเพ่ย ' emibonnie,twentyfourjuly
r16500,https://www.readawrite.com/a/Zhl65k,Project (love) End | emibonnie,นภาตุลย์
r16502,https://www.readawrite.com/a/Zhl6ui,Try again | emibonnie,Solar System
r16503,https://www.readawrite.com/a/Zhl79d,"l'amertume, emibonnie",longforstrawberry
r16505,https://www.readawrite.com/a/Zhl8o7,กาสะลองมุมท่าแพ | emibonnie,ซีลีน
r16508,https://www.readawrite.com/a/Zhl9jd,ร้านขายอดีต | EMIBONNIE,the ocean🌊
r16512,https://www.readawrite.com/a/Zhlat7,ชีวิตติดบอล(น) | emibonnie,บี๋บอน
r16518,https://www.readawrite.com/a/Zhlckl,เป็ดหลงส้ม : emibonnie,EKA☄️🌍
r16521,https://www.readawrite.com/a/Zhld8y,ไข้ที่ชน|emibonnie,Peejay
r16526,https://www.readawrite.com/a/Zhlf8u,roommate | emibonnie,gg
r16527,https://www.readawrite.com/a/Zhlfu6,naughty &mdash; allgirlgroup,lunasendzhi
r16530,https://www.readawrite.com/a/Zhlilf,วันวาล2รัก/เอมี่บอนนี่,อ่านพอทนแต่งพอเลย
r16531,https://www.readawrite.com/a/Zhlj0j,ตี๋มารัก | emibonnie,Panyaeiei
r16537,https://www.readawrite.com/a/Zhllh8,khunter  &rsquo; emibonnie,ต้นลักษณ์
r16538,https://www.readawrite.com/a/Zhlly2,light and shadow|emibonnie,Juu.u
r16550,https://www.readawrite.com/a/Zhlpa2,เทอมแรกม.5/7|เอมี่บอนนี่,ไอ้โต๋พ่อเลี้นงเดี๋ยว
r16555,https://www.readawrite.com/a/Zhlqi9,Level up our love|emibonnie,แมวน้อยลาเต้
r16556,https://www.readawrite.com/a/Zhlqwi,เพียงหนึ่ง &ndash; emibonie,ภารดี
r16560,https://www.readawrite.com/a/Zhls2k,หินมันติ๋ม |emibonnie,seeyoue
r16562,https://www.readawrite.com/a/Zhlsj7,ทนายอย่ารัก คดีอย่าร้าง|emibonnie,ดาวเด่น🌟
r16568,https://www.readawrite.com/a/Zhlttv,Truly loyal|emibonnie,sunflower 🌻
r16570,https://www.readawrite.com/a/Zhlu7f,ความลับในมหาวิทยาลัย |emibonnie,ชอบทานตะวัน
r16572,https://www.readawrite.com/a/Zhlur7,Love Me Harder | NutHong,YK13
r16573,https://www.readawrite.com/a/Zhluuf,Her case | bonnieemi,Pizx.2
r16581,https://www.readawrite.com/a/Zhlx6t,ตะวันไม่เคยลับฟ้า | EmiBonnie,ตามนั่น
r16582,https://www.readawrite.com/a/Zhlx8x,tee|emibonnie,ตี๋ไหนฟะ
r16586,https://www.readawrite.com/a/Zhlxtn,𝓡𝓸𝔂𝓪𝓵 𝓻𝓸𝓰𝓾𝓮,𝕻𝖔𝖗𝖘𝖈𝖍🤍
r16587,https://www.readawrite.com/a/Zhly1c,ตะวันระฟ้า | emibonnie,Forever
r16592,https://www.readawrite.com/a/Zhlyl5,แสงสว่างในยามราตรี | emibonnie,ทอมมี่เองค่ะ
r16593,https://www.readawrite.com/a/Zhlyoc,เลิกดุเพ้นท์ | emibonnie,waiimeeruk
r16602,https://www.readawrite.com/a/Zhm2ro,15 July | emibonnie,เจ้ากาแฟ
r16604,https://www.readawrite.com/a/Zhm30s,หน้าร้อน | emibonnie,K'Ruk
r16605,https://www.readawrite.com/a/Zhm31q,Moonflower | Emibonnie,sunsetinthemoonlight
r16607,https://www.readawrite.com/a/Zhm3gn,zero - emibonnie,zentyz
r16609,https://www.readawrite.com/a/Zhm45u,ไม่รักแล้วจะมาเล่นด้วยทำไม|เอมี่บอนนี่,narjarr213
r16614,https://www.readawrite.com/a/Zhm4sw,ภัคจิรา &ndash; emibonnie,ภารดี
r16618,https://www.readawrite.com/a/Zhm6ou,"พี่เอยเช็คมาด , emibonnie",ddorthxes
r16621,https://www.readawrite.com/a/Zhm941,ghost station | gmm girl,apple whitedog
r16625,https://www.readawrite.com/a/Zhma82,calling 911 | emibonnie,meedang
r16626,https://www.readawrite.com/a/Zhmacb,พี่จะเมะ!​ #เพะจะมี่,แมวข้างตู้
r16636,https://www.readawrite.com/a/Zhmc84,kangaroo gamer | emibonnie,justngao
r16638,https://www.readawrite.com/a/Zhme90,ข้าวปั้น | emibonnie,luvembn
r16649,https://www.readawrite.com/a/Zhmhws,JakanDokmai | emibonnie,Gloomy Sky
r16650,https://www.readawrite.com/a/Zhmhy8,One more time|Amy Bonnie,RACHANUN
r16655,https://www.readawrite.com/a/Zhmkgh,parallel journey - emibonnie,bluewhalex52
r16656,https://www.readawrite.com/a/Zhmlt2,คนสวยข๋า / emibonnie,กัสหม้อระเบิด
r16659,https://www.readawrite.com/a/Zhmmle,คุณมาเฟียสุดที่รัก,เฉิ่มที่ไม่ใช่ชื่อ
r16660,https://www.readawrite.com/a/Zhmmnx,Sunflower | emibonnie,cmp.
r16661,https://www.readawrite.com/a/Zhmmo1,Hidden in Plain Sight | emibonnie,ยำทะเลไม่เผ็ด
r16663,https://www.readawrite.com/a/Zhmnlb,&sup1; นริสา | emibonnie,ไอหย๋ง
r16667,https://www.readawrite.com/a/Zhmokj,นัตเกียดพี่ |emibonnie,Kerin50
r16668,https://www.readawrite.com/a/Zhmp7t,คนนี้คุณนทีจองแล้ว,โกโก้หวานน้อย
r16671,https://www.readawrite.com/a/Zhmpnq,พบรัก ; emibonnie,warden_
r16672,https://www.readawrite.com/a/Zhmq5f,"Seen, 02:17",กระทะกระเทียมไข่เจียว
r16675,https://www.readawrite.com/a/Zhmr5w,guitar ' bonnieemi,Tbadz
r16678,https://www.readawrite.com/a/Zhms50,นี่จีบหรอหลิน ; bonnieemi,Reez I O X
r16683,https://www.readawrite.com/a/Zhmuqv,คู่รักนักแข่ง|เอมี่บอนนี่,S.SPRITE💗💓
r16686,https://www.readawrite.com/a/Zhmvip,Help me|วิลเลี่ยมเอส,น้องง๊อกแง๊ก
r16687,https://www.readawrite.com/a/Zhmvtl,Socks | EmiBonnie,หมูเก่า
r16690,https://www.readawrite.com/a/Zhmwei,Science-Math  | emibonie,ไม่โดนใจแต่อร่อยแน่
r16692,https://www.readawrite.com/a/Zhmy1l,I meow you | emibonnie,Willow Bridge
r16693,https://www.readawrite.com/a/Zhn0ke,เขตอนุรักษ์ใจแมว | emibonnie,เจจิ
r16694,https://www.readawrite.com/a/Zhn0lt,Bikefordad | emibonnie,7&rsquo;jul
r16695,https://www.readawrite.com/a/Zhn1qf,Secret Us|เอมี่บอนนี่,ฝันร้ายไดโนเสาร์
r16697,https://www.readawrite.com/a/Zhn1y4,Shadow&rsquo;s Muse(ผู้หลงรักเงา) |emibonnie,เด้นๆ
r16698,https://www.readawrite.com/a/Zhn22w,ซีนโป้งพี่ - emibonnie,WHITE
r16699,https://www.readawrite.com/a/Zhn25h,First love is hard to forget.รักแรกลืมโคตรยาก,หัดแต่ง
r16700,https://www.readawrite.com/a/Zhn25r,รักเธอ,GN
r16701,https://www.readawrite.com/a/Zhn2a7,probably | emibonnie,bluemond_
r16706,https://www.readawrite.com/a/Zhn4gl,"เจิ้นแต้ม 0  , emibonnie",kuntann.n
r16711,https://www.readawrite.com/a/Zhn5o6,Faded | Emibonnie,pii_piipe
r16712,https://www.readawrite.com/a/Zhn6o7,พี่แม่ง..โคตรน่ารัก | emibonnie,ราชาหมาเด็ก
r16714,https://www.readawrite.com/a/Zhn72y,"A Life Without You , emibonnie",ไก่ทอด
r16717,https://www.readawrite.com/a/Zhn7pc,143 via Pager|emibonnie,90s Polaroid
r16719,https://www.readawrite.com/a/Zhn8ij,น้องมายด์ของพี่ต้า,Nampik
r16720,https://www.readawrite.com/a/Zhn908,Our Love Story | เอมี่บอนนี่,Zxxx_VB.LD^⁠_⁠^
r16721,https://www.readawrite.com/a/Zhnai4,ขอโทษนะคุณ,justmenyou
r16728,https://www.readawrite.com/a/Zhng1e,ใครรักก่อนแพ้|emibonnie,เ𝖒ะมาละ𝖓รับ
r16730,https://www.readawrite.com/a/Zhngqk,before | emibonnie,msttoe
r16731,https://www.readawrite.com/a/Zhnh9r,warjai | emibonnie,หมีเต๊ะเมะติ๋ม
r16733,https://www.readawrite.com/a/Zhnhd3,แตมเป้ย | emibonnie,gg
r16734,https://www.readawrite.com/a/Zhni62,กี้รัน | emibonnie,muhiopl
r16738,https://www.readawrite.com/a/Zhniwg,About you|EmiBonnie,ไอติมรสชาไทย
r16744,https://www.readawrite.com/a/Zhnp4s,ซื้อรูปภาพด้วยรัก|emibonnie,ไอเลิฟสิงโต
r16756,https://www.readawrite.com/a/Zhnrus,เกี๊ยวซ่า | เอมี่บอนนี่,ห้องสีฟ้า
r16757,https://www.readawrite.com/a/Zhnsg1,where to? &mdash; bonnieemi,longforstrawberry
r16758,https://www.readawrite.com/a/Zhnsjp,home sweet home | emibonnie,กะเพรากุ้งไม่เผ็ด:p
r16763,https://www.readawrite.com/a/Zhnty8,ไออุ่นของพาย(เอมี่บอนนี่),อาทิไร้แสง
r16773,https://www.readawrite.com/a/Zhnxn9,&sup2;San|emibonnie,nerdlnwza
r16774,https://www.readawrite.com/a/Zhny3b,good driver good caretaker - emibonnie,Charcoaline
r16775,https://www.readawrite.com/a/Zhny4u,room-307 ⁸|emibonnie,หมีน้อยยามค่ำคืน
r16780,https://www.readawrite.com/a/Zho0jo,เพื่อเธอเเค่รักของเรา /ปอนด์ภูวินทร์/ เอมี่บอนนี่ / น้ำตาลฟิล์ม / มิลค์เลิฟ /เเจนจิงจิง,BewPooh
r16782,https://www.readawrite.com/a/Zho0uj,ครั้งหนึ่ง | emibonnie,จิ๊กซอร์ขาวดำ
r16789,https://www.readawrite.com/a/Zho25x,JIGSAW CASE 094s| emibonnie,ฟ้าหลังฝน
r16790,https://www.readawrite.com/a/Zho283,พิพบ &mdash; emibonnie,ขนมปังเถื่อน
r16792,https://www.readawrite.com/a/Zho2a5,ตุวเเรง,เนื้อหมาแส่บมั้ย
r16794,https://www.readawrite.com/a/Zho2rg,"9ปี , emibonnie",เพลงรัก2🫰🏻
r16795,https://www.readawrite.com/a/Zho44i,รักนี้ ที่มีเธอ | รวม wlw,รักนี้ ที่มีเธอ | รวม wlw
r16797,https://www.readawrite.com/a/Zho58x,area 67 - emibonnie,power
r16798,https://www.readawrite.com/a/Zho59i,มัจฉะ|เอมี่บอนนี่,사랑해요
r16799,https://www.readawrite.com/a/Zho59u,1ในนี้มีคนตาย|เอมี่บอนนี่ น้ำตาลฟิมล์ ออฟกัน,ไอเลิฟลูกพี่ถา💗✨️
r16802,https://www.readawrite.com/a/Zho6eh,เพลงรัก|BonnieEmi,`hmuping__
r16805,https://www.readawrite.com/a/Zho6rg,"ปีเปอร์แป๋ว , emibonnie",sstn
r16807,https://www.readawrite.com/a/Zho6uc,new(girl)friend | emibonnie,เนเน๋
r16809,https://www.readawrite.com/a/Zho8lt,ทฤษฎี21วันกับเธอ|เอมี่บอนนี่,ไอ้โจ๋พ่อเลี้ยงเดี่ยว
r16816,https://www.readawrite.com/a/Zhoarm,help - bonnieemi,dinopig
r16818,https://www.readawrite.com/a/Zhobk5,ซัมเมอร์ญี่ปุ่น|emibonnie,*พระจันทร์เต็มดวง🌑*
r16822,https://www.readawrite.com/a/Zhobru,ibuprofen | emibonnie,ring ring! ur ex is calling
r16827,https://www.readawrite.com/a/Zhocdi,เมจริงใจ|emibonnie,answer
r16837,https://www.readawrite.com/a/Zhoep2,11:11 | emibonnie,ดวงเซ๊งเซง
r16842,https://www.readawrite.com/a/Zhogfm,ใกล้นายเกินหน้าที่,Avachanom2
r16845,https://www.readawrite.com/a/Zhoi7a,ใจกากแต่ปากเก่ง  -emibonnie,FB:ไดโนเสาร์.ฯ
r16857,https://www.readawrite.com/a/Zholfh,วันวิวาห์ |emibonnie,My._.lovery
r16858,https://www.readawrite.com/a/Zholg2,"ร่มไม้ใบรัก , emibonnie",สาริสตา
r16859,https://www.readawrite.com/a/Zholjd,ก๋วยเตี๋ยวชามสุดท้าย|มิ้ลเลิฟ,emibonnie
r16861,https://www.readawrite.com/a/Zhom24,ฟรังรริน | emibonnei,macao&rsquo;
r16864,https://www.readawrite.com/a/Zhoo5b,ภารันด์ริส|emibonnie,mew_q_ped
r16866,https://www.readawrite.com/a/Zhoocx,นางฟ้าสุดที่รักของฉัน|emibonnie,ศาสนาเกย์
r16872,https://www.readawrite.com/a/Zhopbo,muuay |emibonnie,อย่าห้าว
r16873,https://www.readawrite.com/a/Zhopf2,keep distance | emibonnie,หมีส้มxxx
r16875,https://www.readawrite.com/a/Zhoq8v,Little story |emibonnie,ณรินทร์
r16880,https://www.readawrite.com/a/Zhorsm,จีบเธอ|เอมี่บอนนี่,พั้น พั้น
r16891,https://www.readawrite.com/a/Zhovce,ไอเด็ก|emibonnie,แบล็คชอบหมี
r16898,https://www.readawrite.com/a/Zhoxuk,ยัยขี้หวง | EmiBonnie,ช้อกโก้.พิ้ง
r16905,https://www.readawrite.com/a/Zhp1b9,ขอพรผิดดาว Not this star,ชีสบอลอร่อยกรุบบกรุบ
r16907,https://www.readawrite.com/a/Zhp1ov,ต้นกล้า ; emibonnie,เกาเกาเหลาเหลา
r16911,https://www.readawrite.com/a/Zhp33p,friend zone |เอมี่บอนนี่,🌻
r16914,https://www.readawrite.com/a/Zhp3go,แฟนกำมะลอ | emibonnie,&hearts;︎
r16918,https://www.readawrite.com/a/Zhp4qt,เหนือกาลเวลา|emibonnie,ไม่รู้ๆ
r16923,https://www.readawrite.com/a/Zhp6p6,เวลเวท|PondPhuwin,พ่อผมชื่อณราวิชญ์
r16924,https://www.readawrite.com/a/Zhp6rs,"ตะวันเพียงฝัน ,emibonnie",นภาตุลย์
r16926,https://www.readawrite.com/a/Zhp75y,Roommate 313 | emibonnie,Ist Me
r16929,https://www.readawrite.com/a/Zhp8mq,ผู้บ่าวไทบ้าน|emibonnie,แบล็คชอบหมี
r16930,https://www.readawrite.com/a/Zhp903,รักในวันที่ฝนโปรย Rain sone |EmiBonnie,Weset
r16931,https://www.readawrite.com/a/Zhp97w,&sup2; ปีแสง | emibonnie,ปาท๋องโก๋ปากซอย
r16937,https://www.readawrite.com/a/Zhpa0u,ติ๋มซาลาเปา - bonnieemi,Tbadz
r16942,https://www.readawrite.com/a/Zhpbwr,ใต้แสงแฟลช | emibonnie,FN_PY
r16944,https://www.readawrite.com/a/Zhpcjc,dete for debt &ndash; Emibonnie,jowlfirst1st
r16948,https://www.readawrite.com/a/Zhpd4s,ritenjoy | emibonnie,iamk0ibon
r16950,https://www.readawrite.com/a/Zhpdr7,เเชทที่ไม่กล้าส่ง | emibonnie,จุ้กกรู๋
r16954,https://www.readawrite.com/a/Zhpf3q,แก้วมังกรพารัก-emibonnie,แพะ
r16956,https://www.readawrite.com/a/Zhpg8b,ชั้นจะจีบเธอ|น้ำตาลxฟิมล์,หมาเด็ก🐕
r16957,https://www.readawrite.com/a/Zhpgmm,เป็นตัวเองเถอะตู้ปลา : bonnieemi,starryboo
r16960,https://www.readawrite.com/a/Zhphen,ของขวัญสุดท้าย|emibonnie,ไดโนหมู
r16961,https://www.readawrite.com/a/Zhpihk,ภูมิใจในตัวผมมั้ย :  emibonnie,Wissuths_014
r16964,https://www.readawrite.com/a/Zhpixd,อิหล่าคึเป็นตาฮักแท้|เอมี่บอนนี่,น้องมะม่วงน่ารักที่สุดในโลกก ◌ิ◌ิ◌ิ
r16967,https://www.readawrite.com/a/Zhpjs2,แพ้ทางสามชั้น : [emibonnie],หมอนหนอนนอนหนุน
r16969,https://www.readawrite.com/a/Zhpks9,อิ้งค์คึ - emibonnie,lnliu
r16972,https://www.readawrite.com/a/Zhpo2r,Idol playlist | emibonnie,meedang
r16976,https://www.readawrite.com/a/Zhppcx,03:02 AM. | emibonnie,0nikiri 888
r16978,https://www.readawrite.com/a/Zhpq3o,only เพ้า ' bonnieemi,เจ้าบุหลัน
r16981,https://www.readawrite.com/a/Zhpr23,&sup1;Rainpei | emibonnie,น้ำพริกนรก
r16985,https://www.readawrite.com/a/Zhpses,อ้อมกอดที่พังทลาย,didi_rose
r16991,https://www.readawrite.com/a/Zhptnv,"ถาปัตมันร้าย&sup2; , emibonnie (รอรีไรท์)",วารินทร์
r16992,https://www.readawrite.com/a/Zhpuit,มัชฉะแก้วนี้เป็นของคุณนะ  | emibonnie,&hearts;︎
r16996,https://www.readawrite.com/a/Zhpvgn,รักที่ลงตัว|emibonnie,kanyapak
r16998,https://www.readawrite.com/a/Zhpxa5,เจ้าของร้านดอกไม้กับลูกค้าประจำ|เอมี่บอนนี่,yummy yyy
r17000,https://www.readawrite.com/a/Zhq0fe,ภายใต้เงาปืน.| Emibonnie,MoonProtect
r17005,https://www.readawrite.com/a/Zhq1u9,บ้านหลังเดิมของเรา | เอมี่บอนนี่,Yulynn
r17006,https://www.readawrite.com/a/Zhq2of,Warning! Kindness ahead | emibonnie,p&oacute;ng
r17008,https://www.readawrite.com/a/Zhq37a,เนิร์ดจริงป่ะ|emibonnie,น้อว67
r17011,https://www.readawrite.com/a/Zhq47e,เพื่อนบ้าน&lt;Emi Bonnie&gt;,เพลิงริษยา
r17018,https://www.readawrite.com/a/Zhq57n,ซิวเฉิน|emibonnie,ไม่รู้ๆ
r17019,https://www.readawrite.com/a/Zhq5cy,Sunset ️ In Pattaya,starfish ☆
r17031,https://www.readawrite.com/a/Zhqa7t,รักแรกในฝัน - emibonnie,ไอติม
r17035,https://www.readawrite.com/a/Zhqc1e,ผู้กองสุดที่รัก|เอมี่บอนนี่,นอหอ💫
r17041,https://www.readawrite.com/a/Zhqdij,Fading;emibonnie,gojee
r17042,https://www.readawrite.com/a/Zhqdwx,somewhere only we know | emibonnie,:☁️)
r17045,https://www.readawrite.com/a/Zhqem1,say don't worry pls &mdash; emibonnie,reversetime
r17048,https://www.readawrite.com/a/Zhqfmf,เป็นแค่แฟนปลอมๆ | emibonnie,l rak anyy
r17058,https://www.readawrite.com/a/Zhqiyg,แป๋ว|emibonnie,bi
r17062,https://www.readawrite.com/a/Zhqjke,เมฆมันเอ๋อ | Emibonnie,yomota
r17067,https://www.readawrite.com/a/Zhql5x,ปันปอ - emibonnie,the Maccaa
r17076,https://www.readawrite.com/a/Zhqo0q,พ่อมดแบบไดห์|sea keen,เน้นอ่านไม่เน้นแต่ง
r17085,https://www.readawrite.com/a/Zhqqjj,sky fall ฟ้าผ่าเป็นห่ารัก,reversetime
r17088,https://www.readawrite.com/a/Zhqr72,JuniorLevel &lsquo; emibonnie,Drayvorn
r17091,https://www.readawrite.com/a/Zhqrim,Still Yours |emibonnie,ชาเขียวไม่ขม
r17092,https://www.readawrite.com/a/Zhqrpp,"tertara , emibonnie",seatalayte
r17103,https://www.readawrite.com/a/Zhqurr,心痛 &mdash; emibonnie,dontsayabouther
r17113,https://www.readawrite.com/a/Zhqyc2,friend zone ที่ไม่แท้จริง- emibonnie,ไอติม
r17115,https://www.readawrite.com/a/Zhr112,sixth sense : emibonnie,โดนัทมั้ยอ่ะ
r17120,https://www.readawrite.com/a/Zhr1vq,"kitapat , emibonnie",y3ntpdcc
r17121,https://www.readawrite.com/a/Zhr2v5,ดวงใจปฐวี ; emibonnie,ฉัตรวี
r17126,https://www.readawrite.com/a/Zhr4xw,&sup1; คู่หมั้น | emibonnie,Forever
r17128,https://www.readawrite.com/a/Zhr5kj,See u again|emibonnie,กะเพราหมูกรอบ:p
r17130,https://www.readawrite.com/a/Zhr7ql,บักมู่กับน้องหล่าจั๊บ | emibonnie,มะจี้
r17144,https://www.readawrite.com/a/Zhrda0,"Tawanpai , emibonnie",Frenchfries_919
r17145,https://www.readawrite.com/a/Zhrdjb,มูเด้ง | เอมี่บอนนี่,Peejay
r17146,https://www.readawrite.com/a/Zhrds2,กล่อง | emibonnie,nnn2.401
r17152,https://www.readawrite.com/a/Zhrfdi,รักไม่ได้,สองเมษา
r17159,https://www.readawrite.com/a/Zhri5m,EmiBonnie,ไอ่หมาเฟียสเว่อร์
r17168,https://www.readawrite.com/a/Zhrlcj,ติ๋มอุ๋งอุ๋ง - EMIBONNIE,qpiddz
r17173,https://www.readawrite.com/a/Zhrn5t,ขวัญใจประธานโซน | EmiBonnie,งานไม่ทำนั่งแต่งฟิค
r17175,https://www.readawrite.com/a/Zhrn83,แค่เธอที่ฉันต้องการ-emibonnie,สนุกไม่สนุกแต่งไว้ก่อน
r17177,https://www.readawrite.com/a/Zhrna7,ขวัญใจหมาวัด ' bonnieemi,เจ้าบุหลัน
r17182,https://www.readawrite.com/a/Zhror6,the sun | emibonnie bonnieemi,no-ey
r17188,https://www.readawrite.com/a/Zhrqs1,รักเธอเหมือนรักเรา,เนื้อหมาแส่บมั้ย
r17189,https://www.readawrite.com/a/Zhrry5,"""The Line Between Us&ldquo;| emibonnie",kus.atth
r17190,https://www.readawrite.com/a/Zhrsbx,Romenoel | emibonnie,meedang
r17191,https://www.readawrite.com/a/Zhrslo,ไอคนน่ารักนั้นใคร | EmiBonnie,What does 사랑 mean?
r17201,https://www.readawrite.com/a/Zhrvd3,ตั้งใจขอโทษ | emibonnie,willubinmineh
r17207,https://www.readawrite.com/a/Zhrwwn,Espier | emibonnie,K'Ruk
r17212,https://www.readawrite.com/a/Zhrxg2,"&sup1;แจ๋มไปเกิด , emibonnie",นภาตุลย์
r17215,https://www.readawrite.com/a/Zhry40,รัก(แค่)เธอ | nuthong,qewc
r17219,https://www.readawrite.com/a/Zhs1m4,จิเปา | bonnieemi,อุอิอา
r17220,https://www.readawrite.com/a/Zhs20t,All Gone|Emibonnie,Ch_erzx
r17221,https://www.readawrite.com/a/Zhs2d2,Kiss Me Between Verses|Emibonnie,B.
r17222,https://www.readawrite.com/a/Zhs2de,only you | Emibonnie,crazy
r17223,https://www.readawrite.com/a/Zhs2ep,When We Were Us   ทานตะวันหลังวันลา,Mr.sunsun
r17227,https://www.readawrite.com/a/Zhs41w,(os/sf) kiss|gmmtv,ไอ นี้ด ทู เมก ทู มาย นี้ด
r17238,https://www.readawrite.com/a/Zhs76g,mudtaipillow | emibonnie,starryboo
r17244,https://www.readawrite.com/a/Zhs8ld,ซินนับสิบ ; emibonnie,หมูปิ้ง
r17245,https://www.readawrite.com/a/Zhs90t,ตีสาม | emibonnie,pipoo
r17247,https://www.readawrite.com/a/Zhs9qc,แค่ชั่วคราว | emibonnie,ยาดองทรยศ
r17255,https://www.readawrite.com/a/Zhsckv,Amour cach&eacute;,1st
r17256,https://www.readawrite.com/a/Zhscpw,ชุนสัก | emibonnie,gg
r17265,https://www.readawrite.com/a/Zhsg12,เอาจังได๋กับกู | เอมี่บอนนี่,คิวตะ
r17269,https://www.readawrite.com/a/Zhsh7f,เจียโซ| เอมมี่บอนนี,🗯️
r17273,https://www.readawrite.com/a/Zhsin5,แก้วตาเสริมสวย ; EmiBonnie,งานไม่ทำนั่งแต่งฟิค
r17274,https://www.readawrite.com/a/Zhsitf,MeenPie | emibonnie,Moondream_.
r17278,https://www.readawrite.com/a/Zhsjna,ไหนบอกว่าไม่หวั่นไหวไง|เอมี่บอนนี่,เบ้บขาา
r17281,https://www.readawrite.com/a/Zhskxn,แสงรวี |emibonnie,gllrnq
r17282,https://www.readawrite.com/a/Zhslhg,สมบูรณ์แบบ | perthsanta emibonnie,หนูแว่นดำ
r17290,https://www.readawrite.com/a/Zhsrs1,"Stop Playing, Start Loving |emibonnie",ก็เป็นคนนี้แหละ
r17294,https://www.readawrite.com/a/Zhssam,ดีแล้วหรอ|EMIBONNIE,พี่จะเป็นเชฟ
r17299,https://www.readawrite.com/a/Zhsv7k,อายวะ | emibonnie,ไรว่ะ
r17305,https://www.readawrite.com/a/Zhsw9c,&sup2; ทิวากรณ์ - emibonnie,itsmux_
r17306,https://www.readawrite.com/a/Zhswhb,รักแบบใด| emibonnie,เอาปากกาคืนมาาา
r17309,https://www.readawrite.com/a/Zhsx2h,เมียเสือสมิง|emibonnie,ศิลาวัลย์
r17313,https://www.readawrite.com/a/Zhsyfa,Yesteryear (emibonnie),summerofjune
r17315,https://www.readawrite.com/a/Zht0g9,เป็นหนึ่งไม่ติ๋มม|emibonnie,chilltom
r17318,https://www.readawrite.com/a/Zht2es,บ้านไม่ใช่สถานที่ : emibonnie,the.em
r17319,https://www.readawrite.com/a/Zht2n6,Apollo13 |EMIBONNIE,KIM MI
r17321,https://www.readawrite.com/a/Zht2tb,The Silent Spy | Emibonnie,พีพีอาร์
r17329,https://www.readawrite.com/a/Zht6p8,jengjeaw | emibonnie,chowdeř
r17332,https://www.readawrite.com/a/Zht7fp,พบรัก นักสเก็ต|emibonnie,ไอเลิฟสิงโต
r17334,https://www.readawrite.com/a/Zht7mh,friENDs | Bonnieemi,little cat
r17338,https://www.readawrite.com/a/Zht9rc,pungjasmine ; emibonnie,power
r17341,https://www.readawrite.com/a/Zhtb7p,รักฟ้า |emibonnie,nongpatiiop
r17342,https://www.readawrite.com/a/Zhtbf2,คิดถึงกล้อง|เอมี่บอนนี่,เพรียวพันธ์
r17343,https://www.readawrite.com/a/Zhtbpr,สายรหัสสื่อรัก | surfjava,🩵🤍🤍
r17344,https://www.readawrite.com/a/Zhtc0l,รักป่วนๆในรั่วมหาลัย,ตั้งมั่วๆเอา ไม่รู้
r17345,https://www.readawrite.com/a/Zhtcbi,ต้าเพื่อน |emibonnie,กะเพรากุ้งไม่เผ็ด:p
r17349,https://www.readawrite.com/a/Zhte5r,กลิ่นดอกลีลาวดี|เพิร์ธแซนต้า,ทิวากร'ร
r17352,https://www.readawrite.com/a/Zhteng,gg | emibonnie,kunouan
r17353,https://www.readawrite.com/a/Zhteqs,ม๋าเด็กก | emibonnie,ตัวบวมม
r17355,https://www.readawrite.com/a/Zhtfl3,"peemya , emibonnie",posink
r17361,https://www.readawrite.com/a/Zhth9d,Khon prod|Emibonnie,Kk.
r17369,https://www.readawrite.com/a/Zhtk1i,thirdfleur | emibonnie,meedang
r17376,https://www.readawrite.com/a/Zhtlgi,อิรันดอกฟ้า|emibonnie,"""pnp"""
r17379,https://www.readawrite.com/a/Zhtm27,ใต้แสงจันทราพิพบ//บอนนี่เอมี่,T.🪼🦋
r17384,https://www.readawrite.com/a/Zhtnky,จีบพี่ได้ไหม? :emibonnie,เด่กฝึกหัด
r17388,https://www.readawrite.com/a/Zhtoud,เถียงคำอ้อนคำ|AouBoom,ไรค์ชอบดองงาน
r17390,https://www.readawrite.com/a/Zhtq6a,นิจดารา | emibonnie,แจวม่อนน
r17404,https://www.readawrite.com/a/Zhtwae,107home| emibonnie,เจจิ
r17413,https://www.readawrite.com/a/Zhu13n,23 | emibonnie,เห้ว
r17417,https://www.readawrite.com/a/Zhu26t,I&rsquo;ll do anything u need | emibonnie,watthedog
r17419,https://www.readawrite.com/a/Zhu2t4,คุณนายร้อยล้าน|เอมี่บอนนี่,นอหอ💫
r17422,https://www.readawrite.com/a/Zhu3x6,ปรารถนารัก|EmiBonnie,DeadlyDevotion
r17425,https://www.readawrite.com/a/Zhu40o,"tee10 , emibonnie",kenwingsboi
r17431,https://www.readawrite.com/a/Zhu5f9,หมี่ปัง &mdash; emibonnie,yoswallenom .
r17432,https://www.readawrite.com/a/Zhu6d8,หมาโบ้ | emibonnie,Ist Me
r17443,https://www.readawrite.com/a/Zhu7yb,ทฤษฎี21วัน | Emibonnie,สติคนเขียนหลุดโลก
r17452,https://www.readawrite.com/a/Zhu9wq,lopram | emibonnie,n ^~^
r17464,https://www.readawrite.com/a/Zhuew6,คดีอายัยวะ|emibonnie,ฉลามตากแดด
r17467,https://www.readawrite.com/a/Zhuh1m,Pretty Little Rebel |emibonnie,ฟ้าหลังฝน
r17470,https://www.readawrite.com/a/Zhuj46,Melody of You | emibonnie,โดริโตดดด
r17476,https://www.readawrite.com/a/Zhul4p,NEXT | emibonnie,Marlionn
r17479,https://www.readawrite.com/a/Zhumbt,กลิ่นกาแฟในวันนั้น | emibonnie,ดอกไม้อันแสนไกล
r17490,https://www.readawrite.com/a/Zhup87,We Once Loved | emibonnie,0nikiri 888
r17499,https://www.readawrite.com/a/Zhur64,ถ้าโลกไม่มีพระอาทิตย์ | emibonnie,ลิทเทิล
r17500,https://www.readawrite.com/a/Zhurua,เอมี่บอนนี่,wlw
r17503,https://www.readawrite.com/a/Zhut70,"destanisha, emibonnie",บี๋บอนค้าบ บ บบ
r17505,https://www.readawrite.com/a/Zhutgq,Sky Wave⁹ | EmiBonnie,หมีน้อยยามค่ำคืน
r17507,https://www.readawrite.com/a/Zhuu8g,memory &mdash; emibonnie,lablae
r17510,https://www.readawrite.com/a/Zhuv8h,ทำแบบนี้กับพี่ทำไม|เอมี่บอนนี่,เธอทำกับพี่อย่างงี้ไม่ได้นะ
r17514,https://www.readawrite.com/a/Zhuvui,ผีทัก ให้ รักเธอ|เอมี่บอนนี่ น้ำตาลฟิมล์,ไอเลิฟลูกพี่ถา💗✨️
r17517,https://www.readawrite.com/a/Zhuw1g,ข้างโต๊ะตัวเดิม | emibonnie,l rak anyy
r17518,https://www.readawrite.com/a/Zhuw2x,ไทบ้าน | emibonnie,คุกกี้แซ่บหลาย
r17520,https://www.readawrite.com/a/Zhuwi6,I love you infinitely.| Emibonnie,😉🫦
r17522,https://www.readawrite.com/a/Zhuxf3,คาเฟ่พบรัก| Emibonnie | viewmim | milklove,Phannaphat.a𐙚
r17525,https://www.readawrite.com/a/Zhuyc1,first love|emibonnie,Pornphat
r17527,https://www.readawrite.com/a/Zhuyt2,พบรักคาเฟอีน|emibonnie,Bonusss:&gt;
r17534,https://www.readawrite.com/a/Zhv0jd,คืนเดียว|emibonnie,kaw
r17535,https://www.readawrite.com/a/Zhv0n5,แกล้งกู แล้วรับให้ไหว | emibonny,ไอติมโอริโอ้ซันเดย์
r17539,https://www.readawrite.com/a/Zhv1l5,fujimajor | emibonnie,theyc
r17540,https://www.readawrite.com/a/Zhv1lr,Ship_per (os/sf) &sup1;,bvnnie_n*3nene
r17544,https://www.readawrite.com/a/Zhv2fl,9hr. | bonnieemi,เจ้าบุหลัน
r17557,https://www.readawrite.com/a/Zhv7sw,babe | emibonnie,lnwza
r17559,https://www.readawrite.com/a/Zhv98l,Before Your Last Page|Emibonnie,Sol_.++
r17565,https://www.readawrite.com/a/Zhvbsh,In love with the boss|pondphuwin,เริ่ดมันผิดปะ
r17572,https://www.readawrite.com/a/Zhvdfv,Black Room | emibonnie,Pakkaploy
r17573,https://www.readawrite.com/a/Zhve8g,ชอบน้องวิศว|เอมี่บอนนี่,ผมชอบฟุตบอล
r17577,https://www.readawrite.com/a/Zhvg4p,Happy old years &mdash; emibonnie,กะเพรากุ้งไม่เผ็ด:p
r17582,https://www.readawrite.com/a/Zhvgxl,9 years for you |EmiBonnie,NINi^^
r17587,https://www.readawrite.com/a/Zhvhmv,ของเข้าตัว|emibonnie,ไรท์ชอบไปเรื่อย
r17594,https://www.readawrite.com/a/Zhviqi,จิ๋วพี่ไม่เล่น | emibonnie,frame.4u00
r17598,https://www.readawrite.com/a/Zhviyg,อย่าไว้ใจ(เพื่อนสนิท),เจ็ย
r17602,https://www.readawrite.com/a/Zhvkkq,LoOp | เอมี่บอนนี่,MharLaii
r17603,https://www.readawrite.com/a/Zhvkwp,Second to a Memory | EmiBonnie,Ist Me
r17604,https://www.readawrite.com/a/Zhvl15,ลินไม่ชิน | emibonnie,wanpudz
r17606,https://www.readawrite.com/a/Zhvm0b,คุณวาฬ|emibonnie,ไก่ทอด
r17607,https://www.readawrite.com/a/Zhvmq2,เเฟนครับ|Emibonnie,Zicc_.y
r17623,https://www.readawrite.com/a/Zhvpu4,thank you next  | emibonnie,ไม่ดูดก็ดีด
r17625,https://www.readawrite.com/a/Zhvqb9,พี่คงไม่ชอบผมหรอก | emibonnie,kamink is เรียล
r17626,https://www.readawrite.com/a/Zhvr9t,Chana|emibonnie,nerdlnwza
r17636,https://www.readawrite.com/a/Zhvvf1,รุ่นพี่เเพ้รุ่นน้อง||เอมี่บอนนี่,toon_zaill
r17638,https://www.readawrite.com/a/Zhvvq6,Choprod|emibonnie,我爱你
r17645,https://www.readawrite.com/a/Zhw0tt,ตำรวจคนนี้ เป็นของฉัน,เบบี๋ของแด๊ด
r17650,https://www.readawrite.com/a/Zhw379,สิงหาอย่าใจร้าย | jossgawin,maitee.e
r17653,https://www.readawrite.com/a/Zhw4y8,&sup1;play risk : emibonnie,the.em
r17661,https://www.readawrite.com/a/Zhw8ou,โก๋หมวย|emibonnie,ไก่ทอดหาดใหญ่^^
r17668,https://www.readawrite.com/a/Zhw9vk,ติ๋มว่ะ |emibonnie,ณรินทร์
r17689,https://www.readawrite.com/a/Zhwia6,แกล้งไงให้ชอบกู - เอมี่บอนนี่,🫰🫰🫰
r17692,https://www.readawrite.com/a/Zhwkeg,จี้กลับบ้านได้ยัง -  emibonnie,ไอติม
r17694,https://www.readawrite.com/a/Zhwmi4,seven years oath ; emibonnie,notbadbutnotgoxd
r17696,https://www.readawrite.com/a/Zhwo29,#เซฟเจ๋งช่วยโลก | emibonnie,Furi-ri
r17697,https://www.readawrite.com/a/Zhwobk,nueadao | emibonnie,willubinmineh
r17700,https://www.readawrite.com/a/Zhwp5c,&sup1;หมาของสาม|emibonnie,ไอเลิฟสิงโต
r17703,https://www.readawrite.com/a/Zhwq22,นักเรียนหมอฟัน &mdash; เอมี่บอนนี่,soqe
r17704,https://www.readawrite.com/a/Zhwqhn,แก้วตาดวงใจ,เพิร์ธแซนต้า
r17715,https://www.readawrite.com/a/Zhwv5w,keep me love ; emibonnie,rak kei
r17719,https://www.readawrite.com/a/Zhww6y,แปลไม่ออก,"2004""_&rdquo;"
r17725,https://www.readawrite.com/a/Zhx0h6,ลดตัวไปรักเด็ก|emibonnie,ตังที่อยากแต่งฟิคอ่าา
r17726,https://www.readawrite.com/a/Zhx0x5,พนักงานกาแฟคนนั้น  | emi Bonnie,แบมบี้
r17728,https://www.readawrite.com/a/Zhx10t,ที่รัก | EMIBONNIE,จะจบดีไหมนะ🖤
r17732,https://www.readawrite.com/a/Zhx1bt,&sup2;stag|emibonnie,nerdlnwza
r17734,https://www.readawrite.com/a/Zhx1dd,พี่ไอใจร้าย|emibonnie,🐶
r17735,https://www.readawrite.com/a/Zhx1fr,มึงกับกูต้องตายกันไปข้างหนึ่ง// เอมี่บอนนี่,toon_zaill
r17742,https://www.readawrite.com/a/Zhx30w,Rain zone | emibonnie,littlemiffy
r17752,https://www.readawrite.com/a/Zhx6ts,ลบไม่ได้ช่วยลืม|PondPhuwin,ใครก็ได้ที่ไม่ใช่ตัวเอง
r17760,https://www.readawrite.com/a/Zhx8kn,The Last Chord : emibonnie,Any&lt;3
r17763,https://www.readawrite.com/a/Zhx9ty,25|emibonnie,หมาเด้นโดดเดี่ยว
r17768,https://www.readawrite.com/a/Zhxapw,ยัยคุณหนู|skynani,skynani
r17781,https://www.readawrite.com/a/Zhxdka,แสงดาว | juniormark,Fondao._
r17788,https://www.readawrite.com/a/Zhxgjc,ฟ้าสีหม่น|emibonnie,คุณโซมัส
r17794,https://www.readawrite.com/a/Zhxikk,&sup1;nongpam|emibonnie,ฉลามตากแดด
r17795,https://www.readawrite.com/a/Zhxj7t,หนุ่มวิศวะก็มีรักแท้นะ,ศิริธร
r17804,https://www.readawrite.com/a/Zhxllx,When you fade away | emibonnie,H⌂ME
r17805,https://www.readawrite.com/a/Zhxlsf,(หยุดอัพเเบบไม่มีกำหนดการ)แล้วผมผิดอะไร&sup1;| emibonnie,ห๊ะ
r17806,https://www.readawrite.com/a/Zhxltv,สมบัตรของ&ldquo;ชาติ&rdquo;|bonnieemi,หมึกดำ.
r17809,https://www.readawrite.com/a/Zhxms4,เราจะอยู่ด้วยกัน|emibonnie,เเหนมเเหนม
r17815,https://www.readawrite.com/a/Zhxpom,ระหว่างดาวกับเธอ,เตี๋ยวต้มยำหมูสับ
r17816,https://www.readawrite.com/a/Zhxq5y,อดีตที่จะเปลี่ยนอนาคต|emibonnie,morieikawaiidesu
r17819,https://www.readawrite.com/a/Zhxqn6,ไอเด็กใหม่ l emibonnie,รัก
r17822,https://www.readawrite.com/a/Zhxsjb,เป็นCEOได้ไงวะ|จูมาร์ค,now
r17827,https://www.readawrite.com/a/Zhxu34,"&sup2;คีย์เวิร์ดใจ๋ , emibonnie",นภาตุลย์
r17830,https://www.readawrite.com/a/Zhxwdx,พบเธอ | Emibonine,Emibonine
r17831,https://www.readawrite.com/a/Zhxwq9,คนโปรด|เอมี่บอนนี่,-_-
r17834,https://www.readawrite.com/a/Zhxxrn,ไอ้เบนซ์4/3เนี่ยนะ ; emibonnie,zztyy_mm2
r17855,https://www.readawrite.com/a/Zhy6u3,Game start &mdash; emibonnie,warden_
r17856,https://www.readawrite.com/a/Zhy6x0,ทำนายซ่อนรัก | Emibonnie,purplebluewhite
r17857,https://www.readawrite.com/a/Zhy79a,Alpha's Desire|Bonnieemi,Peejay
r17858,https://www.readawrite.com/a/Zhy7qn,เรื่องไรกูต้องยอม | เจมีไนน์โฟร์ท,sunflowerns
r17862,https://www.readawrite.com/a/Zhy7xl,ข้างเธอ | EmiBonnie,ตะวัน
r17867,https://www.readawrite.com/a/Zhy8up,ไอ้กวนตีน | PerthSanta,M.mami
r17878,https://www.readawrite.com/a/Zhycqw,สัญญาหน้าฝน ; emibonnie,งานไม่ทำนั่งแต่งฟิค
r17885,https://www.readawrite.com/a/Zhyeoh,เด็กเสี่ย|emibonie,ไก่มาได้มับกลับมาได้ไหม
r17895,https://www.readawrite.com/a/Zhyigi,break the rules &lsquo; emibonnie,jei w
r17896,https://www.readawrite.com/a/Zhyiur,กู ชอบ มึง /เอมี่บอนนี่,"..d^=b[,7"
r17903,https://www.readawrite.com/a/Zhylt2,pondrak | emibonnie,gorillaaa
r17905,https://www.readawrite.com/a/Zhylwu,จินอย่าดิ | emibonnie,แป๋วอย่าทิ้งพี่บี๋
r17911,https://www.readawrite.com/a/Zhynkc,เพิ้ดเจ้อ-emibonnie,คิด
r17916,https://www.readawrite.com/a/Zhyoiq,Kiss you|emibonnie,Sweet girl
r17919,https://www.readawrite.com/a/Zhypcj,ไม่ฝันร้ายนะ ; emibonnie,K.p_un
r17920,https://www.readawrite.com/a/Zhypjg,"Once l had you,but now l have no noe l emibonnie",miafu
r17921,https://www.readawrite.com/a/Zhyqpe,โปรเจคสยอง...ลองของปอบ |เอมี่บอนนี่,A.
r17923,https://www.readawrite.com/a/Zhyr9n,คู่กัด | emibonnie,คุกกี้แซ่บหลาย
r17929,https://www.readawrite.com/a/Zhysai,time|emibonnie,@trap!x
r17936,https://www.readawrite.com/a/Zhyw3j,เค้าขอโทษ |emibonnie,ไก่
r17939,https://www.readawrite.com/a/Zhywpn,fade ; emibonnie,embn
r17945,https://www.readawrite.com/a/Zi01fb,Pretty girl |bonnieemi,หมวยคนเสะ
r17949,https://www.readawrite.com/a/Zi02ia,Unleash -,bvnnie_n*3nene
r17951,https://www.readawrite.com/a/Zi03fm,งงอะดิ 4L| emibonnie,akira
r17961,https://www.readawrite.com/a/Zi06e2,deserve &lsquo; bonnieemi,Jinor2y
r17963,https://www.readawrite.com/a/Zi06m6,คุณนักศึกษา|เอมี่บอนนี่,สาววายไม่มีวันหยุด
r17966,https://www.readawrite.com/a/Zi06wi,沒有一起度過的日子。| emibonnie,𝚂𝚊𝚝𝚞𝚛𝚗🎸
r17986,https://www.readawrite.com/a/Zi0dnm,ต้นสนหลงฤดู {EmiBonnie},ATK
r17995,https://www.readawrite.com/a/Zi0h7d,แพ้ติ๋ม |Emibonnie|,เอนี่s
r17996,https://www.readawrite.com/a/Zi0h7i,เบียร์ไม่ชอบคุณเชลลี่|emibonnie,tipracha
r18014,https://www.readawrite.com/a/Zi0ohh,"Hello, puppy!| emibonnie",muyoung_:p
r18026,https://www.readawrite.com/a/Zi0t3s,Love in Heavenly| EmiBonnie,meloveu
r18029,https://www.readawrite.com/a/Zi0tfw,#เหนือภาพวาด| emibonnie,farenhi.
r18036,https://www.readawrite.com/a/Zi0up5,ร้านอาหารสื่อรัก |emibonnie|,Ginoo
r18037,https://www.readawrite.com/a/Zi0uqj,rrrr | #GMMTV,ImyourPollygone
r18045,https://www.readawrite.com/a/Zi0wy8,กูเลิกเป็นกระเทยได้ป่ะ|emibonnie,-mxnxx-
r18060,https://www.readawrite.com/a/Zi116u,เพื่อนกับแฟน | emibonnie,ปิปิมปั๊บ
r18064,https://www.readawrite.com/a/Zi134i,ความสัมพันธ์ระหว่างเราสอง(สาม)คน |emibonnie,pp
r18076,https://www.readawrite.com/a/Zi1688,แค่เรารักกัน | เอมี่บอนนี่,i love any🐰🦋
r18078,https://www.readawrite.com/a/Zi1776,ธารา,ข้าวเหนียวหมูปิ้ง
r18079,https://www.readawrite.com/a/Zi17k5,เด็กเสี่ย|เอินมาเบล,นอหอ💫
r18084,https://www.readawrite.com/a/Zi18av,จันทร์ลดา | emibonnie,willubinmineh
r18092,https://www.readawrite.com/a/Zi1bne,ถ้าเกิด|นัทตุ้ย,YOK&bull;🧀🍙
r18094,https://www.readawrite.com/a/Zi1clg,ข้อความที่ส่งไปไม่ถึง // เอมี่บอนนี่,Any&lt;3
r18100,https://www.readawrite.com/a/Zi1dov,firstmeena | emibonnie,gorillaaa
r18101,https://www.readawrite.com/a/Zi1e74,คุณแม่ไปไหน | emibonnie,หมาเด้นโดดเดี่ยว
r18104,https://www.readawrite.com/a/Zi1eu0,Never|emibonnie,Fang ky
r18112,https://www.readawrite.com/a/Zi1hl0,pudding time | emibonnie,ชลวาริน
r18117,https://www.readawrite.com/a/Zi1iwi,คณะรักศาสตร์,สายลมและดวงดาว
r18119,https://www.readawrite.com/a/Zi1k84,วิวาห์แห่งฝัน|emibonnie,ไหมพรม
r18122,https://www.readawrite.com/a/Zi1ms0,Still here | emibonnie,kaikaikab
r18138,https://www.readawrite.com/a/Zi1tio,* พิกัดตาย * emibonnie *,ก็เป็นคนนี้แหละ
r18140,https://www.readawrite.com/a/Zi1tmf,ก็แค่เด็กวิศวะป่ะ,ต้นสูง
r18143,https://www.readawrite.com/a/Zi1u4f,Please Forget Me Last | emibonnie,bitter sweet
r18151,https://www.readawrite.com/a/Zi1xwi,ติ๋มหมวย|emibonnie,Bunny&sup1;
r18153,https://www.readawrite.com/a/Zi1yeg,มดพจ | emibonnie,9dinine
r18154,https://www.readawrite.com/a/Zi1yjw,&sup3;friend status| emibonnie,myself
r18166,https://www.readawrite.com/a/Zi22og,"prachwarit , emibonnie",y3ntpdcc
r18168,https://www.readawrite.com/a/Zi24ci,กลิ่นธูปผูกวิญญาณ | emibonnie,Peejay
r18173,https://www.readawrite.com/a/Zi263q,ไม่ชอบ | emibonnie,Forever
r18177,https://www.readawrite.com/a/Zi276m,lnto Your Melody (emibonnie),ice_10.3
r18179,https://www.readawrite.com/a/Zi27hl,มีนพัทดิวะ|emibonnie,cyanmoon
r18182,https://www.readawrite.com/a/Zi27ts,เพื่อนในเกมออนไลน์ | emibonnie,l rak anyy
r18193,https://www.readawrite.com/a/Zi2ary,Clover | emibonnie,หมามุดเนย
r18198,https://www.readawrite.com/a/Zi2cei,คู่กัดประจำห้อง|emibonnie,ไม้จัน
r18204,https://www.readawrite.com/a/Zi2f4t,แค่ของเล่น|เอมี่บอนนี่,ภพรัก
r18207,https://www.readawrite.com/a/Zi2g11,กลไกลเกียร์ ; bonnieemi,เจ้าบุหลัน
r18213,https://www.readawrite.com/a/Zi2ior,ลูกกำนัน|emi Bonnie,Milkshake
r18214,https://www.readawrite.com/a/Zi2iu8,ก็คนมันรัก:เอมี่บอนนี่,ส.วที่จิงจายย
r18230,https://www.readawrite.com/a/Zi2nxn,"goodie mhai tee , bonnieemi",tembersib
r18238,https://www.readawrite.com/a/Zi2phd,Love me please.|emibonnie,ควันสีดำ.
r18242,https://www.readawrite.com/a/Zi2s98,ปลายสายรุ้ง | emibonnie,Drayvorn
r18247,https://www.readawrite.com/a/Zi2ufg,"Dindao , emibonnie",Frenchfries_919
r18251,https://www.readawrite.com/a/Zi2v5n,เตงห์ขาฟ์ห์ |เอมี่บอนนี่,Peejay
r18252,https://www.readawrite.com/a/Zi2vk6,นึกว่าจะกล้า/ฟอสบุ๊ค,"..d^=b[,7"
r18253,https://www.readawrite.com/a/Zi2vrm,ไอ่สัสติ๋ม|เอมี่บอนนี่,N.NAB
r18260,https://www.readawrite.com/a/Zi2yc0,"โต๋เต๋เจโป, eb+ml",layout4
r18262,https://www.readawrite.com/a/Zi303x,เกินเพื่อน |Emi Bonnie,หมาป่าคับ🐺
r18280,https://www.readawrite.com/a/Zi35op,Diplomat&rsquo;s Secret | emibonnie,พุธกลางคืน.
r18285,https://www.readawrite.com/a/Zi36bv,รักนี้ต้องพิชิตรุ่นน้อง!,emibonnie
r18286,https://www.readawrite.com/a/Zi36dy,&sup2;คินกลัวผี|emibonnie,ไอเลิฟสิงโต
r18287,https://www.readawrite.com/a/Zi36pp,ใต้เกล็ดนิล|emibonnie,nekimaru
r18288,https://www.readawrite.com/a/Zi370m,หมอนิรันดร์ |emibonnie,เจจิ
r18291,https://www.readawrite.com/a/Zi386k,Picture| emibonnie,Llaa_laze
r18295,https://www.readawrite.com/a/Zi39tf,ขอโทษ&hellip;,น้ำส้มทำไมขม
r18306,https://www.readawrite.com/a/Zi3buc,รักข้ามชนชั้น,Lala Ice
r18307,https://www.readawrite.com/a/Zi3c37,ขอบคุณวาฬ : emibonnie,กาลามะพร้าว
r18308,https://www.readawrite.com/a/Zi3c57,seen - SKYNANI,มุเด้ง
r18310,https://www.readawrite.com/a/Zi3co8,Out of Frame | emibonnie,แป๋วอย่าทิ้งพี่บี๋
r18311,https://www.readawrite.com/a/Zi3dsg,คนข้างๆ | AmyBonnie,ประกันภัย
r18323,https://www.readawrite.com/a/Zi3jet,เส้นผ่านทางกล่อง - emibonnie,ก็เป็นคนนี้แหละ
r18329,https://www.readawrite.com/a/Zi3kne,บุปผาปลอมเปลือก,ศิกมล
r18330,https://www.readawrite.com/a/Zi3l0d,ขอโทษ|emibonnie,ไก่ต้มน้ำปลา_
r18335,https://www.readawrite.com/a/Zi3m4i,Taiwan|emibonnie,dangerous9
r18340,https://www.readawrite.com/a/Zi3mgv,"บทเกล้ากวี , emibonnie",thaohu.jx
r18343,https://www.readawrite.com/a/Zi3nhh,ผมยอมครับคุณหนู|emibonnie/juniormark,ตัวบวมม
r18347,https://www.readawrite.com/a/Zi3oj7,เราแค่ส่งก๋วยเตี๋ยว | AmyBonnie,so sann
r18356,https://www.readawrite.com/a/Zi3raj,&times;ห้ามหมาเยี่ยว,ใจไม่ใช่โจ้ย
r18360,https://www.readawrite.com/a/Zi3sd6,รสชาติชีวิต/เอมี่บอนนี่,"..d^=b[,7"
r18362,https://www.readawrite.com/a/Zi3t62,บทเรียนที่ชื่อว่ารัก | emibonnie,คุกกี้แซ่บหลาย
r18375,https://www.readawrite.com/a/Zi40ac,ตกหลุมรักในมหาลัย|จิมมี่ซี,น้ำใจ
r18379,https://www.readawrite.com/a/Zi41c6,กีดกั้น |emibonnie,lee
r18381,https://www.readawrite.com/a/Zi42hd,หนึ่งในล้าน - emibonnie,ไอติม
r18391,https://www.readawrite.com/a/Zi45v1,cruel |  Emibonnie,นาวิน49
r18398,https://www.readawrite.com/a/Zi480s,ตามใจเธอ|emibonnie,รักคนเก่าที่สุดด❤
r18401,https://www.readawrite.com/a/Zi494d,"พี่ประธานนักเรียน - emibonnie , pondphuwin",มิสเตอวิชญ์
r18405,https://www.readawrite.com/a/Zi4ahi,"02:14 ,emibonnie",tanthaibaan
r18422,https://www.readawrite.com/a/Zi4hwe,หญิงสาวในภาพวาดฝัน,หมูปิ้งไม้ละ5บาท
r18424,https://www.readawrite.com/a/Zi4iec,แม่น้องพาฝัน | emibonnie,gg
r18439,https://www.readawrite.com/a/Zi4mn1,"Craving Slurpee ? , emibonni",zaiierr
r18443,https://www.readawrite.com/a/Zi4n6h,เบ๊บครับ &mdash; emibonnie,pauly
r18446,https://www.readawrite.com/a/Zi4nq7,opposite things | emibonnie,beebon
r18451,https://www.readawrite.com/a/Zi4qan,รุ่นพี่ของหน้าฝน|emibonnie,ไม้จัน
r18452,https://www.readawrite.com/a/Zi4qmi,ก้ำกึ่ง | emibonnie,tea&amp;cigarettes
r18458,https://www.readawrite.com/a/Zi4tfx,ซ่อนรักไว้หลังม่าน,kochakorn ♡
r18473,https://www.readawrite.com/a/Zi50to,ถ้าเราเรียกมันว่ารัก | emibonnie,ขอบฟ้า
r18495,https://www.readawrite.com/a/Zi59wj,hagao |emibonnie,pompenkai
r18507,https://www.readawrite.com/a/Zi5cl4,&sup1; น้ำเต้าหู้โซน |emibonnie,หมีเต๊ะเมะตี๋!!
r18511,https://www.readawrite.com/a/Zi5d4m,"real heartbreak , emibonnie",tanthaibaan
r18515,https://www.readawrite.com/a/Zi5er0,รอยสัก | emibonnie,gai tom
r18517,https://www.readawrite.com/a/Zi5ff1,"kluentalay , emibonnie",นภาตุลย์
r18521,https://www.readawrite.com/a/Zi5gpi,Just a toy&sup2;|EMIBONNIE,กวนตีนหยิก HEE
r18522,https://www.readawrite.com/a/Zi5h80,ซินไม่เอาบี๋|emibonnie,โอริโอ้ไม่ผัก
r18550,https://www.readawrite.com/a/Zi5rbb,"""อเมริกาโน่ไม่หวานเหมือนเคย""",ไอเลิฟมายจ๊อบบ💖
r18553,https://www.readawrite.com/a/Zi5t02,ลีนไม่ชอบเล้ง | emibonnie,lean
r18555,https://www.readawrite.com/a/Zi5ub8,พี่รหัสสาย01|emibonnie,9
r18560,https://www.readawrite.com/a/Zi5w90,You make my heart smile.|LOVEFILM,SM(2)
r18568,https://www.readawrite.com/a/Zi5xps,midori garden | Emibonnie,ระกินิกุ
r18571,https://www.readawrite.com/a/Zi5ya0,babysitter &mdash; emibonnie,ไก่วิ้งค์แซ่บ
r18574,https://www.readawrite.com/a/Zi60t6,สะใภ้แสนแสบ | thainex,peachery
r18576,https://www.readawrite.com/a/Zi6176,นับสิบถึงเดือนหนาว | emibonnie,หมีน้อยยามค่ำคืน
r18583,https://www.readawrite.com/a/Zi62cg,โรงเรียนฮ็อบ|Nathong and AmyBonnie,krittaya
r18586,https://www.readawrite.com/a/Zi62yk,Photographer | emibonnie,แม่เมะรักเคะแป๋ว
r18596,https://www.readawrite.com/a/Zi67lh,เค้ารักเธอ | EmiBonnie,ชินาม่อนน💗
r18599,https://www.readawrite.com/a/Zi67yi,พี่เทคแล้วไง| emibonnie,ชาดำหวานศูนย์
r18606,https://www.readawrite.com/a/Zi69xo,พี่รหัส | Emibonnie,กุว่าง
r18608,https://www.readawrite.com/a/Zi6ab6,ให้โอกาสหน่อยนะ|emibonnie,รักคนเก่าที่สุดด❤
r18611,https://www.readawrite.com/a/Zi6auk,NICOTINE |เอมี่บอนนี่,แม่หนูอยากเล่นฟีฟายย
r18616,https://www.readawrite.com/a/Zi6chj,รักสุดท้าย,pkkh
r18617,https://www.readawrite.com/a/Zi6cke,BAD Kram - emibonnie,โหม๋เด็ก
r18621,https://www.readawrite.com/a/Zi6e81,1 : เท่าไหร่? | emibonnie,violilov
r18622,https://www.readawrite.com/a/Zi6euj,เสี่ยว |Emibonnei,n' Any jingjing ja
r18630,https://www.readawrite.com/a/Zi6hwb,คุณก็แค่เมียน้อย//เอมี่บอนนี่,เลขาที่ชอบแย่งแฟนกับแฟนในจง่าย
r18631,https://www.readawrite.com/a/Zi6idh,สัญญาแห่งรัก|AmyBonnie,ซ่อนยิ้ม
r18652,https://www.readawrite.com/a/Zi6psb,"White Coat , Red Shop , emibonnie",zaiierr
r18653,https://www.readawrite.com/a/Zi6pxe,ต้าหมวย | emibonnie,butterbearluvu
r18665,https://www.readawrite.com/a/Zi6ujo,Je t&rsquo;aime,PS_07
r18668,https://www.readawrite.com/a/Zi6vcp,อุ๋งแม่บอกให้หาแฟน |emibonnie,Ist Me
r18673,https://www.readawrite.com/a/Zi7032,&ldquo;2 Years of Waiting  &rdquo;| emibonnine,เป๋าวุ่นจิ้น
r18676,https://www.readawrite.com/a/Zi71iy,ปากบอกไม่ชอบ - emibonnie,Banthita
r18677,https://www.readawrite.com/a/Zi71ow,เอาเถอะน้ำหนาว | emibonnie,ยุงบิน
r18679,https://www.readawrite.com/a/Zi72hx,แค่เด็กวัดธรรมดา ; emibonnie,แฟน gmm
r18698,https://www.readawrite.com/a/Zi78q2,พี่ติ๋มน้องตี๋,ชาเขียวหวานน้อยห์
r18703,https://www.readawrite.com/a/Zi79xt,ความลับใต้แสงดาว | EmiBonnie,rainynh
r18705,https://www.readawrite.com/a/Zi7b4j,&sup3;ภารกิจเปลี่ยนสเตรทให้เป็นเก|emibonnie,ไอเลิฟสิงโต
r18706,https://www.readawrite.com/a/Zi7b97,ตกหลุมรักอีกครั้ง /emibonnie,ตะวัน🌻🤍
r18709,https://www.readawrite.com/a/Zi7c15,10 Wishes|Emibonnie,กินชาไทยจนฟันเหลือง
r18720,https://www.readawrite.com/a/Zi7ekx,วิชา (แอบ) รักรุ่นพี่101(Emi bonnie),เอมี่ บอนนี่
r18725,https://www.readawrite.com/a/Zi7gp0,ยัยตัวร้าย|emibonnie,ไรท์เองครับบบบบ
r18728,https://www.readawrite.com/a/Zi7hoo,i p&rsquo;yee &amp; n&rsquo;gale &mdash; emibonnie,youre2fine
r18731,https://www.readawrite.com/a/Zi7i2v,รักวัยรุ่น|เอมี่บอนนี่,nrow nam
r18732,https://www.readawrite.com/a/Zi7iaj,Message from a Stranger |เอมี่บอนนี่,n_.dxcer.01
r18739,https://www.readawrite.com/a/Zi7l61,จินพาย l emibonnie,นกแว่น
r18752,https://www.readawrite.com/a/Zi7psw,อีMIT | emibonnie,หมี่ผัดสังขยา
r18760,https://www.readawrite.com/a/Zi7tqq,Friend(no)ship | emibonnie,Drayvorn
r18771,https://www.readawrite.com/a/Zi7x0g,"""เพื่อน""กับ""เพื่อน""|เอมี่บอนนี่",Airis airis
r18773,https://www.readawrite.com/a/Zi7xye,"Don&rsquo;t Know, Not Now",zeroed
r18774,https://www.readawrite.com/a/Zi7y98,second hand love - emibonnie,meejingjing
r18785,https://www.readawrite.com/a/Zi82tn,แอบรัก | emibonnie,I ann
r18786,https://www.readawrite.com/a/Zi839m,2041|Nuthong,m.Yukiiii
r18791,https://www.readawrite.com/a/Zi85rk,อยากโดนเป็นเจ้าของ|emibonnie,รักคนเก่าที่สุดด❤
r18795,https://www.readawrite.com/a/Zi878p,สวัสดีวันจันทร์ - Emibonnie,งานไม่ทำนั่งแต่งฟิค
r18797,https://www.readawrite.com/a/Zi8881,Bakithiwa | emibonnie,DA54
r18805,https://www.readawrite.com/a/Zi8a59,โชเอย ; emibonnie,แมวกินคุกกี้ใส่ช็อคแลต
r18808,https://www.readawrite.com/a/Zi8ae7,ปัดขวา | emibonnie,timezone
r18819,https://www.readawrite.com/a/Zi8e3x,ข้ามพบเข้ามาในนิยาย//ฟอสบุ๊ค,รัก GMM TV DMD ทุกชาติไป
r18827,https://www.readawrite.com/a/Zi8i9m,สารนิโคติน | bonnieemi,ต้ uดา ว
r18828,https://www.readawrite.com/a/Zi8ibj,Between Us | emibonnie,Is&rsquo;PorPiang
r18830,https://www.readawrite.com/a/Zi8jbg,one shot | EmiBonnie,มาทาทาบิ
r18831,https://www.readawrite.com/a/Zi8jiq,คนสวยใจร้ายจัง [เอมี่บอนนี่],เอมี่บอนนี่เริ่ด
r18833,https://www.readawrite.com/a/Zi8jli,พระแม่คับ|emibonnie,รักคนเก่าที่สุดด❤
r18836,https://www.readawrite.com/a/Zi8k1h,บันทึกของเด็กหญิงเอนี่ | ANY,มาทาทาบิ
r18839,https://www.readawrite.com/a/Zi8l1b,อาเหมย,touch66
r18842,https://www.readawrite.com/a/Zi8lln,EmiBonnie Fanart,มาทาทาบิ
r18850,https://www.readawrite.com/a/Zi8nb9,พบเจอ &sup1; | emibonnie,แม่เมะรักเคะตาแป๋ว
r18853,https://www.readawrite.com/a/Zi8nr3,"thuprak , emibonnie",bb_ou
r18854,https://www.readawrite.com/a/Zi8o0f,ดุจังนะ...พี่ประธาน|Nuthong,Aurahue
r18855,https://www.readawrite.com/a/Zi8o21,บี๋บอน,เอนี่ปิ้ง
r18861,https://www.readawrite.com/a/Zi8p40,โบตั๋น (牡丹) 一 emibonnie,z. roseanblu
r18863,https://www.readawrite.com/a/Zi8pfg,Stay | emibonnie,0nikiri 888
r18864,https://www.readawrite.com/a/Zi8q05,หลอกหรือรัก | nuthong,🤍🕸️Spider-Woman🕸️🕷️
r18879,https://www.readawrite.com/a/Zi8tdm,ท่วงทำนองของฉัน My Melody | emibonnie,Bluebellslove.
r18880,https://www.readawrite.com/a/Zi8tsi,"Muse , emibonnie",locker
r18882,https://www.readawrite.com/a/Zi8u2c,ดีดีหน่อย|emibonnie,รักคนเก่าที่สุดด❤
r18885,https://www.readawrite.com/a/Zi8ulr,"2ta lilan , emibonnie",kuntann.n
r18892,https://www.readawrite.com/a/Zi8xa6,dorm / jms jum fb,แพทริคเซีย
r18893,https://www.readawrite.com/a/Zi8xbp,เชี่ยบี๋ | emibonnie,อั้ยกาก
r18895,https://www.readawrite.com/a/Zi8xmt,จิรัญญ์สาม | emibonnie,nnn2.401
r18903,https://www.readawrite.com/a/Zi9122,รักเธอที่สุดในโลก| emibonnie,รักคนเก่าที่สุดด❤
r18904,https://www.readawrite.com/a/Zi91as,ไม่ชอบเบียว | emibonnie,akira
r18909,https://www.readawrite.com/a/Zi92f5,นิลพัทธ์ | Emibonnie,timezone
r18913,https://www.readawrite.com/a/Zi94io,karuntee | emibonnie,Marlionn
r18914,https://www.readawrite.com/a/Zi94w2,Thank you teacher - emibonnie,power
r18921,https://www.readawrite.com/a/Zi95lr,อย่าดื้อดิครับ|Williamest,Kitty and Cream
r18923,https://www.readawrite.com/a/Zi963l,คิมกับฟ้า|เพิธ์รแซนต้า,ieie
r18924,https://www.readawrite.com/a/Zi96av,อย่าถ่ายรูปฉันถ้าซาลาเปายังไม่ได้ซื้อ | emibonnie,Mr.sunsun
r18934,https://www.readawrite.com/a/Zi995x,&sup2; ฟากฟ้าเหนือฟูจิ |emibonnie,หมีเต๊ะเมะตี๋!!
r18936,https://www.readawrite.com/a/Zi9ac6,Ocean With FloWer (AmyBonnie),เราเป็นสาววาย
r18943,https://www.readawrite.com/a/Zi9bq4,ใจเย็นไอ้น้อง|EMIBONNIE,แต่งไปเรื่อย
r18944,https://www.readawrite.com/a/Zi9cbi,M&ugrave;Ping | emibonnie,หมามุดเนย
r18951,https://www.readawrite.com/a/Zi9e6d,เขาวานให้หนูเป็นพระเอกฟิค (bonnieemi),gain
r18954,https://www.readawrite.com/a/Zi9fck,ฤดูที่เราเจอกันอีกครั้ง | EmiBonnie,G.
r18956,https://www.readawrite.com/a/Zi9fo7,you my flashlight|emibonnie,อึ่งอ่าง มานั่งข้างโอ่ง
r18958,https://www.readawrite.com/a/Zi9gf2,คนโปรดของเหนือ | emibonnie,มะขามเปียก
r18960,https://www.readawrite.com/a/Zi9gjf,ไม่รักทำไมต้องหลอกกัน | EmiBonnie,อุอิอา
r18970,https://www.readawrite.com/a/Zi9jfl,Dangerous Woman &mdash; #ดจรวม (Kris x BaiPor),i3ananastory (fan fic)
r18981,https://www.readawrite.com/a/Zi9mxf,ฤดู ; emibonnie,choosetoshine
r18990,https://www.readawrite.com/a/Zi9ofq,ดอกไม้ในวันฝนตก| เอมี่บอนนี่,Ming jai
r19007,https://www.readawrite.com/a/Zi9re5,Unwritten | เอมี่บอนนี่,p
r19021,https://www.readawrite.com/a/Zi9uj9,ไอ้ติ๋มขี้งอนจังว่ะ|enibonnie,𐙚 ɴᴏᴇʏ 𐙚𓆝 𓆟𓆝
r19024,https://www.readawrite.com/a/Zi9vi7,Gilded Cage in London | เติ้ลเฟิร์สวัน,หิวตลอด
r19026,https://www.readawrite.com/a/Zi9wea,ทะเลไม่ใกล้เขา | emibonnie,bojogogo
r19036,https://www.readawrite.com/a/Zi9ym3,Java&rsquo;s plan|emibonnie,ไอติมรสชาไทย
r19042,https://www.readawrite.com/a/Zia1b9,V Nova | emibonnie,เพียรผลล
r19045,https://www.readawrite.com/a/Zia25s,ชาวเดอร์เกมเมอร์|emibonnie,ไอเลิฟสิงโต
r19055,https://www.readawrite.com/a/Zia5fm,user love //emibonnie//,NAi_HAIII
r19057,https://www.readawrite.com/a/Zia6hs,To me you are perfect|emibonnie,รักคนเก่าที่สุดด❤
r19066,https://www.readawrite.com/a/Ziaa9l,&sup1;KingGus | emibonnie,Drayvorn
r19071,https://www.readawrite.com/a/Ziabit,คืนนี้แค่คืนเดียว,รักเอมี่บอนนี่
r19076,https://www.readawrite.com/a/Ziacds,คลื่นทะเล#emibonnie,ไอไข่ต้ม
r19081,https://www.readawrite.com/a/Ziae6o,Just friend|Emibonnie,Ch_erzx
r19084,https://www.readawrite.com/a/Ziaels,จบแล้วเว้ย  แต่่ใจยังไม่จบเลยว่ะ - Williamest,ชิงหมาเกิดแล้ว
r19085,https://www.readawrite.com/a/Ziaem0,นับดาวเหนือน้ำผึ้ง,ชาบูเลิฟเว่อร์
r19086,https://www.readawrite.com/a/Ziaeos,กูขอโทษ|emibonni,เจ้าหญิงlnwza
r19092,https://www.readawrite.com/a/Ziafo3,รักที่เธอไม่อยู่,รักเอมี่บอนนี่
r19093,https://www.readawrite.com/a/Ziah87,"กูแพ้ตลอดใช่มั้ย , emibonnie",ไก่ทอดไหมฮะ
r19098,https://www.readawrite.com/a/Ziajgy,For you l sing | emibonnie,TaoThong
r19099,https://www.readawrite.com/a/Ziajva,รักนี้ที่บ้านนอก,รักเอมี่บอนนี่
r19121,https://www.readawrite.com/a/Ziaqws,8presso &mdash; emibonnie,cuzz
r19124,https://www.readawrite.com/a/Ziarhd,my tourne | emibonnie,gouug&oacute;uu
r19129,https://www.readawrite.com/a/Ziasog,wish - emibonnie,krajeabkheaw
r19137,https://www.readawrite.com/a/Ziaw22,Yardnam | emibonie,มัมหมีโก๊โกะ
r19140,https://www.readawrite.com/a/Ziax9s,จีบไม่จบ|อู๋บูม,Avachanom2
r19142,https://www.readawrite.com/a/Ziaxfu,เพียงสบตา | emibonnie,bbon
r19147,https://www.readawrite.com/a/Zib07e,ฟรังพี่เฌอ &ndash; bonnieemi,twentyfisrt
r19161,https://www.readawrite.com/a/Zib53n,ไอ่หม๋าดื้อ|emibonnie,ไรท์เตอร์
r19163,https://www.readawrite.com/a/Zib64i,ยอมเปลี่ยนแปลงทุกอย่างเพื่อเธอ||emibonnie,MP Mithsakhone mlv
r19166,https://www.readawrite.com/a/Zib6s4,มีแต่ลิฟต์|emibonnie,รักคนเก่าที่สุดด❤
r19168,https://www.readawrite.com/a/Zib80o,แก้เหงา | emibonnie,ก็เป็นคนนี้แหละ
r19177,https://www.readawrite.com/a/Zibbtd,มึงกับกู ถ้าไม่เป็นเพื่อนกันก็แต่งงานกันไปเลยมั้ย | jimmysea,สุนทรภู่ขี่เป็ด
r19188,https://www.readawrite.com/a/Zibev9,&sup1; รับจ้างเป็นแฟนครับ | emibonnie,Ist Me
r19192,https://www.readawrite.com/a/Zibgo9,football : emibonnie,แฟน gmm
r19202,https://www.readawrite.com/a/Zibj9l,รัก(ไม่เคย)มีค่า,ร.รักห่วยแตก
r19223,https://www.readawrite.com/a/Zibmni,พบรัก Lilac -emibonnie,สุดหล่อซอย5
r19228,https://www.readawrite.com/a/Zibo92,090232855 | เอมี่บอนนี่,ไอเลิฟไมจ๊อบ
r19231,https://www.readawrite.com/a/Zibotu,ถ้าเธอรักใครคนหนึ่ง | EmiBonnie,ชาไทยปั่น
r19232,https://www.readawrite.com/a/Zibp2c,เบล | emibonnie,zukzik
r19235,https://www.readawrite.com/a/Zibq91,top class | emibonnie,gg
r19237,https://www.readawrite.com/a/Zibqg1,into you-Emibonnie,I love bibon
r19247,https://www.readawrite.com/a/Zibu8k,sawgypso | emibonnie,willubinmineh
r19251,https://www.readawrite.com/a/Zibvn8,ปลายทางของความคิดถึง,ลิลลี่สีสด
r19254,https://www.readawrite.com/a/Zibwmn,ขอโทษคับ/emibonnie,น้องมะม่วงน่ารักที่สุดในโลกก ◌ิ◌ิ◌ิ
r19257,https://www.readawrite.com/a/Zibxdm,Strangers Again | Emibonnie,Nineteen_.
r19258,https://www.readawrite.com/a/Zibxgv,ซินต้า|emibonnie,ณรินทร์
r19269,https://www.readawrite.com/a/Zic1es,ไต๋ซู|emibonnie,พี่แมงกุ๊ดจี่
r19270,https://www.readawrite.com/a/Zic1pa,รักเก่า ที่จะลืม|เอมี่บอนนี่,muk67
r19279,https://www.readawrite.com/a/Zic5p5,รักครั้งนั้น..|เอมี่บอนนี่,โอริโอ้บูด
r19284,https://www.readawrite.com/a/Zic6x6,​Behind the Smile - emibonnie,qwerty.mnj
r19296,https://www.readawrite.com/a/Zic9xl,เปจ๋อ |emibonnie,nipponbluu
r19297,https://www.readawrite.com/a/Zicaam,เลี้ยงหมาด้วยหรอ?|emibonnie,king
r19298,https://www.readawrite.com/a/Zicadi,zetpat | falls,Qin
r19313,https://www.readawrite.com/a/Zicf1e,ต่างฝัน | Emibonnie,เนลกา
r19317,https://www.readawrite.com/a/Zicgf9,นครตัณหา(EmiBonnie),มิงหยี (Mingyi)
r19322,https://www.readawrite.com/a/Zichef,worry|emibonnie,king
r19324,https://www.readawrite.com/a/Zichva,phirarin ; emibonnie,ปาท๋องโก๋ปากซอย
r19332,https://www.readawrite.com/a/Zicmnb,Sometimes,who. me
r19344,https://www.readawrite.com/a/Zics8n,Krung Rome | EmiBonnie,หมีน้อยยามค่ำคืน
r19345,https://www.readawrite.com/a/Zics9n,Krung Seoul | EmiBonnie,หมีน้อยยามค่ำคืน
r19357,https://www.readawrite.com/a/Zicv7o,รัก(ชิบหาย) นายซึมเศร้า,ซำเหมี่ยวเมี๊ยวเมี๊ยว
r19358,https://www.readawrite.com/a/Zicvb4,ฉันคงไม่ดีเท่าคนที่เธอชอบ //เอมี่บอนนี่,กะเทยน้อยรักไทบ้าน
r19360,https://www.readawrite.com/a/Zicvfe,วิภาวดี|emibonnie,king
r19364,https://www.readawrite.com/a/Zicvt3,ปป. : emibonnie,mummy_57
r19368,https://www.readawrite.com/a/Zicwsu,Not loving,love Tim.
r19369,https://www.readawrite.com/a/Zicx0f,ของโปรดพีช| emibonnie,สิบศูนย์สี่
r19372,https://www.readawrite.com/a/Zicy1h,เพรชพิษ - emibonni,ท้ายหัวเกรียน
r19383,https://www.readawrite.com/a/Zid1i8,3 2 1 一 emibonnie,z. roseanblu
r19385,https://www.readawrite.com/a/Zid1lk,ไทบ้าน| emibonnie,แม่เมะรักเคะตาแป๋ว
r19398,https://www.readawrite.com/a/Zid5sp,หมูปิ้งซอยเก้า | emibonnie,Justonly1zen
r19405,https://www.readawrite.com/a/Zid894,หัวแก้วหัวแหวน | emibonnie,starryboo
r19408,https://www.readawrite.com/a/Zid9hf,คุณคือใครนาย179,เติมเกแต่ไม่กินขนุน
r19412,https://www.readawrite.com/a/Zidaye,สิ่งวิเศษ : emibonnie,ตูดหมู🐷🐷🐷
r19418,https://www.readawrite.com/a/Zidcin,เพื่อนข้างห้อง | เอมี่บอนนี่ | emibonnie,นะ
r19435,https://www.readawrite.com/a/Zidgnk,toolate | emibonnie,เด้กกระโปก
r19436,https://www.readawrite.com/a/Zidh96,บ่วงกรรม |EMI&bull;BONNIE,Iwarin✨
r19438,https://www.readawrite.com/a/Zidjjb,Sunshine|Emibonnie,Kk.
r19442,https://www.readawrite.com/a/Zidki9,real partner/emibonnie,ใส่น้ำตาล
r19443,https://www.readawrite.com/a/Zidkr1,"phep, 407 - emibonnie",y3ntpdcc
r19447,https://www.readawrite.com/a/Zidmcf,อีกครั้ง|emibonnie,ตะวัน🌻🤍
r19463,https://www.readawrite.com/a/Zidr33,รักหวานแอ็บเหวี่ยง,gmmtv&amp;dmdtv
r19473,https://www.readawrite.com/a/Zidtxt,hileo |emibonnie,king
r19476,https://www.readawrite.com/a/Zidv30,พบเจอ &sup2; | emibonnie,แม่เมะรักเคะตาแป๋ว
r19477,https://www.readawrite.com/a/Zidvfv,น็อคติส สายสืบเงามืด,อารุรุ🖤✨
r19478,https://www.readawrite.com/a/Zidvlq,ถ้าพี่สวยหนูจะน่ารัก:) [เอมี่บอนนี่],ไรท์เตอร์จิ๋วแต่แจ๋ว
r19479,https://www.readawrite.com/a/Zidvm1,HerMiss : emibonnie,EKA☄️🌍
r19485,https://www.readawrite.com/a/Zidwjl,หวนคืน|emibonnie,แจนนี่
r19486,https://www.readawrite.com/a/Zidwyu,ถูกสุดละ | emibonnie,ต๊ะตุงห์ตวงร์ห์
r19487,https://www.readawrite.com/a/Zidx2i,timeprime - emibonnie,35&deg;
r19490,https://www.readawrite.com/a/Zidxoq,Breaking News: I Love You &mdash; ข่าวด่วน: ฉันรักเธอ,พอโจ้ย
r19491,https://www.readawrite.com/a/Zidxuc,Is it true?  | emibonnie,bayooaoao
r19495,https://www.readawrite.com/a/Zidyqu,แฟนเก่า24.h|เอมี่บอนนี่,-_-
r19498,https://www.readawrite.com/a/Zie013,มูยังไงให้ชนะเธอ | emibonnie,rubynarak3:
r19507,https://www.readawrite.com/a/Zie1c4,FR13ND 2ON3,Qin
r19529,https://www.readawrite.com/a/Zie8ea,จินโซ่ | emibonnie,เชวด้อน
r19532,https://www.readawrite.com/a/Zie93f,ลุงอย่างอน #EmiBonnie,ตะวันสีชมพู
r19534,https://www.readawrite.com/a/Zie9jm,ใจให้ไป|GMM Girl,1988L
r19549,https://www.readawrite.com/a/Zied4x,แค่เพื่อน?|jumark&amp;emibonnie,jajupopkronji
r19551,https://www.readawrite.com/a/Ziedd5,Fall | Emibonnie,?
r19552,https://www.readawrite.com/a/Ziedo5,Let's leave it for now |EmiBonnie,นิสัยมึงหัดเปลี่ยนสะบ้าง
r19555,https://www.readawrite.com/a/Ziee9w,Love blooming |Emibonnie,loveyoukubauan
r19558,https://www.readawrite.com/a/Zief5d,สุดขอบฟ้า &mdash; emibonnie,skyline '
r19564,https://www.readawrite.com/a/Zieftg,BEAUTIFUL | EMIBONNIE,ZIC_CY
r19565,https://www.readawrite.com/a/Ziefxk,เพื่อนเล่นไม่เล่นเพื่อน|เอมี่บอนนี่,-_-
r19567,https://www.readawrite.com/a/Zieg2g,barcode | emibonnie,peePok.
r19568,https://www.readawrite.com/a/Ziegg7,FFour - emibonnie,kimkean
r19570,https://www.readawrite.com/a/Ziegnr,My first love รักแรกที่ฉันตามหา,ไม่รู้ๆอิๆ
r19586,https://www.readawrite.com/a/Zielom,&sup1;later u|emibonnie,คนหล่อ บิ้ระเบิด
r19587,https://www.readawrite.com/a/Ziemsi,ปิ่นโตไม่ผัก | emibonnie,CapCake
r19595,https://www.readawrite.com/a/Ziepj1,ติ๋มก็มีหัวใจนะครับ-emibonnie,Wissuta _345
r19599,https://www.readawrite.com/a/Zieqsb,SeagramSia|namtanflim,nekimaru
r19603,https://www.readawrite.com/a/Zier7b,The Betrothed Heir ; geminifourth,blackcatinahouse
r19611,https://www.readawrite.com/a/Zieuq1,ถ้าเราเจอกันอีก|emibonnie,bee
r19642,https://www.readawrite.com/a/Zif51b,a brush with you - emibonnie,เวหาส
r19651,https://www.readawrite.com/a/Zif793,รักทนาย|เอมี่บอนนี่,A
r19653,https://www.readawrite.com/a/Zif7kr,ใครเพื่อนแกวะ|emibonnie,รักเคะ
r19656,https://www.readawrite.com/a/Zif85h,"ทริปอีสานใต้   , emibonnie",bencasicxx
r19661,https://www.readawrite.com/a/Zif9tm,ยังรัก | emibonnie,akira
r19662,https://www.readawrite.com/a/Zifa6l,xiăobăob&egrave;i | emibonnie,ispendtimewithu
r19665,https://www.readawrite.com/a/Zifb0c,Prommin &mdash; emibonnie,เpเp้o
r19666,https://www.readawrite.com/a/Zifb4d,The Heartbeat of Forensics| emibonnie,สิบศูนย์สี่
r19667,https://www.readawrite.com/a/Zifbhs,รักในวัยเรียน//เอมี่บอนนี่,toon_zaill
r19668,https://www.readawrite.com/a/Zifbin,ปอนด์พุพุเอมี่บอนนี่,P
r19669,https://www.readawrite.com/a/Zifble,ลีเจ้นซ์พาซ่า|emibonnie,nerdlnwza
r19673,https://www.readawrite.com/a/Zifcxj,ราตรีนิรันดร์  | emibonnie,Hiisumi
r19683,https://www.readawrite.com/a/Ziffb4,ฉันจำได้ว่าเธอจากไปแล้ว,สายลมและดวงดาว
r19694,https://www.readawrite.com/a/Zifia1,อย่าบอกใคร? &mdash; gmmtv (not all),แมวออสซี่
r19696,https://www.readawrite.com/a/Zifijl,คุณผีปลายเตียง|เอมี่บอนนี่,นักเขียนที่เบียว
r19699,https://www.readawrite.com/a/Zifire,หมอกหนาว | emibonnie,𝚂𝚊𝚝𝚞𝚛𝚗🎸
r19701,https://www.readawrite.com/a/Zifjb4,แสงจ้าวันนี้กับเธอคนนั้น,รักพุพุ💓💗
r19703,https://www.readawrite.com/a/Zifk44,Parallel|เอมี่บอนนี่,婉琳หว่านหลิน
r19704,https://www.readawrite.com/a/Zifk7s,อ้วน-emibonnie,I love bibon
r19706,https://www.readawrite.com/a/Zifld5,ข้างกายมีเธอ|Emibonnie,Avachanom2
r19711,https://www.readawrite.com/a/Zifmdo,Daddy | emibonnie,anaenii
r19712,https://www.readawrite.com/a/Zifmvf,ขอรักฟรีนนะ|เอมี่บอนนี่,ไรท์คนสวยฮ้าบบบ
r19713,https://www.readawrite.com/a/Zifn3f,I love you &mdash; emibonnie,ต้มยำกุ้ง
r19718,https://www.readawrite.com/a/Zifofp,friend zone|emibonnie,แนวน้อยสื่อรัก
r19727,https://www.readawrite.com/a/Zifpyw,"&sup1;คนเหนือนี่มันใจร้ายเนาะ "" emibonnie",ก็เป็นคนนี้แหละ
r19757,https://www.readawrite.com/a/Zifyvc,เจ็บตัวไม่ว่าพี่ไม่รักพอเลย,คิชิโนวา
r19762,https://www.readawrite.com/a/Zig0i7,ฝันของฉันและเธอ|emibonnie,boisme💘
r19763,https://www.readawrite.com/a/Zig0wh,SWAGGER &mdash; emibonnie,yoswallenom .
r19771,https://www.readawrite.com/a/Zig2kp,รักโดยบังเอิญ|emibonnie,ไรท์ไปเรื่อย
r19772,https://www.readawrite.com/a/Zig35n,ใครแพ้เป็นหมา | emibonnie,บี๋บอน #gmm
r19782,https://www.readawrite.com/a/Zig6ev,Rosabel   emibonnie,สิบศูนย์สี่
r19784,https://www.readawrite.com/a/Zig6i7,แสงเหนือ ; nathong,B_Gerbera
r19790,https://www.readawrite.com/a/Zig77n,ดาวค้างฟ้า | emibonnie,What does 사랑 mean?
r19801,https://www.readawrite.com/a/Zigawd,"piangfah, emibonnie",meaowli
r19802,https://www.readawrite.com/a/Zigb1p,เพื่อนเล่นไม่เล่นเพื่อน,ชอบตี๋ป๋อ
r19814,https://www.readawrite.com/a/Zigec0,จำเลยรัก |เอมี่บอนนี่,รักเอมี่บอนนี่
r19816,https://www.readawrite.com/a/Zigf41,เราไม่ถูกกับคนเบียว | EMIBONNIE,ZIC_CY
r19819,https://www.readawrite.com/a/Zigfcs,十九 |emibonnie,peePok.
r19823,https://www.readawrite.com/a/Zigg2h,stay | emibonnie,rakterkubb
r19824,https://www.readawrite.com/a/Ziggfd,เพียงชั่วครู่ | EmiBonnie,m่อn
r19830,https://www.readawrite.com/a/Zigk94,อาถรรพ์บ้านไอ้จิน|Jasp.er,เด็กวิทย์ติด msg
r19838,https://www.readawrite.com/a/Zigmyk,?_*|เอมี่บอนนี่,??
r19839,https://www.readawrite.com/a/Zign9k,คนละคน|emibonnie,ฮุฮิคิคิ
r19840,https://www.readawrite.com/a/Zigoc8,แค่เพื่อนครับ | emibonnie,เพียรผลล
r19842,https://www.readawrite.com/a/Zigoo8,ชาไทยหวานน้อย|emibonnie,แม่หนูอยากเล่นฟีฟายย
r19844,https://www.readawrite.com/a/Zigp0w,friend ship ^w^,April ^w^
r19845,https://www.readawrite.com/a/Zigp2v,We're married now|emibonnie,Ananporn
r19846,https://www.readawrite.com/a/Zigpc4,&sup2; ม่านหมอกเข็มทิศ | emibonnie,Ist Me
r19865,https://www.readawrite.com/a/Zigu87,i hate my wife. - emibonnie,blacksmoker
r19866,https://www.readawrite.com/a/Zigutc,catch me if you can &mdash; emibonnie,beeny
r19867,https://www.readawrite.com/a/Zigvtn,волна|DewTee,คนอ่านฟิคสวยมั้กๆ
r19870,https://www.readawrite.com/a/Zigxbi,Hidden love (emibonnie),fenlo
r19874,https://www.readawrite.com/a/Zigyo0,เปิ้นฮักตั๋วเน้อ,🌻
r19883,https://www.readawrite.com/a/Zih2vr,NM|Perth Santa,帕提亞
r19886,https://www.readawrite.com/a/Zih37u,อั่งเปาหมวย|emibonnie,ไข่เจียว
r19891,https://www.readawrite.com/a/Zih3uj,ข้างกัน | EmiBonnie,มาทาทาบิ
r19893,https://www.readawrite.com/a/Zih4dm,ฤดูที่มีเธอ-emibonnie,แมวร้องหิว
r19894,https://www.readawrite.com/a/Zih4n3,scar | emibonnie,pan_yimxx13
r19896,https://www.readawrite.com/a/Zih5id,เหมือนวิวาห์&sup1;|emibonnie,กระหังยิงหัว
r19903,https://www.readawrite.com/a/Zih6kv,ใครเรียกว่ะ! /emibonnie,บี๋บอน #gmm
r19911,https://www.readawrite.com/a/Zih8dw,ร้อยคนทักผมแพ้คนเก่า | EMIBONNIE,จุบุจุบุงับ39374677
r19915,https://www.readawrite.com/a/Zih95n,อิทธิพลของใจ | emibonnie,กระโดดจับกบ
r19916,https://www.readawrite.com/a/Zih97u,3D2N - emibonnie,น้ำแดงนมสด
r19918,https://www.readawrite.com/a/Ziha8g,รักนิรันดร์ | เอมี่บอนนี่,ดาวนับล้านบนฟ้า
r19920,https://www.readawrite.com/a/Zihaij,Bike | emibonnie,rinnn_n
r19930,https://www.readawrite.com/a/Zihd9b,สุดที่รัก|emibonnie,Thai Nex
r19931,https://www.readawrite.com/a/Zihdk7,FIRST:ปฐมธาร,PARK_ZY
r19934,https://www.readawrite.com/a/Ziheqb,SUNPHUENDIN  |Emibonnie,ZIC_CY
r19948,https://www.readawrite.com/a/Zihih9,ธารารัตน์|emibonnie,SaeHolly
r19950,https://www.readawrite.com/a/Zihjf3,แฟนนเก่าคนโปรด,หัวจ่ายฟิคเศร้า
r19955,https://www.readawrite.com/a/Zihk3h,"愛 , emibonnie [Mpreg]",樊长宁
r19957,https://www.readawrite.com/a/Zihk6x,พี่ชอบน้อง | Emibonnie,พายมึงต้อ😍
r19959,https://www.readawrite.com/a/Zihl45,lily|emibonnie,NeWvyeiei
r19962,https://www.readawrite.com/a/Zihm1o,Bake Your Heart อบรักให้ละลาย,Lovers
r19969,https://www.readawrite.com/a/Zihort,FWB|emibonnie,the sunflower of sunshine
r19976,https://www.readawrite.com/a/Zihrty,ทุนการศึกษาจากวิศวะ | Perthsanta,ตึกอโศก
r19981,https://www.readawrite.com/a/Zihtjg,รักแท้,สาววาย หลายด้อม
r19982,https://www.readawrite.com/a/Zihtti,Hi |emibonnie,บี๋บอน #gmm
r19985,https://www.readawrite.com/a/Zihu1s,เมนูวันนี้ | emibonnie,ชีวัน
r20007,https://www.readawrite.com/a/Zihyr2,Hidden Between the Lines | emibonnie,Moondream_.
r20012,https://www.readawrite.com/a/Zii10u,ข้างหลังพา (emibonnie),anyany
r20023,https://www.readawrite.com/a/Zii33a,One Last Day - bonnieemi,สไปเดอร์มี่😝
r20026,https://www.readawrite.com/a/Zii3xh,มันดีจริงๆใช่มั้ย,?????
r20027,https://www.readawrite.com/a/Zii3yj,Princess treatment |emibonnie,$aMa
r20031,https://www.readawrite.com/a/Zii5c0,"Distance, emibonnie",tanthaibaan
r20037,https://www.readawrite.com/a/Zii6nc,67% | EMIBONNIE,ไข่ขี้เก๊ก😵&zwj;💫
r20040,https://www.readawrite.com/a/Zii7uh,our kita our zepto | emibonnie,starryboo
r20045,https://www.readawrite.com/a/Zii948,"Parting , emibonnie","""pnp"""
r20050,https://www.readawrite.com/a/Zii9lh,พบรักนักสืบ|emibonnie,T
r20051,https://www.readawrite.com/a/Zii9sq,ข้างห้อง | emibonnie,m่อn
r20068,https://www.readawrite.com/a/Ziicae,มันแค่ฝัน|emibonnie,king
r20071,https://www.readawrite.com/a/Ziidk0,Falling for a Tiger,babebie
r20074,https://www.readawrite.com/a/Ziieb0,ไร่ภูวดล | nuthong (Mpreg),The night moon🌙⭐️
r20081,https://www.readawrite.com/a/Ziigsf,เพราะวันนั้น|emibonnie,betweenstars
r20082,https://www.readawrite.com/a/Ziihae,เป็นแม่ให้หนูได้ไหม l EmiBonnie,ลุงอี๊ฟซ์
r20083,https://www.readawrite.com/a/Ziihkt,กันหนาว | emibonnie,peePok.
r20085,https://www.readawrite.com/a/Ziiipa,อย่าเบียวดิ้ \ emibonnie,บี๋บอน #gmm
r20092,https://www.readawrite.com/a/Ziikq9,มากกว่าคำว่าลูกหนี้ |nuthong,Phraeเอง
r20095,https://www.readawrite.com/a/Ziil70,5ปีที่แล้ว|PondPhuwin,เกย์
r20110,https://www.readawrite.com/a/Ziinyy,รักผิดจังหวะ|emibonnie,Zicc_.y
r20113,https://www.readawrite.com/a/Ziiocx,อัลฟ่าหมาป่าเผ่าโบราณ | emibonnie,มุแมวคลั่งรัก
r20121,https://www.readawrite.com/a/Ziiq55,ฟีฟายเลิฟเวอร์|emibonnie,bebby.aun
r20130,https://www.readawrite.com/a/Ziisvj,&sup2; ล้มแชมป์ | emibonnie,Forever
r20131,https://www.readawrite.com/a/Ziit8k,"bff | emibonnie , pondphuwin",Thasorn-luv
r20133,https://www.readawrite.com/a/Ziitfp,ข้างห้อง : ฟอสบุ๊ค,ตูดหมู🐷🐷🐷
r20136,https://www.readawrite.com/a/Ziitrt,my nicotine | emibonnie,แมวบ้อกๆ
r20137,https://www.readawrite.com/a/Ziiu5h,อุ่นเหนือ emibonnie,สิบศูนย์สี่
r20140,https://www.readawrite.com/a/Ziiunf,"dellin , emibonnie",tarpin
r20141,https://www.readawrite.com/a/Ziive3,คุณคริส|Emibonnie,Par_wa.a
r20143,https://www.readawrite.com/a/Ziivwf,ดาวดวงเดิม,Love in a Mist
r20157,https://www.readawrite.com/a/Ziiyxl,"newyearmaysa  , emibonnie",tarpin
r20158,https://www.readawrite.com/a/Zij0ao,No Rules For Loves|EMIBONNIE,"d^=b[,7"
r20161,https://www.readawrite.com/a/Zij1st,นี่เทอทำอะไร|emibonnie,ผู้หญิงนักเขียนที่ชอบหมูปิ้งอิอิ😔👌
r20163,https://www.readawrite.com/a/Zij2r8,๒๓๙๔ ; skynani,seanwingscale 🪽
r20164,https://www.readawrite.com/a/Zij342,เถื่อน|emibonnie,ไรท์เอง
r20166,https://www.readawrite.com/a/Zij37o,"fan day , emibonnie",27
r20170,https://www.readawrite.com/a/Zij3wk,เป่าเป้ย| emibonnie,แม่เมะรักเคะตาแป๋ว
r20180,https://www.readawrite.com/a/Zij747,แค่แกล้งให้รัก|emibonnie,ขิงขิงซาร์ฮัวร์
r20181,https://www.readawrite.com/a/Zij7i8,ดอกพิกุล | เอมี่บอนนี่,soqe
r20182,https://www.readawrite.com/a/Zij8g2,พี่อย่าใจร้ายได้มั้ย|เอมี่บอนนี่,ไข่🥚
r20192,https://www.readawrite.com/a/Zija16,อาจารย์คะ | emibonnie,มุแมวคลั่งรัก
r20195,https://www.readawrite.com/a/Zijab3,แค่(พี่น้อง)จริงหรอ|เอมี่บอนนี่,หวานไม่ชอบ ชอบขมๆ
r20203,https://www.readawrite.com/a/Zijcc6,The next room|emibonnie,Juu.u
r20209,https://www.readawrite.com/a/Zijd82,miss you | emibonnie,เพียรผลล
r20211,https://www.readawrite.com/a/Zijded,dara ; emibonnie,༺☆korya☆༻
r20214,https://www.readawrite.com/a/Zijedt,Infidelity|emibonnie,ฮุฮิคิคิ
r20239,https://www.readawrite.com/a/Zijjif,จ๋ายเพี้ยน &mdash; emibonnie,นภาตุลย์
r20240,https://www.readawrite.com/a/Zijjuo,ห้อง 305 | emibonnie,emibonnie//
r20243,https://www.readawrite.com/a/Zijk95,ม่านหมอก|emibonnie,รักถั่วติม
r20245,https://www.readawrite.com/a/Zijknn,Cigarette | emibonnie,หมามุดเนย
r20249,https://www.readawrite.com/a/Zijlql,"It's okay, maybe | EmiBonnie",แบร่ !
r20250,https://www.readawrite.com/a/Zijlqn,Dangerous! - emibonnie,-ruk bebon-
r20263,https://www.readawrite.com/a/Zijrjt,Jsut Not Yet | emibonnie,0nikiri 888
r20268,https://www.readawrite.com/a/Zijsen,งั้นรักละ |EMIBONNIE,Shining Star
r20270,https://www.readawrite.com/a/Zijt0o,แก้งนางฟ้า|bonnieemi,น้องจริงจริง  สุดหน้ารัก
r20271,https://www.readawrite.com/a/Zijt2b,RL|emibonnie,ส้มตำพิเศษใส่ใจ
r20274,https://www.readawrite.com/a/Zijtxn,บทกวีสีเลือด | emibonnie,pzxq
r20278,https://www.readawrite.com/a/Zijv4w,เธอใช่คนเดิมรึป่าว | emibonnie,NT. 67
r20279,https://www.readawrite.com/a/Zijvht,เธอเค้าอ้อนหน่อย |emibonnie,เตยเต้ยย
r20280,https://www.readawrite.com/a/Zijvqp,I Wanna love ; Theewave,unwa.s
r20282,https://www.readawrite.com/a/Zijvvc,ROUTE 522 | emibonnie,Chichimon
r20285,https://www.readawrite.com/a/Zijwrk,เราผิดหรอเธอ|bonnieemi,ple&gt;&lt;
r20298,https://www.readawrite.com/a/Zik0f3,Neighborly Love | EmiBonnie,Charon.b
r20299,https://www.readawrite.com/a/Zik0lh,Back to You | กลับมาหาเธอ (emibonnie),i gus eiei
r20303,https://www.readawrite.com/a/Zik162,ไต้ฝุ่นใต้ดิน| EMIBONNIE,Meowemi
r20309,https://www.readawrite.com/a/Zik36b,Melodic Silhouette l emibonnie,FERVY
r20314,https://www.readawrite.com/a/Zik51c,825 | EmiBonnie,เOuี่nอ๑
r20317,https://www.readawrite.com/a/Zik6br,หวานนะมดขึ้น,Ivo.iaun
r20327,https://www.readawrite.com/a/Zikaad,รวมเรื่องสั้น ญญ PWP | yuri,มุแมวคลั่งรัก
r20331,https://www.readawrite.com/a/Zikap6,เรื่องมาก|emibonnie,king
r20333,https://www.readawrite.com/a/Zikayu,i want you - emibonnie,ก็เป็นคนนี้แหละ
r20334,https://www.readawrite.com/a/Zikbbm,แว่นของมาเฟียเว้ย | Emibonnie.,m่อn
r20339,https://www.readawrite.com/a/Zikcvb,คุณนางแบบสุดที่รัก | Emi &amp; Bonnie,ปริศนา
r20343,https://www.readawrite.com/a/Zike02,"เต๋อเหนิงเหนิง , emibonnie","""pnp"""
r20346,https://www.readawrite.com/a/Zike6v,No right to choose|emibonnie,ไรท์เองจ้ะ
r20348,https://www.readawrite.com/a/Zikegv,Just you อังควิภา |pondphuwin,แกงฟัคทอง
r20353,https://www.readawrite.com/a/Zikf67,ไผว่ะ | emibonnie,บี๋บอน #gmm
r20357,https://www.readawrite.com/a/Zikgx3,ความรักที่บังเอิญ|เอมมี่บอนนี่,คนเบียวๆๆๆๆๆ
r20358,https://www.readawrite.com/a/Zikh4g,สาวเทคนิคผมไม่หยิกแต่ตาแป๋ว ; emibonnie,dtim eiei
r20360,https://www.readawrite.com/a/Zikhcw,คดีที่ไม่มีคำตอบ|emibonnie,Season For You
r20361,https://www.readawrite.com/a/Ziki63,marchsis | emibonnie,cuzz
r20369,https://www.readawrite.com/a/Zikjuc,Tim for changes,Free_Ly
r20374,https://www.readawrite.com/a/Zikl6v,Coffee and Chaos (กาแฟกับความวุ่นวาย) | emibonnie,_aph!nzen
r20386,https://www.readawrite.com/a/Ziko6y,แอคหลุมในตำนาน | emibonnie,ท่าเต้นสุดเฟี้ยว
r20394,https://www.readawrite.com/a/Ziks0x,เด็กใหม่ชนะใจเธอ|emibonnie,bee
r20405,https://www.readawrite.com/a/Ziktp7,จีบใหม่ | emibonnie,jomind127
r20406,https://www.readawrite.com/a/Ziku3x,Japan Gale|emibonnie,nerdlnwza
r20407,https://www.readawrite.com/a/Zikuiw,ชาติที่แล้ว|emibonnie,ข้าวจ้าว🐷
r20408,https://www.readawrite.com/a/Zikuli,ศัตรูสู่คู่รัก|EMIBONY,สระอี้ ้ ้
r20409,https://www.readawrite.com/a/Zikv1q,เกมรักเกมการ์ด | Emibonnie,ไข่ต้มมมมมมม
r20412,https://www.readawrite.com/a/Zikvir,. - emibonnie,.
r20415,https://www.readawrite.com/a/Zikw8t,ผิดเองที่ไม่รักเธอ |เอมี่บอนนี่,รักเอมี่บอนนี่
r20419,https://www.readawrite.com/a/Zikxo3,ระยะห่างระว่างเรา | EmiBonnie,ยืนงงในดงหญ้า?
r20422,https://www.readawrite.com/a/Zikycv,เพื่อคนที่รัก/เอมี่บอนนี่,คนเบียวที่จะริงใจ
r20425,https://www.readawrite.com/a/Zil02g,รับจ้างจีบแทน  |emibonnie,MyLoVeAnDsUnShInE
r20432,https://www.readawrite.com/a/Zil1o8,จี้จุดตรงใจ|emibonnie,คุณพลอย
r20433,https://www.readawrite.com/a/Zil1og,The angel in you | emibonnie,Marlionn
r20434,https://www.readawrite.com/a/Zil1qc,คนโปรดในแชท | เอมี่บอนนี่,ออ มอ กอ.
r20435,https://www.readawrite.com/a/Zil1un,ตะวันพราวเเสง|emibonnie,ไอ้โจ๋พ่อเลี้ยงเดี่ยว
r20445,https://www.readawrite.com/a/Zil4ds,Gone |emibonnie,???
r20447,https://www.readawrite.com/a/Zil56h,อย่างนี้ยังว่าเรียกพี่น้องอยู่ไหม,Sigma girl 67
r20449,https://www.readawrite.com/a/Zil5j2,123&hellip;| seaKeen,เขี้ยวหมาก🤬
r20450,https://www.readawrite.com/a/Zil5qu,25&rsquo;s bar ( emibonnie ),nani
r20451,https://www.readawrite.com/a/Zil62d,Reunion| Emibonnie,Fanii_x
r20452,https://www.readawrite.com/a/Zil6a0,punch! club | emibonnie,violilov
r20454,https://www.readawrite.com/a/Zil6di,เทออย่าบ๊อง |EMIBONNIE,momizliza
r20456,https://www.readawrite.com/a/Zil747,ช่างภาพคนโปรด..|emibonnie,โอริโอ้บูด
r20465,https://www.readawrite.com/a/Zil8av,ทิวลิปพั้น |EMIBONNIE,67
r20466,https://www.readawrite.com/a/Zil8kh,กลองไฟฟ้า|emibonnie,tipracha
r20468,https://www.readawrite.com/a/Zil94a,บ้านปลายหมอก | emibonnie,Mr.sunsun
r20470,https://www.readawrite.com/a/Zil97i,ใจภักดิ์รักเอย | emibonnie,เอนี่ย่าง
r20474,https://www.readawrite.com/a/Zil9us,play list,สิบศูนย์สี่
r20485,https://www.readawrite.com/a/Zilbh7,รหัสรัก,kitathara
r20491,https://www.readawrite.com/a/Zilchb,ordinary normal - emibonnie,lune.e*b
r20496,https://www.readawrite.com/a/Zile3j,cigarettes,Qin
r20499,https://www.readawrite.com/a/Zilffo,TOP SPEED | emibonnie,pzxq
r20501,https://www.readawrite.com/a/Zilfkr,รอเวลา,ข้าวเหนียวหมูปิ้ง
r20502,https://www.readawrite.com/a/Zilgac,คนของอาเซนี่||วิลเลี่ยมเอส,รักนิยายยย
r20505,https://www.readawrite.com/a/Zilgum,My only EX l Emibonnie,FERVY
r20524,https://www.readawrite.com/a/Zilkbt,เธอคือทุกอย่างที่ฉันฝันไว้|เอมี่บอนนี่,ราชาเหมียวพร้อมเลียวผิดซอย
r20526,https://www.readawrite.com/a/Zilkuv,รินรดา | emibonnie,mo ew meow
r20527,https://www.readawrite.com/a/Zilkv7,&sup1; คุณรักบี๋ | emibonnie,tonkun
r20531,https://www.readawrite.com/a/Zilm3j,nextto402 | emibonnie,gg
r20535,https://www.readawrite.com/a/Zilmk2,พัดชา | emibonnie,jkchi
r20541,https://www.readawrite.com/a/Zilnyq,เจ๋งเป้ง | emibonnie,apple whitedog
r20542,https://www.readawrite.com/a/Ziloa6,พี่รักหนู |Emibonnie,กุคิดถึงวินนี่สตางค์
r20551,https://www.readawrite.com/a/Zilpsf,กลิ่นพิกุลซ่อนรัก | EMBN BNEM,Verse&rsquo;s
r20552,https://www.readawrite.com/a/Zilq01,My dear,ไข่เจียวว🎀
r20554,https://www.readawrite.com/a/Zilqav,รออยู่ที่เดิม ;,Love in a Mist
r20555,https://www.readawrite.com/a/Zilqdv,หมามันเชื่อง | Emibonnie,ZIC_CY
r20564,https://www.readawrite.com/a/Zilrw5,"Clashing Colors | Emibonnie , Pondphuwin",Thasorn-luv
r20565,https://www.readawrite.com/a/Zils69,fish/emibonnie,บี๋บอน #gmm
r20567,https://www.readawrite.com/a/Zils86,พี่น้องแบบไหน//emibonnie  earnmint,emibonnie
r20570,https://www.readawrite.com/a/Zilso8,"ไจ๋หน่า , emibonnie",bb_ou
r20584,https://www.readawrite.com/a/Zilvbb,มีทุกอย่าง ยกเว้นความปกติ,kwannN
r20586,https://www.readawrite.com/a/Zilvry,ขี้หึงเกิน,แอลม่อนโปรเกส
r20602,https://www.readawrite.com/a/Zim08q,PeakBlue|emibonnie,daisies
r20608,https://www.readawrite.com/a/Zim1gp,my hero | emibonnie,p_zxrp
r20611,https://www.readawrite.com/a/Zim1vb,but I love you |mliklove,Love a girl
r20620,https://www.readawrite.com/a/Zim2rd,ไอ้ซึน,ฟู้วววว
r20624,https://www.readawrite.com/a/Zim3rs,girlfriend | emibonnie,ราล์ฟ
r20631,https://www.readawrite.com/a/Zim4t5,เขาทรงเอ ผมทรงไร,หลบไปควายจะเดิน
r20637,https://www.readawrite.com/a/Zim6yx,miss Korean  &mdash; emibonnie,mayb3
r20641,https://www.readawrite.com/a/Zim7un,ไอเด็กติดเกม|emibonnie,king
r20644,https://www.readawrite.com/a/Zim9b3,9 August &mdash; emibonnie,qiksr
r20645,https://www.readawrite.com/a/Zim9h2,เพื่อน|เอมี่บอนนี่,เค้าติ่งgmm
r20647,https://www.readawrite.com/a/Zima1t,good boy  &mdash;  emibonnie,jaiidezd
r20651,https://www.readawrite.com/a/Zimb8y,"ten years to present , emibonnie",zorick
r20653,https://www.readawrite.com/a/Zimbbw,"""Friends to Lovers"" (แอบรักเพื่อนสนิท)|Emibonny",emi bonny
r20656,https://www.readawrite.com/a/Zimcxc,"ดาวเกี้ยวเดือน , pondphuwin",nammy.ii
r20662,https://www.readawrite.com/a/Zimf5e,สนุกมากมั้ย | emibonnie,ใครครับ
r20663,https://www.readawrite.com/a/Zimfqr,คุณวรัญญา |เอมี่บอนนี่,morlorr
r20672,https://www.readawrite.com/a/Zimisd,ชอบคุณ ' EmiBonnie,Write♡Ramiii
r20673,https://www.readawrite.com/a/Zimj2u,รักแรกที่หายไป,ต่ายน้อย🐰
r20678,https://www.readawrite.com/a/Zimjwu,ไม่ถูกเลือก | emibonnie,What does 사랑 mean?
r20681,https://www.readawrite.com/a/Ziml7m,มันจบไปแล้ว(แต่ก็ทำใหม่ได้) - Netjj,เต๊โบ๊บี๊
r20683,https://www.readawrite.com/a/Zimlgf,อยากเป็นคนนั้น,jax_jah
r20686,https://www.readawrite.com/a/Zimlub,February - emibonnie,shinamirr
r20687,https://www.readawrite.com/a/Zimluo,โลกมันกลม|emibonnie,tawan_ieie
r20693,https://www.readawrite.com/a/Zimnfo,Who are you? | emibonnie,ratsami.
r20695,https://www.readawrite.com/a/Zimo5l,เธอคะพี่ไม่ชอบ|เอมี่บอนนี่,สาววายสมองหาย
r20697,https://www.readawrite.com/a/Zimooh,My xena | emibonnie,สีนิลเทพซ่า
r20702,https://www.readawrite.com/a/Zimp3v,รักน้องแบบใด๋ | emi bonnie,Bright02
r20703,https://www.readawrite.com/a/Zimpko,ฝันของเราคงไม่เป็นจริง,บัวตะ
r20710,https://www.readawrite.com/a/Zimqst,ที่สุดเลย |emibonnie,แมวเป้าสวบสปาเก็ตตี้🍝
r20713,https://www.readawrite.com/a/Zimr33,จากหน้าเวทีถึงหัวใจ | Mikelove x Emibonnie,jaru._f
r20714,https://www.readawrite.com/a/Zimr35,ไปอยู่ด้วยกันนะ|emibonnie,นิรินบินทะลุฟ้า
r20715,https://www.readawrite.com/a/Zimrcg,ยังมี่|emibonni,Vix0n
r20716,https://www.readawrite.com/a/Zimrfy,The Shadow in the Rain         |เอมี่บอนนี่,A.
r20720,https://www.readawrite.com/a/Zimryb,Ryu Namnueng  | Emibonnie,Kk.
r20721,https://www.readawrite.com/a/Zims3w,เทคนิคพิษเบ๊บ เอมี่บอนนี่/ วิวมิ้ม/ เอินมาเบล/ พูห์พาเวล/,BewPooh
r20736,https://www.readawrite.com/a/Zimw5t,moomin | EmiBonnie,นัดนิยา
r20739,https://www.readawrite.com/a/Zimwf0,เธอไม่ชอบลม |emibonnie,เจจิ
r20750,https://www.readawrite.com/a/Zimy5u,แกแต่งเพลงเพราะรักเรา..หรือรักเค้า|amibonnie,🌷𓈒˚.☘︎ ݁˖˚ kunʀɪɴ.☘︎ ݁˖ 𓈒ˑ͙ 🦢
r20752,https://www.readawrite.com/a/Zimybf,ก็เป็นได้แค่่&ldquo;พี่น้อง&rdquo;,คนสวย😼
r20762,https://www.readawrite.com/a/Zin0mn,พี่หมอๆ #หมอสู้ตาย,เดินผ่านไปเดินผ่านมา
r20764,https://www.readawrite.com/a/Zin19n,เจ้านายใจร้าย|Emibonnie,G A Y🫶🏻🎀
r20778,https://www.readawrite.com/a/Zin46q,ครอบครัวสุขอะไร,วาว่า67
r20783,https://www.readawrite.com/a/Zin4gl,วันก่อนน.,ณัฐชามมม
r20792,https://www.readawrite.com/a/Zin63y,เพื่อนรักหรือรักเพื่อน?,ซีต้าร์
r20794,https://www.readawrite.com/a/Zin6fr,Alomost Forever.,Dm.Sandee
r20795,https://www.readawrite.com/a/Zin6fy,ไม่คิดจะบอกลา|emibonnie,สระอี้ ้ ้
r20800,https://www.readawrite.com/a/Zin8j1,เส้นขนานที่ถูกตัดกัน|แอลม่อนโปรเกรส,gmmtv
r20801,https://www.readawrite.com/a/Zin8ui,Vertex | emibonnie,peePok.
r20803,https://www.readawrite.com/a/Zin9xr,จากเพื่อนรักเป็นที่รัก|เอมี่บอนนี่,dadededa
r20810,https://www.readawrite.com/a/Zinc5s,a mile closer / emibonnie,insideyourheart
r20818,https://www.readawrite.com/a/Zindsm,แกก็กลับมาห้ามเราดิ,saturn to you
r20819,https://www.readawrite.com/a/Zine2i,Playlist ; emibonnie,kunpat
r20826,https://www.readawrite.com/a/Zing0x,ช่วงเวลา | joongdunk,\(฿-฿)/
r20829,https://www.readawrite.com/a/Zinhri,รักนี้ที่ไร่ชา|emibonnie,whyyy
r20830,https://www.readawrite.com/a/Zinhtl,สารวัตรยิ้มหวาน ; emibonnie,power
r20844,https://www.readawrite.com/a/Zinle1,"gem4u , emibonnie",tomatxawoqei
r20850,https://www.readawrite.com/a/Zinnas,เพื่อนรัก(รักเพื่อน) |NutHong,suay ny1233
r20852,https://www.readawrite.com/a/Zinngb,Only us | EmiBonnie,your?
r20856,https://www.readawrite.com/a/Zinp5m,Just working. | Emibonnie,เจคหม๋าอ้น🐶
r20858,https://www.readawrite.com/a/Zinpfd,แพมพิม | emibonnie,ฝันร้ายป้าข้างบ้าน
r20860,https://www.readawrite.com/a/Zinpv0,บลูไนท์ - emibonnie,โจเจ๋งโจจ๋อง
r20863,https://www.readawrite.com/a/Zinq9h,HER SCENE | Emibonnie,หมีน้อยยามค่ำคืน
r20873,https://www.readawrite.com/a/Zinrt0,นักร้องวิศวะ | emibonnie,บี๋บอน #gmm
r20875,https://www.readawrite.com/a/Zins8y,ไหนบอกไม่ชอบไง|emibonnie,ถูกสเปค
r20878,https://www.readawrite.com/a/Zintfh,Don't Fall for the Boss - emibonnie,pop
r20885,https://www.readawrite.com/a/Zinw10,Friendzone|emibonnie,เจ้าดิ้ก
r20886,https://www.readawrite.com/a/Zinwd7,smoke | emibonnie (ฟิคสั้น),kaoza425
r20887,https://www.readawrite.com/a/Zinwpa,เยฟโย้ kiki | Emibonnie,เหมียวคิคิริ
r20888,https://www.readawrite.com/a/Zinwph,เอ้ยระเหยลอยลม,ผักหวานเองง
r20889,https://www.readawrite.com/a/Zinwqg,ครอบครัวอบอุ่น/แก็งค์gl,รักเกย์
r20895,https://www.readawrite.com/a/Ziny5n,ไอริสนับดาว | emibonnie,mo ew meow
r20897,https://www.readawrite.com/a/Zinyio,กอดนี้มีไว้เพื่อรักเธอ | เอมี่บอนนี่,Hani
r20898,https://www.readawrite.com/a/Zinys2,ถ้ารู้จะ(ไม่)​รัก.|emibinnie,Zzz.
r20910,https://www.readawrite.com/a/Zio2i0,คุณหนูควงแขน  แฟนกำมะลอ,air bubbles . 175
r20911,https://www.readawrite.com/a/Zio2ih,หมิงลี่ | emibonnie,แมวกินคุกกี้ใส่ช็อคแลต
r20912,https://www.readawrite.com/a/Zio2nx,star:เอมี่บอนนี่,P
r20922,https://www.readawrite.com/a/Zio53v,Arm Scene|emibonnie,โหบี๋อ่ะ
r20930,https://www.readawrite.com/a/Zio6ef,ห้ามหวั่นไหว | emibonnie,เจนเดย์
r20931,https://www.readawrite.com/a/Zio6k3,พารักมาหาดาว | emibonie,kzupn
r20932,https://www.readawrite.com/a/Zio6u3,My rose | namtalflim,พระจันทร์ยิ้ม
r20933,https://www.readawrite.com/a/Zio6u4,psychopath(1) | emibonnie,sheuy run
r20936,https://www.readawrite.com/a/Zio7ap,levfeliks | emibonnie,willubinmineh
r20937,https://www.readawrite.com/a/Zio81t,คุณผีปลายเตียง2|เอมี่บอนนี่,นักเขียนที่เบียว
r20940,https://www.readawrite.com/a/Zio89y,17 dept |emibonnie,girls don&rsquo;t cry
r20943,https://www.readawrite.com/a/Zio8i6,17 Seconds | emibonnie,หมั่นโถว
r20945,https://www.readawrite.com/a/Zio9g0,แฟนใหม่ใกล้ฉัน | เอมี่บอนนี่,มิโกะ
r20946,https://www.readawrite.com/a/Zio9gb,-พี่เป็นได้แค่บอร์ดี้การ์ดเองหรอค่ะ?-EMIBONNIE,#ท้ายทั้งใจเค้าให้เอมี่บอนนี่
r20949,https://www.readawrite.com/a/Zioae1,u รัก i หรอ | EMIBONNIE,wii :p
r20954,https://www.readawrite.com/a/Ziob92,เซฟโซนของเธอ | EmiBonnie,ดาวดวงที่เก้าคั้บ
r20956,https://www.readawrite.com/a/Zioc9r,รักต้องห้าม | EmiBonnie,ด้อกด๋อยเด้งดึ๋ง
r20961,https://www.readawrite.com/a/Zioetc,คอนโดนรกห์ห์,ยุงบิน
r20968,https://www.readawrite.com/a/Ziog0c,Reflecting Love - ส่องรักข้ามเวลา | emibonnie,นักเขียนชุดนอน👕
r20971,https://www.readawrite.com/a/Ziogys,อย่าให้กรีนพิมพ์แชท | skynain,SN_jrp
r20976,https://www.readawrite.com/a/Zioid9,my safe zone ;EmiBonnie,น้อนม๋า
r20980,https://www.readawrite.com/a/Ziojlw,โคตรรัก|emibonnie,ไรท์เต๋อ
r20983,https://www.readawrite.com/a/Ziokvt,Our Different Worlds | emibonnie,Kanthicha._
r20984,https://www.readawrite.com/a/Ziokwb,ฤดูที่มีเธอ( 2 ) |Emibonnie,แมวร้องหิว
r20985,https://www.readawrite.com/a/Zioky7,ขอบคุณที่ไม่รัก | emibonnie,อยากแต่งกูก็แต่ง
r20988,https://www.readawrite.com/a/Ziolxo,ร้านดอกรัก | emibonnie,"""pnp"""
r20990,https://www.readawrite.com/a/Ziomgu,แฟนเก่าคนโปรด:เอมี่บอนนี่,P
r20999,https://www.readawrite.com/a/Ziop9j,The dog|emibonnie,cave
r21004,https://www.readawrite.com/a/Zioqgt,restart | emibonnie,มันม่วง101
r21005,https://www.readawrite.com/a/Zioqim,PennuengPlaifah | emibonnie,Z
r21008,https://www.readawrite.com/a/Zior03,I&rsquo;m not Happy || emibonnie,โmjิ
r21018,https://www.readawrite.com/a/Ziosuf,แม่ครูรตีแห่งเรือนจันทร์ฉาย |emibonnie,𝕻𝖔𝖗𝖘𝖈𝖍🤍
r21020,https://www.readawrite.com/a/Ziot1s,Friend zone |EMIBONNIE,EMIBONNIE
r21025,https://www.readawrite.com/a/Ziou97,Nocturne - JmS,jj_s^_^
r21026,https://www.readawrite.com/a/Ziov57,แผลในใจที่ไม่มีวันหาย | Emibonnie,แจ้มจีดด
r21030,https://www.readawrite.com/a/Ziowbv,พราวตะวัน | Emibonnie,FERVY
r21032,https://www.readawrite.com/a/Ziox1b,NotYourSister | filmbonnie,nnn2.401
r21035,https://www.readawrite.com/a/Zioxen,丽思佩 |emibonnie,Phatutao
r21037,https://www.readawrite.com/a/Zioyhf,jinzoey | emibonnie,idaluvnuthong🥜🍦
r21041,https://www.readawrite.com/a/Zip0co,เรนต้า|bonnieemi,Par_wa.a
r21044,https://www.readawrite.com/a/Zip0th,Love match,topbabyjanq
r21045,https://www.readawrite.com/a/Zip243,หลงรักเมียผู้ใหญ่บ้านต้องทำไง | เอมี่บอนนี่,รักเอมี่บอนนี่
r21047,https://www.readawrite.com/a/Zip2fh,หมื่นลิน - bonnieemi,lucky
r21049,https://www.readawrite.com/a/Zip2jt,จากรุ่นพี่....สู่คนรัก |emibonnie,Ikooop
r21054,https://www.readawrite.com/a/Zip3bg,Submit | emibonnie,เจนเดย์
r21059,https://www.readawrite.com/a/Zip5gt,รักระหว่างเรา |เอมี่บอนนี่,บักส้มจีน
r21066,https://www.readawrite.com/a/Zip85d,บาหยา | emibonnie,blacksmoker
r21069,https://www.readawrite.com/a/Zip8de,(OS) สาธุเด้อ | EmiBonnie,Need2Sleep
r21072,https://www.readawrite.com/a/Zip961,วิศวะโกลเด้น|emiebonni,ฮัลโหลโบร๋ นี่โก๋เอง
r21074,https://www.readawrite.com/a/Zip9lc,nice to meet | emibonnie,mioo
r21075,https://www.readawrite.com/a/Zip9mk,อยากบอกว่าชอบ(เธอ)มากนะ | GMMTV,What ?? :P
r21076,https://www.readawrite.com/a/Zip9xe,เอมี่บอนนี่ น้ำตาลฟิล์ม มิลค์เลิฟ,moohamz(ToT)
r21080,https://www.readawrite.com/a/Zipb25,รักมั้ยค่ะพี่คนสวย|เอมี่บอนนี่,มินมินสาววาย🤩🤩💗
r21081,https://www.readawrite.com/a/Zipb2y,อพาร์ทเมนท์ว้าวุ่น| GL Gmm,eiei
r21087,https://www.readawrite.com/a/Zipbwq,Written in the Stars | emiboonie,y่าๆoย่า❗
r21088,https://www.readawrite.com/a/Zipc11,How to get point|Emibonnie,meloveu
r21089,https://www.readawrite.com/a/Zipc4i,เหนือหน้าที่(beyond the mission) | emibonnie,ฝันร้ายป้าข้างบ้าน
r21091,https://www.readawrite.com/a/Zipchq,ไอเด็กดื้อ    (emibonnie),mochiblossom
r21098,https://www.readawrite.com/a/Zipetj,"เลิกชอบเพื่อน101,Nuthong",Nachiii
r21099,https://www.readawrite.com/a/Zipewt,เพลงรักนี้ให้เธอ | emibonnie,แม่เมะรักเคะตาแป๋ว
r21106,https://www.readawrite.com/a/Zipgha,เลิกเหล้ามารักเมียค้าบ,หมูกรอบ🐷
r21114,https://www.readawrite.com/a/Ziphhv,Keen | emibonnie,ชอบกินมาม่าโว้ย
r21117,https://www.readawrite.com/a/Ziphyn,ข้างห้อง | เอมี่บอนนี่,ABC:3
r21118,https://www.readawrite.com/a/Zipi9l,รสชาติประชดรัก | emibonnie,aeyada
r21119,https://www.readawrite.com/a/Zipiin,ไวน์,...........&hellip;...&hellip;...&hellip;.&hellip;.
r21123,https://www.readawrite.com/a/Zipior,"shibal ieyo , emibonnie",gwiyeowo ୨୧
r21129,https://www.readawrite.com/a/Zipkbv,หลังห้อง &mdash; emibonnie,chocotell
r21130,https://www.readawrite.com/a/Zipkon,Velvet| AouBoom,ไรท์ปลาโลมา 🐬
r21131,https://www.readawrite.com/a/Zipkyc,แค้นจำกัดรัก,คุณกระเป๋าเป้
r21133,https://www.readawrite.com/a/Ziplf0,นิติจ๋า | justinkeaton,ฝนก้ตก หกก้เจ้ด
r21142,https://www.readawrite.com/a/Zipmyb,แฟนใจร้าย |ดิวธี/เอมี่บอนนี่,รักดิวธีครับ
r21145,https://www.readawrite.com/a/Zipnko,โดเรม่อนชอบซิกม่า,หมูกรอบ🐷
r21147,https://www.readawrite.com/a/Zipnse,FFตุ๋นจิน | Emibonnie,pamanassinee
r21148,https://www.readawrite.com/a/Zipow1,กลับมาเกิดทั้งที ขอครองหัวใจคุณคีย์ได้ไหมครับ,Matsaya-chantra
r21149,https://www.readawrite.com/a/Zipox5,ความจริงที่ไม่อาจสัมผัส | EmiBonnie,m่อn
r21152,https://www.readawrite.com/a/Zipplu,คนเพี้ยนมักหน้าตาดี | emibonnie,ส้มปอกเปลือก
r21154,https://www.readawrite.com/a/Zipq49,เงาใต้แสงจันทร์ | Namtanfim Emibonnie Milklove,P.พี
r21161,https://www.readawrite.com/a/Ziptij,racket | emibonnie,มัวมายครุฟ
r21165,https://www.readawrite.com/a/Zipu4a,หอระสติ | emibonnie,ราล์ฟ
r21171,https://www.readawrite.com/a/Zipvmg,พี่สาวคนสวยจะจีบหนูหรอค่ะ? | Emibonnie,ไรท์เอง/อะไรอีก
r21176,https://www.readawrite.com/a/Zipxv5,สู่อ้อมกอดของราชา |lnto Rache The Series,you ploy
r21178,https://www.readawrite.com/a/Zipybt,ไอ้ติ๋มหลังห้อง | Emibonnie,peso_risa2
r21179,https://www.readawrite.com/a/Zipyoh,ลองใจ||emibonnie,Kazitan
r21183,https://www.readawrite.com/a/Ziq0dm,High Stakes Lover: เดิมพันรักฉากสุดท้าย | EmiBonnie,เจ็บแต่ไม่เคยจำ
r21188,https://www.readawrite.com/a/Ziq23s,ข้างเธอเสมอ|pondphuwin,whenthesunraymeetitsflower
r21192,https://www.readawrite.com/a/Ziq3rb,Hate You to Death |emibonnie,วาริณ
r21204,https://www.readawrite.com/a/Ziq7ir,บอดี้การ์ดของคุณหนู,theonlywayy
r21207,https://www.readawrite.com/a/Ziq8ng,ฟ้าหลังฝน | emibonnie,♡c.cake彡
r21209,https://www.readawrite.com/a/Ziq96y,คาเฟ่กระต่าย | EmiBonnie,Buuta.u
r21210,https://www.readawrite.com/a/Ziq9at,PIERCE | emibonnie,MyLoVeAnDsUnShInE
r21212,https://www.readawrite.com/a/Ziq9x5,เพียงตะวันน้ำ | emibonnie,ผู้เฝ้าฤดูกาลของหัวใจ
r21215,https://www.readawrite.com/a/Ziqbi1,home is us (emibonnie),ก๋วยเตี๋ยวคั่วไก่ใส่กะหล่ำปลี
r21216,https://www.readawrite.com/a/Ziqbta,พี่รหัสของหนู/เอมี่บอนนี่ น้ำตาลฟิมล์,ฝากเพิ่มเข้าชั้นด้วยน้ะะ
r21218,https://www.readawrite.com/a/Ziqcjy,พี่น้อง(ไม่)จริง|Emibonnie,รักเคะส่วนเมะก็แล้วแต่
r21220,https://www.readawrite.com/a/Ziqcpg,London doc(g)? |emibonnie,I'm spiderman
r21222,https://www.readawrite.com/a/Ziqd1d,ภาระ | emibonnie,❥з˖
r21233,https://www.readawrite.com/a/Ziqew2,เธอเป็นของฉันคนเดียว!,pearl
r21239,https://www.readawrite.com/a/Ziqfv1,long / emibonnie,iuser
r21240,https://www.readawrite.com/a/Ziqg9a,ห้าม-ข้าม-กฏ |emibonnie,runrarin:l
r21243,https://www.readawrite.com/a/Ziqh6k,เต็มป่ะ | emibonnie,บี๋บอน #gmm
r21244,https://www.readawrite.com/a/Ziqhbf,ใต้ฟ้าเคียงเธอ/Tay New,moonlight
r21245,https://www.readawrite.com/a/Ziqhjb,สิงสมุทร | emibonnie,"""pnp"""
r21252,https://www.readawrite.com/a/Ziqikc,ภพจิ๋นเจอร์ | emibonnie,"""pnp"""
r21254,https://www.readawrite.com/a/Ziqj65,The Equation of Usสมการของเรา|เอมี่บอนนี่,𝑝ℎ.
r21256,https://www.readawrite.com/a/Ziqjsb,888 / emibonnie,iuser
r21263,https://www.readawrite.com/a/Ziqn0p,ballet ; emibonnie,༺☆korya☆༻
r21266,https://www.readawrite.com/a/Ziqp9q,นํ้าเงินไม่บอก|EmiBonnie,0029
r21268,https://www.readawrite.com/a/Ziqpr6,ยอมหนูหน่อย | emibonnie,poohmee_eiei
r21272,https://www.readawrite.com/a/Ziqr84,so | AmyBonnie,รักgmm
r21273,https://www.readawrite.com/a/Ziqrjp,ห้ะให้หนูแต่งงานกับผู้หญิงเนี่ยนะ|เอมี่บอนนี่,Arisen
r21279,https://www.readawrite.com/a/Ziqvav,ปลายฝนต้นตะวัน | emibonnie,Munixz
r21281,https://www.readawrite.com/a/Ziqvsr,โก๋จีนขนมหงส์ | EMIBONNIE,xxsassygirlxx
r21284,https://www.readawrite.com/a/Ziqxem,Midnight Bond l Emibonnie,FERVY
r21285,https://www.readawrite.com/a/Ziqy3a,รักเธอแค่ only you| Emibonnie,☀️ sun☀️⛅️
r21290,https://www.readawrite.com/a/Zir05n,มนตรา|EmiBonnie,คุณน้ำตาลอยากชงคม
r21297,https://www.readawrite.com/a/Zir2r0,หลงกลิ่นข้าวหอม - emibonnie,แกลบกิโลละสองบาท
r21308,https://www.readawrite.com/a/Zir681,เจ้าชู้ - emibonnie,Modang88
r21312,https://www.readawrite.com/a/Zir6n6,9ปี รักนายบาร์เทนเดอร์ milknewyear / emibonnie / namtanflim / milklove / kapookciize,BewMilk
r21313,https://www.readawrite.com/a/Zir6wt,หากวันนั้นเราไม่พบกัน,ไอ่หัวสองสี
r21317,https://www.readawrite.com/a/Zir7ka,Echoes of Us. | emibonnie,หมึกปากกาไม่ติด
r21319,https://www.readawrite.com/a/Zir80v,ไว้ใจ๋ได้แต๊กา - EMIBONNIE,เหงาๆแต่งเริ่ด
r21329,https://www.readawrite.com/a/Zird1i,victory|emibonnie,บี๋บอน #gmm
r21330,https://www.readawrite.com/a/Zirdb6,ห้วงสมุทรไร้เสียง (MARIS-52) | emibonnie,mkiyojeinymrgiou
r21344,https://www.readawrite.com/a/Zirhp3,เกินเพื่อน | เอมี่บอนนี่,รัญชิดา พันธุ์อักษร
r21346,https://www.readawrite.com/a/Ziridd,เพราะรัก|emibonnie,เริ่ด
r21366,https://www.readawrite.com/a/Zirsad,แป๋วของชาติ|emibonnie,iloveบี๋บอน
r21367,https://www.readawrite.com/a/Zirteh,เผลอใจ ให้ยัยตัวแสบ | เอมี่&amp;บอนนี่ wlw,B'เบลล
