detail_key,article_id,title,author
r122,Z1u07m,รักซ่อนเงา,MyR0616_
r123,Z1utdo,หนิงเทียน,MyR0616_
r140,Z24xen,คุณแวมไพร์,MyR0616_
r170,Z2mp0q,call me &ldquo;love&rdquo;,callmejew
r197,Z335mp,casnova boy |Englot,จิ้งจอกเก้าหาง😋
r226,Z3lp7d,รางรัก#ดีน่า#อิงล็อต,𝑩𝒚_𝑳𝒖𝒙_𝒁𝒚𝒚
r245,Z3teqe,ร่วมหอ ลงเตียง Unwilling #อิงล็อต,THE_SUN
r251,Z3uof6,ทฤษฎี 365 วัน | Englot,theSee
r267,Z44dmy,จำลอง(ไฮล็อต)_ _,LADYLUXZY
r281,Z4db8n,รูมเมทของลมหนาว (GL),หอมหวล
r285,Z4fwx3,แมวน้อยของแด๊ดดี้🐰,black Pink
r292,Z4jygv,My Daddy #englot,Mr..meowfan
r293,Z4k035,Perfectly Tea,memorialme
r294,Z4klc5,หลัวคูณสอง,rabbit.t🐰
r300,Z4mwlo,money is calling!!! | englot,liliepan
r301,Z4mxag,หวง |อิงล็อต,จิ้งจอกขาว
r302,Z4n87e,ตั้งใจจะร้าย สุดท้ายกลายเป็นรัก | ล็อตอิง,ชิปในชิป
r304,Z4obmg,คุณหนูจอมซ่ากับหวานใจสาวลำซิ่ง (อิงล็อต),อาไค192
r305,Z4onp2,จินเหมย | englot,แบว แบว
r310,Z4qgn7,แอบรักคนมีเจ้าของ🐰💙,black Pink
r313,Z4r7s2,หุ้นส่วนรัก-(อิงล็อต),kawinlanoey
r314,Z4rie6,น้องมีน #อิงล็อต,CelineDior
r315,Z4rk56,ชากับกาแฟเลือกอะไร ?  #อิงล็อต,ppcymoonn
r320,Z4tjec,แค่พี่ก็พอ&hellip;(อิงล็อต)🐰🐶,ข้ามีนามว่าดาวพลูโต
r324,Z4tsl9,เพียงรัก-(รักร่า),kawinlanoey
r332,Z4uobl,"just me,her and the moon.",meyou.
r336,Z4vsep,ปิ้งรักยัยเด็กเสิร์ฟ (อิงล็อต),อาไค192
r338,Z4vxr1,ตำนานรักองค์หญิงชาล็อต (อิงล็อต),อาไค192
r339,Z4w0kw,My Fangirl | อิงล็อต,BITTERSWEETNESS
r341,Z4x0ov,ของขวัญจากขอบฟ้า | อิงล็อต,มัมหมีจุ้บเร้ก
r343,Z4xq31,สารวัตร,หลวงแด๊ด 🍃
r344,Z4y1fu,ทิวาขั้วฟ้า,หอมหวล
r348,Z509ru,ผ.อที่รัก&amp;rsquo;อิงล็อต&amp;rsquo;,คลั่งรักอิงล็อต
r351,Z50uwu,สองหัวใจ|อิงล็อต,Black rock
r353,Z51d2x,Closer #ใกล้อิงล็อต | #อิงล็อต,little orangie
r356,Z51i7h,สามีฉันคือ Sexy Queen|อิงล็อต,Black rock
r357,Z51jo6,เหมยลี่ #อิงล็อต,good boy
r358,Z51n1e,𝘀𝗶𝗯𝘁𝗵𝗶𝘀 / 𝗘𝗻𝗴𝗹𝗼𝘁,zeentheechaya
r362,Z527cs,ทาสแมว Sugar Baby #อิงล็อต,THE_SUN
r363,Z52xoq,รักนะไอ่คนซึน♡#ตุ้ยโป่ง,เลาหล่อ
r364,Z53uiw,เส้นกั้นบางๆระหว่างเรา[ENGLOT],PAXIU_KM
r366,Z54ast,ตะวันเจ้าเอย,หอมหวล
r368,Z54r7w,จับมือฉันไว้,good boy
r369,Z54tvq,แฟน(กำมะลอ)เผลอแล้วเจอกันค่ะ (อิงล็อต),~Dr.Meow~
r370,Z555xu,ดอกไม้ในฤดูฝน | englot,funff
r373,Z55v05,เพียงบทกลอน [ Phingbotklon ],I'm possible
r375,Z5686d,ต้นอ้อกอแก้ว☆,wenwerna_a
r376,Z56m8c,!/ : ฉัน...ขอโอกาศได้มั้ย,อิงล็อต
r378,Z576st,sunflowers vibes &mdash; อิงล็อต,itssunflower
r379,Z57bk5,มาเฟีย #Englot,Mr..meowfan
r381,Z57fdl,พี่จะดูแลหนูเอง&rsquo;อิงล็อต,คลั่งรักอิงล็อต
r382,Z57j8f,ออกแบบรักฉบับตัวเต็ง |ENGLOT|,warmtonight
r383,Z588p8,มีแฟนเป็นพระIอิงล็อต,บักปาล์มหิวนม🍼
r387,Z58wuv,Benedict | englot,hxz
r389,Z59ph6,เธอคือพรหมลิขิต | #อิงล็อต,สปีดโบ๊ท🏳️&zwj;🌈
r393,Z5a4q2,รองเท้าสีแดง,macruz
r398,Z5bo8a,-ถ้าเธอรักใครคนหนึ่ง-,ไอ้หมาแว่น
r399,Z5btl7,ถนอมบ้าง   #โรสชี่,he's__mine
r400,Z5bu93,ศิรารมณ์(อิงล็อต),kawinlanoey
r401,Z5c76b,MONTREAL MAFIA (ฟางหรง),good boy
r402,Z5c9lo,มาเฟียกับลูกหนีI#อิงล็อต,โก้หลอนยา💊⚡
r403,Z5ch6w,ร้ายเลยรัก,Black rock
r404,Z5cm91,Don't love me [อย่ารักฉันเลย],ชมจิต
r405,Z5cmb2,Dear Friend (ไฮล็อต),พู่กันหลากสี🖌️
r406,Z5d8ma,คุณอา JT | อิงล็อต,JNP
r411,Z5f689,My Lawyer | Englot,Zero_9
r412,Z5fhgl,Hubert : สายฟ้า,I'm possible
r413,Z5fo50,Henriette : สายหมอก,I'm possible
r414,Z5foa7,friend? &mdash; อิงล็อต,itssunflower
r415,Z5foc2,Didier : สายลม,I'm possible
r416,Z5fr9m,พี่นัทมามั้ย |  englot,แบว แบว
r418,Z5ga1u,#ตะวันของจันทร์เจ้า-(อิงล็อต),kawinlanoey
r419,Z5gab4,น้องชาล็อต​/อิงล็อต,ไม่มีจะแดกอะครับ
r420,Z5gdhw,อิงล็อต,🦊❤️🐰
r421,Z5gm42,อิงล็อต ชxญ,6488
r423,Z5h479,ใครเจ็บกว่า,พู่กันหลากสี🖌️
r425,Z5hiws,hello winter season / nacklui,nacklui numวัน
r427,Z5hnt4,เงื่อนความรัก (Unforeseen) [อิงล็อต],~Dr.Meow~
r429,Z5hukp,รักครั้งนี้ต้องรอ (This love must wait),will await you
r430,Z5i6kn,ทีเอ็ม|อิงล็อต(ss1-2),มะหม๋าา
r432,Z5idha,คนโปรด.,waratin_
r433,Z5inr0,คุณหมอ | อิงล็อต,ทานตะวัน
r438,Z5jlqb,sweetheart,mj__.0o
r439,Z5jvdi,คลั่งรักน้องเมเปิ้ล[อิงล็อต],พี่ฟ้า?
r441,Z5ksbg,อิงล็อต💓,plenggʕ&acute;&bull;ᴥ&bull;`ʔ
r443,Z5l7by,เมียมาเฟีย,Khunpal
r446,Z5lom4,My friends | อิงล็อต,P__7
r448,Z5n5vj,เซ้นส์พ่อพะโล้น | อิงล็อต,JNP
r450,Z5o4sa,กัสเบล,Itspalle
r452,Z5ogxd,พี่น้อง?!,Khunpal
r453,Z5oo2u,Hot Nerd🥵🔥🔥,mostcute
r454,Z5po7d,ฉันเกลียดคุณ |#อิงล็อต,ลูกชายคนเล็ก⚔️😾
r456,Z5q2mt,อิงล็อต😳,คนครั่งรักอิงล็อต
r457,Z5qbqn,กองละครแห่งรัก/ล็อตอิง/อิงล็อต,✰⋆｡:ﾟ･*☽𝓬𝓱𝓸𝓶𝓹𝓸𝓸☽:ﾟ･⋆｡✰⋆
r458,Z5qfdm,Back to summer | englot,แบว แบว
r459,Z5rjmu,ชั้นจะทำให้เธอรักชั้นให้ได้ยัยตัวแสบ,ชพ
r460,Z5rtt0,สายเกินไป,วิคกี้กกก!
r463,Z5s9gu,ex | อิงล็อต,BITTERSWEETNESS
r464,Z5slek,What you hurt me?,Riteby
r466,Z5tdok,รักวุ่นวายของยัยบ้านไร่,@หลงทางรัก
r467,Z5tht7,MONTREAL MAFIA (ซินหยาง),good boy
r468,Z5tl1h,How long?|&bull;ฟิคสั้น,Ppexngfxh
r469,Z5to2b,你好？ 一 englot (东),uetchap
r470,Z5tr4s,จริงป่ะพี่จี้ #ล็อตอิง,คุนเป้ดเหลือง
r472,Z5ucx0,อังกฤษหวานไหม?/อิงล็อต/,ชมจิต
r473,Z5uh6s,กรรม  [  อิงล็อต  ],ไอ้แดง  วราติน
r476,Z5viyq,คุณรีเทิร์นคะ,mj__.0o
r479,Z5vkg3,เวลา | อิงล็อต,sr.kxn
r480,Z5vmbx,ขอโทษที่รู้สึกช้าไป [ล็อตอิง]​,คุณหมาเขียนนิยาย
r484,Z5vpis,ท้องฟ้าข้างตะวัน (อิงล็อต),p_dujdaow
r485,Z5vrro,-ไม่ควรเริ่ม(หรือป่าว)- [อิงล็อต],โคล่าคุงซี่
r486,Z5vt6c,sea.,waratin_
r487,Z5vtfk,อิงล็อต,ไอซ์
r488,Z5vwy0,คุณพ่อเลี้ยงเดี่ยว,sr.kxn
r489,Z5wjtt,*เจนเบล | englot,momotaro
r490,Z5wp0g,คุณชานน์ของน้องแซน♡  | อิงล็อต |,Oim_er o13
r492,Z5x1qa,สลักจิต,มินเนี่ยนนน
r494,Z5x9sd,บังเอิญ | อิงล็อต,nomiko
r495,Z5xfmr,พ่อเลี้ยงเดี่ยว.อิงล็อต,ง่วงงงว่ะ
r496,Z5xq4o,ไอเตอร์อย่าแกล้งกานต์​ | ล็อตอิง,คุณหมาเขียนนิยาย
r497,Z5xs20,บริษัทมหาชลจำกัด|อิงล็อต|แน็กหลิว,ชินอิจิเอง
r498,Z5y5l5,นภาแห่งรัก,sky🖋️
r501,Z5yiuo,(อิงล็อต)​,อิงล็อต
r503,Z607os,-แกล้งรัก- (อิงล็อต).,โคล่าคุงซี่
r505,Z60oo6,อารมณ์ชั่ววูบ... | อิงล็อต,sky✨
r506,Z60r6d,น้อมรับคำทำนาย - อิงล็อต,nxaq_
r509,Z61cqy,ปฏิเสธรักเรา(ทำไม),ปีโป้สีรุ้ง
r510,Z61f7d,ฝากไว้ในกายเธอ,I am the giver
r512,Z61fgx,อดทน.. (ล็อตอิง),ดอ'กห'ญ้า
r514,Z61hv4,คู่ชีวิต | อิงล็อต |,warmtonight
r516,Z61pmc,ไบโพลาร์ | อิงล็อต,เลิ้ปอิงล็อต.
r517,Z6298d,ถามทำไม,#อิงล็อต #ENGLOT
r518,Z630pn,(อิงล็อต)เกลียดความทรงจำ,F_eli_z
r521,Z646wy,รักเธอคนเดียว|อิงล็อต🐰🐶,เป็นทุกบทบาท
r523,Z64f24,ลิขิตรัก💐🐰,นิดครั่งรักอิงล็อต
r524,Z64fc4,อกเกือบหักแอบรักท่านประธาน,ปากกานิ่ม
r525,Z64jxi,เล่ห์รักคุณรอง | Englott |,THE_SUN
r530,Z650fx,รักเธอคนเดียว|อิงล็อต,รักเธอคนเดียว/อิงล็อต
r534,Z65ao9,อิงล็อต,",Da"
r536,Z65hdl,คนหวงพี่,นิดครั่งรักอิงล็อต
r538,Z65qvq,เราจะไม่ไปไหน.#อิงล็อต,Zx Nazaa
r539,Z65rk3,ผัวพี่มุก,good boy
r542,Z66a7w,Mare &lsquo;n Mar.,waratin_
r543,Z66eho,หึง หวง สะกดยังไง | ENGLOT,เพลิงพันธ์
r544,Z66soo,the moon is beautiful,เราแปกรู้ตัว
r546,Z66vnd,รัก ลึก ลับ,Black rock
r547,Z66xmc,พี่ตะวัน | englot,rurudekrek
r548,Z679p2,อิงล็อต🤍🌌,นมสดคนเดิม🍼💐
r550,Z67jnq,เรื่องราวของเรา - อิงล็อต,flowers🌻🤍
r551,Z67jtp,\\ชาชม//,อิงล็อต
r552,Z67k6w,พ่อเลี้ยงเดี่ยว|อิงล็อต,อยากกินโดนัด
r554,Z67skm,มาเฟียแอบรัก แม่สาวลูกติด | englot,พะโล้น
r556,Z6866m,ใสใส,IM.ERIKA
r558,Z68a8v,ไวท์|อิงล็อต,อยากกินโดนัด
r562,Z68nx1,May the world be kind to you. #englot,PEXR:⁠-⁠)
r564,Z68pcr,เมียแต่ง..👰👰,มุ้เร้ก🤍✨
r566,Z69dse,ตัวเล็กของพี่,แมวงอนมุเน้กแล่ว
r570,Z69ukr,หนูไม่อยากให้พี่ไปไหนเลย,aserdot
r571,Z6a44k,ความทรงจำสีเลือด #อิงล็อต,ข้ามีนามว่าดาวพลูโต
r574,Z6a8nh,เดือนหนาว : อิงล็อต,good boy
r576,Z6ahmi,พี่คนหล่อน้องตัวแม่ - ENGLOT,aserdot
r578,Z6ak9q,คู่รัก|ล็อตอิง,itplern
r579,Z6aoc2,คนโปรด,ฟีฟ่าเองงับ
r581,Z6arhi,เฝ้าดูเธอเรื่อยไป - ล็อตมุก,Fei Zhen
r582,Z6b6s6,เด็กคนนั้นลูกกูใช่ปะ?  | englot,พะโล้น
r583,Z6b7mn,อิงล็อต [TULIP] 🌷🖤,อนันต์ ตุงตุง
r586,Z6bidq,คนสุดท้ายก็คือเธอ|อิงล็อต,คนสุดท้ายก็คือเธอ|อิงล็อต
r588,Z6bkph,รวม One Shot | Englot,XAC
r589,Z6bmhh,ปลายฝันตะวันใจ |ENGLOT,warmtonight
r590,Z6bydq,เฟยเฟย | englot,momotaro
r592,Z6c5bt,Ginmir- ?,funff
r594,Z6chwq,แบดบอย👊|อิงล็อต,อยากกินโดนัด
r595,Z6cmt2,รักแท้แพ้19|อิงล็อต,อยากกินโดนัด
r598,Z6dimv,不知道！&sup2; 一 englot (佳),uetchap
r599,Z6disq,เก็บมันเอาไว้ในใจ&amp;brvbar;ล็อตอิง,itplern
r601,Z6dm6m,the North [englot],มะหม๋าา
r602,Z6do61,ซานคิดถึงอามุก,ORBRAK
r603,Z6e6tx,he is mine,We
r608,Z6eu0l,ติด - Addictive,bunnsweety
r611,Z6eyyk,รักนะเจ้าวายุ|อิงล็อต,อยากกินโดนัด
r613,Z6fgld,วิวาห์จอมปลอม | อิงล็อต,bitterhoney
r614,Z6fh4w,คุณหมอฟันที่รัก,สมุทรสีคราม
r617,Z6fo84,คนโปรด | ล็อตอิง,sm;)e
r618,Z6fpyc,พรมลิขิต|อิงล็อต,สาววาย
r619,Z6ft62,lucas,herpr4d
r620,Z6fxvb,letter.,waratin_
r622,Z6g226,younger sister'ยัยน้องของพี่| englot,เพ้อไปวันๆ~~
r624,Z6gksu,ประธานนักเรียนหลงเด็กม.ปลาย,Dis123
r626,Z6gxm9,ไม่มีสิทธิ์รัก,ไร้นาม
r631,Z6hf2y,หกเก้า,หอมหวล
r633,Z6hjdo,เมียท่านประธาน | Englot,Khunpal
r635,Z6hspn,แบบนี้ไม่เรียกเพื่อน|อิงล็อต,เค้กส้มเลิฟเวอร์
r636,Z6i9lq,รุ่นพี่|อิงล็อต,FEBRUARY YOU
r638,Z6ia7r,รักพี่แค่คนเดียวนะ😤,Meena
r640,Z6iddr,รักพี่มั้ย | อิงล็อต,A_ZENA
r644,Z6ikg2,ไนท์เก้า Cut,Tidnon
r648,Z6itpe,夜晚&sup3; 一 englot (月),uetchap
r653,Z6jo1t,แก้วยังซ้อนกันสองใบ,เนปปิเตอร์
r655,Z6jshk,friends? - อิงล็อต,flowers🌻🤍
r657,Z6k2by,JAOFA,IM.ERIKA
r658,Z6k3pk,判断​ - Englot,iamkhawww
r660,Z6k8iy,FWB : ความสัมพันธ์อันแสนเจ็บปวด,หนูนกฟ้า.
r663,Z6kcwd,คุณชาย | ENGLOT,เพลิงพันธ์
r664,Z6kfd8,ปิ๊งรักยัยซุปตาร์,หนึ่งน้อย'นัวเนีย
r669,Z6l8v9,รินเปิ้ล #englot,盼嘉
r674,Z6lket,จีบครับ|อิงล็อต,อยากกินโดนัด
r675,Z6lqd1,'5 l englot,มะหม๋าา
r682,Z6myld,hot fire?|englot,pearl lot
r684,Z6n00e,เนตรนัฐ,ตำเท้าไก่อร่อยนัว
r685,Z6n0g0,จําไม่ได้หรือไม่อยากจํา?  | englot,พะโล้น
r687,Z6nvby,ดอกไม้ในใจเธอ,อนันต์ ตุงตุง
r693,Z6omna,Butterfly - Englot,ดอกไม้เติบโตในใจ
r696,Z6ouiq,ดอกไม้ที่เหี่ยวเฉา|อิงล็อต,you&amp;l
r701,Z6pecd,พีชหงส์ - englot,sea
r703,Z6pnu4,lead me &mdash; englot,itssunflower
r704,Z6pp1s,ผอ.​สุดที่รัก,อิงล็อต
r709,Z6pvwl,&mdash; เส้นขนานที่ไม่บรรจบกัน? &mdash;,NTX
r710,Z6q355,รักสลับโลก,ดารินทร์
r712,Z6q5kh,พิบอสอย่าดุ,stun
r714,Z6qkjb,ญญ ฟิคสั้นๆ,าส่ส
r715,Z6qmce,"มัดใจคุณครู""แพรวา""",มูลัส
r716,Z6qq2h,ลมแล้ง | englot,promr&oacute;b
r717,Z6qqgn,[ อิงล็อต ]  ไหนว่าไม่ชอบ,NORA
r720,Z6qv1o,ไอ้โบ้🦴🐶| englot,เพ้อไปวันๆ~~
r721,Z6r05f,ยัยหน้าหวานป่วนหัวใจบอสขี้เก๊ก|อิงล็อต,ความฝันDream
r724,Z6r4t4,杨飞,herpr4d
r728,Z6ro5r,มากกว่าเพื่อน,ด้อมอิงล็อต
r733,Z6ru2y,กิจการที่รุ่งโรจน์,Z&amp;Z
r736,Z6ry98,คิดแต่ไม่ถึง,jenjen🩷🪻
r738,Z6s0mm,ความรักของ4คู่,ชายหญิง
r744,Z6sxpx,JAOKHA,IM.ERIKA
r747,Z6t14y,กลิ่นดอกไม้|ฟิคสั้น,เนปปิเตอร์
r752,Z6td03,ฉันและเธอ,J.chkchm
r754,Z6tmse,Simon Says | ENGLOT | LOTENG |,THE_SUN
r755,Z6tnxc,ขอ,0_.8
r759,Z6u2ej,ตึก C | อิงล็อต,โทษนะนิ่งๆแต่ยิ่งใหญ่
r761,Z6u7by,ธาราวารี,auixm
r763,Z6u9a9,เด้นเด้นของเบล | อิงล็อต,ดอกไม้เติบโตในใจ
r764,Z6uhpc,เลขาคนโปรด,อิงล็อต
r769,Z6ux49,มุกของไออุ่น,เค้กส้มเลิฟเวอร์
r770,Z6v0f4,กลับมาหาฉัน|อิงล็อต,ต้าวฟริ้งต้าวเเดง.
r771,Z6v3lt,เด็กหญิงอิงลิช,มู่ทู่
r772,Z6v4hw,เมืองน่าน | อิงล็อต,auixm
r773,Z6v5lv,หลงรักคุณเจย์,ไม่ให้!!!
r775,Z6v9ib,เด็กน้อยของแด๊ด,อิงล็อต
r776,Z6vd6f,เพื่อนเล่น.💐,จินจังง
r777,Z6vg46,ลูกหนี้ที่รัก - อิงล็อต,ไร้นาม
r778,Z6vjrg,พิชแซนด์ | อิงล็อต,sea
r779,Z6vljl,ขอบคุณที่ให้เรามาเจอกัน,เลิฟยูอิงล็อต🫶🏻💞
r782,Z6vwyn,แม่อุบล | อิงล็อต,good boy
r784,Z6w2ck,อ.ล,อิงล็อต❤️❤️
r786,Z6w3gb,บอสกับเลขา|Englot,englot_4465_
r787,Z6w4l5,อย่าลืมเจ๋ | อิงล็อต,มัมหมีจุ้บเร้ก
r793,Z6wh50,อิงล็อต,อิงล็อต
r795,Z6wl9l,หัวหน้าครอบครัว,อิงล็อต
r797,Z6wq95,เขามากับแฟนของเขา | อิงล็อต,LoveNovel Y
r799,Z6wxmw,อย่าเล่นกับอิงล็อต WITH ENGLOTTE,LoveNovel Y
r800,Z6wyjv,ยังคนรู้จักอยู่มั้ย?? (อิงฟ้าxชาล็อต),ข้าวคลุกพริกไทยค่ตเเซ่บ.!!
r802,Z6x8lj,รุ่นพี่โคตรห้าว | ล็อตอิง,K me
r805,Z6xh4v,ซูก้าซูก้ารูน หัวใจของเธอส่งให้เราดูแลนะ,Kalle Anka
r807,Z6xn0q,กลิ่นดอกไม้ เย้ายวน,เจ้าชิม
r813,Z6y25j,ไก่มาได้มับ - (englot),พร้อมพัง
r816,Z6y9nd,🐶Englotte🐰,ดรีมอิอิ
r819,Z6yd68,คืนนี้สเปซปะ!? | อิงล็อต,มัมหมีจุ้บเร้ก
r820,Z6yf2y,เด็กก็รักเป็นไหมอะ| อิงล็อต,ความรักสีชา
r823,Z6yxcn,นิรันดร์ | englot,เพ้อไปวันๆ~~
r824,Z703me,หมูปิ้งเตย| อิงล็อต,Hollybaby
r827,Z709vr,&mdash;pure.,momotaro
r830,Z70fd8,My lady. ผู้หญิงของผม,J81.
r831,Z70gk7,对手 &mdash; คู่แข่ง,24sannx
r835,Z70qm0,老师⁴ 一 englot (梓),uetchap
r836,Z70rp7,toxic (englot),ทานตะวัน 🌻
r837,Z70x4q,飛音 &mdash; เหยื่อเจอเหยื่อ,24sannx
r838,Z715c9,เพราะเธอ,good boy
r850,Z72fkb,ดอกไม้เหล็ก,eagle🦅
r851,Z72fxv,ดาหลาคนโปรด ; อิงล็อต,ii2meow
r853,Z72ijd,อย่ารอให้ถึงวันที่สาย,เค้กส้มเลิฟเวอร์
r854,Z72lq8,ไม่ชอบ(ชอบ),ea_rn.x
r868,Z73ih1,แอคเค่อ,herpr4d
r869,Z73ksx,刘飞 &mdash; เล่นของ,24sannx
r872,Z73ora,ยุทธนาวี,เจ้าพระยาปากกาลิขิต
r876,Z73uia,เธอ | Englot,theSee
r879,Z741kt,ไอต้าววยิ้มหวาน |อิงล็อต/อ่านฟรี,c.
r882,Z74css,นับเก้าไม่เนิร์ด,24sannx
r883,Z74da3,ชอบพี่ไม่ได้ชอบผัวพี่ซักหน่อย,MyR0616_
r886,Z74klv,When I fall in love - englot,Lily.
r892,Z751v5,溪流 &mdash; สายธาร,24sannx
r893,Z7532d,disappointment | englot,sandeekub
r894,Z7544j,宁丽 : หนิงลี่,THE_SUN
r895,Z75hl6,蜡烛 &mdash; เทียน,24sannx
r898,Z75ski,เราเกิดมาเพื่อคู่กัน |อิงล็อต,อชิ อชิรญาณ์
r902,Z75wvi,น้องหลินของพี่ภู|Englot,Mxon
r905,Z762jj,十方 &mdash; สิบทิศ,24sannx
r907,Z764np,เด็กใหม่|#อิงล็อต,kao:)
r908,Z7660u,blue only,Kxemm
r910,Z76afj,kiss,mostcute
r911,Z76ah3,Little |ENGLOT,paint punss
r912,Z76avy,Safe zone :อิงล็อต,P__7
r914,Z76dys,สามีลูกติด​|englot,yyyurii
r915,Z76fdn,summer | englot,chnsr
r918,Z76j5e,พี่ข้างบ้าน,Phugun y12
r920,Z76tnr,นักร้องคนโปรด || อิงล็อต,OEIOOM
r922,Z76vpl,คุณเพียงรัก | INGLOT,อ้ายหรั่ง
r923,Z76wtt,31 Day | englot,XAC
r929,Z77364,ยินดีที่ได้รู้จัก|Englot,imsxpxpxrnn
r930,Z775xv,คนพิเศษของบอส | อิงล็อต,มุกกี้เอง
r931,Z7782u,ไม่มีผัวมาเอากับพี่ | อิงล็อต,เพลิงพันธ์
r936,Z77do2,ถ้าปาฏิหาริย์มีจริง | englott,เพ้อไปวันๆ~~
r939,Z77gmb,Esther. | Englot,2704|
r942,Z77myo,WRU - Englot,ดอกไม้เติบโตในใจ
r943,Z77nba,พี่หวัง | englot,nongsingha
r945,Z77q0t,ผับพบรัก,ฟรีนเบคกี้+อิงล็อต
r946,Z77qlp,ฟิล์มยูขมจัง,ทานตะวัน 🌻
r947,Z77qvt,อิงเทียน,itdendenka
r951,Z782mu,CHR. loteng,Pro t.
r953,Z78598,เจ้ากุมารทองน่ารักกับพี่เจ้าที่ขี้งอแง,ฟรีนเบคกี้+อิงล็อต
r958,Z78dkh,ใสใส&sup2;,IM.ERIKA
r960,Z78f5m,Boss's Love,aa _arrtkung.
r963,Z78hjx,Diary Of Ren | Englot,theSee
r964,Z78hpg,วุ่นนักรักของแฝด | Englot,theSee
r968,Z78pk3,the morning | englot,aftermidnight
r971,Z78vqg,คุณคริสเตียน|englot,Newyeaxx
r975,Z796x0,ตันหยง,ตำเท้าไก่อร่อยนัว
r978,Z79b0u,PWP เธอขา..อย่ายั่ว #เหมืองฟ้าชาลอน,winterrose.248
r979,Z79dlt,เด็กใหม่🤤,แต่งโง่ๆคับ
r980,Z79dtp,ระลึกชาติมาพบเธอ | อิงล็อต,ติดกลิ่นดอกฝ้าย fanfiction
r981,Z79ekh,เอื้อยรอพี่ด้วย[ENGLOT],เจ้าปองายยย
r982,Z79fem,โลกสีชมพู,Hippoofei
r983,Z79g0s,แม่เลี้ยง|อิงล็อต,"อิงล็อต,ล็อตอิง"
r988,Z79kue,เด็กหน้าห้อง,Au_37
r989,Z79qjr,เพื่อนเก่า,เส้นพู่กันแห่งอารมณ์
r991,Z79ysg,แค่พี่น้อง-แน็กหลิว,Kewikoooo
r994,Z7a57u,เพื่อนที่ไหนเขา(ไม่)กินกัน,black like
r995,Z7afal,ยัยเด็กแสบ!!,love
r997,Z7ail5,สับสน|อิงล็อต,Khanittha.G
r999,Z7aj8g,เม้อเม้อหัวใจเหมย,Pat_28
r1002,Z7aw68,ลีไวน์ | อิงล็อต,talay
r1003,Z7b20x,puppy,golden
r1004,Z7b3dk,คุณพีร์คะ,C_chell01
r1006,Z7bb2v,ฉันมีแค่ความหวังเดียว|| อิงล็อต,คนคลั่งคู่อิงล็อตค่าา
r1007,Z7bdbb,ลมหนาว :),Pat_28
r1008,Z7bess,那个女孩,nalin
r1012,Z7brmr,สนิทใจ|อิงล็อต,ᴅᴀʀᴋᴍᴏᴏɴ
r1013,Z7bso6,รักข้ามภพ?|อิงล็อต,P_paris
r1014,Z7bsr1,อิงล็อต,คู่หมั้น
r1015,Z7bx46,เด็กห้องF,C_chell01
r1016,Z7by09,ไม่ต้องกลัว. |อิงล็อต|,my love.
r1017,Z7byg8,Go For It...ลองก่อนเดี๋ยวรักเอง : อิงล็อต,คิวคัมเบอะ🌓
r1020,Z7c8kj,Love In The Dark| อิงล็อต,ur in the RaiN
r1021,Z7c8pr,แด๊ดขา~{อิงล็อต},ไม่ได้ทำให้พี่เขาเสียหาย
r1022,Z7ccey,แฟนผมเป็นประธานนักเรียน | อิงล็อต,moxk_.10
r1034,Z7cvjl,-เพราะเป็นได้แค่เพื่อน[#englot],black like
r1035,Z7cwj5,หมอมีเกียร์,ลักสิพี่ล็อต
r1036,Z7d0vx,น้องเฉาก๊วย,อนันต์ ตุงตุง
r1041,Z7d459,Fit With Benefits | HEINA,ระย้า
r1042,Z7ddhk,Chuayrak University:[มหาลัยช่วยรัก] ss2,nacklui numวัน
r1043,Z7dguo,thalassophobia - englot,ouranophileyou☁️
r1044,Z7dh30,เพื่อนเล่น ไม่เล่นเพื่อน&mdash;อิงล็อต,P.
r1045,Z7dhm7,คืนสุดท้าย | englot,sirip
r1047,Z7djqb,เมียขายบริการ,แด่นิรันดร์
r1051,Z7dmpk,love me love my bunny / englot,custard+
r1052,Z7dog0,โลกใบใหม่ | englot,พ่ออุ้มเกี๊ยว
r1054,Z7drni,อาหมวยของเจี้ยน:Loteng,Au_37
r1056,Z7dsjj,ไฟทะเลss2,eagle🦅
r1060,Z7e5x9,รักคือฝันไป,เสี่ยวใจ
r1061,Z7e6wu,รับใช้มาเฟีย | ล็อตอิง,Morning Kiss
r1062,Z7e743,มีพี่เป็นมาเฟีย | อิงล็อต,ชาล็อตของพี่ฟ้า♡
r1065,Z7e834,pixlet,herpr4d
r1067,Z7eaof,แฟนผมมันเซ้อ|อิงล็อต🌻,อยากกินโดนัด
r1068,Z7eblv,กุหลาบเปื้อนเ-ือด|อิงล็อต,อยากกินโดนัด
r1069,Z7ecy6,จันเจ้า | englot,chnsr
r1071,Z7egxv,วิมลดาว | อิงล็อต,JNP
r1072,Z7ei8c,อย่าเล่นกับอิงล็อต WITH ENGLOTTE PART 2,LoveNovel Y
r1075,Z7eoix,#ครูปันมีแฟนยัง l englot,-.redinyou
r1077,Z7eteo,Do you think the same? | แน็กหลิว,NL_SNPL
r1079,Z7eugb,มิสแกรนด์/ENGLOT,/eng_lot\
r1083,Z7f43o,""" เจ้าขา """,Pat_28
r1086,Z7fk1g,วันไนท์,party_2539
r1087,Z7fsly,ร้านดอกไม้หลังหมู่บ้าน | englot,เทียนหอม.
r1088,Z7fuum,อิงล็อต,จุ๊ปมวล
r1092,Z7g88h,เธอคือลมหายใจ (แค่เธอ ซีรีส์2),หนึ่งตะวันพันดวงดาว
r1093,Z7g8mp,fanfah &yen;loteng&yen;,Pro t.
r1094,Z7gd4c,♡|&bull;พรมลิขิต&bull;|♡[อิงล็อต],แดง waratin
r1095,Z7ggfb,ปากดี,แครอตต้ม
r1096,Z7ggh6,สายเลือดพ่อปู่ | อิงล็อต,Morning Kiss
r1097,Z7ggu0,Mommy | englot,เทียนหอม.
r1100,Z7gmxs,เพื่อนสนิท,อ้ายซันคนดีคนเดิม
r1104,Z7h9pc,รักแรก,ปากกาสีน้ำผึ้ง
r1105,Z7hhvy,skypunch - Englot,ดอกไม้เติบโตในใจ
r1106,Z7hjbi,หลิวหยาง,ตำเท้าไก่อร่อยนัว
r1109,Z7ho1u,เมียหมอ,เค้กส้มเลิฟเวอร์
r1110,Z7hoqw,ก็แค่ใบสมรส,MyR0616_
r1113,Z7hrtt,เสือเจอเสือ | อิงล็อต,eng_lot_2012
r1114,Z7htdd,เด็กคนนั้นสวยว่ะ,Rattiya🤘
r1115,Z7hv6i,mariachi,ppurpy
r1117,Z7i1fc,มามี้หนูหรอ|อิงล็อต,ช็อคมิ้นแซ่บ
r1121,Z7i697,น้องอิงอย่าดื้อได้มั้ยคะ! | ล็อตอิง,Morning Kiss
r1123,Z7i88l,โอบเอื้อ//(englot),ผักดอง.
r1125,Z7i92w,แค่เพื่อนมั้ง?|อิงล็อต,ลูกเจี๊ยบ
r1126,Z7ib2k,ชาล็อตข๋าา,ไรท์
r1127,Z7ic3k,แม่บ้านคนโปรด,Au_37
r1128,Z7ic90,宁天 หนิงเทียน,THE_SUN
r1134,Z7ines,ตอนพิเศษ รักร้ายๆ,party_2539
r1135,Z7io9f,เมื่อไรเธอถึงจะพอ (แค่เธอ ซีรีส์1),หนึ่งตะวันพันดวงดาว
r1138,Z7itwv,ความรักลับๆ (EngLot),ภัทรอนันท์
r1139,Z7iv61,จักรวาลทานตะวัน | อิงล็อต,21july
r1140,Z7ivwx,แฟนเก่าคนโปรด&mdash;ENGLOT,P.
r1144,Z7j39k,คุณทิวาคะ | englot,คุณชาเสาวรส
r1145,Z7j3nb,เธอและฉัน,นกพิราบสีขาวในเงามืด🕊️
r1148,Z7jf36,เกมส์เมอร์ที่รัก - englot,MNP
r1150,Z7jhjw,นายต้นไม้ กับ ยัยเฌอรีน (แค่เธอ ซีรีส์3),หนึ่งตะวันพันดวงดาว
r1151,Z7jl24,หลังรักตากล้อง  (ตอนพิเศษ),party_2539
r1156,Z7jqj2,สายธาราหัวใจ (แค่เธอ ซีรีส์ 4),หนึ่งตะวันพันดวงดาว
r1160,Z7jvnu,Just a colleague ? | แน็กหลิว,NL_SNPL
r1161,Z7jvt6,เพื่อนเวร | อิงล็อต,waratin.
r1165,Z7jxyv,คะ ?   |อิงล็อต|,เซโนวววว
r1167,Z7k1w8,ง่ายๆเลย.|ล็อตมุก,🆁🅸🆅🅴🆁
r1169,Z7k619,#พี่แจนสโม |ENGLOT,warmtonight
r1170,Z7k8v2,คุณหม่อม - el mb nl,MNP
r1171,Z7kcu1,~ my ex girlfriend ~ |englot,ภัทรอนันท์
r1172,Z7kg61,ระยะเพื่อน (social distancing)| อิงล็อต,มัมหมีจุ้บเร้ก
r1174,Z7khqs,JR-NENE | englot,j.9xm
r1177,Z7ko2v,หลงรักตากล้อง📸,party_2539
r1180,Z7kr0e,บุพเพ&rdquo;ภพ&rdquo;รัก,หนึ่งตะวันพันดวงดาว
r1182,Z7kvbp,ก็อยากเป็นหมาให้อ่ะ!,คุณจินจันดา
r1183,Z7kw2h,one night stand,party_2539
r1184,Z7l08c,Sex is normal.💋 |englot|,x_2
r1186,Z7l6fq,พิชิตใจนายแบดบอย,หนึ่งตะวันพันดวงดาว
r1188,Z7l6k2,ชอบกาแฟ เพราะเรามีแกในใจ,หนึ่งตะวันพันดวงดาว
r1189,Z7l6pd,คู่จิ้นคู่จริง,หนึ่งตะวันพันดวงดาว
r1190,Z7l6vg,รักร้าย คุณคาร์เทียร์,หนึ่งตะวันพันดวงดาว
r1193,Z7l9mm,first love,มุ้เร้ก🤍✨
r1194,Z7lbs7,dream (englot),iasher
r1196,Z7ldff,หัวใจดวงดาว : Englot,I'm possible
r1198,Z7lgat,พี่คะ!-Englot,อยากกินพะโล้
r1199,Z7lhqq,หัวใจสามเจ้าเมือง (Omegaverse),𝕴-𝕯𝖎𝖓
r1205,Z7ltqh,ทฤษฏีสีม่วง,มิวโสดมากกกก
r1208,Z7lxwy,ฉันคนใหม่,มิวโสดมากกกก
r1210,Z7m1id,pure,mostcute
r1213,Z7m4dq,ปรกคนแปลก,Black rock
r1215,Z7m6hk,คนโปรด #อิงล็อต,ส้มจ๋วย
r1217,Z7ma7l,แม่สื่อก็อยากมีรัก#อิงล็อต,คนคลั่งนิยาย
r1218,Z7mc59,แน่จริงก็กลับมาห้ามเราดิ |englot|,ภัทรอนันท์
r1220,Z7mgve,ลองรักดู,หนึ่งสมองสองใจ
r1221,Z7mhay,คนโปรด |englot|[os],x_2
r1223,Z7mhpy,ลองฟังใจ - englot,วราติน.
r1224,Z7mmn1,พรหมลิขิต | อิงล็อต,เจ้า หมูปิ้ง
r1225,Z7mnvs,cheatingonU,Rlone
r1226,Z7mvm1,คนคั่นเวลา,季節 ฤดูกาล 🍀
r1228,Z7n0ii,ตระกูลวราติน|อิงล็อต|ฝ้ายล็อต,ชินอิจิเอง
r1229,Z7n3j7,พรีมลิน | englot,j.9xm
r1230,Z7n3vv,devil #ห้ามใจรักเจ้าปีศาจ | อิงล็อต,Smiley
r1231,Z7n4fb,พี่ภูอิงดาวคณะ,หนวดหมึก
r1237,Z7nre8,พญานาคกินคน | อิงล็อต,&hellip;&lt;3
r1246,Z7oahj,กลางใจ,PassionNo.Six
r1247,Z7objy,พรหมลิขิต |ล็อตอิง,orritt
r1251,Z7opq3,ไอ้เด็กเปรต|ล็อตอิง|,ป๋อมแป๋มกินไข่เจียว
r1253,Z7oth3,คู่ควร|อิงล็อต,อยากกินโดนัด
r1254,Z7ovyi,-My boo-|#Englot,PIEX EIEI
r1255,Z7p3k0,ฟิคสั้น|ช/ญ,N .
r1259,Z7pi2o,กล่องจดหมายข้ามเวลา | อิงล็อต,เจ้า หมูปิ้ง
r1266,Z7q4ff,สามีหนูเป็นภรรยาเค้าาาา|ล็อตอิง|,🄱🄰🄼🄿🅂🅃
r1270,Z7qbmd,รักแรก First love,ปรายฝัน
r1272,Z7qdkm,รักนี้(เธอ)มอบให้,แล้วพบกันใหม่
r1274,Z7qdsj,ความสัมพันธ์แบบไหน?,Kaem_m
r1275,Z7qeop,เสือสิ้นลาย : อิงล็อต,เพลิงพันธ์
r1277,Z7qlkf,อย่ารุนแรง|ล็อตอิง-ล็อตมุก,Whisper ที่แปลว่า กระซิบ
r1278,Z7qsbi,My love is like a storm🍃❤️&zwj;🔥,mysterious person
r1280,Z7qul1,รักครั้งสุดท้าย,ไร้เงา
r1284,Z7r0dt,รักนี้คุณหมอจอง,ความรักอันสวยงาม💐🤍
r1287,Z7rbh8,จีบ-อิงล็อต,LT มี๊สเเน็ก
r1289,Z7rh3j,อดีต.. Still love(ยังรัก),ปรายฝัน
r1291,Z7ripc,ภาคิน - englot,MNP
r1293,Z7rqs3,Key | Englot,Tainn.
r1295,Z7s0ie,มาเฟียจอมหื่น,อยากกินต้มไดโนเสาร์
r1298,Z7s2od,คุณภีม | englot,Khunpal
r1301,Z7s67f,แค่คุณ-LOTENG,K.WARA
r1311,Z7skkx,Number,jaojane
r1313,Z7son4,เบ้บคะ..,คุณเจ้าคะ
r1318,Z7sxho,แด๊ดดี้คะ🤫,คุณเจ้าคะ
r1324,Z7t9pu,ผมเท่|อิงล็อต,อยากกินโดนัด
r1325,Z7t9yc,ทีมต้องการเมจ!!,2002&rsquo;s
r1326,Z7tikp,ข้างกัน เหมือนเคย (Stand by You) #มีนเบ้บ,Masterpix
r1327,Z7tiqo,จุดกึ่งกลาง,บินใต้ลม
r1328,Z7tj60,王子 &mdash; เจ้าขา,24sannx
r1331,Z7tyrc,เกมส์รัก,เค้กส้มเลิฟเวอร์
r1334,Z7u0y3,See You 🤍,คุณเจ้าคะ
r1336,Z7u8dh,ทานตะวัน..,คุณเจ้าคะ
r1338,Z7u9kl,Her. | englot,j.9xm
r1342,Z7uqt9,รัศมีที่โลกเอียง|ไฮล็อต,kunkeiszyy
r1343,Z7usgl,ทฤษฎีจีบ : Englot,I'm possible
r1346,Z7uxja,梅林 &mdash; เหมยหลิน,24sannx
r1348,Z7v2sl,มัมOrเมีย (อิงล็อต),Z&amp;Z
r1349,Z7v2ue,รักมั้ยคะคุณหมอ,party_2539
r1350,Z7v35r,但還是：𝖤𝗇𝗀𝗅𝗈𝗍 ⚠︎︎,Y/N
r1351,Z7v4es,คุณแม่เลี้ยง(เมีย),Au_37
r1355,Z7vmx3,หนองหินงาม | englot,XAC
r1357,Z7vudm,Daisy,มู่ทู่
r1358,Z7vwm4,หวนกลับคืน,mostcute
r1360,Z7w12o,佳丽-เจียลี่,IM.ERIKA
r1362,Z7w3tu,คนโปรดของดาหวัน,MyR0616_
r1363,Z7w49d,เล่นของสูง,เป็นแมวงับ
r1364,Z7w505,จับลูกแม่เลี้ยงทำเมีย,I am the giver
r1366,Z7w7k5,ชญาณ์นิษฏ์ | Englot,sr.kxn
r1368,Z7wbsj,phada - englot,MNP
r1373,Z7wltu,หม่ามี๊มุกรินทร์ของนุ้งชาร์ล็อต|ล็อตมุก,🕸️Sawika🪼
r1374,Z7wm8n,one ning,นมสด..
r1376,Z7wq75,15th #แน็กหลิว,Mr..meowfan
r1377,Z7wvm5,เพื่อนแม่ #englot,suoc
r1378,Z7wwxc,อ้ายหล่อบ่น้อง,คนโหดกระโดดโขกกำเเพง
r1379,Z7x3sj,Gamer,mostcute
r1381,Z7x454,เด็กเสี่ย,PEERIA​  JATTURONGSAENG​
r1386,Z7xcas,มุกรินทร์,Xnpy.kx
r1391,Z7xlf5,Daisy,ꪔ̤̮
r1392,Z7xlm7,Best Friend|อิงล็อต,P__7
r1395,Z7xq46,remain | englot,j.9xm
r1396,Z7xrpn,อย่าลืมฉัน l englot,Aileen
r1397,Z7xxje,"""แพมจะเป็นของดรีมไง""",m.....
r1400,Z7yeo7,องค์หญิงโนร่า [ อิงล็อต ],ศรีเลิศ
r1403,Z7ypm7,NUEAFA,Golden's Charlotte
r1404,Z7yqfm,ชนม์พัศนภ,ปากกาสีน้ำผึ้ง
r1406,Z801q4,My Manager //ENGLOT,อยากชวนเธอกินซอยจุ๊
r1407,Z809uo,เป็นที่หนึ่ง - englot,MNP
r1410,Z80crf,โถ่คนดี พี่มาง้อ,view
r1411,Z80gk3,飛仙,Golden's Charlotte
r1413,Z80hd0,Yessir madam,srchebear
r1414,Z80l94,farinda,ppurpy
r1415,Z80ldi,"Yes,Madam - Englot",ดอกไม้เติบโตในใจ
r1416,Z80r9c,ท่านรอง,ทุ่งดอกกุหลาบ [Roosevelt]
r1418,Z80wqv,นางบำเรอ,PEERIA​  JATTURONGSAENG​
r1419,Z80ws9,พิชิตรักยัยมาเฟีย [เอเรน]|𝐄𝐍𝐆𝐋𝐎𝐓,𝐖𝐚𝐧𝐢𝐭𝐤𝐮𝐥🌼🌗
r1420,Z811ix,แฟนคนแรก #อิงล็อต,Engnapa
r1421,Z8130d,ขอให้เธอมีความสุข🥲  [ อิงล็อต ],Snowy_ice {Fulk}{TS}
r1422,Z813pb,ต้องลอง #อิงล็อต,the one11
r1423,Z8149a,คุณ​ชายsexจัด,PEERIA​  JATTURONGSAENG​
r1425,Z81ca3,QueenNIRA[ อิงล็อต ],ศรีเลิศ
r1432,Z81trd,เธอคนนั้น | ล็อตอิง,ขี้เกียจ!!
r1434,Z826q0,อันตรายกับหัวใจ,Goran
r1436,Z8288q,ทาส(รัก)แมว | Englot,ส้มจ๋วย
r1438,Z82bh4,เพื่อนแม่หรือเมียลูก|อิงล็อต,อยากกินโดนัด
r1441,Z82npo,ฌอน,Golden's Charlotte
r1443,Z82rgt,|NewJay|อิงล็อต ล็อตมุก,ds572
r1446,Z83opt,เจ้าปิ่นทองสุข | #ENGLOT #อิงล็อต,zeedsum
r1452,Z84w9o,ฟากฟ้าทะเลดาว| Yaya.ya,Yaya.ya
r1455,Z856f3,englot,แอร์
r1458,Z85ew4,ล่าแต้ม,PEERIA​  JATTURONGSAENG​
r1459,Z85srv,สามเหลี่ยม | englot,มะหม๋าา
r1463,Z86h73,vibes only 一 englot (os/sf),uetchap
r1464,Z86mmq,ไม่สม​ศักดิ์ศรี​,PEERIA​  JATTURONGSAENG​
r1468,Z86seu,เติร์ดคนแปลก,Golden's Charlotte
r1469,Z86taf,ลูกติด,PEERIA​  JATTURONGSAENG​
r1470,Z871x9,กาลครั้งหนึ่ง : Englot,I'm possible
r1472,Z878aj,ปราณปรียา | englot,บดีวรัดา
r1474,Z879r8,รุ่นน้องที่รัก | EngLot 🫂,e_l
r1476,Z87isq,บังเอิญพบทานตะวัน,krittharaawee
r1477,Z87jiv,คู่จิ้นฟินจริงป่ะ,Black rock
r1478,Z87jy7,แค่พี่น้องก็ดี|อิงล็อต,เอ็มเค
r1479,Z87muo,เล่ห์รักฉบับซุปตาร์,cinnamon
r1480,Z87myr,คุณ​นายติดsex​,PEERIA​  JATTURONGSAENG​
r1484,Z87tao,หนิงเหมย,MyR0616_
r1486,Z87vsg,ธรรมชาติ,Ppp_1
r1487,Z87y0j,True story Or The secret | อิงล็อต,TK
r1488,Z8802s,แอบรัก|อิงล็อต,เกรซคนเดิม
r1490,Z8832k,Everything is always under the sky|อิงล็อต,น้องเสื้อม้วง
r1493,Z88dks,เจ้าชั่งสวยยิ่งนัก : ENGLOT,เพลิงพันธ์
r1494,Z88g7v,อย่าอยู่ห่างฉัน ; englot,good boy
r1495,Z88jyx,บุพเพ &ldquo;ภพ&rdquo;รัก ss2,หนึ่งตะวันพันดวงดาว
r1496,Z88mwq,แฟนเก่าคนปรก(ปรกคนแปลก),Black rock
r1500,Z88sjp,เสี่ยคะ..,คุณเจ้าคะ
r1501,Z890q7,สัญญาทำไม?//อิงล็อต//,คนโหดกระโดดโขกกำแพง
r1503,Z898of,รักวุ่นๆของวัยรุ่นความรัก,อิงฟ้า
r1504,Z899ki,สัญญาทำไม?//อิงล็อต//,คนโหดกระโดดโขกกำแพง
r1505,Z899ok,ทิ้งไว้อย่างพอใจ,sky_lot_08
r1513,Z8a0iy,- ที่ ว่ า ง -,white bunny
r1517,Z8a8hu,ครูแล้วไงเอาหมด/ล็อตอิง,"อิงล็อต,ล็อตอิง"
r1520,Z8ant3,Element | น่านน้ำ,บินใต้ลม
r1524,Z8b83n,อย่าไป..|englot,พระจันทร์​ยังคงสวยงาม
r1525,Z8bbxk,ผมก็แค่บอดี้การ์ด (Omegaverse),Moon_2310
r1526,Z8bcyv,ดาวเดือน,ปรายฝัน
r1528,Z8bhqu,หลงรักผู้จัดการส่วนตัว,PEERIA​  JATTURONGSAENG​
r1533,Z8bon6,ครอบครัว 3 ธิ,อุนต๊ะน้อย
r1534,Z8butj,นาคินทร์ ( อิงล็อต ),ศรีเลิศ
r1536,Z8c15m,婷婷,Golden's Charlotte
r1537,Z8ccy5,เร้น,krittharaawee
r1541,Z8cl90,愛情如何？,อึ่งมีปีก
r1544,Z8cr17,ครุฑยุดนาค,good boy
r1545,Z8d1ar,หนูคือของป๋าเท่านั้น|อิงล็อต,海
r1546,Z8d3yc,Phetsai,Khunpal
r1549,Z8d83n,ลูกหมา : ล็อตอิง,Juntar
r1550,Z8d8w7,บาริสต้า,PEERIA​  JATTURONGSAENG​
r1551,Z8db0v,ลีแอนเจล | Loteng,wenbell
r1552,Z8db5t,ความรักที่หายไป | อิงล็อต,ฟริ้งของอิงล็อต
r1554,Z8df83,butterfly🦋 |อิงล็อต|,โกสไหมคะ?
r1555,Z8dgw5,คุณหนูขี้อ่อยอิงล็อต,ทรงA
r1556,Z8dhb5,เกมรัก กลลวง,อาราม
r1557,Z8djn4,มนต์นาคี,แมรี่แมวอ้วน
r1558,Z8dkht,น้องเพื่อนที่รัก | Englot,bleublur
r1559,Z8drhn,รักแรกของมาเฟีย|ENGLOT,Yaya.ya
r1560,Z8dwqo,เธอค้าบบ&gt;_&lt;,กระต่ายน้อยแสนซน🐰🫶🏻
r1565,Z8e5pd,ลูกเทวดา|แน็กหลิว,มือด้านด้าน
r1566,Z8e900,(ซีรี่ย์​ เบญจพยัคฆ์​)​  รักล่องเวหา​#1,ปลายกร
r1567,Z8eamm,พี่เจ็บมากหนูรู้ใช่ไหม,black like
r1568,Z8edu3,ยัยคุณหนูกับชาวสวน,ดาวหางฮัลเลย์☄️☄️
r1570,Z8elc9,อัสโฟเดล - ASPHODELความทรงจำฝังลึก [ อิงล็อต -ENGLOT ],nimnim:)
r1571,Z8elvt,แอบชอบประทานนักเรียน,อิงล็อต❤️❤️
r1572,Z8eojc,เพื่อนกลายเป็นเเฟน,อิงล็อต❤️❤️
r1573,Z8erjb,帕诺 &mdash; Pano,24sannx
r1576,Z8f18r,ที่สุดในโลกเลย,Mickymayz
r1577,Z8f32m,Garden,Golden's Charlotte
r1578,Z8f4f7,ห้องสมุด,2002&rsquo;s
r1580,Z8f85x,คุณโรส,IM.ERIKA
r1582,Z8f9e3,ลูกเจ๊ติ๋ม,Mickymayz
r1583,Z8f9iw,เพอร์พีท,Mickymayz
r1584,Z8f9pp,รักเลือกไม่ได้,Sauy Sa Bud
r1585,Z8fa16,โปรดส่งใครมารักฉันที,Mickymayz
r1587,Z8fgap,Can you be my meow,เป็นแมวงับ
r1588,Z8fk7i,วิวาห์ลวง(รัก),lomanoi_PJ
r1592,Z8fr0o,ลีโอ ลีน,ทุ่งดอกกุหลาบ [Roosevelt]
r1594,Z8fued,ลมหนาว|englot,ไม่กินชาเขียวช็อกโกแลต
r1596,Z8fvog,เด็ดดอกฟ้า|englot,พระจันทร์​ยังคงสวยงาม
r1598,Z8g1lv,สิ่งเล็กๆที่เรียกว่า&amp;hellip;รัก-ENGLOT,ENGLOT
r1601,Z8g6x8,#ไมโครเวฟ - อิงล็อต,sunset's
r1603,Z8gb16,หมู่บ้านแวมไพร์แสนสนุก\อิงล็อต,แดง วรหะ😊😊😊
r1604,Z8ge90,เพื่อน|ล็อตอิง,"อิงล็อต,ล็อตอิง"
r1605,Z8geid,ขึ้นชื่อว่ามีเจ้าของ,พี ยู เคฯ.
r1608,Z8gh98,ความรักของเรา💕 [ อิงล็อต ],Snowy_ice {Fulk}{TS}
r1613,Z8gw4d,ผู้บ่าวไทบ้าน​ | Phoo​ baw​ thai​ Ban.,NASA
r1614,Z8gwtd,อัยย์ญดา,คุณบอต้อออ
r1615,Z8h0q5,EL เส้นทางอิงล็อต,Englot🐇🪞
r1616,Z8h1bh,จีบยาก//อิงล็อต,sasinaonwong
r1617,Z8h28n,ตัวแสบ | englot,itssxnset.
r1619,Z8h44i,White Rose {ENGLOT},MN309
r1622,Z8heam,Technician boy (Omegaverse),mostcute
r1623,Z8hi9t,ก่อนที่เธอจะลืมฝัน#englot,pirk_thai
r1624,Z8hkqd,พักพิงอิงแอบ(รัก),Mickymayz
r1625,Z8hpy5,นฤภัค | EngLot,ชัญญาลักษณ์🪽
r1627,Z8i0v3,กลิ่นอายความรัก | ล็อตมุก,24sannx
r1630,Z8i8l4,ไอแฝด | อิงล็อต,ThaDa
r1631,Z8i959,รักนี้ใครกำหนด |meenbab,Monnoi56
r1633,Z8igw9,เพราะรัก..ออกแบบได้ [คูเป้],หนึ่งตะวันพันดวงดาว
r1634,Z8ihxo,พี่หมอ ขอร้าย,หนึ่งตะวันพันดวงดาว
r1639,Z8ir9n,เราจะไม่มีวันแยกจากกัน,ชานมไข่มุก
r1641,Z8iwxe,พ่อไมโครเวฟ!!,party_2539
r1642,Z8j0wd,ซุปตาร์ที่รัก,ว่างเปล่า/MWBM
r1645,Z8j4cw,คุณชาย |ENGLOT,yanisaa_ya
r1646,Z8j4id,หมอกบังจันทร์🌫️🌙,ลูกอมหวาน🍬
r1647,Z8j4n8,แม่ลูกแฝด|อิงล็อต,อยากกินโดนัด
r1649,Z8j78j,พี่ล็อตน้องมุก,party_2539
r1651,Z8jd87,#อลิสาหยุด-มีนเบ้บ,พี่เจ๋งเป้ง
r1653,Z8jf5q,ภาคทิชา,ฉลามนั้นชอบคุณ King.
r1654,Z8jfnv,คุณหนูมาเฟียกับคุณหมอสุดซึน,tttyeueiei
r1657,Z8jlts,แดดดี้ขา🥺,คิทแคทแค้กๆ
r1658,Z8jm81,คาราเมลแคนดี้,Mickymayz
r1660,Z8jrym,"umbrella , engaoom",hero
r1663,Z8jycf,หมอลิน(englot),mj__.0o
r1665,Z8k8l5,ด้วยรักและจากกัน,xmoon
r1668,Z8kcwh,หมาภาม : Englot,P.
r1672,Z8ki4q,Can't tell you | englot,itssxnset.
r1675,Z8kll5,At least look at the same moon,nalin
r1677,Z8kp7m,ตากล้องส่วนตัว,ทุ่งดอกกุหลาบ [Roosevelt]
r1680,Z8ksyd,ขึ้นชื่อว่าหมามีเจ้าของ,หิวข้าว!!!!
r1683,Z8kwgy,ธารน้ำของสายลม #อิงล็อต,g_Like.
r1684,Z8kyii,โจจะรัก | Loteng,wenbell
r1686,Z8l4sy,แค้น | ล็อตมุก,Poiyrr.
r1689,Z8laey,END ระวังสิ้นสุดทางเพื่อน | มีนเบ้บ,Monnoi56
r1690,Z8lbe0,ซึน | ล็อตมุก,sosay.
r1694,Z8lfvm,พิพิธภัณฑ์สำหรับเธอ,บักเคมเบะ
r1695,Z8lkha,𝗢𝘃𝗲𝗿 𝗧𝗵𝗲 𝗠𝗼𝗼𝗻,Chalita CH
r1698,Z8lob9,กำลังจะ,บักเคมเบะ
r1699,Z8lotc,คชาพันดาว |มีนเบ้บ|,yunmayu
r1702,Z8lqgf,การกลับมา,อ่านก่กดไม่อ่านก่กด
r1704,Z8lv9f,ชิงรัก,eagle🦅
r1705,Z8ly6f,เลนส์รัก ฟ้าลิขิต Gallery of Love - อิงล็อต,Albatross.wm
r1712,Z8m6ak,วุ่นนักกามเทพรักสี่ขา,Mickymayz
r1715,Z8mdam,ห้องม่วง|อิงล็อต,Jungle
r1721,Z8mol3,น่านฟ้าชาหอม #อิงล็อต,kawinlanoey
r1722,Z8mpkt,E to da L,mewki_mimi
r1725,Z8n0ge,Lipstick | englot,j.9xm
r1726,Z8n2rt,Tu es comme une lumi&egrave;re,ไม่ระบุ
r1727,Z8n3sy,เต็มสิบ|อิงล็อต,ทาสรักคุณอฟ.
r1734,Z8nggy,17 - มีนเบ้บ,Chalita CH
r1735,Z8ngka,เพื่อน. (รัก),ญารินเก่งฟุดๆ
r1737,Z8nk1a,ร่านรัก,PEERIA​  JATTURONGSAENG​
r1739,Z8nkwg,เมื่อรักถูกลิขิต,แปลว่าฉัน🖤
r1742,Z8npqg,เพราะรัก,MyR0616_
r1744,Z8nu8i,มาเฟียหลงเด็ก||ล็อตอิง,มุเร้กของมัมมี่
r1746,Z8nxg0,ถวิลหารสรัก | Longing for Love (LFL),𝕴-𝕯𝖎𝖓
r1748,Z8o1km,ยูแอล,Mickymayz
r1749,Z8o21v,เสือสิ้นลาย|แน็กหลิว,P.
r1752,Z8o8ul,ความลับคู่จิ้น|ล็อตมุก,太阳
r1754,Z8o9yo,รักร้ายนายมาเฟีย |อิงล็อต,แดง วราติน EC
r1755,Z8ocag,ตัวจริง |englot,IM.ERIKA
r1756,Z8octt,เกิดทีหลังก็เด็ด ลองมั้ย -​ มีนเบ้บ,สมรศรี&deg;
r1760,Z8oh9j,เบื้องหลังเมียโปรด,C_chell01
r1764,Z8ok78,ควินต์ | อิงล็อต,นับหนึ่งตะวัน
r1766,Z8osxy,เคียงข้างกัน - englot,MNP
r1768,Z8oyd2,รักนิรันดร์ของฉันและเธอ#อิงล็อต#แน็กหลิว#มีนเบ้บ(ญ.ญ.),บลูเดซี่
r1770,Z8p1r4,รักแรก|ENGLOT​,พระจันทร์​ยังคงสวยงาม
r1772,Z8p4k3,แฟนสองแฝด|Loteng,Au_37
r1773,Z8p4pa,พี่โซลของเจสซี่,Mickymayz
r1774,Z8p4r9,เต็มสิบ,pearl lot
r1776,Z8p6wo,พบรักที่ร้านข้าวมันไก๊,Mind Zx
r1778,Z8p8sj,Gates Sisters,BJG :)
r1779,Z8pa0v,เด็กฝึกงานสุดหล่อกับประธานขี้อ้อน|อิงล็อต,โอเพ้นท์🤓
r1781,Z8pc7r,แฝด,fery89
r1786,Z8pemv,เพื่อนกันมันส์ดี,LR VA
r1789,Z8pg46,ผู้ชายเลวๆ,อิงล็อต
r1790,Z8pgkx,ลับลับ|englot,พระจันทร์​ยังคงสวยงาม
r1791,Z8pi2j,จีบก่อนผิดไหม💫,ดาวหางฮัลเลย์💫
r1795,Z8ptdc,Nita,N&AElig; Ōver
r1798,Z8q09k,Phurin./englot,N&AElig; Ōver
r1799,Z8q95i,เด็กเสี่ยที่นี้เด็ด🤫,𝐕𝐈𝐄𝐖
r1800,Z8qadt,Whose cat?,ไม่ระบุ
r1803,Z8qngr,lonely  - มีนเบ้บ,Chalita CH
r1804,Z8qo71,อิงฟ้าชาล็อต💖🤟,สวัสดีฮ้าฟฟู้ววว
r1809,Z8qw4e,Wayward - มีนเบ้บ,Chalita CH
r1812,Z8qxcs,แฟนหนูเป็นประธานนักเรียน,yanisaa_ya
r1817,Z8rdy3,膠片相機! - englot,貓叫發喵喵聲
r1824,Z8rlrb,杰瑞 - มีนเบ้บ,Chalita CH
r1826,Z8rmu6,Touch Love (อิงล็อต),ดาวพลูโต
r1829,Z8rqwq,ไอน้องข้างบ้าน,Maary.55
r1830,Z8rtq9,ทิวาอย่าโหด | Omegaverse,เป็นแมวงับ
r1831,Z8ru3a,คุณหนูเศรษฐี กับมาเฟียปากแข็ง.,แต่งมั่วๆ
r1833,Z8s6c7,สำรอง,Balllllll.l
r1842,Z8sn52,skyandsea | englot,I'm possible
r1843,Z8soi4,อย่าปล่อยมือฉัน,moisture
r1846,Z8sum1,"น่านฟ้ามินตรา , Englot",เจ้าโฮม
r1850,Z8t116,รักไม่รู้ตัว|Englot,อิงล็อตตลอดไป💐🍷
r1857,Z8t5se,นิรันดร์|eternal,วานจันทร์
r1861,Z8ta1h,ไม่เคยเลือนจาง.,คุณญาริน
r1863,Z8thka,ผู้สาวไทบ้าน|Englot,อิงล็อตตลอดไป💐🍷
r1864,Z8tien,ประธานนักเรียน|ล็อตมุก,帕洛
r1866,Z8tmit,หล่อย,CL
r1867,Z8toqq,ความทรงจำที่มี :/ อิงล็อต,เพลิงพันธ์
r1869,Z8tu8l,(รัก) กะทันหัน,iSmile
r1872,Z8u0ac,อาจารย์ธีร์ที่รัก,Mickymayz
r1873,Z8u0el,⏳สื่อรักคำทำนาย 🐶🤍🐰,ปลายฟ้าสีหมอก
r1879,Z8uh16,EC,CL
r1880,Z8uh4p,แม่หมอ|ล็อตมุก,เจ้าปลาวาฬน้อย🐳
r1881,Z8uhji,คู่หมั้นคุณมาเฟีย,นางมะแงวกับนายแซลม่อน
r1885,Z8urd7,พี่จะอยู่ข้างเธอเสมอ,Alo_ne
r1886,Z8uri5,#2​ ธราที่รัก(ซีรี่ย์​เบญจ​พยัคฆ์)​,ปลายกร
r1889,Z8uush,แล้วแต่เธอ|อิงล็อต,อยากกินโดนัด
r1890,Z8uxh9,friend,mooyoung27
r1892,Z8uyc2,รักมัธยม,CL
r1895,Z8v0bq,รวมฉาก👉👈 ทุกเรื่อง,ม.มิ้นท์ วราติน
r1896,Z8v13q,ไวน์พีช| Englot,imdaisyyy
r1898,Z8v3bl,Our time - มีนเบ้บ,Chalita CH
r1904,Z8vfqj,มาเฟียกับลูกหนี้|อิงล็อต,มาเฟียกับลูกหนี้ | อิงล็อต
r1907,Z8vi4r,ก็ว่าจะไม่รัก,Mickymayz
r1908,Z8vjwr,policeman_,pearl lot
r1916,Z8w2yp,หวั่นไหว,💜🌻
r1922,Z8whmk,โลก2ใบของคุณหมอจอมหื่น,PEERIA​  JATTURONGSAENG​
r1923,Z8wkfv,ขวัญใจชาวเน็ต❤,ป๊อปเอาดาก
r1928,Z8wpe9,น้องรหัสเจ้าตัวป่วน,อิงล็อต
r1934,Z8wtey,ปิ๊งรักสลับขั้ว,Mickymayz
r1935,Z8wvd9,คุณหมอโลกสองใบ:)สำหรับในจอย,PEERIA​  JATTURONGSAENG​
r1937,Z8wx94,รันเด็กเนิร์ด🤓(หลิวแน็ก),Nam Kang
r1939,Z8x4gs,กลรักคุณ​ตำรวจ#3 (ซี​รี่ย์​เบญจ​พยัคฆ์)​,ปลายกร
r1948,Z8xdrn,Just forget it | Englot,wenbell
r1949,Z8xevo,เพื่อน.,ren
r1954,Z8xkve,บ้านนี้มีแต่เตา,โบว์สีฟ้า
r1957,Z8xu5p,แค่คู้จิ้น|อิงล็อต,อยากกินโดนัด
r1959,Z8xvx7,มาเฟียเมียกำมะลอ,Mickymayz
r1960,Z8y1d4,เฮียของหนูน่ารักที่สุด,Nadine
r1965,Z8y4ou,มาเฟียสายหื่น(หลิวแน็ก)ไอหื่นเอ้ย,Nam Kang
r1968,Z8yeod,แอบรัก[สาวข้างบ้าน]🐶🤍🐰,ปลายฟ้าสีหมอก
r1969,Z8yn5m,รักแค่เธอคนเดียว:อิงล็อต,ดำ
r1974,Z8yuoh,เรื่องวุ่นๆของพี่ประธานร.ร.,รักอันดีเยื่ยม
r1975,Z8yv3d,รักที่ต้องการเวลา,ปักเป้อ 💓
r1976,Z8yvsy,ทานตะวันของเธอ ; lotmook,P.
r1977,Z8yvy2,น้านิวคนสวย,Mickymayz
r1986,Z90bes,พี่เลี้ยงแวมไพร์(แน็กหลิว),Nam Kang
r1990,Z90e8j,𝖯𝖩 |อิงล็อต,Fqzxxv
r1992,Z90fru,อยากรักก็รักเลย,สุนิสา
r1996,Z90sv2,รักอิงล็อตสุดๆ,อิงล็อต(⁠｡⁠♡⁠‿⁠♡⁠｡⁠)
r2003,Z9197i,Until i found you,Mickymayz
r2006,Z91ddg,yes queen | englot,imdaisyyy
r2007,Z91hru,บังเอิญเจอ แต่ ตั้งใจรัก,Vincentian
r2009,Z91pvq,เพื่อนเก่า,"อิงล็อต,ล็อตอิง"
r2011,Z91uub,รักนี้มีแต่เธอ,รักอิงล็อต
r2013,Z92587,Kuttsukiboshi | englot,SiKhram.
r2014,Z926ta,enough,ถ้าอยากกินพะโล้ก้ไปกินราเม็ง
r2019,Z92d6h,แฝดที่แตกต่าง:),💜🌻
r2020,Z92dwq,นางร้ายป้ายแดง,รักนี้มีแค้น
r2021,Z92nrl,The Divorce หย่ารัก,มิตรเวฬา
r2026,Z93120,ลองรักนายมาเฟีย,Aum_kyn
r2029,Z93eia,👩&zwj;❤️&zwj;👩รักครั้งแรกของอัลลิดา🌻,ปลายฟ้าสีหมอก
r2031,Z93f9h,ใจร้าย | ล็อตมุก,Poiyrr.
r2033,Z93rs7,คุณพชร | englot,ฟอฟอ
r2039,Z94nnb,อิงล็อต,khaonarakjang
r2040,Z94rdx,ก็เพราะรักไง.|อิงล็อต,KA DA ken
r2041,Z94uqh,เสน่หา​ศิรารัก#4​(ซีรี่ย์​เบญจ​พยัคฆ์​)​,ปลายกร
r2043,Z94yoe,- เจ้าป๊อปอาย -|อิงล็อต|,𝐇𝐀𝐓𝐀𝐑𝐈_🪐
r2050,Z95v0a,5 2 รักลองใจ,Mickymayz
r2058,Z96f5h,JR,เป็นแมวงับ
r2062,Z96n8t,ฤดูกำลังเปลี่ยนแปลง - The seasons are changing,stories.el
r2063,Z96qp9,ตามรักคืนใจยัยตัวแสบ,ดวงดาวในเงาจันทร์
r2066,Z96xc0,Secret Mission (อิงล็อต),SIMILAN_WRH
r2069,Z97505,ชี้แจง ที่ไรท์หายไปนาน,ซูซูมี่
r2073,Z978rf,w&aacute;ng waris,ppurpy
r2074,Z97ay3,แต๊งค์กิ้วคาริส,Mickymayz
r2076,Z97e60,นายน้อยฮาชิ (ภาคต่อตามรักคืนใจยัยตัวแสบ),ดวงดาวในเงาจันทร์
r2079,Z97ylf,"พ่อหนุ่มคนซึน""อิงล็อต""",Peony_
r2080,Z9819p,คุณหนูดาน่ามาเฟียขี้วีน (ภาคต่อนายน้อยฮาชิ),ดวงดาวในเงาจันทร์
r2081,Z981a7,มาเฟียที่รัก[อิงล็อต],เอ็มเค
r2083,Z985r9,เพลงรักในวันลา,Mickymayz
r2086,Z98cjd,Golden | englot,imdaisyyy
r2087,Z98eex,หนิงเฟิง,MyR0616_
r2089,Z98jl5,Pinkploy,เป็นแมวงับ
r2091,Z98o66,นอนนาเลี้ยงไก่,สมรศรี&deg;
r2094,Z98xj8,เสิร์ฟรักร้อน ซ่อนรักร้าย,Mickymayz
r2097,Z998tk,ล่ารัก (ภาคต่อคุณหนูดาน่ามาเฟียขี้วีน),ดวงดาวในเงาจันทร์
r2113,Z9a84t,"""รัก""ไม่ต้องการเวลา",ท้องฟ้า
r2114,Z9abd2,เรารักกันที่ใจ|ออมมายด์,ผู้ถูกเลือกให้ผิดหวัง.🐶
r2120,Z9ayny,MY|ENGLOT,yusi
r2123,Z9b594,เพราะรัก-อิงล็อต-,น้องรักพี่
r2125,Z9b7l6,PM | Englot,mooyoung27
r2127,Z9ban2,เกมส์รักระเริงไฟ,ดวงดาวในเงาจันทร์
r2130,Z9bf70,My girlfriend.,ren
r2131,Z9bg21,ซุปตาร์กะล่อนกับแม่มดสาวฝึกหัด,ดวงดาวในเงาจันทร์
r2133,Z9bl6e,ไอ้ขี้ตื้อเอ้ย|มีนเบ้บ,ดุ๊กดุ้ย
r2136,Z9br5m,หลงเลยอ่อ,fasaiii
r2144,Z9c8qi,ป๋าข๋า[อิงล็อต].,โบโบ้_หอมฉุยยย
r2146,Z9cdwr,สายฝน||อิงล็อต,เชอร์
r2148,Z9cetd,คนโปรด | englot,itssxnset.
r2158,Z9d536,ทฤษฎีลมหนาว | englot,littlemiss
r2161,Z9d86r,อชิตะหัวใจเหนี่ยวไกรัก,ดวงดาวในเงาจันทร์
r2163,Z9dcmj,Akhin,เป็นแมวงับ
r2164,Z9dd0d,คุณคีน,ข้างเธอ✨
r2166,Z9dh0s,เปลี่ยน เพื่อนเป็น แฟน♡,ᴛʜɪᴍᴀᴘʜᴏɴ ɴxᴍxxɴ
r2168,Z9dwqo,"รัก""ผิดเวลา",ท้องฟ้า
r2169,Z9e8ys,her flowers ; ENGLOT,P.
r2175,Z9ehs4,คลื่นทะเล,I'm possible
r2176,Z9el34,เกมส์รักระเริงไฟ ภาค 2 (อิงฟ้าชาล็อต),ดวงดาวในเงาจันทร์
r2177,Z9erv7,ปล้นเก่งนักจับทำเมียซะเลย,Nam Kang
r2179,Z9f17h,ไม่สนจริงหรอ,คาร่า
r2180,Z9f3e5,ไม่สนจริงหรอ,คาร่า
r2181,Z9fa4g,น้ำหอมรอนริน,bixm_mm
r2183,Z9fho9,น้องเอื้อขา(ไอ้เจ้าหมาเด็ก),Mickymayz
r2185,Z9fo83,เพื่อนรัก(รักเพื่อน),PMI:123&amp;321
r2188,Z9fv5d,ความฝัน | NL,chibpee
r2189,Z9g7qi,บ่วงรักเสน่ห์หา,วาฬ24Hz
r2190,Z9g9kq,อนาคินมินตรา,Mickymayz
r2193,Z9gi4j,เพื่อน สนิทคิดไม่ซื่อ,ท้องฟ้า
r2195,Z9gmk8,Single father | englot,กลิ่นไอดินยามฝนซา
r2196,Z9gqs3,หลงรักนายบาร์เทนเดอร์​ -​ มีนเบ้บ,สมรศรี&deg;
r2197,Z9grmo,ธามฟางสลับร่างสร้างรัก,Mickymayz
r2200,Z9guvc,คนโปรด,eagle🦅
r2201,Z9gv2k,อย่ามาเล่นกับไฟ|Englto,มัมมี๊มุเร้กกก😾!
r2202,Z9gvs1,เฟยซิน|Englot,ไม่กินชาเขียวช็อกโกแลต
r2204,Z9h0os,เกลียดเธอไม่ลง,อย่ามาอุ๊ดอี๊ดนะ
r2205,Z9h5jv,lovestorey,handtyping
r2212,Z9hgpw,เกมส์รักระเริงไฟ ภาค 3 (ล็อตมุก X มีเฌอ),ดวงดาวในเงาจันทร์
r2213,Z9hixs,เป็นเธอได้ไหม,ว่างเปล่า/MWBM
r2216,Z9hjk6,Secret love bar in the basement  | อิงล็อต,bitterhoney
r2217,Z9hk65,รักทางไกล🐶🐰- อิงล็อต,Englot
r2218,Z9hl6t,เกินหน้าที่,คุณดอกไม้
r2219,Z9hoiy,รอ,กาลินดา
r2220,Z9hwn2,ฉัน(แอบ)รักเธอ|อิงล็อต,อยากกินโดนัด
r2226,Z9iei6,เพื่อไรวะไอ่ชาย,อย่ามาอุ๊ดอี๊ดนะ
r2230,Z9il01,เขาว่า อินทร โคตรเด็ด || เอ็กซ์​&times;รูแปง,KINGSS💸
r2232,Z9ill5,หวัดดี&hellip;.รุ่นพี่ที่รัก,เจ้าราหู🌑
r2238,Z9iwvd,จะผิดไหม ? ถ้าเผลอมีใจให้รูมเมท,Mickymayz
r2239,Z9j0ja,secret (englot),iasher
r2245,Z9jf5p,ภาวนา | Englot,txńɢ͜͡★
r2246,Z9jfyk,what |มีนเบ้บ,yusi
r2248,Z9jioi,คุณหนูวุ่นวายกับคุณชายโอเลี้ยง,ดวงดาวในเงาจันทร์
r2249,Z9jk0g,ซ่อนเสน่หาราชาวดี (อชิตะหัวใจเหนี่ยวไกรัก ภาค 2),ดวงดาวในเงาจันทร์
r2251,Z9jkcc,เสิร์ฟรักเจ้าชายอสูร,ดวงดาวในเงาจันทร์
r2252,Z9jnfe,หวังอี้เทียนหลง อิงล็อต,อัศวิน แห่งรัตติกาล:)
r2254,Z9jrf5,กฎคืออย่าหลงรักโฮส,party_2539
r2257,Z9jxkw,Kear| อิงล็อต,Karsyn
r2258,Z9jy8u,ผัวพี่มุก|อิงล็อต,243_pim
r2261,Z9kbxc,รักครั้งยิ่งใหญ่ของหมาเด็ก,นักเขียนใหม่
r2262,Z9khfg,Not a fanclub but a fankup|englot,littlewhxle
r2263,Z9khll,cup noodle &amp; coca cola,2002&rsquo;s
r2266,Z9kl94,วิศวะติดแพทย์ | Englot,300likeforpremier
r2270,Z9ksa9,The rapper | Englot,300likeforpremier
r2273,Z9kupp,แฟนคลับคนโปรด,คอกี้
r2275,Z9kvqm,K.FIRST,P__7
r2276,Z9kw7n,หลงรักสาวขายขนมจีบ,น้องอร
r2278,Z9l0i9,สองโลกคู่ขนาน | อิงล็อต,เบ้บ
r2281,Z9l60m,มิรา/มีนเบ้บ,อย่าอ่อมๆๆๆ
r2282,Z9l6b6,รักกันได้มั๊ย... นายคนซึน,เจ-ริญ
r2283,Z9l6bc,"เมีย""จำเป็น""",ท้องฟ้า
r2287,Z9la17,วิวโปรดคือเธอ,ทานตะวันของอิงล็อต
r2289,Z9ld63,ระยะห่างที่พิเศษ&lt;3,ความรักอันสวยงาม💐🤍
r2290,Z9le7s,ตระกูลบ้าอำนาจsexxxxสำหรับในจอย,PEERIA​  JATTURONGSAENG​
r2293,Z9lhbk,ภรรยาคุณภูผา | Inglot,ยำมะม่วงอัดกระป๋อง
r2306,Z9mbp5,ครามเพรช,PMI:123&amp;321
r2313,Z9moem,ทาสรักอสุรา,ดวงดาวในเงาจันทร์
r2314,Z9mouu,นภาธร มาดามร้อนรัก,ดวงดาวในเงาจันทร์
r2315,Z9mp7j,รมย์รุส (นา) สุดทางรัก,ดวงดาวในเงาจันทร์
r2316,Z9mpij,รั้งท้ายปลายรัก,ดวงดาวในเงาจันทร์
r2317,Z9mppr,time | มีนเบ้บ,ไก่ทอดป่ะจ๊ะ
r2318,Z9mraf,เสน่หาเพชรฆาต ภาค 1-2,ดวงดาวในเงาจันทร์
r2319,Z9mtft,รักหวนคืน,เจ้าผัก
r2321,Z9n1bx,ภรรยาจำเป็น,Kan_G
r2322,Z9n64j,ฮอตเนิร์ต|อิงล็อต,โบโบ้_หอมฉุยยย
r2323,Z9n6i1,น่ารักๆ💦,PN.
r2326,Z9n8jg,"""เมีย เชลย""",ท้องฟ้า
r2327,Z9nahb,ตลาดสดกำหนดรัก,Mickymayz
r2328,Z9nc3w,เพียงเอื้อม,ดวงดาวในเงาจันทร์
r2329,Z9ncfc,ล่าฝันพนันรัก,ดวงดาวในเงาจันทร์
r2330,Z9nchn,ปัจฉิมสวาท,ดวงดาวในเงาจันทร์
r2335,Z9nwc7,เสียงในหัวใจ|อิงล็อต,อยากกินโดนัด
r2338,Z9ocwl,Tantawan🌻|englot,SERENDIPITY
r2339,Z9odxv,friend|อิงล็อต🐶🐰,Nuclear💣
r2341,Z9ohwy,แสงทานตะวัน|ENGLOT,Sunflower Light
r2342,Z9oixc,รักได้ไงไอ้คนบ้า,PMI:123&amp;321
r2346,Z9oq93,ปฏิเสธไม่ได้ว่ารักเธอ,Mickymayz
r2347,Z9oqt6,ไอ้เด็กเนิร์ดเอ๋ย,แล้วเจ๊จะวีนเพื่อ
r2349,Z9ote2,เพื่อนอินเลิฟ|แน็กหลิว,มัมมี๊มิลค์เลิฟ
r2353,Z9p0j4,บอดี้การด์สุดหล่อ,ฟริ้งของอิงฟ้า
r2356,Z9p6hp,ซ่อนรักss1,Night club
r2358,Z9pcdy,คนสวยขาของ คุณอิน | Englot | Omegaverse,ง่วงนอน
r2368,Z9po1o,รักไปแล้ว,สองเก้ากุมภา
r2369,Z9ppa4,รวีกานต์,I'm possible
r2373,Z9q0d1,รักแต่นี้จะรักต่อไป,แฟนคลับอิงล็อต
r2374,Z9q2es,แตกแยกระหว่างเราสองคน,แฟนคลับอิงล็อต
r2377,Z9q3op,หนูน้อยของลูกพีช,แดง วราติน
r2379,Z9qdpc,บังเอิญ | ENGLOT,^'KN.-TAWAN-&deg;
r2381,Z9qqk6,ป่วนหัวใจคุณหมอจอมหยิ่ง,Mickymayz
r2384,Z9qt9l,ทาสรักอสุรา ภาค 2,ดวงดาวในเงาจันทร์
r2385,Z9qu3o,นายบ้านนอกกับสาวในกรุง|อิงล็อต,อยากกินโดนัด
r2386,Z9qyfp,มนต์ฮักสาวกรุง#อิงล็อต,Ramirez
r2388,Z9r5ek,อิงล็อต แค่เพื่อน,ซี
r2391,Z9r6yy,รักที่เป็นไปไม่ได้,ENGLOT
r2392,Z9rboj,เธอเพียงคนเดียว - อิงล็อต,น้อนตุ้วว
r2401,Z9rrg7,ช่างภาพคนโปรด #jinma,khingkhatakhrai
r2403,Z9rt3p,เด็กพี่อิง|อิงล็อต,Zenpoko
r2404,Z9rv7g,พระรอง,NNC_10946
r2409,Z9s4ox,ทุกพื้นที่ของหัวใจ💘| Englot.,ลูกอมหวาน🍬
r2413,Z9sa10,หลานเมีย,คาร่า
r2414,Z9saf0,90s,ปลายกร
r2415,Z9sg1v,แค้นรัก#อิงล็อต,Ramirez
r2416,Z9shsj,冰星  ดาว,jess_pxh4
r2418,Z9sicr,แฟนเก่าคนใหม่ | LOTENG,P.
r2420,Z9srij,คาเดลล่า รักครั้งใหม่กับไคล์คนเดิม,ดวงดาวในเงาจันทร์
r2421,Z9srvm,ชาหอมชาอุ่น ละมุนตุ้นวุ่นวายรัก,ดวงดาวในเงาจันทร์
r2422,Z9ss4c,อย่าบอกรักอยากบอกรัก,ดวงดาวในเงาจันทร์
r2423,Z9ssb9,ลวงรักนักต้มตุ๋น,ดวงดาวในเงาจันทร์
r2424,Z9ssga,เก็งนักกำไรรักสามพันเปอร์,ดวงดาวในเงาจันทร์
r2433,Z9thjy,สังหรณ์เวท,24sannx
r2434,Z9to11,คำมั่นสัญญา|อิงล็อต|,โบโบ้_หอมฉุยยย
r2439,Z9u7n5,คนของม่านฟ้า,MyR0616_
r2442,Z9ugs9,คู่ฆาต - engaoom,炸腰子
r2444,Z9ukqm,หมอลำ // englot,good boy
r2452,Z9uyvk,วันนี้ก็คือพรุ่งนี้ของเมื่อวาน,เด็กน้อยพิทักษ์ความคิด
r2454,Z9v2nn,เธอไม่ได้สอนให้ฉันรักเธอ,Mickymayz
r2458,Z9v6jo,แท๊รรคุ้นน,คุณบอต้อออ
r2463,Z9vmt5,ลืมไปแล้วว่าลืมยังไง,alon_📷
r2464,Z9vp0h,แอบชอบ|อิงล็อต,อิงล็อต
r2467,Z9vvxc,รักข้ามรั้ว,KHUNMINT.
r2473,Z9w3a6,มีกูไว้ไม่ตา/ย|อิงล็อต,อยากกินโดนัด
r2475,Z9w607,แค่ลูกจ้าง|englot,SW_♡
r2476,Z9w6tf,ธีรักษ์กันตพิชญ์,𝓜𝓤𝓜𝓧 𝓒𝓗𝓐𝓡𝓜 ✎ ◡̈⃝
r2480,Z9we1k,JAOSUA,IM.ERIKA
r2482,Z9wfsh,ท้องฟ้า - อิงล็อต,นุ่มนวล
r2484,Z9wi2g,รักของเราฉันและเธอ|มีนเบ้บ,243_pim
r2485,Z9wj9x,เธอเค้าและฉัน #อิงล็อต,AUM
r2492,Z9ww2v,แล้วเราจะได้รักกันไหม,แง่ว แง่ว
r2497,Z9x655,เฟยหลง,อย่ามาอุ๊ดอี๊ดนะ
r2500,Z9xeej,พี่พีคไม่ผัว,Mickymayz
r2503,Z9xhbx,หลงรักครูสาวฝึกสอน,จ้าวแซม
r2504,Z9xhon,คุณหมอสุดหล่อกับยัยพยาบาลขี้หึง,PEERIA​  JATTURONGSAENG​
r2510,Z9xsal,ภาพจำ [มี E-Book],party_2539
r2524,Z9yqwa,คุณหมอภาคเหนือ|อิงล็อต,NU:)
r2529,Za019d,อ่อยไปทั่ว,ลูกอีหน่อแตด
r2532,Za05wl,พรหมลิขิต1,aa _arrtkung.
r2535,Za0ar0,เก็บรัก | จ๊าบหลิน,Monnoi56
r2538,Za0jqs,|My boss |,alon_📷
r2539,Za0jr6,แล้วเราจะได้รักกันไหม?,alon_📷
r2540,Za0m6k,พี่ภีม|englot,sodaaa
r2544,Za0q9v,จากใจเมียบอส|อิงล็อต,Beam.B/B
r2547,Za0ud8,ฟ่างฟ่าง|Englot,ไม่กินชาเขียวช็อกโกแลต
r2550,Za17os,พ่อหมอธีธอน|อิงล็อต|,NEETiKA
r2551,Za187d,ฝนหมอก | englot,minqy
r2554,Za1caa,รักเธอเกิ๊น,เตี้ยเองคับ
r2556,Za1k50,รักว้าวุ่นของวัยรุ่นโพผัว,PMI:123&amp;321
r2561,Za1pwx,สวมเขา,PEERIA​  JATTURONGSAENG​
r2562,Za1s3j,ชาของอิง,คาปูชิโน่
r2565,Za1vvp,คุณพราวตะวัน&sup2; | englot,P.
r2570,Za2029,หมอมายด์คนสวย,PMI:123&amp;321
r2571,Za25f3,ได้แค่นี้ ก็ดีเกินพอ,supa(เขียนผิดบ้างขออภัยนะคะ)
r2579,Za2f6v,จับเฮียน้อยเข้ากระด้ง,supa(เขียนผิดบ้างขออภัยนะคะ)
r2582,Za2fpt,นางเอก | Englot,ucancallmedaisy
r2586,Za2k5y,เผลอไปรักเด็ก|จ๊าบหลิน,05
r2591,Za318q,หมาเด็กของเธอ,ข้างเธอ✨
r2597,Za36y2,รักครั้งหนึ่งของฉัน,L_Layla
r2599,Za3am8,นายช่างเปื้อนปูน,จ้าวแซม
r2606,Za3iui,รอยฝันแต่ปางก่อน,majesty
r2607,Za3jmq,คู่โจร,ก้าวสามถอยสี่
r2614,Za3rmv,Athena - englot,เจ้านางมาริน
r2618,Za3wlf,Perfect love,Mickymayz
r2621,Za42is,Lines of love รอยหมึกบนหัวใจ,เส้นพู่กันแห่งอารมณ์
r2622,Za44m9,ศรีศักดิ์ ( อิงล็อต ),ศรีเลิศ
r2627,Za49vy,พยายามไปก็เท่านั้น[อิงล็อต],พยายามไปก็เท่านั้น
r2629,Za4dbg,พี่จินจะเสียงดังเพื่อ!!  [จินม่า],ศิลาวัลย์
r2630,Za4dgv,แอบรักเพื่อน||จ๊าบหลิน,จ๊าบหลิน
r2635,Za4i23,ฉันไม่หายไปไหน,viewwe.
r2636,Za4ii0,ดาวเหนือ|จ๊าบหลิน,ไอ้ไรท์เตอร์
r2637,Za4j6q,แอบชอบน้องเพื่อน||จินม่า,จินม่า
r2666,Za5sq2,ไลฟ์การ์ด,party_2539
r2669,Za5y8b,ห่างไกล|อิงล็อต,ทุ่งดอกทานตะวัน [ Narisara ]
r2676,Za6akg,ฮอตเนิร์ต&sup2;,โบโบ้_หอมฉุยยย
r2677,Za6bb6,ของขวัญขวัญข้าว รักกันแค่วันเมา,ดวงดาวในเงาจันทร์
r2678,Za6c9t,รั้งท้ายปลายรัก ภาค 2,ดวงดาวในเงาจันทร์
r2679,Za6cgj,นภาธร มาดามร้อนรัก ภาค 2,ดวงดาวในเงาจันทร์
r2680,Za6cpk,เมี๊ยวเมียวของป๋า,ดวงดาวในเงาจันทร์
r2691,Za6lc8,มากกว่าน้อง,สองเก้ากุมภา
r2703,Za6tvo,บาปรัก (นิรันดร์),ดวงดาวในเงาจันทร์
r2706,Za6v34,เพื่อนกัน(คิดอะไรอยู่),อิงล็อต
r2720,Za7alw,บังเอิญรัก | เดนิสมิ้ม,banana_
r2725,Za7i3q,รักวัยรุ่น //อิงล็อต,moisture
r2735,Za7r4o,เพื่อน(ไม่)สนิท|englot,อลปฟก
r2739,Za804a,ทะเลหมอก | อิงล็อต,ISOYBAD
r2740,Za813h,ของพี่เฌอ,saddayli
r2744,Za850x,ลูกหนี้ที่รัก,จ้าวแซม
r2746,Za87im,อิง' อิงล็อต (จีบติดป่าว),อิงล็อต
r2749,Za8bsl,击败菲亚  โซเฟีย,jess_pxh4
r2751,Za8gji,อย่าซึนได้ปะ,มินเตอร์
r2758,Za8pg1,หนุ่มวิศวะ | Inglot,ยำมะม่วงอัดกระป๋อง
r2759,Za8qo4,รับจ้างรักไม่จำกัดเวลา,Mickymayz
r2761,Za8rru,ความทรงจำ,มินเตอร์
r2772,Za9503,พี่หมอ | Englot,I'm possible
r2774,Za995s,บอกฉัน,กล้วยน้ำว้า
r2777,Za9fqd,อิง  &amp;  ล็อต🩷,อิงล็อต
r2785,Za9nkx,ครั้งแรกเจอ(จ๊าบหลิน),meen.606
r2802,Zaabjb,ท่านประธานเย็นชากับเลขาสุดป่วน#อิงล็อต,นิวน้อย
r2803,Zaacpw,หลงเสน่หา (เมี๊ยวเมียวของป๋า ภาค 2),ดวงดาวในเงาจันทร์
r2825,Zaax7s,รักจะอยุ่ตลอดไป,กล้วยน้ำว้า
r2827,Zaaywm,ทิศสิบ,pearl lot
r2837,Zabdla,love|อิงล็อต🐶🐰,Nuclear💣
r2847,Zabmb7,เหนือฟ้า &bull; Englot &bull;,Midnight sky
r2850,Zabnpq,剥夺 กีด - กัน,ดาวพันดวงตะวันวิม่านฟ้า
r2863,Zac0pl,สายฟ้า,ตัวละครลับ
r2865,Zac8bk,โลกอีกใบ | ENGLOT,Mr.สลัดผัก
r2868,Zacc3c,sometimes รักกัน (คั่น) เวลา lอิงล็อต,EL_MB​
r2869,Zacc3d,ใต้เงาทิศใต้,eagle🦅
r2890,Zad1d0,ไปเถอะเธอไปที่ ที่ดีกว่า,yarinda
r2902,Zadhy9,รักของเรา?,BB fiction
r2906,Zadmyr,บอดี้การ์ดหัวใจ,Chawa cw
r2911,Zadsj1,ของเล่นผู้ใหญ่|ENGLOT(กำลังแก้ไขข้อความ),TP write
r2916,Zadu7g,ความลับของบ้านคุณอร,sxfnn08
r2923,Zae0my,โซ่พันธะ,Kan_G
r2940,Zaeika,...,เจ้าดวงจันทร์
r2944,Zael6d,แอบรักแฟนแม่,PEERIA​  JATTURONGSAENG​
r2956,Zaesdc,ห้ามรัก..คดีหย่าร้าง,Mickymayz
r2976,Zafi5h,คนของเจ้า,thwxaps
r2979,Zafm1c,ชีวิตเเอบรักม.ปลาย,supa(เขียนผิดบ้างขออภัยนะคะ)
r2984,Zafrlm,เลว|อิงล็อต,อยากกินโดนัด
r2989,Zaful2,PIKUN,ตำเท้าไก่อร่อยนัว
r3022,Zagnyy,ปะป๊าขา~ | ล็อตอิง,Morning Kiss
r3031,Zagyel,Clause of Desire &ndash; เงื่อนไขรัก / Englot,MyR0616_
r3033,Zah174,รักผูกใย  ใจผูกพัน,เจ้าโบโบ้
r3039,Zah3bk,"สามีในนาม , Englot",เจ้าโฮม
r3040,Zah3ep,"love hurts , Englot",เจ้าโฮม
r3044,Zah6c0,คุณหมอคะ,alon_📷
r3045,Zah6dd,ขึ้นใจ |[OS],alon_📷
r3047,Zah7se,รักที่ไม่มีวันเลือนหาย:อิงล็อต#,bacon cheese
r3048,Zah7t3,นานแค่ไหนฉันก็จะรอ - อิงล็อต,เจ้าขุนตะวัน
r3053,Zahcod,ผู้กำกับ | Englot,ucancallmedaisy
r3065,Zahkry,กรงกรรมแห่งรัก  - อิงล็อต,เจ้าขุนตะวัน
r3071,Zahshw,เพื่อนเช่า เอาเท่าไร?,party_2539
r3073,Zahsw3,สองใจ | jaoaye,เจ้าทิวลิป
r3077,Zahvhp,บทเพลง | Englot,orritt
r3079,Zahw9w,เมียคนสวย,@ sagittarius
r3080,Zai0u7,คนซึนก็มี(หัวใจ)🦦🧡 |จ๊าบหลิน,titinadda
r3092,Zaia4k,คุณแฟน,กระต่ายน้อยแสนซน🐰🫶🏻
r3098,Zaig6v,เกียร์อยู่ที่ใจ ใจอยู่ที่เกียร์ | อิงล็อต | แน็กหลิว,พระอาทิตย์
r3105,Zaikrs,นี่ฉันหลงรักเจ็ตัวเองไปแล้วหรอเนี่ย | อิงล็อต ช-ญ,อิงล็อตเท่านั้น
r3125,Zaja30,สาวหรั่งกับบ่าวเด็กแว๊น(นอกใจss2)|englot,ชาเขียวหวานน้อยใส่ไข่มุก🍵
r3132,Zajhc2,หนิงหรง,MyR0616_
r3154,Zak1jb,เฌอแตมอะตอม | englot,chichayu
r3168,Zakf19,"ธารหมอก , Englot",เจ้าโฮม
r3171,Zakgxv,กอด|อิงล็อต,supa(เขียนผิดบ้างขออภัยนะคะ)
r3174,Zakk5j,รักซ่อนตัวตน |ENGLOT,^'KN.-TAWAN-&deg;
r3186,Zakt52,รักนะยัยคุณหนูซื่อบื่อ,ăť&oslash;m
r3212,Zaljko,ภูผา | Inglot,ยำมะม่วงอัดกระป๋อง
r3234,Zam3i4,แย่งรัก,Mickymayz
r3256,Zaml5p,รสริน,kuku
r3257,Zaml71,อยากกินเลย์ที่ไม่ใช่ขนม.,Dania.
r3260,Zammru,one night standคืนเร้าร้อน,PEERIA​  JATTURONGSAENG​
r3273,Zan5xl,เคียงข้าง | ENGLOT,Life Alone
r3279,Zan9pq,ป๋าอ้วนเอิร์ธ เมต้าเวิร์สเชื่อมรัก (เมี๊ยวเมียวของป๋า ภาค 3),ดวงดาวในเงาจันทร์
r3287,Zanj1d,ของเล่นผู้ใหญ่&sup2; |ENGLOT,TP write
r3292,Zanln1,แฟนฟิค,Mickymayz
r3297,Zanotn,ข้างเธอ,blue rose💙
r3305,Zansnt,serendipity บังเอิญ โลกกลม พรหมทำหล่น,ภูติอักษร
r3309,Zanvtj,tattoo artist,pls
r3315,Zao666,มาเฟียแดนมังกร🐉,มังกรโอบโลมา
r3321,Zaoa39,เรื่องระหว่างเรา | อิงล็อต,oxxxy
r3330,Zaoll1,ธุรกิจรักของยัยเจ้าเล่ห์,KaiKai69
r3334,Zaovqk,หมาแล้วไงว่ะ!!!||แน็กหลิว,love you too baby
r3345,Zap9tl,ดาริน|อิงล็อต,บักแก๋ว
r3359,Zapu32,อิงล็อต🙊❤️,อิง ล็อต
r3361,Zapww0,กำแพงใจ,ชิปไปเรื่อย ชิปทุกคู่
r3372,Zaqc86,อิงล็อต  เลิฟเวอร์❤️,อินนนนนนน
r3386,Zaqnyk,อลันรัก,เจ้าโบโบ้
r3387,Zaqp9w,ข้าวเปียก เล่ม 1 - อิงล็อต,ดวงดาวในเงาจันทร์
r3389,Zaqpch,รักกันวันพรุ่ง,ดวงดาวในเงาจันทร์
r3391,Zaqpdj,เหนี่ยวรักหน่วงใจ,ดวงดาวในเงาจันทร์
r3392,Zaqpdu,พี่หมอขอรัก,ดวงดาวในเงาจันทร์
r3404,Zaqylt,อมล,sarah heavenbrat
r3405,Zar25q,แล้วเราจะได้รักกันไหม,Mickymayz
r3416,Zardp2,It's complicated (EngLot),happyytime
r3417,Zardry,ชั่วคราวหรือค้างคืนตลอดไป,Mickymayz
r3418,Zarf9t,Lady boss นายหญิงของเจล่า,Mickymayz
r3433,Zarr4f,ลี่ซือ|Englot,ไม่กินชาเขียวช็อกโกแลต
r3440,Zarxb2,อิงล็อต,อิงล็อตต
r3449,Zas5m0,มนต์รักลุงเฉิ่ม,ดวงดาวในเงาจันทร์
r3455,Zasal7,สังวาลย์นิรมิต,ดวงดาวในเงาจันทร์
r3458,Zasci0,NASA - ENGLOT,universes
r3462,Zasert,เฮียจะแต่งสะใภ้เข้ามาเพิ่ม/อุ้มล็อต,พี่วราของน้องเค้ก💜
r3477,Zasrrx,ลบเลือนจากใจ |ENGLOT,พิจิกเมอร์ซี่
r3487,Zat1vv,เด็กใหม่,แล้วเจ๊จะวีนเพื่อ
r3523,Zau7f8,"โอบกอดลดา , Englot",เจ้าโฮม
r3526,Zaudw1,เจ้าของบาร์,NueaSainam
r3533,Zauj1c,คุณป๋าของหนู มีนเบ้บ,สมรศรี&deg;
r3534,Zauj7j,ร้ายให้รัก ENGLOT,NueaSainam
r3535,Zaumwg,Single Daddy,NueaSainam
r3547,Zav5fj,ArJay TATTOO,NueaSainam
r3549,Zav5ur,พี่หมอของซาน |ENGLOT,^'KN.-TAWAN-&deg;
r3553,Zav9fo,อิงล็อต++,อินนนนนนน
r3554,Zav9u9,ปรานพุฒิ - englot,wichyou
r3587,Zawcb5,คนสวยของพาย - อิงล็อต,ไรท์แฟนฟิคอิงล็อต🫶🏻
r3589,Zawdd6,ดอกทิวลิป,ไรท์แฟนฟิคอิงล็อต🫶🏻
r3596,Zawlq9,เมียสอง,NueaSainam
r3597,Zawlyx,pretty woman,ppurpy
r3608,Zawxt2,ทางเดินหัวใจ  |  อิงล็อต,Life Alone
r3609,Zax2h1,เจ้คนสวย,ไรท์แฟนฟิคอิงล็อต🫶🏻
r3611,Zax3cw,first time |Englot,moon🌘
r3616,Zaxaqt,"กลายเป็นรัก , Englot",เจ้าโฮม
r3617,Zaxbu8,my mom | ENGLOT,N_mm
r3620,Zaxfej,คุณหนูเชอริน,smile ^_^snnn
r3623,Zaxlxg,รัก...ร้าย,MyR0616_
r3625,Zaxne0,ความบังเอิญ :อิงล็อต,ดวงจันทร์
r3639,Zay4yh,พี่ชอบไนท์,น้องหอมแดง🧅
r3643,Zay6r6,แม่หมอ/englot,englot🖤👻
r3645,Zay892,รักไม่ได้ | Englot,ทานตะวัน
r3648,Zaybhq,คือเธอใช่มั้ย|englot,ยืนงงที่ดงไม้
r3650,Zaybya,เหมืองรดา,NueaSainam
r3657,Zaym2b,รักเเรกของเเพทย์หญิง,จิ้มจุ่มมม
r3658,Zaymgn,บังเอิญพบรัก | Englot,I'm possible
r3661,Zayr7q,พี่น้อง สาธารณะนัย,ดวงดาวในเงาจันทร์
r3666,Zaywg9,อิงล็อต,litaaaaaaaaa
r3674,Zb019b,แอบรักดาราสาว🤍.,Praewa Zx💫
r3677,Zb0608,ไม่อยากแทนที่ใคร...,Chanjira2323
r3679,Zb085l,อิงฟ้าชาล็อต,อิงฟ้าชาล็อต💗🫰🏻
r3680,Zb0abx,Nakhin|ENGLOT,TP write
r3684,Zb0erw,เมืองรามจันทร์ผา,eagle🦅
r3689,Zb0hsv,เด้นๆของเค้า😘(อิงล็อต),Tammai4524
r3693,Zb0jw7,how to ออกจากเฟรนด์โซน | Englot,Mickymayz
r3694,Zb0kp9,นางคือของข้าของข้าคนเดียว | ล็อตมุก,อิงล็อตเท่านั้น
r3701,Zb0suv,คุณชายตระกูลต้าน l อิงล็อต,EL_MB​
r3704,Zb0v2c,รัณญา:):อิงล็อต,มือที่เขียนไม่ได้เรื่อง
r3706,Zb0xin,- ไฮโซสาวกับสาวไร่สวน -,หนึ่งตะวันคั่นดวงดาว
r3707,Zb0xxq,รักร่านsex,ไร้ตัวตน
r3710,Zb13le,แค่อยากบอกรัก,ไรท์แฟนฟิคอิงล็อต🫶🏻
r3713,Zb15o8,ข้าวเปียก,ดวงดาวในเงาจันทร์
r3714,Zb15rd,ร้ายนักรักแม่มเลย,ดวงดาวในเงาจันทร์
r3715,Zb15uy,หมาตุวนึง,ดวงดาวในเงาจันทร์
r3716,Zb15w2,หินหยดลงน้ำ,เป็นแมวงับ
r3721,Zb1d7h,แฟนเก่า &brvbar; มีนเบ้บ,ยี่สิบสามธันวา
r3726,Zb1l0m,คุณจะให้อภัยผมไหม/englot,englot🖤👻
r3734,Zb1xlp,อิงล็อต,"ไนท์,ไอลิน"
r3743,Zb25c2,Little child,บักแก๋ว
r3744,Zb26ng,kenzo|englot,sodaaa
r3756,Zb2jew,emptiness|englot,sodaaa
r3764,Zb2q96,สายชล|englot,SERENDIPITY
r3777,Zb38pp,อิงล็อต😜❤️,อินนนนนนน
r3778,Zb3afb,ชดใช้หนี้หรือเพราะรัก|อิงล็อต,sunflower__
r3784,Zb3gx3,ภรรยาเฟิงหรง#อิงล็อต,ทุ่งดอกทานตะวัน [ Narisara ]
r3795,Zb3ns4,ทำไมตอนเธอไปฉันไม่ร้องไห้ | อล นล มบ,อิงล็อตไม่เคยคบกัน
r3803,Zb3wje,รูเมท,อิงล็อต
r3810,Zb456p,อิงล็อต,อินนนนนนน
r3813,Zb47pr,เมษาที่แล้ว,BUNNyBlue_
r3820,Zb4cxf,รอยนาคา,ภูติอักษร
r3823,Zb4fle,อิงล็อต,อินนนนนนน
r3824,Zb4gql,"I need money, not honey",Mickymayz
r3830,Zb4ldk,แค่พี่น้อง? Just a sister,MyR0616_
r3852,Zb5aaw,เพศใดก็รักกันได้!,ไรท์แฟนฟิคอิงล็อต🫶🏻
r3854,Zb5b46,พี่ผมขอโทษ|เดนิสมิ้ม,เดนิสมิ้มมันหวาน.
r3869,Zb5tlj,พี่ล็อตผัวแฝด,⋆ ˚｡⋆୨୧˚ลาบูชิงชิง˚୨୧⋆｡˚ ⋆
r3875,Zb61ol,เธอใช่ไหม เจ้าของหัวใจ,กุหลาบหินสีม่วง
r3877,Zb63kd,ขอให้ฉันได้เลือกเอง มีนเบ้บ,สมรศรี&deg;
r3884,Zb6ajx,ติวเตอร์คนสวย | ล็อตมุก,ahmxr.
r3887,Zb6fdv,โอบกอดที่ฉันคุ้นเคยและจะเป็นโอบกอดสุดท้าย,Ladda🌻
r3890,Zb6jic,Tattoo artist.,บักแก๋ว
r3895,Zb6ob7,รักเธอแต่แรกพบ | EL,อิงล็อตไม่เคยคบกัน
r3904,Zb6t5y,เพียงชลาลัย | อิงล็อต,As._. 🤍
r3908,Zb6w9e,ฉันสิคนชนะ,pixmacash
r3915,Zb72e0,อิงล็อต,อินนนนนนน
r3916,Zb72qo,เมอร์คะ,zerozxn
r3920,Zb77a9,ปฐพี ต้องพบ,KaiKai69
r3925,Zb79dj,แฟนเก่า(คนโปรด.),Biońgā . แป๋วแหว๋ว.
r3942,Zb7t1j,ร้ายให้รัก|ล็อตอิง,เจินเจิน
r3960,Zb8i8j,รักของเด็กมหาลัย,bright
r3961,Zb8j57,สายลม ของ วาโย,KaiKai69
r3962,Zb8j8e,สายน้ำ...ไม่มีวันหวนกลับ,KaiKai69
r3963,Zb8jk7,ดวงอาทิตบรรจบขอบฟ้า,KaiKai69
r3964,Zb8jsl,แบ่งกันคนละครึ่ง | อิงล็อต,อิงล็อตเท่านั้น
r3972,Zb8q0f,Saitha🦮||englot,.g
r3977,Zb8v17,รักวัยใส วัยเรียน #อิงล็อต,ไอ้โบ้
r3982,Zb8xro,เธอและฉัน,𓆟 หมอนซับน้ำตา𓆝
r3985,Zb90d6,เกิดใหม่ |อิงล็อต,ออมสิน
r3989,Zb948v,อรัญ​ญะนฤเคนทร์#5(ซี​รี่ย์​เบญจ​พยัคฆ์)​,ปลายกร
r3990,Zb94ba,follow your heart,ouranophileyou☁️
r3997,Zb9aox,รักที่พบ💖,รักอิงล็อต
r4002,Zb9ed5,ปอนด์พันดาว,Mickymayz
r4004,Zb9fgu,Good boy |ENGLOT,TP write
r4005,Zb9fm1,กลับบ้านที่ชนบทอยู่ดีๆก็ได้เมีย | ล็อตมุก,อิงล็อตเท่านั้น
r4009,Zb9h7d,หนิงเซียน,MyR0616_
r4010,Zb9hmw,KAMEL [ENGLOT],BlueRose.
r4046,Zbaboc,"เพราะ""รัก""",ปลายกร
r4052,Zbaed4,หนีป๊าไปหารักแท้,สมรศรี&deg;
r4068,Zbb0p6,Coincidence-EL,ธาราธร
r4069,Zbb0ub,หมาเด่กหิวนม,คีบผม
r4071,Zbb1yi,พลาดเลยรัก,EngLot_isReal
r4078,Zbbdde,เพื่อนเค้าทำแบบนี้หรอ,englot.
r4083,Zbbhnv,เทียนหยด | Englot,runnnnnnc
r4085,Zbbkrg,"Friend zone , Englot",เจ้าโฮม
r4087,Zbbmw0,ปาณิสรา,ซูซี่ขยี้ใจเธอ
r4107,Zbcg76,อิงล็อต,สนุกบอกทางใจ🤟🏻💞
r4112,Zbcj1v,ครูสุดที่รักก | อิงล็อต,ไรท์เองง
r4121,Zbd0w1,วิวาห์ฟ้าแลบ #อิงล็อต,ไอ้โบ้
r4134,Zbdgfg,วาริชนรินทรา,E C P P
r4141,Zbdjs1,แอบชอบรุ่นน้อง,ราพันเซล🤟
r4142,Zbdk74,รักแรกพบ|อิงล็อต,คนนอกท่านหนึ่ง
r4143,Zbdm71,ขออีกครั้ง,zerozxn
r4152,Zbe6uq,Earned It,BUNNyBlue_
r4155,Zbe9b5,เพลงรักเพลงแรก,เป็นแมวงับ
r4159,Zbeck6,รอยยิ้มของความรัก   |ENGLOTT,เด็กหญิงพระจันทร์เสี้ยว
r4162,Zbegc8,PLEASE (อิงล็อต),แอลทีที
r4176,Zbfda9,ไออุ่น | ขุนเขา,Golden's Charlotte
r4180,Zbfjxp,จีบก่อนผิดมั้ย|อิงล็อต,นุปิงตกถังสี
r4197,Zbg24y,ปลายฝนต้นหนาว เหมาะแก่การตกหลุมรักใครสักคน,SunshineMyBoo
r4204,Zbg61o,คุณภรรยา |ENGLOT,^'KN.-TAWAN-&deg;
r4208,Zbgafa,5พี่น้องมาเฟีย,ก๊อบลิน
r4218,Zbgedi,เศษ |englot|,Late night vibes
r4219,Zbgf63,เลิกลาพยายามเลิกรัก | Englot,O R E N
r4220,Zbgf6s,เหมือนเคย มีนเบ้บ,สมรศรี&deg;
r4221,Zbgf8a,เจ๊มิว [อิงล็อต],Coralie Moon🌑
r4246,Zbhhwk,Pearl | englot,7day
r4250,Zbhisi,I love you to the moon and back,Mickymayz
r4265,Zbi124,ดั่งดวงใจทวีภพ,I am the giver
r4271,Zbi78b,พี่หมอของน้องอิง,TNTR
r4287,Zbiii8,คุณแม่เลี้ยงเดี่ยว,TNTR
r4289,Zbil5r,ลมหนาว คริสต์มาส ปลายดาว - englot,wichyou
r4290,Zbilc6,ตามหาสาวพรหมจรรย์,PEERIA​  JATTURONGSAENG​
r4300,Zbir5a,มีเธอเฌอไมล์,PeachperMint
r4312,Zbj3r9,หล่อนไม่ใช่นางสาวสยามคนต่อไป - อ่านฟรี,สร้อยอุบล
r4316,Zbj6ey,ความทรงจำ|englot,j4ik4r
r4326,Zbjbh4,พี่น้องหรอ?🤔,อทิตยา ฯ.
r4343,Zbjmbn,ความรักของเด็กมหาวิทยาลัย,รักการแต่งนิยายอิงล็อต
r4356,Zbk2gm,lysb,NueaSainam
r4368,Zbklw4,favorite ; englot,Thunnus
r4377,Zbkvl3,ปะป๊าแพรดาว,pixmacash
r4380,Zbl2he,ไม่คู่ควร |จ๊าบหลิน,สมตุ๋ย
r4393,Zblhvk,หนิงลี่,MyR0616_
r4396,Zblkjj,พี่ประธานนักเรียน | อิงล็อต,oxxxy
r4398,Zbll7m,พ่อเลี้ยงเดี่ยว |ENGLOT,^'KN.-TAWAN-&deg;
r4405,Zblrsf,Daddy #อิงล็อต,คุณเหยิน
r4408,Zblwrf,เเฟนเก่า:อิงล็อต,น้องจม่า
r4420,Zbmbr2,คู่กัดคู่กัน ชญ.,ไอ้โบ้
r4432,Zbmhdw,เเฟนนักร้อง/เเน็กพัดชา,Dakhop
r4439,Zbmqqd,รักร้าย ของมาเฟีย,KaiKai69
r4456,Zbn98a,ผู้ร้ายปากดี🖤,ราพันเซล🤟
r4457,Zbn9hf,ณัชนกานต์|englot,k
r4471,Zbnkgw,ติณน์ธารา,NueaSainam
r4475,Zbnmc8,ระหว่างเราและเขา|อิงล็อต,music4289
r4494,Zbo4p9,Fifty percent,เป็นแมวงับ
r4514,Zbouvp,Avalyn,เป็นแมวงับ
r4523,Zbpa2v,พันดาว|Englot,ไม่กินชาเขียวช็อกโกแลต
r4524,Zbpc0d,สวัสดีคุณผีที่รัก,Mickymayz
r4525,Zbpcg2,รอยเลือดบนกระดาษ,Ladda🌻
r4535,Zbpryg,doctor pert|ENGLOT,TP write
r4551,Zbq5cc,d.dent ; englot,Thunnus
r4571,Zbqhjq,เจ็บไม่จำ,TNTR
r4573,Zbqipe,เจ้าแมวน้อยยxอิงล็อต,link
r4574,Zbqiq7,ธีวาฬ,NueaSainam
r4576,Zbqjvb,ขุนเขา ภูผา #อิงล็อต,ไอ้โบ้
r4581,Zbqp8a,แค่ที่รัก?|ENGLOT,Focu_s 2012👍
r4589,Zbqw3v,I'm not number one - bm,bakl
r4592,Zbqxv5,ลืมแล้วว่าเป็นหัวหน้า.,แฟนคลับอิงล็อต
r4595,Zbr173,วิศรุฒ - Englot -,silxrzm._
r4605,Zbr7mt,Love Diary. by englot,Pro t.
r4607,Zbrfwp,รักต่อไปยังเป็นเธอ,แฟนคลับอิงล็อต
r4611,Zbriny,ระวังไม่ได้เป็นพี่น้อง,มาอ่านกันเถอะ
r4617,Zbrm3y,วิวาห์กลลวง,Thank_Thank
r4618,Zbrncj,เกศริน|Englot,iamsxnsu
r4619,Zbrng1,Erin,เป็นแมวงับ
r4628,Zbrwis,คีตะวัน,คุณเหยิน
r4629,Zbrxpe,Correctdogtype | อิงฟ้าชาล็อต,เจ้าม๋าขาว🖋🐶
r4640,Zbsamk,Destiny |ENGLOT,TP write
r4656,Zbsqpi,ย้อนกลับมาที่เดิมที่ฉันเจอเธอ | อิงล็อต,อิงล็อตเท่านั้น
r4663,Zbswyv,ผัวออกสาว |LOTENG,T-TAWANNNNNNN.
r4666,Zbt0bx,ไอริส,mafiin
r4669,Zbt4w4,se-a ; englot,Thunnus
r4672,Zbt763,หัวใจของไดชิ,NueaSainam
r4677,Zbtd43,นักเลงแล้วไง,แฟนคลับอิงล็อต
r4700,Zbtxg2,มาเฟียหญิง |Englot,Zhin_.
r4710,Zbu8a3,ป่านทอปอถัก,Mickymayz
r4719,Zbul4r,อุปสรรครักต้องเลือก|อิงล็อต,music4289
r4742,Zbv72x,April,เป็นแมวงับ
r4757,Zbvkae,ตะวัน....ฉันรักเธอ,KaiKai69
r4762,Zbvowi,ลูกสาวเจ๊ | ENGLOT,บะหมี่น้ำ ไม่กินผัก
r4781,Zbw42r,แฟนเก่ากลับใจ,Mellowfah
r4783,Zbw56r,เป็นแฟนกันนะ(อิงล็อต),อิงล็อต
r4808,Zbwtyb,นายบอดี้การ์ดปากเเข็ง|อิงล็อต,I MARRY ME
r4824,Zbxb1k,ตกลงเลือกเราหรือมัน | ล็อตมุก,อิงล็อตเท่านั้น
r4825,Zbxdqv,คุณ' อา | อิงล็อต,กาแล็กซี่ 💫🌙
r4827,Zbxfgn,เหนือเกล |ENGLOT,^'KN.-TAWAN-&deg;
r4853,Zby995,จดจำ | อิงล็อต,ภูเอเอหรืออชิภู
r4857,Zbybj6,daughter ; englot,Thunnus
r4860,Zbyd58,รู้มั้ยว่าชอบ|อิงล็อต,I MARRY ME
r4862,Zbygt9,เศษความรัก,คุณฮูกฯ
r4863,Zbyhaq,สัญญาหน้าฝน | englot,ppedpro
r4890,Zc065c,คุณพริษฐ์|อิงล็อต,เวลโดร่า
r4892,Zc07d9,เด็กเสี่ย//อิงล็อต,เป็ดก้าบๆ
r4893,Zc08hy,สาม หนิง,มอนออออ
r4897,Zc0bnk,รุ่นพี่ที่รัก❤️|อิงล็อต,อิงล็อตต🐶🐰
r4903,Zc0e2x,เฉิงคุน|englot,T.333
r4910,Zc0olo,พี่ประธานของหนู|ENGLOT,ยัยน้ำสุดน่ารัก
r4913,Zc0pk3,ความรู้สึกเริ่มชัดเจน,k.
r4914,Zc0qtc,รักก็บอก | Englot,I MARRY ME
r4919,Zc12hy,คุณแวมไพร์ทที่รัก|อิงล็อต,link
r4920,Zc14kw,ประธารชิน|อิงล็อต,คนนอกท่านหนึ่ง
r4926,Zc17an,ลูกแฝดสอง/Englot,แค่ฝัน
r4943,Zc1jdr,รักในเดือนดาว/อิงล็อต,เเค่ฝัน
r4945,Zc1jrv,ไม่มีวันจาก/อิงล็อต,แค่ฝัน
r4951,Zc1o7r,รอยล่ามรัก,pixmacash
r4954,Zc1odu,ปกป้องหัวใจคุณนายมาเฟีย,Mickymayz
r4955,Zc1ok9,แอบ(คิดถึงเสมอ) | Englot,I MARRY ME
r4956,Zc1pjb,FWB   | lotmook,@ sagittarius
r4960,Zc1sie,ลดาวัลย์,เขียนฝันที่วาดไว้
r4961,Zc1sul,เหมือนฝัน|อิงล็อต,คนนอกท่านหนึ่ง
r4964,Zc1uvj,เจ้..||Englot,หมิงฮั่ว
r4995,Zc2obu,ทำไมถึงชอบดื้อจังคะ! | ล็อตอิง,Morning Kiss
r5001,Zc2vqy,แหวนเพชรสื่อรัก,_.hxyqtee._
r5003,Zc2xhk,ร้ายให้สุด หยุดที่รักเธอ,The moon light down
r5004,Zc2yk9,เธอคนเดียว|Xinarisx,องศาเซลเซียส&deg;
r5011,Zc35gq,is real - englot,ไก่มาได้มับ?
r5014,Zc37nn,โชคดีนะ🖤🥀,ทุ่งดอกไม้สีดํา
r5016,Zc39y8,เพียงเธอ|englot,คนนอกท่านหนึ่ง
r5022,Zc3dwt,คุณราฟาเอล |ENGLOT -{omegaverse},TP write
r5038,Zc3s0l,ทูลหัวของพีพี | ENGLOT,บะหมี่น้ำ ไม่กินผัก
r5054,Zc49id,รุ่นแม่ก็อร่อยนะ | ล็อตมุก,อิงล็อตเท่านั้น
r5056,Zc4a1o,คำสาปนรมิตร,IM.ERIKA
r5061,Zc4dp4,เพื่อนเล่นไม่เล่นเพื่อน:ล็อตอิง,Au_37
r5063,Zc4f1o,คู่รักที่คบกันมาหลายปี โรคร้าย,มุมมืด&thorn;
r5073,Zc4poq,ใครบอกฉันชอบแฟนเธอ|FayNamcha,องศาเซลเซียส&deg;
r5078,Zc4ucy,Conquer love💭|ล็อตอิง,วันนี้ลานะแม่
r5079,Zc4ufc,หนุ่มวิศวะติดแพทย์  |Englot,nich_a_2013
r5081,Zc4vr0,หมาเด้กนี้น่ารักจิงหรอ,en
r5083,Zc4x3o,sf/os เพลงของเรา | Englot,Bluetea
r5105,Zc5pr5,รักต้องห้าม||อิงฟ้าชาล็อต,ปลาแซลมอนนน
r5106,Zc5pxp,หมาเด้กของพี่คนสวย#อิงล็อต🕊,อาเธอร์กุ๊กกิ๊ก
r5116,Zc65mb,ไม่ชอบ,ปลาสวายอิอิ
r5131,Zc6nqs,เด็กหนุ่มสุดฮออตกับประธานสาวสุดสวย,CARTIER
r5133,Zc6pib,My time is yours เวลาของฉันคือเธอ,เวหาสีรุ้ง
r5135,Zc6q06,เมียเผลอเจอกัน|อิงล็อต,อิงล็อตต🐶🐰
r5141,Zc6van,ผู้หญิงของฉัน/อิงล็อต,ทะเลสีคราม|อิงล็อต
r5160,Zc76up,ความรักของน่านฟ้า,ว่างเปล่า/MWBM
r5168,Zc7dn0,รักนี้ผมขอนะ,Natch_0721
r5170,Zc7e6q,""" เฮียสาม "" | #ล็อตมุก",ไรท์เตอร์หลิน
r5183,Zc7vh6,"""เขยใต้""|อิงล็อต.",wlw อย่าทิ้งเค้า.
r5184,Zc7wme,เลขาใต้เตียง,PEERIA​  JATTURONGSAENG​
r5191,Zc8dd5,ที่รัก | englot,*ไม่มีเจตนาทำให้ศิลปินเสียหาย*
r5199,Zc8jb6,เด็กเปรต!!,ทอมที่ไหนนี่เคะ
r5204,Zc8nth,ยอมรับว่ารักเธอ,four
r5211,Zc8vmc,เพื่อนกัน | ENGLOT,บะหมี่น้ำ ไม่กินผัก
r5227,Zc9i19,What about me?,zerozxn
r5228,Zc9j2s,i เพ่ย,zerozxn
r5230,Zc9l5r,เจ้ของยัยหมวย| inglot,21sinny
r5231,Zc9npq,หวนคืนมา,เซอร์ไวเวอร์
r5232,Zc9o1l,October Theory [ENGLOT],BlueRose.
r5233,Zc9oeq,วันนั้นฝนก็ตกแบบนี้แหละ,KaiKai69
r5239,Zc9t0f,สืบรัก ค้นหาใจ ( ภารกิจลับ สัมผัสหัวใจ [2] ) | Englot,ซันควิก
r5252,Zca703,โลกหลังความตาย|อิงล็อต,คุณฮูกฯ
r5259,Zcaeaj,แม่หมอคะ|อิงล็อต,ลัทธิมะม่วงเปวว
r5266,Zcakkl,ซินไม่ชอบ | จ๊าบหลิน,ข้าวหน้าไก่ย่าง
r5269,Zcalls,หมอรินจอมซึน,คนนอกท่านหนึ่ง
r5280,Zcaxwi,Love is love,Tacha
r5287,Zcb9yq,รักแรก,Thaksaon
r5300,Zcbkbh,มีนาลิขิตให้กลับมา|#อิงล็อต,kornwan_EL
r5301,Zcbkel,จับมือกันไปตลอดนะ,แฟร์ๆ
r5305,Zcbmf8,เป็นไปได้ก็อยากกลับ|#อิงล็อต,kornwan_EL
r5314,Zcbvij,ไม่เริ่มดีกว่า|Englot,ชอบกินส้มตำ!!!
r5315,Zcbwsh,เสียงเพลงสื่อรัก,ABS_ENGLOT
r5317,Zcc2pn,ง้อน้า|#อิงล็อต,kornwan_EL
r5322,Zcc4sb,รู้ตัวอีกที|ENGLOT,องศาเซลเซียส&deg;
r5324,Zcc67o,เทียนที่หอม🍀🍀🍀,อิงล็อต
r5339,Zccjji,เล่นของ | englot,moonegnfa_38
r5347,Zccqs7,"""ไอเด็กซึน🐶"".",กินไก่ต้มมั้ย
r5354,Zccuv8,วันเกิดฉันปีนี้ฉันได้เธอคืนกลับมา,NL:แน็กหลิว
r5359,Zccyda,มูฟออน|Englot,HP.Writter
r5360,Zcd041,เดย์-ไนท์ #อิงล็อต,ไอ้โบ้
r5363,Zcd737,แพรววา💐💥!,มิ้นท์🫶🌹
r5365,Zcd9ep,หลงรักลูกประธาน,อิงล็อต
r5375,Zcdj13,&deg;★คนของฉัน★&deg;,นีน่า
r5378,Zcdm7w,meyou - จ๊าบหลิน,ข้าวหน้าไก่ย่าง
r5385,Zce2pu,green light ; englot,Thunnus
r5403,Zcenq4,ดวงดาวนับล้าน⭐️,ต้นไทรเอง
r5406,Zceqah,I love u so,bebboohi
r5409,Zcesny,แอบชอบ|อิงล็อต,ไร้สาระ
r5413,Zceuoe,ลูกมาเฟีย#อิงล็อต,สาววายไหลลลล
r5425,Zcf2qq,กลับมาได้เสมอถ้าเธอเลือกฉัน || อิงล็อต,piano._.I
r5430,Zcf5wm,มิสชั่นหาแฟนให้แพนเค้ก | the mission of us,bunnsweety
r5434,Zcf7rn,ภารกิจพิชิตใจยัยตำรวจสาว | ล็อตมุก,อิงล็อตเท่านั้น
r5438,Zcf9x4,สว.วาฟเฟิล [ENGLOT],BlueRose.
r5446,Zcfddc,PRINCE [ENGLOT],BlueRose.
r5451,Zcfgwe,ทิวาวานา,KaiKai69
r5480,Zcg8op,อาโป,คนนอกท่านหนึ่ง
r5491,Zcghc3,fanboom |englot,dpunypssw
r5503,Zcgxxe,รักนี้มีเจ็บ🥹,Mew Laphat
r5517,Zch87r,เด้นๆของหนู! | อิงล็อต,อิงล็อตต🐶🐰
r5519,Zch8r6,ไอติมนม อีพี2,kamm
r5520,Zch9pd,การกลับมาอย่างยาวนาน.,อากาเนะ~✿
r5524,Zchd7t,แฝด #อิงล็อต,ตะวัน 💢
r5549,Zci5ew,🎭ร้อยเล่ห์.. พันรัก 🍽️,พระจันทร์ไร้เงา(The Moon)
r5552,Zci7e3,ลูกคุณหนูคลุกโคลน,zerozxn
r5559,Zci9je,เมียแต่ง,ไรท์เตอร์.P
r5560,Zcia4c,อุบัติเหตุเริ่มรัก,เจ้าบีน
r5565,Zcicoa,รักวุ่นๆของเจ้านายสุดเย็นชา,ice_Kamollak
r5572,Zcig8n,คุณพลอยไพลิน,mafiin
r5587,Zcj441,มึงที่เเปลว่าของกูคนเดียว | Inglot,ยำมะม่วงอัดกระป๋อง
r5593,Zcjfso,เด็กเลี้ยงนายหญิง,zerozxn
r5601,Zcjjbs,มาเฟียพบรัก(อิงล็อต),สว่างดั่งดวงตะวัน
r5605,Zcjqih,"""ดวงใจของคิมหันต์""",เขียนฝันที่วาดไว้
r5610,Zcjv0p,หัวใจในเงาม่าน,PEERIA​  JATTURONGSAENG​
r5613,Zck1x7,เฟยหลง,zerozxn
r5623,Zckcdc,ลูกเมียใหม่,mafiin
r5624,Zckdk2,บาดแผลในหัวใจ | Englot,ตะวันใต้แสงเทียน💫
r5658,Zcl4sa,คุณหนูคะอย่าดื้อได้มั้ย?,TP write
r5659,Zcl5rg,เพราะหัวใจไม่ใช่พืชทดลอง,Jeab~
r5660,Zcl66b,วรตรีที่รัก|อิงล็อต,Benyamin
r5665,Zclar3,ปรายฟ้าทะเลหมอก,KaiKai69
r5666,Zclc9u,น้องล็อต | Loteng,I'm possible
r5667,Zclcnx,ของเล่นผู้ใหญ่&sup3;,TP write
r5676,Zclmxi,อาจเพียง,bbammadd
r5677,Zcln3r,สวัสดีเนื้อคู่ที่รัก,Mickymayz
r5687,Zcluct,My princess (อิงล็อต),ปากกาสีน้ำผึ้ง
r5710,Zcmngx,พี่กลับมาแล้ว,rongkaw_09
r5728,Zcn2sb,หัวใจของพี่...ไอขอนะ,เจ้าท้องฟ้า☁️
r5731,Zcn4hh,อิงล็อต💞,SUDARAT. 💞
r5735,Zcn7ek,คุณหมอครับ,แฟนคลับอิงล็อต
r5736,Zcn8hf,พี่ก็รู้[Englotte meenbab xona],MGT &hearts;️&hearts;️
r5738,Zcna91,น้องมุก,เดือนหนาว
r5745,Zcnl55,ประธานขี้เก๊กกับเลขาสุดเลิฟ,อิงล็อต
r5774,Zco9s1,ห้องลับ⁉️🏴&zwj;☠️ของเด็กเนิรด์,อย่าจับเลย
r5782,Zcoi2p,ร้อนรัก..ยัยขี้วีน,KaiKai69
r5788,Zcoom8,เจ้านายคะ,สิขร24
r5805,Zcp53p,บังเอิญเจอ(รึเปล่านะ?!),Aina_
r5830,Zcpnwl,ก่อนวันคริสต์มาส | englot,XAC
r5841,Zcpvco,ความรักของเพื่อน,ไปเลื่อยๆ
r5842,Zcpvo7,ตี๋กะหมวย | อิงล็อต,อิงล็อตต🐶🐰
r5846,Zcpx53,My beloved boss,เวหาสีรุ้ง
r5848,Zcpxfp,พี่ภู |englot,Orimaimeefill
r5853,Zcq0h7,บ้านเช่า | อิงล็อต,axssecxet
r5854,Zcq0w0,รักบังคับ&hellip;(แต่บังคับให้เมียเงียบไม่ได้!),TaraMizulune_
r5865,Zcqcvb,รักที่ขาดกันไม่ได้,รักการแต่งนิยายอิงล็อต
r5870,Zcqjyg,ดอกไม้บานก่อนฤดู,ซูซี่ขยี้ใจเธอ
r5888,Zcr22n,Tea of love,TP write
r5891,Zcr6bx,เจ้าสาวมาเฟีย( อิงล็อต),เศร้าซึม
r5905,Zcropl,สุดท้ายก็แพ้เธอ|อิงล็อต,แฟร์ๆ
r5915,Zcryn6,แล้วเราจะได้รักกันตอนไหน;(,ตะวันลับตา🌻
r5920,Zcs4u6,แม่เลี้ยงเดี่ยว(Englot),สว่างดั่งดวงตะวัน
r5930,Zcsb7b,เพียงฝัน ENGLOT,ชาไทยใส่ชีส
r5934,Zcsf37,ร้อยพันดารา,ข้างเธอ✨
r5941,Zcsl6w,รสชาติเลิฟ,เป็นแมวงับ
r5957,Zct1y7,"ผ้าแพรผืนโปรด , Englot",เจ้าโฮม
r5958,Zct273,ประธานที่รัก,ขอมอ คิคิ
r5972,Zctgox,หรง(หลง)ชาร์ม,pixmacash
r5988,Zctrqp,พัดรวี,KaiKai69
r5992,Zctuyt,คุณข๋าาาา,Ⓑⓐⓜⓟⓢⓣ+
r6000,Zctysa,กูรักมึงนะเพื่อน#อิงล็อต,เจ้าพูม่า
r6001,Zcu0my,เด้กซ้อ | อิงล็อต,อิงล็อตต🐶🐰
r6005,Zcu4jg,my cup of tea ; englot,Thunnus
r6015,Zcuav1,รักต้องห้ามเอลซ่านาโอมิ (ภาคต่อล่ารัก),ดวงดาวในเงาจันทร์
r6035,Zcuxrt,ศรันภัทร,MyR0616_
r6041,Zcv7qc,เสียงเพรียกของผู้ถูกลืม |ENGLOT,ธาราธร
r6044,Zcv8rp,friend ? | Englot,fairy_ry2012
r6045,Zcv8sb,รักในไร่ดอกไม้,สิขร24
r6048,Zcvb2f,คิดเกินเพื่อน // อิงล็อต,อิง ล็อต🤍
r6052,Zcvflr,สะใภ้ขอนแก่น,ข้าวหลาม
r6053,Zcvh04,(Not) friend zone | Englot,Eng❤️lot
r6078,Zcw18w,สัญญารัก,TP write
r6085,Zcw8bv,Englot:เลิกเรียกว่าเนิร์ดสักที,คุณแบมแบม
r6090,Zcwahi,โรงเรียนแก๊งไฮเอน,รักแก๊งไฮเอน
r6092,Zcwc0k,ฟินิกซ์ของเฟรย์.,Karsyn
r6098,Zcwi5r,อิงล็อตโครตน่าร้ากก🤍🤟,นาวลิ้นซิ่ง
r6099,Zcwiex,คัตลีน &mdash; loteng,c_oqwzx
r6109,Zcwomr,คุณชายขี้เก๊ก😎😎,โรสเองง
r6110,Zcwosx,คดีรักหยดฝน,เจ้าพูม่า
r6113,Zcwran,คลื่นรัก,เกลียวคลื่น
r6134,Zcxhmm,เด็กช่างมันเป็นงี้หรอ,แฟนคลับอิงล็อต
r6164,Zcy7p8,หุ่นปั้น,แมงกระพรุนผู้โดดเดี่ยว
r6193,Zcyvv0,คริสต์มาสนี้ที่รอคอย,ก้าวเดิน
r6197,Zcyylk,หมอพลอยขวัญ | อิงล็อต,ปอนอชอบกินชาเขียวเอง🍵
r6202,Zd0140,คชาเจ้าเด็กดื้อ,Ⓑⓐⓜⓟⓢⓣ+
r6208,Zd05ul,งานวิวาห์ที่เธอหวัง |อิงล็อต,เบบี๋ไดโนเสาร์
r6211,Zd06ee,วิวาห์ร้าย กลายเป็นรัก,PEERIA​  JATTURONGSAENG​
r6220,Zd0cn7,คุณอคิราห์,Mickymayz
r6225,Zd0loy,เลขาคุณพ่อ,ศิลาวัลย์
r6242,Zd0y2q,พ่อหมออย่าดุ | Englot,Eng❤️lot
r6257,Zd1b2q,แม่เลี้ยงอชิระ,sunshineiu
r6270,Zd1uv6,เพียงคุณ,นภา🩵
r6292,Zd2oy1,แสงสว่างในหัวใจ,dxrknxss
r6295,Zd2qhn,วันสุดท้าย(อิงล็อต),อิงล็อต
r6296,Zd2qqn,คลั่งรักแฟนเก่า,ราพันเซล🤟
r6298,Zd2sxn,love to dream &mdash; englot,betty
r6300,Zd2trg,ONLY YOU [ENGLOT],BlueRose.
r6304,Zd2wwo,อิงล็อต🐰🐶,ปากกาหวานมั้ย
r6314,Zd3bby,มากกว่าเพื่อนได้ไหม|Englot,คนนอกท่านหนึ่ง
r6325,Zd3h0d,Unloveable,KaiKai69
r6334,Zd3lug,ครูสาวจอมหยิ่ง!,Mr. TANlN
r6346,Zd3t75,รักที่รอ,....
r6355,Zd42nk,เปลี่ยนพี่สาวธงแดง ให้เป็นแฟนธงเขียว | อิงล็อต |,THE_SUN
r6412,Zd5oth,ขวัญใจมหาลัย|College student's favorite,Hyk
r6417,Zd5vhd,น้องพี่ที่รัก#อิงล็อต,น้องพี่ที่รัก
r6424,Zd61ph,Vale ยอมหน่อย,pixmacash
r6425,Zd639w,แฟนเก่าคนปัจจุบัน,อคิราห์สีชมพู
r6433,Zd68vl,รักแรก,^^
r6435,Zd6bsm,ฟางเซียน,สิขร24
r6446,Zd6p3t,รัก โลภ โกรธ หลง  #อิงล็อต,ไอ้โบ้
r6452,Zd6qya,NOT SWEET|OPEN,pixmacash
r6455,Zd6vw3,อยู่รักกันก่อนได้มั้ย|Englot,ผัดกุ้ง&times;2
r6458,Zd6y8y,อุ่นรัก | Englot,namo.on95
r6460,Zd70rh,คนพิเศษก็คือเธอ//อิงล็อต//,_tysesb
r6468,Zd77r1,ไทบ้าน,PMNS.25
r6470,Zd788k,พี่ซิน//อิงล็อต//,_tysesb
r6484,Zd7rwn,รักนี้ไม่กลัวคุณหนู |ENGLOT,^'KN.-TAWAN-&deg;
r6486,Zd7u8p,สุริยันจันทรา - englot,แซดแซด ;-;
r6489,Zd7x2g,เลสเบี้ยนที่จริงใจ,เลสเบี้ยน
r6501,Zd8685,แม่เลี้ยงเดี่ยว#อิงล็อต,ดังกี่โมงงง
r6507,Zd88cf,รักไม่ได้ครอบครอง [อิงล็อต],&bull; 𝐖𝐇𝐀𝐋𝐄 ⁵&sup2; 𝐇𝐙 🐋 &bull;
r6511,Zd8cnq,-หนุ่มเมืองอุดร-,ครอบครัวมิสเเกรนด์
r6529,Zd8oit,รุ่นน้องที่รัก@อิงล็อต,อิงล็อต
r6544,Zd96j5,เลือดบริสุทธิ์,เวหาสีรุ้ง
r6546,Zd97po,แอบรักไม่ทําให้ใครตาย|ENGLOT,Noeyeatmilk
r6547,Zd980e,ชอบพี่นะรู้ตัวยัง|อิงล็อค,เบื่อ
r6549,Zd98nx,หมอดี : englot,good boy
r6551,Zd99ke,"""วิรัญญาสกุล""",เขียนฝันที่วาดไว้
r6553,Zd9a4l,"มัดรวมฉาก🔥 ของสามพี่น้องตระกูล "" โชติพิสุจน์เมธี """,Morning Kiss
r6559,Zd9f5d,กำแพงหัวใจ.,NICHANAN
r6562,Zd9g2o,ขอบคุณนะ🙂🩷| อิงล็อต,Timrabbit
r6608,Zdap56,เลขาบนเตียง|ENGLOT,cockroach_s.🤍
r6618,Zdb3tk,She loved me yesterday | englot(omegaverse),Orimaimeefill
r6629,Zdb99l,ออกแบบรัก,KaiKai69
r6696,Zdcsoh,พรหมลิขิตพบรัก,mew_w
r6717,Zddaub,ขอบคุณที่กลับมา,อิงล็อต.
r6726,Zddkwa,เสือสองตัวอยู่ถ้ำเดียวกัน,ยัยหัวหอม🧅
r6751,Zde1xy,อิงล็อต,อิงล็อต
r6755,Zde8t3,พีชเค้ก,สิขร24
r6758,Zde9ga,kaep|englot,mm
r6770,Zdeii9,หม่ามี๊ธันเดอร์ ' ||ENGLOT,กาแล็กซี่ 💫🌙
r6788,Zdeth7,อันวามาลิน,ไอเลิฟบุฟเฟ่ต์
r6792,Zdexk6,"""รินลดา""",เขียนฝันที่วาดไว้
r6796,Zdf4dj,หยกจีบพั้นep.1,ดูเยอะๆ
r6806,Zdfd1h,ฝืนใจ หรือ ฝืนโลก#อิงล็อต,ทุ่งดอกทานตะวัน [ Narisara ]
r6810,Zdfddj,เมื่อครู่พี่เท่หรือไม่,ครอบครัวมิสเเกรนด์
r6834,Zdg3x0,คุณคีตภัทร,Mickymayz
r6838,Zdg76m,ธีรยา|Englot,ไม่กินชาเขียวช็อกโกแลต
r6847,Zdge9i,52Hz | EL,คุณเปรมเปี่ยมรัก
r6855,Zdgh8y,WANNA BE YOURS | ENGLOT,timeforsomefun
r6861,Zdgl69,สามีซาตาน,ตัวกลม^^
r6867,Zdgolq,"เดือนหนาว ""อิงล็อต""",ดองงงงงงงงงงงงงงงงง
r6887,Zdh5xh,ฝากเลี้ยง | ENGLOT,lee_aim
r6888,Zdh613,บอดี้การ์ด #อิงล็อต,ไอ้โบ้
r6908,Zdhihm,Ella,mafiin
r6909,Zdhio0,รีเทิร์นได้มั้ย?&sup1; ; Englot,ไก่ต้มไม่มีปีก
r6945,Zdifg5,Talay,เป็นแมวงับ
r6946,Zdifn5,พบฟ้าแดนดาว,เป็นแมวงับ
r6953,Zdij9x,ครูคนโปรด,ยืนงงที่ดงไม้
r6957,Zdinyk,Time Machine,englot🖤👻
r6963,Zdisyl,วิวาห์ภูพิงค์,MyR0616_
r6971,Zdiwqn,เฮียหลง,TP write
r6974,Zdixm3,l o v e | englot,e n g l o t
r6975,Zdixva,#3วันดี4วันไข้ &mdash; englot,warmtonight
r6991,Zdjg33,สาววายมาทางนี้&gt;อิงล็อต&lt;,Hunna
r6993,Zdjh4y,Stop that action | ENGLOT,p&rsquo;suJa
r6996,Zdjia1,"""สาวน้อยบ้านไร่ กับ ยัยขี้เก๊ก""",ท้องฟ้า
r7012,Zdjy5f,น้องฟีอาขาา,zerozxn
r7014,Zdk0c1,โปรดปราน,เขียนฝันที่วาดไว้
r7034,Zdkd7l,ลูกหนี้ที่รัก,แฟนคลับอิงล็อต
r7037,Zdklix,หมาเด็กของคุณปริม,KaiKai69
r7054,Zdky2k,ป่วนหัวใจคุณหนูจอมหยิ่ง,y'หมีขาวใจดำ
r7056,Zdl0x3,อ้อมกอดมิน | Englot,นินจาปลาทูทอด
r7076,Zdlal4,ลูกเจ้าของค่ายมวย | ENGLOT,บะหมี่น้ำ ไม่กินผัก
r7077,Zdlb3g,กามเทพ&hellip; สื่อรัก,พระจันทร์ไร้เงา(The Moon)
r7082,Zdlfwt,"คุณหมอคร้า ""อย่าหาว่าใจร้าย """,ตะวันที่โดนเดียว
r7098,Zdlxf4,พบรักยัยตัวแสบ,อิงล็อต
r7107,Zdm674,FWB | อิงล็อต,ทาสรักคุณอฟ.
r7145,Zdmxof,If you dare,zerozxn
r7150,Zdn2jk,แฟื่อน|Englot,อ่านทำไมงับ
r7152,Zdn2tx,ชนะใจ | Englot,axssecxet
r7175,Zdnh22,Lucky in [games] Lucky in love [ENGLOT],BlueRose.
r7176,Zdnh7o,สาวเหนือบ่าวใต้,BN
r7194,Zdnu4r,อิงล็อต,ไม่มีเจตนาทำให้เสียหายนะคะ
r7204,Zdo0ij,can u luv me? | englot,thx.xht
r7214,Zdoe0e,ข้ามภพสลับรัก|loteng,รัตน์นารินทร์
r7223,Zdomeh,สายลมของต้นเฟิร์น,สิขร24
r7241,Zdp5p8,รักทางไกลล(จะรอดไหม),ดอกไม้ของคนอื่น
r7243,Zdp6b2,สะใภ้เจ้าสัว  -  Englot,one&rsquo;sic
r7246,Zdp98l,ยินดีที่รู้จักค่ะ,MANLIKA
r7259,Zdpivv,ได้โปรดอย่าเล่นตัว,MANLIKA
r7277,Zdq2es,บังเอิญพบแต่ตั้งใจรัก^^,ทานตะวัน🌻
r7289,Zdqehb,"""ศิริพัฒน์สกุลวงศ์""",เขียนฝันที่วาดไว้
r7297,Zdqmbd,รักใหม่มันดีกว่าอยู่แล้ว | ENGLOT,Noeyeatmilk
r7307,Zdqv8g,คับฟ้า|Englot,ไม่กินชาเขียวช็อกโกแลต
r7338,Zdro3n,เมฆฟ้าวาริน,TNTR
r7342,Zdrswg,รัตติกาลโฉมยง | ENGLOT,M.
r7343,Zdrtlc,Zol,Alisa
r7344,Zdrtwg,ช่วงเวลาหนึ่งที่เราเคยมีความสุขด้วยกัน | Englot,C&Ouml;ŐMX.ZZNX
r7345,Zdrxpc,ไอ้แจน..แม่มึงเรียก,KaiKai69
r7348,Zdry49,The Portrait  ｜Englot,𝑽𝒆𝒓𝒐𝒏𝒊𝒄𝒂.
r7351,Zds0di,อย่าให้ตาย | ENGLOT,LUV EL
r7354,Zds51o,อิงล็อต,อิงล็อคมิสแกรนด์
r7361,Zds9uy,หมาแก่ของหนู,เจ้าพูม่า
r7366,Zdsd7q,ปัณณ์ลดา,ItsBebyboo
r7367,Zdsde1,กันดั้ม|Englot,apom_aom11
r7401,Zdsv1j,แฟนเก่าฉันเป็นรูมเมท|อิงล็อต,ฟ้าคงเหงาเมื่อไร้เธอ🌈✨
r7422,Zdtj10,เติมเต็ม|Englot,อิงล็อต
r7437,Zdttur,เมียเด็ก | เบลเชล,Snack14072012
r7439,Zdtyf1,แสงแรกของโอบฟ้า,ปากกาสีน้ำผึ้ง
r7444,Zdu27k,ศิลปะ|อิงล็อต,link
r7447,Zdu9a9,เงาของอดีต | ENGLOT,เป็ดย่าง
r7449,Zdu9jh,ทาสรักนายน้อยอคิน|อิงล็อต,gammiioopp
r7457,Zducrl,"น้ำเหนือ , Englot",เจ้าโฮม
r7459,Zdueil,ขอบคุณเวลา : Englot,I'm possible
r7466,Zdulhf,หมาเด็กของบอสสาว,valentin33
r7477,Zdut6r,เจ๊วีนอะไร?|อิงล็อต,แฮมเต้อปัดเป๋
r7487,Zdv43e,ทาสรักพิศวง/อิงฟ้า&amp;ชาล็อต,วิภากร
r7492,Zdv4tg,"""ลมหนาว""",เขียนฝันที่วาดไว้
r7495,Zdv5ag,คำแพง where are you ?,bunnsweety
r7498,Zdv73f,แฟมมิลิน (familin.),คุณทิริน
r7521,Zdvlhy,พนักงาน #อิงล็อต,ไอ้โบ้
r7526,Zdvpbw,กี่ล้านก็ไม่แลก|อิงล็อต,ชิงชิง วราติน
r7529,Zdvpsk,อ้ายมันบ้านนอก|อิงล็อต,องศาเซลเซียส&deg;
r7606,Zdxaqo,Unspoken Love : รักที่ไม่พูดออกมา,^'KN.-TAWAN-&deg;
r7609,Zdxaxy,ศิริธา,aom GGX
r7627,Zdxv2t,รักวุ่นวายของนายเหนือฟ้า (อิงล็อต),ฟ้าจรดดิน
r7647,Zdy6a2,พบเพื่อจาก | อิงล็อต,E  C
r7648,Zdy6uu,เด็กดื้อของเฮีย[อิงล็อต],Pingggg🤍
r7661,Zdyf8x,แอบรักพี่สาวข้างบ้าน,คุณลูกหมู
r7678,Zdytol,แฟนเด็ก,อิงล็อต/Englot/แชท/ฟิคสั้น/
r7684,Zdyx5k,Do  you  still  want  us? ||Englot,nich_a_2013
r7688,Ze01bu,ไทม์หมาเด็ก,NINE..
r7702,Ze086w,ใต้แสงจันทร์ | TANYANING,หิวหนมจาแย่
r7711,Ze0d8x,คุณนิพัฒน์,KAN_NW
r7713,Ze0e6y,คุณนิรันต์,KAN_NW
r7720,Ze0i2x,ภรรยาคุณตากล้อง | englot,sxarilso
r7734,Ze0sk3,อ้ายพาทัวร์|อิงล็อต,คนสวยไม่ระบุตัวตน
r7755,Ze1apb,รัณลดา,ศิลาวัลย์
r7760,Ze1h8g,ไหนบอกจะอยู่ด้วยกัน|EngLot🐶🐰,อิงล็อต
r7772,Ze1n1m,ฟิคสั้น | EngLot,ญ่าไปเรื่อย💤
r7777,Ze1oh5,อยู่ด้วยกันตลอดไป,อิงล็อต
r7778,Ze1ri7,Too much So much Very much,Mickymayz
r7783,Ze1v04,72hours,ผมชื่อนี่พี่ชื่อไร
r7785,Ze1vfl,4&deg;C  |EL,ธาราธร
r7788,Ze1wif,ดวงใจตะวัน (อิงล็อต),ฟ้าจรดดิน
r7793,Ze20xm,ไม่เอาไม่ร้อง,แน็กหลิวสุดหัวใจ
r7796,Ze232h,Mother's friend,mafiin
r7814,Ze2h2g,Se&ntilde;orita / Englot,MyR0616_
r7826,Ze2njs,ผู้พิทักษ์ลมเหนือ | ENGLOT,sxarilso
r7839,Ze32l2,Cherpen-Mokcc,Mokcc
r7842,Ze33g3,Hot Nerd|Englot,Eng❤️lot
r7854,Ze3es4,แม่ครู,iamsxnsu
r7857,Ze3kky,บทพิสูจน์,องศาเซลเซียส&deg;
r7859,Ze3mgw,รีเทิร์น|อิงล็อต,คนสวยไม่ระบุตัวตน
r7876,Ze43wy,มาเฟียขี้เก๊ก,สดใสน่ารัก
r7881,Ze47ln,วันวิวารณ์#อิงล็อต,หยาดฟ้า♧
r7903,Ze4qts,ชาวบ้าน&amp;ดาราสาว,kaikaikai_englot
r7916,Ze56vq,มาเฟีย|Englot|(ช.ญ.),ธรรมชาติที่สวยงาม
r7917,Ze576s,เทวา,aom GGX
r7924,Ze5gvx,ใครเพื่อนแกวะ⁉️,อิงล็อต
r7925,Ze5iw1,เสน่หาน่านฟ้า (อิงล็อต),ฟ้าจรดดิน
r7931,Ze5o83,น้ำน่าน | Englot,เจ้าโฮม
r7932,Ze5occ,น้ำหนาว | Englot,เจ้าโฮม
r7936,Ze5rjh,วาโย #อิงล็อต,ไอ้โบ้
r7943,Ze5uv9,หวงหรอ|อิงล็อต,I need some time alone.
r7946,Ze5ve5,บอดี้การ์ด,ธรรมชาติที่สวยงาม
r7965,Ze66nb,หลงรักนายเย็นชา,อิงล็อต
r7979,Ze6hhl,มาเฟียลวงใจ|ล็อตมุก,คุณสกายฯ
r7985,Ze6mg6,ถ้าหากว่าชีวิตนี้มีคนซึนเป็นเส้นชัย จะยอมวิ่งให้เท้าเจ็บ - englot,แซดแซด ;-;
r7987,Ze6o9x,หรัญญา|Englot,ไม่กินชาเขียวช็อกโกแลต
r7999,Ze740w,เพียงฝัน อย่าดื้อได้ไหมคะ!|ล็อตอิง,wilder_blue
r8001,Ze74qi,คนของฉัน!!,แมวน้อย
r8009,Ze79le,หลง | BellJan,Leefil
r8023,Ze7hi4,ฟิคสั้น || (อิงล็อต),เขียวเองค่ะ!!
r8032,Ze7mmi,ฟิคสั้น​ อิง​ล็อต​ ล็อตอิง,㋡
r8035,Ze7qo7,คุณดาริน,SoLoLo
r8066,Ze8eh1,คุณอา (ชญ)#englot,คุณลี
r8077,Ze8ng1,ขมแต่ไม่คาย,อิงล็อต
r8081,Ze8o8v,Our time. (OS) | EL,Khun A thousand smiles
r8082,Ze8pc1,คืนเดียว | ENGLOT,lee_aim
r8084,Ze8qve,หนังสือเล่มใหม่ l ENGLOT,นี่มองหน้านี่ก่อนนะ
r8086,Ze8rv6,อิงฟ้าชาล็อต,รักในนิยาย
r8116,Ze94ka,บังเอิญรัก,Sinclair ♡
r8134,Ze9jnw,ระหว่างทางฉันพบเธอ |อิงล็อต,ศิลาวัลย์
r8137,Ze9kuq,ภารกิจลึกลับ l ENGLOT,ผมชื่อติ่งลิ่งติง
r8143,Ze9nxy,ตัวแม่แพ้ทรงติ๋ม|Englot,อิงล็อตทั้งจายย
r8153,Ze9t7u,MELODY [ENGLOT],BlueRose.
r8162,Ze9xon,แค่ยากบอกรักเธอ อิงล็อต🤪💞,รักไม่กล้าสแดงออก
r8168,Zea07n,เกือบสาย,ทิพย์จีรัส
r8180,Zea5rj,ซีราส (syrah) | อิงล็อต,ทาสรักคุณอฟ.
r8187,Zea9ko,เด็กท่านประธาน|อิงล็อต,faagขี้เกียดเขียน
r8188,Zeaa99,ภริยาร้อยเล่ห์กับสามีปากหมา|Englot,citraratn.
r8206,Zeamla,เลิกกันไปไม่ถึงปีมีลูกละหรอ,อิงล็อต/Englot/แชท/ฟิคสั้น/
r8210,Zeaoaa,my type | Englot,300likeforpremier
r8214,Zeaqrm,เพื่อนครับ//อิงล็อต,NINE..
r8221,Zeasc8,เจ้าฟ้า|Englot,ไม่กินชาเขียวช็อกโกแลต
r8242,Zeb5a4,ไม่ลืม|อิงล็อต,เพชรมายา
r8252,Zebfho,อยู่กับแม่ก็ได้ลูก l ENGLOT,สมชายจะพากินบะหมี่
r8262,Zebqt5,ขอให้เธอไปได้ไกลกว่าฉันคนนี้.,Ladda🌻
r8264,Zebrdy,เธอ&hellip;ผู้หญิงในความทรงจำ,TNTR
r8265,Zebrl7,Titel🔥 / englot,_englotbaby
r8266,Zebru1,Pirachaya,neerarin
r8274,Zeby1y,ไม่ต้องจิ้น เพราะมันจริงไปหมดแล้ว🫣,Roller Coaster
r8281,Zec1j2,พี่ลี่แพ้หนู | Englot,orritt
r8290,Zec9wk,ไทป์หมาแก่,nadiaGedeon._404
r8317,Zecq9j,ผัวเช่า - Xona,min_moon:-)
r8318,Zecrgr,เรือนวิญญาณกัลญา | xona,ily
r8343,Zed4a9,คุณฟากฟ้า | englot,ปานตะวันที่จะลับลา
r8357,Zediyi,ใต้เงาแสงดาว|Bellchelle,สิบสออิบอ
r8361,Zedjl5,จากัวร์อย่าไปหยอง,เป็นแมวงับ
r8368,Zedoht,เซียน่า,สิขร24
r8378,Zedsjd,รักนี้คือของฉันคนเดียว..,อิงล็อต
r8379,Zedtnm,เอมิลิญา,Mickymayz
r8383,Zedxlr,รักษาใจ...ให้หายรัก #อิงล็อต,PREDD
r8396,Zee92b,เธอคือคู่ชีวิต💘💝|อิงล็อต,ไอแมวส้มน่าร้าก
r8404,Zeed7f,3ปี ที่เป็นมากกว่ารัก,เก้าเองง
r8408,Zeeebt,Day | อิงล็อต,Гель
r8409,Zeei9p,Phanthisa | Englot,orritt
r8417,Zeelpr,อาทิตยา,darkblue.
r8426,Zeeww5,แค่อยากรัก&amp;lt;อิงล็อต&amp;gt;,ดี
r8428,Zeeyqg,ฮักแท้กลางท่ง | Loteng,orritt
r8437,Zef4ci,'เป็นหมาแค่กับเธอ'||ล็อตมุก,เขียวเองค่ะ!!
r8451,Zefayv,รักหรือไม่รัก🤍,K.Khimm
r8454,Zefcio,ตามง้อแฟนเก่า,KASMEE
r8458,Zeffqi,เรื่องวุ่นๆของอิงล็อต,อิงล็อต
r8468,Zefnrh,ถ่านไฟเก่า|อิงล็อต,คนสวยไม่ระบุตัวตน
r8485,Zefxkb,เฟยหลง|EngLot,good luck🍀.
r8488,Zefymy,Teacher's favorite boxer🥊|ENGLOT,โกโก้ผสมโอวัลตินปั่นแก้วหนึ่งคั้บ!
r8504,Zeg8s8,รักแท้แพ้รักแรก,รักนะอ้วนน
r8507,Zegccj,เจ้าแมว| ล็อตอิง,อั้ยย่ะนี้มัน จานข้าวว
r8510,Zegej8,"""ทรัพย์ธาดาวาริชกุล""",เขียนฝันที่วาดไว้
r8513,Zeghev,รักเธอถึงยอม |lotmook,แฟร์ๆ
r8517,Zegkuk,เจย์ลีนผัวตรงไหน!!,ไอเลิฟ ENGLOT
r8520,Zegohv,คุณหมอหน้าโหดแต่อยู่ในโหมดน่ารัก (อิงล็อต),ฟ้าจรดดิน
r8522,Zegtn6,ยามคีย์ตะวันไร้ซึ่งแสงส่อง,ซันฟลาวไรท์เตอร์
r8531,Zegxes,เธอคือใครกันแน่,แมวน้อย
r8538,Zeh4n6,น้าเลิฟ | ENGLOT,rakrite
r8539,Zeh5dt,เซียนซูลี่,pixmacash
r8547,Zeh9d6,เติบโตโดยรัก,litsertle
r8558,Zehfo6,The night embraces : อ้อมกอดรัตติกาล,มิสโทฟุ
r8562,Zehh3a,เมื่อดอกไม้เริ่มบาน,เตือนใจวาริณ
r8563,Zehhac,เงาในม่านหมอก | อิงล็อต,E  C
r8576,Zeho78,ภพรัก,Vincentian
r8580,Zehs0l,Hallucination | ภาพหลอน | อิงล็อต,Гель
r8582,Zehsvg,Darin : englot,ชื่อสั้นๆจะได้เรียกง่ายๆ
r8583,Zeht07,สายใยวิญญาณ | อิงล็อต,E C
r8588,Zehui5,กลิ่นกุหลาบ(Rose) | อิงล็อต,whale'x
r8616,Zei77b,คุณน้าค่ะ,แมวน้อย
r8619,Zeiblo,ขอแค่ได้รัก | Englot,Midnight sky
r8622,Zeicml,คันนา | englot,หนอนกินแมลง
r8626,Zeify0,เราไม่รักกันตอนไหน|ENGLOT,🤓
r8632,Zeimfq,โครงสร้างของหัวใจ| อิงล็อต,E C
r8633,Zeimn5,Owned by Madam Vivian,IM.ERIKA
r8634,Zeimqd,Fate...เหวี่ยงมาให้รัก,ผักใบเถา🌱
r8637,Zeip5w,กรวดน้ำตา,พระจันทร์ไร้เงา(The Moon)
r8639,Zeipf1,ลมที่พัดผ่านมา |อิงล็อต,E C
r8658,Zej6bl,Fi(t)n Gym,NueaSainam
r8669,Zejcgl,เจ็บไปรักไป,อายไงง
r8674,Zeje3b,ไม่ได้ตั้งใจ|จ๊าบหลิน,ทีที
r8687,Zejlvs,อิงล็อต,_.Fah._
r8689,Zejmis,ค่าย ธารณะกรณ์ไฟร์คลับ/ENGLOT,P.ENGLOT.
r8695,Zejpf1,ทำไมทำแบบนี้😢/ระครโรบอก,อินทิฌา ภาดี
r8698,Zejqlw,กลิ่นกาแฟ / Englot,ชื่อสั้นๆจะได้เรียกง่ายๆ
r8701,Zejsf9,คุณหญิงมาเฟีย,คุณ Night
r8704,Zejvmp,คะน้าวาริน ; englot,Monaxyou
r8705,Zejx0h,ธนาวารินทร์.#อิงฟ้าชาล็อต,N.Selena
r8718,Zek608,รักที่ดี |อิงล็อต,ดวงใจ
r8729,Zekci4,ลูกติด(อิงล็อต),หมาวัด สวยสัส
r8732,Zekdpx,She's Just My Study Muse. |englot,K'12
r8734,Zekduq,ไสยศาสตร์|อิงล็อต,Biw kanyaphak
r8740,Zekgru,อัญชิษา|Englot,SERENDIPITY
r8745,Zeki46,ทาสีด้วยรัก,Himawariii🌻
r8750,Zekmy8,กูชอบมึงต๋องเลิกโง่! |xona,ศิลาวัลย์
r8756,Zekolq,แฟ้มคดีรัก,me
r8762,Zektg0,Destroy it. &ndash; lotmook,24sannx
r8763,Zekuv6,รักนะรักหนา,อิงล็อตตต
r8767,Zekxnp,คิรันดาวารินทร์,sadbaddays
r8785,Zeldhx,เเด่เธอ,พี่ฮ้วยย
r8786,Zelfhx,ภพชาติ l ENGLOT,สมชายจะพากินบะหมี่
r8787,Zelg4y,ไม่เคยสนใจ| อิงล็อต,Biw kanyaphak
r8789,Zelg8s,คุณชายครับ|Englot,P.ENGLOT.
r8797,Zeloos,คนสวยเย็นชา,แมวน้อย
r8822,Zem3r8,น้องคอปเปอร์| ENGLOT,ไอเลิฟ ENGLOT
r8827,Zem730,Lilly | englot,Orimaimeefill
r8837,Zemdep,ตะวันวาด|Eeglot,ไม่กินชาเขียวช็อกโกแลต
r8840,Zemf63,ภัสรินทร์,เข็มทิศ^_^
r8844,Zemhnh,ดวงดาวใกล้ดวงอาทิตย์,อิงฟ้า
r8855,Zemm9a,รอรัก (Englot ),ENFOZYy
r8856,Zemn41,Kurt &ndash; lotmook,24sannx
r8858,Zemo6e,凌澈|ENGLOT,อยากกินโดนัด
r8861,Zempw4,สัญญาทาส | Englote,Morning Kiss
r8881,Zen1tv,Love Bully|ENGLOT,MONNY _GL🩶
r8885,Zen3v3,Room mate |englot,อิงล็อต
r8886,Zen3vb,คุณอรัณ | อิงล็อต,ชะชะช่าา
r8891,Zen6qa,Love |อิงล็อต,KANYANAN.
r8899,Zenfd4,你好 นะหัวใจ,เตือนใจวาริณ
r8902,Zeng7p,จนมาเจอเธอ | Englot,sing.Haa33
r8904,Zenkb6,"""ดิเรกคุณาภรณ์""",เขียนฝันที่วาดไว้
r8907,Zennl3,The secret fo doctor | อิงล็อต,Jannnnne___
r8917,Zenscf,Jun&eacute; | Englot,300likeforpremier
r8920,Zenvwa,Cut scene#คุณปภัสสร,Morning Kiss
r8933,Zeo2p5,คนที่แสนดี,warm7
r8938,Zeo5ou,คน(รัก)จริงหรอ,ชอบหน้าหนาวจัง
r8958,Zeoib2,พี่อบอุ่น | englot,We
r8985,Zep0g0,อิงล็อตไงง,ไม่รู้
r8988,Zep2bg,ปริศนาหัวใจ,KING Black 🖤
r8989,Zep2fy,รักนี้มีแฝด(Englot),สว่างดั่งดวงตะวัน
r8993,Zep3kv,หวนคืน l Englot,สมชายจะพากินบะหมี่
r9001,Zep7m7,คืนนี้...แค่เราสองคน|อิงล็อตต,อิงล็อต
r9002,Zep7n0,ฟ้าลดาธาณินทร์,Timezone_EiEi
r9006,Zep8ox,found love  englot,Pitcha Chanlee
r9014,Zepbty,อิงล็อต(เรื่องนี้จะหวานแล้ว),แอดนี้ชอบอิงฟ้า วราหะ
r9015,Zepcsu,ไอ่หมาเด็กกับพี่หมอฟันที่รัก,คุณเซฟโซนน
r9023,Zephiy,ยิปซีของพี่หมอ|Englot,englot_4465_
r9032,Zepnnh,มาเฟียโดนสยบ?|Englot,Eng❤️lot
r9043,Zepvpm,เรย์ อนันดา,มุมมืด&thorn;
r9048,Zepxpv,แม่เลี้ยง,We
r9074,Zeqb0f,ระยะห่าง ระหว่างใจ,pangkii
r9079,Zeqdb1,memory,darkblue.
r9081,Zeqdrl,คนสวยของพี่//อิงล็อต,Sunflower 🌻
r9083,Zeqeop,หมาเด็ก🐶 |ENGLOT,OLIVIA_
r9085,Zeqf3x,อยากอ่านนิยายอิงล็อตแนวไหนกันทุกคนน,คิคิ
r9102,Zeqpgu,พี่น้องรหัส|xona,เระมัก🐕
r9105,Zeqpns,มาเฟียที่รัก | ENGLOT,คิคิ
r9112,Zeqt92,นทีปลายฟ้า,เจ้าพราวธารา
r9118,Zeqvmo,คุณคีน,TP write
r9128,Zer08u,เลขาคนโปรด|ENGLOT,อินดี้
r9129,Zer0jv,คู่หมั้นที่รัก|อิงล็อต,พระจันทร์สีเลือด
r9130,Zer0lg,รักแรกมันลืมยาก|Englot,ชานมหวานน้อยคับ
r9134,Zer1yw,นับหนึ่งอย่าดื้อ &ndash; lotmook,24sannx
r9139,Zer3ar,Mira,เป็นแมวงับ
r9141,Zer4cb,"""ไอยเรศ""",เขียนฝันที่วาดไว้
r9150,Zera6e,ฝากน้องกูด้วย | แน็กพัด,Fonnieฝนนี้ที่รัก
r9152,Zerao8,รักชั่วคราว |Englot,สมชายจะพากินบะหมี่
r9157,Zerd34,สุดหล่อของเค้า,ปกติเมื่อไหร่
r9176,Zerlui,เจ้าของสวนแตงโม|จ๊าบหลิน,จ๊าบหลินเจ้าอาย
r9179,Zermmn,เพื่อน #อิงล็อต,ไอ้โบ้
r9181,Zero31,คู่จิ้นสู่คู่จริง|Englot,ไร้คำนิยาม
r9189,Zertl7,หัวใจพาไปหารัก,มิสโทฟุ
r9203,Zes7dx,คืนความทรงจำ|ENGLOT,MONNY _GL🩶
r9210,Zesacv,แค้นรักไสยศาสตร์ |อิงล็อต,makhamm
r9214,Zesgln,(รักกัน)แต่สงสารเขา,ชอบหน้าหนาวจัง
r9219,Zesii3,ความรักครั้งใหม่|Englot,ปลาสวายน้อย🐶🐰
r9233,Zest48,แค่ที่ปรึกษา | อิงฟ้าชาล็อต,Prae
r9240,Zesuve,มัธยม,Maismile_
r9255,Zet642,ลัดป่าฝ่าดง | englot,ชาเขียวแก้วนึง
r9259,Zet796,คุณหมอขา|อิงล็อต,แอดนี้ชอบอิงฟ้า วราหะ
r9260,Zet7n6,เคียงตะวัน | EngLot,เมษาวรินทณ์
r9265,Zet9k9,ไม่รัก|อิงล็อต,พระจันทร์สีเลือด.
r9273,Zete2p,เรื่องรักในบริษัทอิงล็อต,moekkofx
r9290,Zetnul,คู่รัก,moekkofx
r9299,Zett5s,"""เพียงเธอ""",เขียนฝันที่วาดไว้
r9304,Zetvaf,Tidebound | xona,ily
r9312,Zeu0i1,I Love 6/5 l Englot,สมชายจะพากินบะหมี่
r9319,Zeu4vy,ธณัน | englot,XAC
r9320,Zeu5dg,เกลียดนัก...รักนักกว่า,ยั๊กยู๊วววว
r9323,Zeu6h6,"ธารา , Englot",เจ้าโฮม
r9336,Zeuept,ภูมินทร์:Englot,ยูนิคอร์นมีเขา
r9343,Zeuj0y,เมธี|Englot,ซันนี่ปี้กระจาย -_-
r9349,Zeuoku,พุฒวาริน,AK.Pxwriter
r9353,Zeus7a,Love in Trouble by the Seaรักวุ่นวายริมทะเล,ปองปอง
r9372,Zeuyty,ดอกรักบานที่ริมรั้ว,Elara Bloom 🪐💗(เอลาร่า บลูม)
r9376,Zev12j,ตระกูลคนรวย,เดือนหนาว
r9378,Zev2ax,Truth or Dare ?  -  Englot,คลื่นทะเล
r9390,Zev9k6,สถาปัตย์แพทยศาสตร์ | ENGLOT,อลปฟก
r9404,Zevgny,ไหนบอกไม่ชอบ|englot,เด้นๆ
r9408,Zevj9u,รักของข้า ฝากไว้กับเถ้าถ่านแห่งกรุงศรี|อิงล็อต,E C
r9409,Zevjmc,มินตรา,nozomi
r9421,Zevr4r,นวด,warm7
r9428,Zevuw7,Straight &ndash; lotmook,24sannx
r9429,Zevv7b,อยากจะรักอีกครั้งจะได้มั้ย|อิงล็อต,คนสวยไม่ระบุตัวตน
r9440,Zew1eg,มาเฟียหลงรักเด็ก,เลีบๆอิงล็อต
r9441,Zew1gw,สายไปแล้ว,ณิชาชอบตึกส้ม
r9442,Zew1sw,ลูกหนี้,ไอเลีบอิงล็อต
r9443,Zew26h,2แฝด |Englot,fomotzx🖤
r9448,Zew4gi,อิงล็อต,ต้นหอมที่ติ๋มๆอ่ะ
r9453,Zew7op,พันธะ|ENGLOT,good luck🍀.
r9458,Zew9yf,"วันครบรอบของเรา""อิงล็อต""",มากกว่ารัก-อิงล็อต🐶🤍🐰
r9471,Zewfv3,พี่สาวข๋าา||ENGLOT​,aom GGX
r9494,Zewwxg,คนปากแข็ง | Englot,สมชายจะพากินบะหมี่
r9500,Zex1t7,close friend,darkblue.
r9503,Zex6h0,พี่บอกแล้วไงค่ะ,อิงล็อต
r9505,Zex878,บ้านจอมเทียน (ซ่องโจร),อสูรกายนักรัก
r9507,Zexamo,ซ่องโจร (คุณไสยมนต์เสน่ห์),อสูรกายนักรัก
r9510,Zexcxe,แน็กหลิวคู่ชีวิต,อิงล็อต
r9511,Zexd9m,ข้าไม่เคย(ชอบ)เจ้าเลย,พระจันทร์สีเลือด.
r9515,Zexf0d,ยีนแห่งบาป,Maismile_
r9516,Zexf6c,สายลับ|Englot,ไม่กินชาเขียวช็อกโกแลต
r9519,Zexg88,ไหนบอกไม่ชอบ,อิงล็อต
r9523,Zexju5,เพื่อน,warm7
r9527,Zexm4b,รักจริงจัง,อิงล็อต
r9529,Zexmuf,รักเล่นๆ,อิงล็อต
r9548,Zey473,เด็กเสี่ย,อิงล็อต
r9556,Zeybt0,เจ็บไม่มีวันลืม,ปกติเมื่อไหร่
r9585,Zeytht,พี่ซิมคนสวย | Englot,punpun
r9602,Zf0629,รอเธอหันมา | อิงล็อต,ฟ้าคงเหงาเมื่อไร้เธอ🌈✨
r9609,Zf09k1,ทะเลเคียงภูเขา,NueaSainam
r9610,Zf0a23,NOT SWEET|HEAL,pixmacash
r9617,Zf0fu7,วรันยา|Englot,faiphattt
r9620,Zf0hht,Zinnia | Englot,Beartime
r9622,Zf0i2q,NEED,warm7
r9629,Zf0lkc,รุ่นน้องม.5|อิงล็อต,แดง วราติน
r9637,Zf0ok9,SCARLET [ENGLOT],BlueRose.
r9642,Zf0rw7,ยิ้มของเธอในวันสุดท้าย อิงล็อต,E C
r9643,Zf0ta0,Another | EngLot,whale'x
r9684,Zf1jhh,การกลับมา (มัธยม2),Maismile_
r9710,Zf2471,แกล้งรัก,รักอิงล็อต
r9714,Zf26sw,นายมาเฟีย||อิงล็อต,ตาบาทะยะลาด
r9715,Zf272i,เธอคงไม่รักเราแล้ว|อิงล็อต,คนสวยไม่ระบุตัวตน
r9718,Zf27uw,ครุฑรนาค,THIS  TOO  SHALL  PASS
r9719,Zf284p,คุณไสยลุ้นรัก|อิงล็อต,แก้มล.ข
r9724,Zf2b49,ยัยน้องที่รัก |อิงล็อต,ดอกกุหลาบไร้หนาม
r9731,Zf2chu,"""เดชะพิพัฒน์กุล""",เขียนฝันที่วาดไว้
r9746,Zf2n9n,Blissful Bar / Englot,MyR0616_
r9759,Zf2two,ยัยเด้ก,ŕam&igrave;ď&agrave; amp&agrave;n
r9765,Zf2xlc,คุณชายของหนู/อิงล็อต,ttrrr://tttr.kjio.uyi/iiuupkjhgf
r9768,Zf31a9,กลิ่นดอกพวงคราม |loteng,ภูวดินทร์
r9779,Zf3dw9,อริสรา-englot,mr. IDK
r9780,Zf3f1x,ด้วยรักและผูกพัน | EngLot,ราตรีจำรัส
r9782,Zf3fmj,UNDO,น้องหวานใจGL
r9789,Zf3knp,หยุดดิ๊!!|อิงล็อต,คนสวยไม่ระบุตัวตน
r9793,Zf3m5a,แม่นางเมือง,นกพิราบขาว22
r9800,Zf3t5m,เมียอ้ายมา|อิงล็อต,เพชรมายา
r9806,Zf406m,บอดี้การ์ดคนนี้ขอเลื่อนสถานะ 1/2/6 | อิงล็อต,Rb รูบิเดียม
r9816,Zf48tt,รักนะครับเบ๋บี๋/อิงล็อต,ไม่จำเป็น
r9837,Zf4j74,ใกล้เกินไป.. ไกลเกินใจ,แมวดำดื่มไวน์
r9838,Zf4jvj,ขุนฟ้า(อิงล็อต),ตาบาทะยะลาด
r9846,Zf5013,เงาจันทร์ พันธนาการ|Englot,Namo tassa
r9850,Zf52xa,คมดาบใต้บังลังก์  | อิงล็อต,mixcc
r9855,Zf552j,ไวน์,warm7
r9886,Zf5uh6,ยียวนกวนให้รัก,โอบกอดเองจำไม่ได้หรอ
r9887,Zf5wua,แก๊งค์โฮกปิ๊บ,ราศีกุมภ์♒
r9889,Zf6007,แอบชอบรุ่นพี่,อิงล็อต❤️❤️
r9892,Zf63ih,คืนฟ้า|Inglot,Mulek
r9899,Zf670e,คิดถึง,Ppp_1
r9919,Zf6fnl,คู่หมั้น|อิงล็อต,ตาบาทะยะลาด
r9928,Zf6ltl,ใจรัก|อิงล็อต,E C
r9951,Zf6xbu,พี่น้อง|ENGLOT,เพชร
r9956,Zf75ep,อาขวัญ &mdash; englot,uetchap
r9957,Zf75jo,คนรับใช้,warm7
r9959,Zf77b1,"คุณ""ภาคิน""",อิงล็อตร้อยความรัก
r9963,Zf78lf,King |Englot,fomotzx🖤
r9966,Zf7bkf,คุณคู่หมั้นคะอย่าดุได้มั้ย!,ปกติเมื่อไหร่
r9971,Zf7eu8,ตกหลุมรัก(อิงล็อต),the lion
r9981,Zf7ja9,อิงล็อต,กุ้ง
r9982,Zf7kfb,ใครกล้ารังแกแฟนประธาน|อิงล็อต,ตาบาทะยะลาด
r9984,Zf7lk0,รักที่พึ่งเริ่มต้น,รักที่จากลากันไม่ได้
r9985,Zf7lkf,จากวันไนท์สแตนด์...สู่วันที่โดนเทแบบงงๆ,mixcc
r9988,Zf7npi,อิงล็อต,อิงฟ้าชาล็อต
r9993,Zf7rsw,แสงสว่างในรัตติกาล | englot,แมวดำดื่มไวน์
r9996,Zf7sfy,ครูวิมลขา ญาดาอยากโดนดุ,ซันฟลาวไรท์เตอร์
r10002,Zf7v0c,ดาวกับดวงใจ,แมวส้มของพี่
r10005,Zf7wad,อิงล็อต,อิงฟ้าชาล็อต
r10006,Zf7wdc,&ldquo;ลับแลรักระหว่างเรา&rdquo;,แมวส้มของพี่
r10024,Zf84y1,เดินมาตั้งนาน พึ่งรู้ว่าเดินมาส่ง,napat_as
r10025,Zf8589,รักนี้รสละมุน:Aged to Perfection ENGLOT,แมวส้มของพี่
r10027,Zf85ir,พราวฟ้า x ชัญญ่า | &ldquo;เส้นทางลวงในเงามูเตลู&rdquo; ENGLOT,แมวส้มของพี่
r10048,Zf8dly,ฟ้าลิขิตให้พบรัก|#อิงล็อต,kornwan_EL
r10055,Zf8l47,จากวันนั้นที่เธอผ่านมา | ENGLOT,ยี่สิบสี่เดือนเจ็ดสามหกห้า
r10058,Zf8mnc,"""ใต้ฟ้าละติน มีแค่เธอคนเดียว""ENGLOT",แมวส้มของพี่
r10059,Zf8mw5,มาเฟีย,Flower
r10063,Zf8urq,ม่านหมอก | Jaedo,อิงล็อตต🐶🐰
r10101,Zf9k0a,สายลมแห่งรัก,waratin.n
r10103,Zf9l2s,"""วรางคณากุล""",เขียนฝันที่วาดไว้
r10111,Zf9ncb,"""ยิ่งใส ยิ่งอยากแกล้ง"" | อิงล็อต",เหนือฟ้ายังมีแดด
r10118,Zf9s52,คุณหนูชากับคนใช้ที่ใส่ใจ,มาดูกันว่าคุณหนูกับตัวแม่เขาจะเริ่สขนาดไหนและเป็นยังไงต่อติดตามรอเลยค่า
r10123,Zf9w30,Ashira,Amarune
r10132,Zfa4f8,แม่จ๋าแม่อยู่ไหน,TNTR
r10137,Zfa6tq,รักหวนคืน|อิงล็อตหลิงออม,เลีบๆอิงล็อต
r10138,Zfa6xr,hole ; englot,Thunnus
r10139,Zfa7rf,เบเกอรี่ที่รัก(มั้ง),orgen
r10144,Zfaam4,กรงรักสีเพลิง,sunflower__
r10150,Zfadu0,"Two word | Englot,มีนเบ้บ",ทีเอ็ก.เอ็ม
r10160,Zfaio1,อิงล็อต,อิงล็อต
r10163,Zfajud,อิงล็อตพบรักกันที่แกรนด์,อิงล็อตหว๊านหวานน
r10165,Zfako5,ชัตเตอร์รัก (โคตร) ร้าย,mixcc
r10166,Zfakqb,Between Us,Laruneiei
r10172,Zfaor8,เพื่อนเธอ|englot,สุดหล่อซอย5
r10198,Zfb460,เพื่อน | ENGLOT,Englot &hearts;️
r10206,Zfbaj0,เด็กเสี่ย,Flower
r10210,Zfbema,(อิงล็อต)ร้านอาหารคาเฟ่~~~,moekkofx
r10215,Zfbhmk,The rules of the loser.,คุณเปรมเปี่ยมรัก
r10217,Zfbhu0,เเอบรัก,pangkii
r10234,Zfbrum,พื้นที่ปลอดเกย์ | อิงล็อต,whale'x
r10239,Zfbx7d,รักนี้ชั่วนิรันดร์ 2/2/6 |อิงล็อต,Rb รูบิเดียม
r10243,Zfc2b5,น่านน้ำ|Englot,ไม่กินชาเขียวช็อกโกแลต
r10246,Zfc34d,พรีมไม่ชอบเด็ก,ปกติเมื่อไหร่
r10257,Zfc8ip,อดีตกูเคยชอบมัน     ปัจจุบันมึงรักกู,โรสเองง
r10263,Zfcgj7,รักแรกของริตา,เป็ดมันก็แค่โปรไฟล์
r10266,Zfcjdd,ภาวนาให้เธอรัก (OS)| ENGLOT,Time is a scary thing.
r10268,Zfck96,รอยแผลที่ชื่อเธอ  | อิงล็อต,mixcc
r10287,Zfcx0n,มาเฟีย(อิงล็อตxฟรีนเบด),ตาบาทะยะลาด
r10297,Zfd2wc,วิศวะก็มีหัวใจ|อิงล็อต,𝔈𝔞𝔯𝔫_𝔣𝔟
r10304,Zfd6la,สุดหล่อขยี้ใจ,อิงล็อตร้อยความรัก
r10320,Zfdgr1,คนรักกัน|อิงล็อต,อิงล็อต25382541
r10334,Zfdng7,เตาเตา,warm7
r10352,Zfdxm0,โครงการสร้างรัก,Maismile_
r10378,Zfed7w,Rain That Smelled Like You | Englot,โดเรม่อนใส่แว่น
r10379,Zfedeg,รักแรงแค้น|Englot.หลิงออม,รักEnglot
r10405,Zferom,เพื่อน(ผี)ที่เลิฟ | อิงล็อต,mixcc
r10410,Zfey93,เรื่องเล่าของเราสองคน | Englot,ซันควิก
r10417,Zff17e,ความลับในถ้วยกาแฟ|อิงล็อต,แอดนี้ไม่สวนโพ.
r10427,Zff63l,ดอกแก้วในเรือนเก่า,ศิลาวัลย์
r10428,Zff6e8,Keetakarn,เป็นแมวงับ
r10429,Zff6jb,กลีบดอกไม้ในภพชาติหน้า,ศิลาวัลย์
r10443,Zffcrw,คลอดลูกแล้ว,อิงล็อคมิสแกรนด์
r10445,Zffdld,อัญญารินทร์,Mickymayz
r10446,Zffe6i,แต่ละมื้อแต่ละเดย์ของปิ่น,ʕ⁠&acute;⁠&bull;⁠ᴥ⁠&bull;⁠`⁠ʔแต่งเรื่องแรก
r10447,Zffeel,แต่งงานกันนะ/อิงล็อต,รวิภา
r10451,Zffhle,แค่รัก,อิงล็อต
r10458,Zffm5h,ลืมบอกว่ารัก,อิงล็อต
r10459,Zffn3u,เส้นบางๆ,warm7
r10464,Zffq6l,รุ่นพี่สุดโหดกับรุ่นน้องซื่อบื่อ,มาดูกันว่าคุณหนูกับตัวแม่เขาจะเริ่สขนาดไหนและเป็นยังไงต่อติดตามรอเลยค่า
r10471,Zffrrp,ใจที่เธอทิ้ง | ENGLOT,lee_aim
r10481,Zfg0bf,Thongfa,เป็นแมวงับ
r10510,Zfghl0,My woman||Englot,fern_nn.
r10521,Zfgmyg,My CEO Girlfriend,เป็นแมวงับ
r10527,Zfgoi7,น้องอิงไม่ดื้อนะค่ะ,อิงล็อต
r10533,Zfgrb5,ระยะทางสื่อรัก (อิงล็อต),the lion
r10542,Zfh0j0,ซุปตาร์,warm7
r10562,Zfhdt0,คู่หมั้น|อิงล็อต,แค่คนเก่าไม่ต้องมาเห่าให้ฟัง
r10563,Zfhebb,พายหวาน | englot,momotaro
r10564,Zfhedv,ไร่องุ่นลิขิตรัก,mixcc
r10565,Zfhflm,พบรักครั้งใหม่,ติชมได้เด้ออ
r10580,Zfholj,คล้ายแฟน ( อิงล็อต ),warm7
r10595,Zfi1dj,ของใครค่ะหนู|อิงล็อต,โกโก้ปั่นนํ้าแข็งเย็นทุกก้อน!
r10601,Zfi4eh,พันธนาการแห่งทราย,E C
r10603,Zfi5tj,นายมาเฟีย|อิงล็อตxหลิงออม,รักEnglot
r10628,Zfiqqv,คุนคนจ๋วย l englot,ozoz
r10659,Zfj78l,ปากแข็ง | englot,อิงล็อต
r10690,Zfjldn,เธอคือสนามสุดท้าย | LOTMOOK,I'm possible
r10697,Zfjnto,i love you so,F.
r10702,Zfjwce,เด็กนายยิง|อิงล็อต+หลิงออม,รักEnglot
r10706,Zfk244,พี่ปี2แอบรักน้องปี1-อิงล็อต,ni_ce
r10710,Zfk3e8,เศษศิลา,Maismile_
r10717,Zfk64e,ดวงใจ ( อิงล็อต ),warm7
r10726,Zfkc70,Above the princess.,คุณเปรมเปี่ยมรัก
r10731,Zfkgty,Blue Rose,lastkiss
r10742,Zfkmvq,อิงล็อต/รักเธอหมดหัวใจ,นาเน่ นักเขียน
r10746,Zfkobb,อิง&times;ล็อต,เรื่องที่ดีที่สุด
r10747,Zfkoni,ภาพ(รัก)ลักษณ์ |อิงล็อต,อักษรามาศ
r10758,Zfktr8,วอนเธอกลับมา | อิงล็อต,เบ๊บ
r10768,Zfkygx,"Sweet Tooth, Sweet Love / Englot",MyR0616_
r10802,Zflf3y,น้าโรสคะ | Englot,Eng❤️lot
r10816,Zfloft,มหาลัย(อิงล็อต)​,เป็นคนดีงับ&deg;~&deg;
r10832,Zfm0ot,ระหว่างเงาแห่งศักดิ์ศรี,E C
r10835,Zfm2hf,แอบรัก |อิงล็อต,นลินซี่ขยี้ใจ
r10844,Zfm4lt,เนตรวรินทร์,เข็มทิศ^_^
r10847,Zfm57n,Hu Tao - เพื่อนร่วมโต๊ะ,ขี้เกียจจะเขียน
r10868,Zfmicw,ยัยตัวร้ายของนายยูโร,mixcc
r10874,Zfmlfn,พีราวาริณ ||ENGLOT,อิงล็อตคั้บโผมมม
r10881,Zfmnll,เบลริน  |  อิงล็อต,it.smile_
r10887,Zfmq6e,น้องกูกับมึง พี่มึงกับกู | อิงล็อต,ซันควิก
r10895,Zfmw5n,My sweet | Englot,หมานุดชอบกินชาเขียว
r10903,Zfn233,รักผู้หญิงมันผิดตรงไหน,เรารักอิงล็อตฟรีนเบคแต่รักเพื่อนมากกว่า
r10904,Zfn2ew,ผูกพันด้วยชะตา พลัดพรากด้วยวิญญาณ | อิงล็อต,mixcc
r10934,Zfncut,-แรกพบ- // Jaedo,อิงล็อตต🐶🐰
r10943,Zfnjsn,พักพิง|Englot,SERENDIPITY
r10958,Zfnps3,จะไม่ปล่อยเธอไปเด็ดขาด|Englt,รักEnglot
r10975,Zfnvvx,เรื่องที่(ไม่)ตั้งใจเขียน,party_2539
r10977,Zfnwuy,The Deja Vu Script (ลายเซ็นในดวงใจ),peckko!
r10989,Zfo6jh,แฟนใหม่หน้าเก่า|อิงล็อต,หนีลิเกมาดูแกรนด์
r10994,Zfodk7,เด็กใหม่ - มีนเบ้บ,nappo
r10995,Zfoe68,แคปชั่นไม่รู้,Nice 👍🏻
r10998,Zfofg9,MGI,ลมหมอก
r11002,Zfoilp,love business | ENGLOT,lislovee
r11008,Zfoly0,มีรัก - Englot,itsone
r11010,Zfon02,เเทนร่าง เเทนรัก,Maismile_
r11014,Zfor87,In the Scent of You &mdash; englot,uetchap
r11017,Zfot3m,เกมชิงอำนาจ...เดิมพันหัวใจ (The Campaign),peckko!
r11028,Zfoyvc,อิงล็อต,ต้นข้าว
r11035,Zfp60t,ครอบครัวอิงล็อต,ต้นข้าว
r11036,Zfp654,&ldquo;เงาใจ&rdquo;,ปลาดาว สีรุ้ง
r11046,Zfpcpb,ในวันที่เธอ...กล้ารัก,ปลาดาว สีรุ้ง
r11053,Zfplpf,ภูวรินทร์,เข็มทิศ^_^
r11076,Zfpwql,ณน่านน้ำ,VILLAIN NO.1
r11077,Zfpx8j,บ่วงรัก| Englot,I am the giver
r11082,Zfq04i,ช้อ|อิงล็อต,รักEnglot
r11086,Zfq29c,ตะวันเด็กดี / อิงล็อต,🌻
r11093,Zfq470,อิงล็อต,เจ้วัน
r11095,Zfq4uw,จากเพื่อนสู่แฟน,อิงล็อตเท่านั้น
r11113,Zfqdj3,แอบรัก|englot,MIND_🐶🐰🤍
r11117,Zfqf3l,ใจเผลอรัก | ENGLOT,lee_aim
r11119,Zfqhte,Red Yerbera,lastkiss
r11127,Zfqowt,Between Truth and Magic &ndash; ระหว่างความจริงกับเวทมนตร์,peckko!
r11131,Zfqqqj,ดาวแชมเปญ | Inglot.,ขนมชั้น
r11147,Zfr1if,Phurin-Englot,D.Dandelion
r11153,Zfr6xp,ประธานวาเรน(Englot),สว่างดั่งดวงตะวัน
r11158,Zfrak7,รู้ตัวอีกทีฉันก็กลายมาเป็นสามีของยัยป้าปากจัด !,Mickymayz
r11165,Zfrhkw,Black Rose,lastkiss
r11169,Zfrl2y,หมวยข๋า|อิงล็อต,รักEnglot
r11172,Zfrn7w,น้องขิม |LOTENG,น้ำเงี้ยวคุณยาย
r11178,Zfroo8,รักให้ร้าย-Englot,Am 💯💢
r11180,Zfrp76,มากกว่าคำว่ารัก|อิงล็อต,เพชรมายา
r11184,Zfrs0l,ที่เดิม |englot,รัตน์นารินทร์
r11187,Zfrtx6,&rdquo;A Love That Shouldn&rsquo;t Begin&ldquo;,^'KN.-TAWAN-&deg;
r11194,Zfrygt,บอดี้การ์ดหน้าใสกับยัยซุปเปอร์โมเดล,ปลาดาว สีรุ้ง
r11203,Zfs48a,ทุกนาทีที่มีเธอ,astros
r11206,Zfs6op,มัดใจ,warm7
r11212,Zfs9fb,ปานตะวันปาแปง,นับหนึ่งปลายปากกา
r11221,Zfsgiu,sex,We
r11228,Zfsjlm,เพื่อนสนิทคิดไม่ซื่อ [Englot],อิงล็อต
r11231,Zfsmfb,รักที่ไม่มีรักสิ้นสุด | A love that has no end,soliib
r11234,Zfso0m,perfect,We
r11257,Zft75i,ซ้อเหรอ,Venusxx.el
r11265,Zftc8a,เพื่อนสนิทคิดไม่ซื่อ เดอะซีรี่ส์  ภาคที่1,ig:wi_26_10_53
r11274,Zfth76,เย็นชา|อิงล็อต,หนีลิเกมาดูแกรนด์
r11278,Zftj9c,คุณบุหงา | อิงล็อต,BlueWolf.
r11280,Zftk2n,การเดินทางของวาฬออร์กา,คิวคัมเบอะ🌓
r11289,Zftpoc,Secret Chat,NueaSainam
r11294,Zfttna,พี่เลี้ยงน้องไอรีน | ล็อตอิง,Morning Kiss
r11306,Zfu0ra,สตอเบอรี่,ภูวดล
r11315,Zfu8ha,คุณโปรดิวเซอร์,We
r11322,Zfucg3,.เมียขัดดอก.,เจ้าบีน
r11324,Zfud6c,รหัสรักของรุ่นพี่ |ENGLOT,lislovee
r11327,Zfuduo,จันทร์เจ้า|Englot,ไม่กินชาเขียวช็อกโกแลต
r11328,Zfue1u,หมาเด้นกับพี่กระต่าย,Maismile_
r11341,Zfukky,หลงรักรุ่นเพื่อน /  อิงล็อต,P.
r11358,Zfuuhq,คลื่นรักใจกลางมหาสมุทร,Maismile_
r11361,Zfuv4h,คุณแฟนคลับที่รัก,หมาเด้นชอบอเมริกาโน่หวานน้อย☕️✨
r11363,Zfuw9p,เสน่ห์รักกลางหุบเขา,Maismile_
r11369,Zfv1wo,ขอคืนดี |จ๊าบหลิน,babe.fam4
r11377,Zfv5rv,เสียงเพลงคือเธอ | ENGLOT,แจ้มๆ
r11390,Zfvbl4,ผลิบานทั้งใจ | Englot,I'm possible
r11400,Zfvl6y,NERD|ENGLOT,หมานุดชอบกินชาเขียว
r11409,Zfvunk,พีเด็กพี่,We
r11411,Zfvv92,ดวงจันทร์น้อยของพี่,แดง วราติน
r11413,Zfvvsa,White Lilly,lastkiss
r11415,Zfvwhi,วอนเธอ(กลับ)มารัก  |  อิงล็อต,We
r11421,Zfw03c,เฟ่ยเฟ่ย Englot,คน​ปริศนา??
r11423,Zfw0ee,หวานผสมขม,เอิร์นที่ชอบอิงล็อต
r11426,Zfw43o,ไร่รักกลางใจ,ปลาดาว สีรุ้ง
r11447,Zfwef5,ยินดีรอ|ENGLOT,หมวยคิดถึงพี่จีน
r11462,Zfwn90,กลลวงในเงารัก (Shadows of Deceptive Love),Lanikorn
r11475,Zfwu4t,sun like you,wikanda
r11485,Zfwyk1,หลอกใช้ | อิงล็อต,yuri
r11494,Zfx4vg,ความใน ( ใจ ) /อิงล็อต,ในใจ🤭☺️
r11497,Zfx7sj,หมาเด็กมันอร่อยนะคับ ลองมั้ย ?,WT_as
r11498,Zfx9ca,ก็นี่ไม่ได้ชอบ,โพเหมียว
r11505,Zfxbsd,เม็ดฝน,warm7
r11516,Zfxjbl,หนึ่งใจ สองรัก,The Love Like
r11531,Zfxwad,เรื่องราวระหว่างเรา,ตามใจเตง
r11535,Zfxyk4,มาร์คหัวใจ,นับหนึ่งปลายปากกา
r11553,Zfyb53,"""พิสูจน์รักให้สมเกียรติ""",เพชรน้ำหนึ่ง💎🍂🔥
r11555,Zfyb98,หมิวเปลี่ยน | Enhlot,หิวมาม่า
r11586,Zfyv3r,ได้แค่เพื่อน#1|ENGLOT,โทเม่
r11589,Zfyw3y,มายเดียร์,warm7
r11595,Zg00sn,ระหว่างที่ลืมเธอ | อิงล็อต,BlueWolf.
r11596,Zg01ax,ไอ้หมาตะวัน|englot,NAPASORN
r11612,Zg099q,บังเอิญรัก,warm7
r11613,Zg09n9,พิงค์พราว|Englot,ไม่กินชาเขียวช็อกโกแลต
r11620,Zg0do4,รักแรก,ตึกส้มที่น้องใฝ่ฝัน
r11626,Zg0ha5,เราสามคน,warm7
r11633,Zg0k4n,Stay in My Waves &bull; [DORNHAO],V_Varod
r11648,Zg0rv1,เพทาย| englot,คุณเปรมเปี่ยมรัก
r11649,Zg0sxo,ตามรักคืนใจแพรไหมพันดาว,นับหนึ่งปลายปากกา
r11672,Zg17bg,รักนิรันดร์|อิงล็อต,Chanakan
r11675,Zg1abc,เจ้าทะเลพาพบกับความรัก [ENGLOT],ไม่บอกหรอกเราคือใครคิๆ
r11682,Zg1eav,Pimrarin |  englot,Orimaimeefill
r11688,Zg1gpl,วรินธร | Englot,Tawan
r11737,Zg29o0,เด็กดื้อของพี่บี๋,เรารักอิงล็อตฟรีนเบคแต่รักเพื่อนมากกว่า
r11743,Zg2bv4,ฉันรักเธอ | Tetay,ไม่จําเป็น
r11771,Zg2tcj,พันปีไร้รัก | Englot,warmtonight
r11779,Zg3244,My Boss / Englot,P.Phoenix
r11783,Zg3692,เจ็บนี้แลกรัก,Venusxx.el
r11797,Zg39t9,เถียนหลง|Englot,ไม่กินชาเขียวช็อกโกแลต
r11804,Zg3dek,ฟ้าลิขิตไว้แล้ว(อิงล็อต),เงาของแสงจันทร์
r11810,Zg3gcg,Undefined / Englot,MyR0616_
r11827,Zg3q33,หัวใจวัยใส(englot),กำเเพงเมืองจีน
r11828,Zg3q6e,สองแฝด,ชิคเก้นปาร์ค
r11845,Zg3wy8,LOVE P'WEIr,D.Dandelion
r11850,Zg3yxv,พี่สาวข้างบ้าน,ปลาดาว สีรุ้ง
r11852,Zg40op,GL,mafiin
r11886,Zg4hf5,ชิดตะวัน-Englot,D.Dandelion
r11889,Zg4jle,สุดที่รัก|Englot,Time .
r11892,Zg4ju9,ประธานหน้าดุ/อิงล็อต,mwitcd
r11903,Zg4p1b,รักแรก || อิงล็อต,ธะรา
r11912,Zg4wbf,พันธะรัก (ลับ),Maismile_
r11918,Zg4yiu,ราตรีกาลสีชาด | อิงล็อต,mixcc
r11921,Zg52wb,"""สัญญาเร่าร้อน""",ปลาดาว สีรุ้ง
r11922,Zg5479,ต่างประเทศของทั้งคู่,เอิร์นที่ชอบอิงล็อต
r11932,Zg57ep,คุณรอง,นับหนึ่งปลายปากกา
r11952,Zg5hab,ไร่แม่เลี้ยงกมล  | englot,We
r11955,Zg5ikb,ศึกระหว่างเรา,องศาเซลเซียส&deg;
r11963,Zg5kwi,คุณหนูนันท์พิชชา,pxnztzzz_
r11964,Zg5leb,ma prin &mdash; englot,uetchap
r12001,Zg62ni,Start again [ englot ],อนงค์หลงรัก
r12002,Zg63xw,คาเฟ่แห่งความฝันไม่สิ้นสุด,August
r12004,Zg66ip,ซินดี้ยัยเด็กบ้า|อิงล็อต,หัวใจสีขาว
r12006,Zg689r,In the Distance of the Shutter,Amarune
r12018,Zg6g1k,มูโจ๋,warm7
r12022,Zg6hsf,คุณอาT / อิงล็อต,mwitcd
r12048,Zg6xne,ตระกูลวราหะ|Englot,G_ap.n
r12066,Zg7agu,เนิร์ด | Englot,Amyy_y
r12091,Zg7n39,เพิ่งรู้ว่ากินเจ๊ก็อร่อยเหมือนกันนะเนี่ย/อิงล็อต,อิงล็อต
r12093,Zg7oj3,เริ่มต้นใหม่(หรืออยู่กับรักเก่า)-อิงล็อต,หมาเน่าระเบิดอ้วก
r12108,Zg7vde,Erlend,พรของดาวตก
r12134,Zg89og,การเดินทางของภัสพาย|อิงล็อต,Nice 👍🏻
r12143,Zg8f9j,เพิ่งรู้ว่ากินเจ๊ก็อร่อยเหมือนกันนะเนี่ย/อิงล็อต/ตอน2,อิงล็อต
r12150,Zg8jby,เพียงภพ ๒ : อิงล็อต | ENGLOT,ฉันคือปิศาจ
r12156,Zg8n32,มาดาม #อิงล็อต,ปลายฝนลมหนาว🌧️🌬️
r12159,Zg8nrw,กลับไปเหมือนว่าเราไม่เคยพบกัน.,เหลิมศรี
r12161,Zg8qbp,พี่คนสวยขา|ENGLOT,M.
r12174,Zg8yse,ผู้หญิงของคุณธีร์,p.phinnapha_
r12175,Zg8yu1,PIMMY NO TIM,wikanda
r12176,Zg909x,Basic love,warm7
r12190,Zg970q,Once Loved &ndash; เคยรัก |englot,The Cat&rsquo;s Promise
r12199,Zg9b29,ไกด์นำเที่ยว/Englot,กล้วยปิ้งชุบช็อคโกแลต
r12222,Zg9ln7,ปากแข็งจัง/อิงล็อตต,นาเน่ นักเขียน
r12231,Zg9p09,หนูจะปกป้องพี่เอง/อิงล็อต,อิงล็อต
r12232,Zg9psd,Dark Purple Tulip,lastkiss
r12238,Zg9rve,คีรันเชอรีน/Englot,กำเเพงเมืองจีน
r12244,Zg9tw5,"""ขอข้ามเส้นเพื่อนร่วมงานจะได้มั้ย""",นาเน่ นักเขียน
r12251,Zg9wkr,"""พี่สาวคนสวยขาากับหมาเด็ก""",นาเน่ นักเขียน
r12255,Zg9xo1,ถึง.เธอ (เมษา),เปาอี้
r12282,Zgadng,หัวใจที่ถูกผ่าเปิด - Englot,wry.16
r12295,Zgajq8,มาดามเทียร์,มิถุนา
r12301,Zgamk7,"รักแรก,ENGLOT",Englot
r12310,Zgar4d,อิงล็อต,อิงล็อต
r12322,Zgawug,เพื่อนแท้,อิงล็อต
r12329,Zgb0ga,เช่ารักไว้ในเงาใจ - Englot,wry.16
r12336,Zgb4cg,หมอบำบัดเซ็กส์,We
r12338,Zgb5sp,มอบหัวใจให้เพียงเธอ,the lion
r12359,Zgbaqh,k'varisa,zerozxn
r12361,Zgbbco,วรุณพร |อิงล็อต|อิงฟ้า ชาล็อต|,โกโก้ร้อนแรง
r12364,Zgbcc4,ป.4/1นี้มันมีของดี,โฟกัสนิ
r12366,Zgbd84,แค่ได้รัก|ล็อตอิง,กระต่ายข้างจันทร์
r12371,Zgbfb5,สัญญา/ศัตรู,ใช้ชีวิตแบบลูกเหม็น
r12399,Zgbs5b,หนูจะปกป้องพี่เอง/อิงล็อต,อิงล็อต
r12405,Zgbudg,น้องว่านค่ะ!|อิงล็อต,new
r12408,Zgbuho,kira-englot,อิงล็อต
r12436,Zgc7rf,ลมพัดรัก,หัวใจเต้าหู้
r12448,Zgcb2p,ส่วนต่าง(It can't go on),องศาเซลเซียส&deg;
r12455,Zgcbsc,เด็กพี่คิน [englot],กันดาร์
r12467,Zgchwn,อาหมอคะ,Englot pan fan kan 🤍
r12477,Zgcoh2,ประธานสะดุดรัก#อิงล็อต,너!
r12484,Zgcrhb,My happiness is you,กรุบกริบ
r12489,Zgct5n,มาลินีสถาน (petalock) | englot,summercursecode
r12509,Zgd3cw,การไฟฟ้าแห่งประเทศไทย,บินใต้ลม
r12513,Zgd5h9,loop love &mdash; englot,JEDSINGHA
r12536,Zgdi1u,คุณหนูเเพ้ทรงไทบ้าน,p.phinnapha_
r12545,Zgdn8a,ไอรดา|Englot,เจ้าลม🌪️
r12547,Zgdnnu,ของเล่นผู้ใหญ่ ⁴,TP write
r12575,Zge19e,Whispers in the Ward/ENGLOT,hi
r12577,Zge1wg,มีสิทธิ์อะไร,เรารักพี่อิงล็อตพี่ฟรีนเบคแต่รักเพื่อนมากกว่า
r12578,Zge29g,เธอเป็นคนของฉัน,สิขร24
r12593,Zge7xy,ไป๋เจียลี่,pixmacash
r12594,Zge8b2,พี่วิศวะกับเด็กนิเทศ/อิงล็อต,mwitcd
r12602,Zgeedu,พบรักที่ ณ ป่า | Englot,"Cp_""Englot"""
r12623,Zgek6k,-刘天昊- |englot,ซ้าวสุบ
r12631,Zgeq6s,dearest |englot,∘˚𖦹 𝐅𝐀𝐑𝐀𝐅𝐀𝐘 𐙚
r12633,Zgera6,เจ้มานี่มา^_^/อิงล็อต,เจเจ้
r12634,Zgerdm,Loved You More,รักอิงล็อตไม่เจ็บเลยสักวัน
r12656,Zgf7it,"เด็กมั้ยยั่ว "" อิงล็อต",ทูมิตยู😻
r12660,Zgf92g,เบอร์เกอร์ | อิงล็อต,อิงล็อต
r12669,Zgfb7c,พี่เผ็ช แต่เด็กกินได้,warm7
r12679,Zgff53,อิงล็อต,ฉันรักเธอ
r12684,Zgfgd8,โปรดไม่ปลื้ม // มีนเบ้บ,Namnua ୨୧
r12686,Zgfgri,คุณหมอกับสารวัตร,ทานตะวัน🌻
r12691,Zgfj8t,รักครั้งใหม่ของนายมาเฟียลูกติด,ทานตะวันจันทร์สเน่ห์
r12698,Zgfm4c,เมียเผลอเจอกัน/อิงล็อต,เจอกัน
r12701,Zgfmfy,อิงล็อต,รักพี่ฟ้า
r12703,Zgfmw8,คนรัก...หรือ?,ชิปไปเรื่อย ชิปทุกคู่
r12704,Zgfngb,เลี้ยงเด็ก | อิงล็อต,อิงล็อต
r12706,Zgfnq9,เบบี๋ของหม่ามี๊,Poppy🥺
r12712,Zgfpsu,( ภูมิใจ ) I'm crazy about you,warm7
r12757,Zgg9yg,ผิดที่รัก#มีนเบ้บ,ไรท์ไม่มีตัวตน
r12785,Zggkv0,บ้านนี้ไม่รับสมัครลูกเขย!!!,napat_as
r12789,Zggmvo,This is what we call destiny | ENGLOT,ปะก๊ากปั่ก ๆๆ
r12799,Zggt5n,อยู่ดีๆก็ได้แฟน/อิงล็อต,ทำความรู้จัก😺
r12802,Zggt7i,ความเชื่อดวงใจนาคา l อิงล็อต,ชอบแมว
r12809,Zggw05,หมาเด้กข๋าาา,อิงล็อต
r12831,Zgh5xt,"ป่วนหัวใจ,Englot",Englot
r12836,Zgh77j,achiya,zerozxn
r12856,Zghjew,My Sweetheart,Ninnutha
r12867,Zghngo,nicotine,darkblue.
r12884,Zghxuq,อยู่ดีๆก็ได้แฟน/อิงล็อต 2,ทำความรู้จัก😺
r12891,Zgi0my,Stalker : englot,good boy
r12897,Zgi1aw,เจ๊ขา | อิงล็อต,We
r12907,Zgi574,รักนี้ร้ายนัก (อิงล็อต),รักตึกส้ม
r12924,Zgieg2,แค่คุณ &lt;อิงล็อต&gt;,หมูกรอบ~●
r12926,Zgifdi,The Worth of You | Bellchelle,ไก่สไปร์ทซี่
r13007,Zgjw3k,ยินดีนำเสนอ | Englot,วัumai
r13013,Zgjxvo,เมียในนามของคุณธาร,p.phinnapha_
r13015,Zgjy82,หมามันรักลูกของมัน!!,ไรท์เกนจิ
r13055,Zgkj50,พี่เลิกเจ้าชู้เมื่อไหร่เราค่อยคบกันนะ|อิงล็อต,ไรท์ชอบรุ่นพี่
r13061,Zgkkcp,short time #englot,mhumali
r13093,Zgl1d9,พี่ไม่ต้องฟ้าทำเองได้! / อิงล็อต,ไม่ต้องนะ
r13096,Zgl2a3,ขวัญใจแม่ยก : englot,good boy
r13136,Zglis5,เธอ...ผู้ถูกแลกมา,กำเเพงเมืองจีน
r13145,Zglluy,ดาวตกแห่งพันธมิตร(asean),บ่มีเจตนาเด้ออ😫😫😖😖
r13152,Zglnv3,Gold &amp; Queen (ควินน์),เจ้าพีเอแอลเอ็ม🌱
r13182,Zgm17w,พี่ของเพื่อน/อิงล็อต,mwitcd
r13184,Zgm2gt,เฮียขาา//อิงล็อต,นาเน่ นักเขียน
r13187,Zgm3h2,THE LIGHTS : ใต้แสงใจ l อิงล็อต,ฉันคือปิศาจ
r13195,Zgm6ql,The scent I miss | Englot,We
r13237,Zgmmfo,เมื่อแสงพบเงา,abcde....
r13246,Zgmotp,ภารกิจรัก,Maismile_
r13250,Zgmq9f,"ซูเหม่ยซิน , Englot",เจ้าโฮม
r13266,Zgmu7e,เมียหลวง,เดือนหนาว
r13277,Zgmyik,อิงล็อตตต,เรื่องที่ดีที่สุด
r13285,Zgn1i0,ในฤดูที่ร่วงหล่น,fhxriy
r13296,Zgn4ht,หมอดูบอกให้ชอบคนเกิดวันจันทร์ / Englot,MyR0616_
r13298,Zgn5ua,พราวตะวัน|Englot,ไม่กินชาเขียวช็อกโกแลต
r13329,Zgnn22,ไกลเเสนไกล | Englot,หมั่นโถวปิ้ปปิ้ป
r13332,Zgnnyw,ฮักลูกสาวกำนัน |ENGLOT,ใต้แสงเงาของเด้กไทบ้าน
r13358,Zgo1g1,คนที่ห่างใกล,Ice ik
r13432,Zgossm,พี่คนสวย | อิงล็อต,oxxxy
r13440,Zgovkc,รักครั้งใหม่กับคนเดิม,วันใหม่
r13441,Zgovr5,อลิสา|Englot,ไม่กินชาเขียวช็อกโกแลต
r13462,Zgp15r,Under the Lights | Englot,0x
r13486,Zgpbw8,จะร้ายหรือจะรัก|englot,peachy.thanida
r13494,Zgpdpm,ดาวประดับฟ้า - Englot,N0thingbutBl&uuml;Skyz
r13541,Zgptoe,รักที่บริสุทธิ์,𓂂𓇼 &middot; ˚ Meena ˚ ⭒ ം ꙳
r13544,Zgpu2j,รุ่นพี่คิดไม่ซื่อ,เหมียวๆ
r13559,Zgq1e3,อิงฟ้าแอบชอบชาล็อต,ชิงชิง วราติน
r13562,Zgq2df,Hidden Agenda วาระซ่อนรัก : Englot,I'm possible
r13622,Zgqo00,เจ้าลิซ ; englot,แต่งไปเรื่อยยย.
r13623,Zgqoyl,The Midnight Lounge - ENGLOT,hadeexmllcann
r13626,Zgqpnk,รักครั้งนี้&hellip;พี่ไม่แก่สักหน่อย,ปลาดาว สีรุ้ง
r13646,Zgqwpl,เราไม่ได้รักกัน(อิงล็อต),โอกาน้า
r13662,Zgr4f0,เด็กบ้านนอก,warm7
r13694,Zgrc11,White Craft Cafe&rsquo; : ที่(รัก)ไวท์คราฟคาเฟ่ | ENGLOT,ฉันคือปิศาจ
r13703,Zgreye,ความจริงที่ไม่จริงใจ/อิงล็อต,ความลับไม่มี
r13709,Zgrikq,Long-term relationship? [อิงล็อต],ติ๋มขั้วเวลา
r13710,Zgrji5,ณคินทร์ | อิงล็อต,Fah. waiyindee
r13713,Zgrl6n,ยัยเด็กข้างบ้าน | อิงล็อต,๐๔.
r13744,Zgrxqx,นิเทศศาสตร์ | ENGLOT,บะหมี่น้ำ ไม่กินผัก
r13760,Zgs5c9,เจ๊ขารับรักหนูหน่อย,Venusxx.el
r13778,Zgsb5q,ปากน่าจูบจัง/อิงล็อต,น่าจูบจังงง
r13784,Zgsed2,รักเธอได้มั้ย|EngLoT,VaraTin
r13809,Zgsj63,-รักพิสุทธิ์- (Pure Love) | ENGLOT,ENGLOT |🌻ᥫ᭡
r13811,Zgsji5,รักนอกสมรส,Maismile_
r13812,Zgsjqf,ephemeral | englot,iasher
r13813,Zgsjtj,แล้วแต่เลยไม่ได้เป็นไรกันนิ,ความคิดในปล้ายขอบฟ้า
r13819,Zgsl5l,she&rsquo;s my queen (englot),good boy
r13820,Zgslho,My soulmate is coming soon.,Mickymayz
r13821,Zgsm9s,ค่าความรัก,warm7
r13823,Zgsndt,โขมยใจสาวไรแมน//อิงล็อต,นาเน่ นักเขียน
r13830,Zgspus,เลขาคนโปรด,เลขาทั้งใจ
r13838,Zgssmi,รสชาติเลิฟ | ENGLOT,บุคคลลึกลับ🤓
r13860,Zgt592,เรนไม่ได้แปลว่าฝนแต่แปลว่าของผม,𝕽𝖊𝖈𝖑𝖚𝖘𝖊
r13864,Zgt6cy,สูตรลับฉับบหวานใจ//อิงล็อต,นาเน่ นักเขียน
r13881,Zgtdxp,อิงล็อต,ปลาทอด
r13884,Zgteu9,ชู้รัก (Affair),BlueWolf.
r13892,Zgtgd9,นายเย็นชา กับยัยน้ำตาล//อิงล็อต,นาเน่ นักเขียน
r13900,Zgtiiq,มาเฟียลูกติด,p.phinnapha_
r13911,Zgtn37,คุณหนูคะ...,คุณหนูคะ...
r13921,Zgtrvn,รู้ใจในวันที่(ไม่)สาย...|ENGLOT(อ่านฟรี),วราติน✒️
r13928,Zgtugv,มนตราแห่งรัก//อิงล็อต,นาเน่ นักเขียน
r13936,Zgtyii,-ดุจลิขิต- (Fated Love) | ENGLOT,ENGLOT |🌻ᥫ᭡
r13947,Zgu4tx,-พิษหัวใจ- (Poisoned Love) | ENGLOT,ENGLOT |🌻ᥫ᭡
r13950,Zgu55k,น้ำฟ้าเนี้ยนะ &mdash; englot,uetchap
r13957,Zgu6es,You matter . . . รักของตะวัน,ผักใบเถา🌱
r13962,Zgu7so,SOUL&rsquo;S GROAN [ENGLOT],BlueRose.
r13979,Zguedv,True love | Englot,หมานุดชอบกินชาเขียว
r13987,Zgug46,นทีพัตร์,wikanda
r14011,Zguqm1,กีต้าร์ไม่ชอบแม่เลี้ยง | อิงล็อต,Meen_a
r14014,Zgurim,ศัตรูที่รัก,warm7
r14043,Zgv5ic,วาโย|Englot,ไม่กินชาเขียวช็อกโกแลต
r14048,Zgva4f,phromjai|englot,โอบรัก
r14060,Zgvcy8,น้ำเหนือ ; englot,แต่งไปเรื่อยยย.
r14073,Zgvj73,กอดไม่ได้ - Englot,N0thingbutBl&uuml;Skyz
r14081,Zgvnsa,ใจนี้มีเเค่เธอ//อิงล็อต,นาเน่ นักเขียน
r14087,Zgvrfo,Latte Artชงรักพี่บาริสต้า,นับหนึ่งปลายปากกา
r14119,Zgw5p6,Between the lines,Green tea latte
r14120,Zgw605,หนูพี่ไม่ไหวแล้ว!/อิงล็อต,เห้อไม่ไหว
r14138,Zgwdkm,....,อิงล็อต
r14160,Zgwiy4,ภารกิจ (จีบ) เมียเก่า,mixcc
r14161,Zgwj40,ระยะห่างระหว่างชั้นที่ 0 ถึง 99 | ล็อตมุก,Celestine
r14175,Zgwlxc,รักต้องห้าม(อิงล็อต),อิงล็อต
r14190,Zgwt88,เฉดสีที่69 | ENGLOT,mafiin
r14206,Zgx26p,ใครตามอลิซ | อิงล็อต,lolifroyd
r14212,Zgx3kn,Kamin,v.
r14217,Zgx61c,ความทรงจำในวันวาน,Maismile_
r14238,Zgxdok,วิวาห์ว้าวุ่น | Englot,Mickymayz
r14243,Zgxeia,Artist Design,itscherrene 🌻🐰
r14247,Zgxfr9,รักแรก,EL.🐶🐰
r14260,Zgxlc4,รักไม่ต้องการเวลา ช-ญ,ABS_ENGLOT
r14274,Zgxpx1,รักนี้เจ็บ&hellip;แต่ฉันยอม|Englot,N!
r14283,Zgxs56,Don't love anyone,หัวใจเต้าหู้
r14288,Zgxt6v,รักออนไลน์,warm7
r14289,Zgxt9n,&ldquo;The Love We Chose&rdquo;,^'KN.-TAWAN-&deg;
r14307,Zgy1fs,สีเทียนวาดรัก,butter
r14310,Zgy1ym,ลามปาม,paopeipxq2
r14325,Zgyamc,สงครามสมรส  | อิงล็อต,อายไงง
r14327,Zgybn4,คุณธีร์,bagbad
r14351,Zgykrk,กลับมาเพื่อรักเธออีกครั้ง,WT_as
r14359,Zgymdm,พี่น้อง(ที่รัก),The Lunor
r14361,Zgyn0v,วันที่หัวใจหันกลับมา,โอริโอ้ ิ ิ
r14362,Zgyo8n,คนโปรดของเฮียเกื้อ | ENGLOT,astros
r14380,Zgysui,sunday - englot,เจ้าป่ารักหมา
r14424,Zh06nx,รักนี้ไม่อาจห้าม||ENGLOT||,m._.nxmes
r14428,Zh08qv,เพื่อนไม่สนิท - englot,เจ้าป่ารักหมา
r14443,Zh0d8y,ใต้เงาหัวใจ,Maismile_
r14460,Zh0hjd,ยกไว้เหนือหัว | Englot,EngLot_isReal
r14469,Zh0lj3,นิทานความรักนักศึกษา,ความรักไร้เงา
r14500,Zh0w3e,พิมพ์รวี |อิงล็อต,smile of memories
r14506,Zh0xpv,คำสั่งสุดท้ายคือรักเธอ,Venusxx.el
r14528,Zh17we,จากตรงนี้ถึงเธอ,Venusxx.el
r14534,Zh1bdy,ภารกิจรับหัวใจต้องห้าม|อิงล็อต,เบ๊บ
r14540,Zh1f9h,รัก(ไม่)เก่า | อิงล็อต,Printter 132
r14555,Zh1j8a,CEO &amp; MODEL,sapphicreverie
r14556,Zh1jar,พี่จะปกป้องหนูเอง,fczx.
r14557,Zh1kb9,คุณคิริภัทร์/Englot,กำเเพงเมืองจีน
r14558,Zh1kdh,คุณคิรินทร์/Englot,กำเเพงเมืองจีน
r14565,Zh1nx8,นาทีรัก,นายหัวหอม
r14586,Zh1vlm,ครูคนสวยขา|englot,สายลมยามค่ำ
r14590,Zh1xca,Number one in my heart.,K.puppy
r14591,Zh1yib,ส่งอาหารแล้วส่งใจด้วยได้ไหม|Englot,N!
r14599,Zh23cc,ลองรัก|Englot,Englot
r14612,Zh29vr,ติดหนี้มาเฟีย,หัวใจของทิวา
r14623,Zh2cdi,พี่คนหล่อเมืองอุดร,N_nam:)
r14627,Zh2cov,ซ่อนรักไว้ที่ปลายฟ้า,ปลาดาว สีรุ้ง
r14644,Zh2jsj,(อิงล็อต),ตัวประกอบ
r14650,Zh2lrw,เพื่อนกันวันสุดท้าย - อิงล็อต,We
r14653,Zh2mru,อิงล็อต,ตัวประกอบ
r14658,Zh2p78,เฮามันไทบ้าน,สุดหล่อคอเหล้าขาว
r14659,Zh2pfl,เงารัก,หัวใจเต้าหู้
r14691,Zh30o3,คีรี|Englot,ไม่กินชาเขียวช็อกโกแลต
r14693,Zh310j,สายหมอก|Englot,ไม่กินชาเขียวช็อกโกแลต
r14695,Zh33fr,ครึ่งหัวใจ,Maismile_
r14700,Zh33rg,มาดามจีนส์,paopeipxq2
r14761,Zh3r8n,เพ้อรักหักอก|Englot,faagขี้เกียดเขียน
r14776,Zh3wu3,ทิวาไม่อยากรัก | englot,คุณลูกเปรม
r14795,Zh47j3,My Roommate,Maismile_
r14799,Zh482h,เงาเหนือสมุทร,TNTR
r14800,Zh48bk,อาหมวยของอั้ว_ENGFA,ไรท์เกนจิ
r14825,Zh4hl5,Treason|englot,Orimaimeefill
r14831,Zh4j7t,-ธีรภัทร-ENGLOT,namnua
r14848,Zh4p9o,ธีรดา (อิงล็อต),meen.1201
r14860,Zh4yc9,นับหนึ่ง,minqy
r14870,Zh54e6,ชีวา|Englot,ไม่กินชาเขียวช็อกโกแลต
r14871,Zh54i6,พื้นที่ต้องห้าม - Englot,wry.16
r14874,Zh55t7,ห้อง401..(อิงล็อต),meen.1201
r14900,Zh5evu,ณภัทร|Englot,i love englot
r14903,Zh5gae,"I like you the most, my dear.【ENGLOT】",ชอบอีสไก่ทอด
r14905,Zh5hcw,วิวาห์จำยอม|EngLot,Simmons
r14948,Zh5wbl,วันนี้ไม่เห็นค่าวันหน้าได้เห็นท่า,We
r14973,Zh649r,เจ้าของร้านของเล่น | Englot,Chitrarat
r14974,Zh64n0,"รักร้ายพี่มหาลัย!""ล็อตอิง""",Zoe 💐🌟
r14977,Zh66lj,อิงล็อตต~,เลิฟอิงล็อต
r14981,Zh69gg,ขวัญใจอัปสร lotmook,good boy
r14983,Zh6b0u,ลำธาร|ENGLOT,ฮาโหลๆทำอีหยังยุหน้อ
r14984,Zh6b8i,เด็กของพี่  อิงล็อต,ลงเรือกัน
r14990,Zh6dup,แม่เลี้ยงเดี่ยว|อิงล็อต,หัวใจของทิวา
r15003,Zh6ikb,กลิ่นกาแฟในลมหนาว / Englot,MyR0616_
r15028,Zh6ulo,อิงล็อต,asia
r15038,Zh6wt4,ปลัดเทียน,นาโช -_-
r15048,Zh70fe,"หัวใจที่ต้อง""ยอมแลก"" |Englot",N!
r15058,Zh73ed,FWB | Englot,Venusxx.el
r15061,Zh744c,ชู้รักบอดี้การ์ด - ENGLOT -,แมวมึนเขียนเรื่อง
r15062,Zh748b,ในสายตา | Englot,Venusxx.el
r15069,Zh775x,รักโดยไม่ต้องอธิบาย| ENGLOT,อิงล็อต
r15090,Zh7gjr,เธอยังเป็นเธอ,วราตินทั้งใจ
r15107,Zh7mi0,ช่องว่าง,darkblue.
r15115,Zh7p7b,เลห์อา|Englot,ไม่กินชาเขียวช็อกโกแลต
r15121,Zh7s88,มัธยม//Englot,วลีเด็ด
r15137,Zh8119,สาวเคะของเมะเจ้าชู้,เดือนหนาว
r15138,Zh82xm,ใจรักของคุณมัม,pixmacash
r15162,Zh8b7s,PANN&Eacute; House  : บ้านขนมกับกลิ่นดอกไม้ | ENGLOT,ฉันคือปิศาจ
r15163,Zh8c6v,เมื่อไหร่จะพอสักที,หัวใจของทิวา
r15172,Zh8i9d,HER AIRSPACE : เล่ห์รักทัพฟ้า | ENGLOT,ฉันคือปิศาจ
r15175,Zh8iv1,THE SUN PRINCESS : ฉัตรตะวัน | ENGLOT,ฉันคือปิศาจ
r15185,Zh8lwn,ดวงใจธราดล,คุณเซฟโซนน
r15242,Zh965o,ข่าวนี้&hellip;มีหัวใจเป็นเดิมพัน,ตาตื่น
r15244,Zh97u6,- เพลิงรักอัคนี| englot,กินข้าวที่ศาลาวัด
r15252,Zh99nm,8 years later &mdash; lotmook,swai
r15258,Zh9bhi,บันทึกพิมพ์แข,ราตรีจำรัส
r15260,Zh9bx1,คุณภาคิน|Englot,p.axi_s
r15275,Zh9grb,ลูเซีย|Englot,ไม่กินชาเขียวช็อกโกแลต
r15293,Zh9njt,รินรดา นับดาว | ENGLOT,_161_cm
r15358,Zhaed6,หวานต้องรัก,กำลังอิน
r15367,Zhaj0q,สมบัติล้ำค่าของราชาสีเทา - ENGLOT -,แมวมึนเขียนเรื่อง
r15401,Zhavdh,เรื่องของผัวเธอสิ,อิงล็อตเท่านั้น!
r15402,Zhavnf,Entangled in Bloodlines.,นวริน
r15421,Zhb13p,เด็กของคุณธีร์,ปลาดาว สีรุ้ง
r15431,Zhb4ql,เสน่หาเมียหลวง - ENGLOT -,แมวมึนเขียนเรื่อง
r15432,Zhb4qx,ภรรยาในนาม / Englot,คน​ปริศนา??
r15433,Zhb4rl,มาดามคริสต์ - ENGLOT -,แมวมึนเขียนเรื่อง
r15444,Zhb7hs,Behind the scenes | englot,itsyindeexamk
r15451,Zhbawo,หัวใจกลางสายหมอก|ENGLOT,SERENDIPITY
r15455,Zhbc4v,เพชรภาคิน,NueaSainam
r15458,Zhbcjp,กว่าจะรู้ว่ารัก...ก็เกือบเสียเธอไป|ENGLOT,ENGLOT never die
r15459,Zhbdn8,ถ้าหาก.. | englot,แมวดำดื่มไวน์
r15463,Zhbevb,โทสต์ชอบพี่คนสวย,I'm possible
r15465,Zhbf50,หนึ่งในทรวง |Englot,ทะเลเล่นเกม
r15468,Zhbgtx,พลอยพิชชา|Englot,ไม่กินชาเขียวช็อกโกแลต
r15505,Zhbt4m,นลินธราณ์ | ENGLOT,เจ้าดาหลา
r15526,Zhc1xo,Luv @Nadear,ซันฟลาวไรท์เตอร์
r15529,Zhc33u,TYPHOON,menaa_2014
r15533,Zhc4by,ถ้ารักจริง ทั้งชีวิตกูก็ยอม!-englot,peachy.thanida
r15535,Zhc4fy,เมียเด็กตะกูลวราหะ|อิงล็อต,หัวใจของทิวา
r15538,Zhc618,ลินดา วิลาลัยย์,Gam|TA
r15547,Zhc93l,Not Just Best Friends|ไม่ใช่แค่เพื่อนสนิทอีกต่อไป&zwj;️.,biwbong
r15562,Zhch5k,ปลายทางหัวใจ,Maismile_
r15567,Zhciy0,ก็รักไปแล้ว-englot,peachy.thanida
r15575,Zhcl4c,โลกที่ไม่มีเธอ,หัวใจของทิวา
r15587,Zhcowh,ลูกสาวบุญธรรม,เดือนหนาว
r15613,Zhcwwd,US AGAIN | englot,Mudeng._.
r15632,Zhd1wc,Khun Peach,T-lekk
r15646,Zhd72n,เล่นกับใจ | อิงล็อต,Aun
r15647,Zhd74h,ยันจุดสิ้นสุดเวลา | Englot,โดเรม่อนใส่แว่น
r15666,Zhdgoj,แพทย์ประจำกาย,uou
r15732,Zhe2ql,Frame |Englot,คุณแปรงทาสี
r15750,Zhe74c,เมียในนาม,หัวใจของทิวา
r15754,Zhe99l,หนี้รัก กลางใจ,พระจันทร์ไร้เงา(The Moon)
r15758,Zhe9xj,ออสติน ; englot,ปานขวัญญ
r15764,Zhedwy,วิวาห์รัก,เฮียฮับ
r15777,Zhej3v,คุณณริน| englot,az0axbb3._
r15778,Zhej4f,Physical laws,เสาไฟฟ้าแห่งประเทศไทย
r15793,Zheoii,Elika | Englot,paopeipxq2
r15823,Zhex6s,ห้ามใจไม่ให้รัก,กลัวเครื่องบิน.
r15828,Zhexmh,ทอฝันวันวิวาห์,คุณลูกเปรม
r15861,Zhfaos,แฟนเก่าขัดดอก - ENGLOT -,แมวมึนเขียนเรื่อง
r15882,Zhfi4j,เบบี๋บ้านนา : MY BABY COUNTRY GIRL | ENGLOT,ฉันคือปิศาจ
r15886,Zhfj0g,เขมจุฑา : ENGLOT,ฉันคือปิศาจ
r15887,Zhfj7m,พันธะเหนืออำนาจ,กลัวเครื่องบิน.
r15917,Zhfu2x,ควีนลดา | englot,แมวดำดื่มไวน์
r15924,Zhfx0h,ครูโซ/อิงล็อต,mwitcd
r15937,Zhg2nk,เจ้านาย,เจ้าพีเอแอลเอ็ม🌱
r15946,Zhg71h,Love Beneath the Ice (Englot),ปากกาสีน้ำผึ้ง
r15949,Zhg7om,โคจรรอบหัวใจ,ชอบกินโกโก้
r15953,Zhg8q6,ธัญริน|ENGLOT,N!
r15959,Zhgc5f,คนโปรดรดา-englot,peachy.thanida
r15960,Zhgc85,K.pantawan-englot,peachy.thanida
r16003,Zhgpw2,ที่ตรงนั้น,cocoa12
r16015,Zhgtp9,ทินกรซ่อนเงาจันทร์ (อิงล็อต),ปากกาสีน้ำผึ้ง
r16043,Zhh4kr,ม่านชีวันพรางดวงจิต (อิงล็อต),ปากกาสีน้ำผึ้ง
r16054,Zhh7yo,#วาริน./หมาเด็ก(Englot),อาทิตย์
r16062,Zhhb9o,พี่เบ๊บบ!|Englot,Englotty
r16069,Zhhdgs,Twins | ENGLOT,lee_aim
r16154,Zhi73v,ปารวี|Englot,ไม่กินชาเขียวช็อกโกแลต
r16155,Zhi89p,หลงรักนักหนา | อิงล็อต,เหมียวๆ
r16167,Zhib6q,หมาเด็กขี้อ้อน,เข็มทิศ^_^
r16178,Zhifkj,ลูกสาวแม่ค้า,เดือนหนาว
r16195,Zhik6o,A-Sky Airlines,นับหนึ่งปลายปากกา
r16199,Zhin0o,รอยพู่กันบนอัญมณี | Lotmook,รัตน์นารินทร์
r16228,Zhiua0,วาโย | Englot,Memory to kk
r16232,Zhiv1o,ครูอาสา|Englot|Bellchelle,พานทอง💛
r16252,Zhj23r,รอยแผลของคำว่ารัก | lotmook,อ้ายคือแมวส้มม
r16279,Zhj94t,"""เริ่มต้นที่รัก ลงท้ายที่เรา"":(",MANLIKA
r16358,Zhjut0,Nova,Mira Bloom
r16362,Zhjwai,ธีรัช-ENGLOT,D.Dandelion
r16363,Zhjwq7,Obey | ยอมแค่เธอ,mafiin
r16374,Zhk01j,Drama Queen War|Englot,petrada
r16382,Zhk1sa,หัวใจของฟาเรน,แสงเทียน(Night)🕯️
r16394,Zhk4h4,แม่เลี้ยงเดี่ยว | อิงล็อต,อายไงง
r16407,Zhk8qd,เมะกับเมะ | Lotmook-Englot,อ้ายคือแมวส้มม
r16414,Zhkbn1,คุณเหนือ,เหนือ-สมุทร
r16416,Zhkc4f,สาวช่าง 4king x อิงล็อต,4 Kings และ อิงล็อต
r16433,Zhki4v,มินฟ้า | ENGLOT,อิงล็อตต🐶🐰
r16436,Zhkj1q,ขีดเส้นใต้,Nothing lasts forever~
r16448,Zhkoay,คุณหมอ คลั่ง รัก โรงพยาบาล,S_Suparadaa.a💗
r16453,Zhkpvs,ภัทรพล | englot,บัตเตอร์ชอบกินชาเขียว
r16473,Zhkv6b,Photo love | ENGLOT,ดาวเหนือคลื่น
r16476,Zhkw1x,The Warmth of Winter (Englot),ปากกาสีน้ำผึ้ง
r16483,Zhkxjw,เสียงแห่ง..ความรัก,แสงสว่างในค่ำคืน
r16510,Zhla64,ยอม |Englot,กัปตันแอร์ไลน์อะไร
r16511,Zhlan6,พบรัก Cafe,t4cxpoo._
r16534,Zhljrg,ไจ่ไจ๋ JiJi | englot,คุณเปรมฟินกู๊ด
r16542,Zhlnxi,เวธณี,ดมตดแล้วทรงพลัง
r16549,Zhlp5y,แก็งฮอตVSกลุ่มฮอต|อิงล็อตฟรีนเบค |ss.1,ไซบีเรียนฮัสกี้
r16558,Zhlr29,She is mine. |Inglot,ATN!
r16569,Zhlu0k,สุดทางแค่ส่ง | อิงล็อต,โจอี้แฮปป
r16577,Zhlvtg,เด็กมาดาม-ENGLOT,คน​ปริศนา??
r16588,Zhly9b,&ldquo;แสงแฟลชใต้เงาความลับ&rdquo;(อิงล็อต),เค้าร้ากอิงล็อต
r16590,Zhlyfm,บอสคะ...หนูไม่ได้อ่อย/อิงล็อต,นาเน่ นักเขียน
r16594,Zhlypy,เล่ห์ร้ายวันวิวาห์ของคามินทร์,ห้าศูนย์เปอร์เซ็น
r16599,Zhm1rt,&ldquo;ห้ามรัก...ยัยตัวป่วนของบอส&rdquo;,เค้าร้ากอิงล็อต
r16620,Zhm7j4,พลูโต,SoLoLo
r16622,Zhm9hm,เล่ห์รักนภา,ศิลาทราย
r16628,Zhmahs,ป๋า ขาา~/อิงล็อต,นาเน่ นักเขียน
r16654,Zhmkdg,แน่ใจแล้วหรอ | Englot,สติคนเขียนหลุดโลก
r16658,Zhmm0w,รหัสลับในรอยเลือด ENGLOT,เพียงตะวัน
r16662,Zhmnd4,รหัสจำลองร่าง ENGLOT,เพียงตะวัน
r16669,Zhmpke,บอสคะ /ล็อตมุก,mwitcd
r16677,Zhmrnl,โปรดเถิดรัก,N!
r16680,Zhmte5,บ่วงอคิราห์ ล้างมลทินหัวใจ ENGLOT,เพียงตะวัน
r16689,Zhmw4d,คนเก่าทิ้งไป|Englot,wlw_^~^
r16718,Zhn884,อิงล็อต,คนสวย
r16724,Zhnblc,Executive Bond: พันธนาการรักพิทักษ์ประธาน,"Cp_""Englot"""
r16742,Zhnoap,อิงล็อต(omega verse),272727
r16760,Zhnt7p,What if we were in love /Englot,กำแพงเมืองจีน
r16770,Zhnwdr,กำนันเสาร์ | Englot,กลัวเครื่องบิน.
r16784,Zho16s,#ไอหมาคิมของพี่ชิน|Englot,อาทิตย์
r16829,Zhod0y,แอบชอบ,วิงหา ครับบบ
r16831,Zhodei,ของขวัญจะรักนับคณา | englot,Mickymayz
r16835,Zhoely,บักปุณ|ENGLOT,อะอุ
r16848,Zhoiyp,วนกลับมารัก |NNN,ข้าวเหนียวมะม่วงรสช็อกแลต
r16862,Zhon7v,แฝดนรก|Englot|Meenbeba,พานทอง💛
r16863,Zhoo10,เมษา|Englot,ไม่กินชาเขียวช็อกโกแลต
r16868,Zhooxa,"กาลเวลา , englot",เจ้าโฮม
r16871,Zhopbm,อิงล็อตต,รักนะะ
r16874,Zhopgg,เธอคือดวงจันทร์ของฉันเสมอและตลอดไป,EAGLE
r16885,Zhotlb,แต่งงานกำมะลอ | englot,แจ้มจีดด
r16912,Zhp34i,เด็กคนนี้เจ๊ขอนะ|อ่านฟรี,yunm
r16940,Zhpa9d,Do you like puppy? 【LOTMOOK】,ชอบอีสไก่ทอด
r16945,Zhpcu0,ฮอตเนิร์ด  อาจารย์ยังเลิฟ|ล็อตมุก,ความรักไร้เงา
r16979,Zhpqo5,เพียงใจหนึ่งนที,K.puppy
r17016,Zhq4nd,ลูน่าเลิกซึน!,darkblue.
r17022,Zhq6pd,กลิ่นนรันดร์&hellip;,SunshineMyBoo
r17023,Zhq6pi,เจ็บไปรักไป,TNTR
r17024,Zhq6qo,Slow but sure,ชามะลิ
r17027,Zhq77f,นมอุ่น| Englot,หยาดน้ำค้างง
r17033,Zhqbch,เจ้าแผนการ|อิงล็อต,Rung Fa
r17050,Zhqgnm,ใจปรารถนา,เปี๊ยกที่ยิ้มหวาน
r17053,Zhqhen,ยัยพี่ของเรา,ถึงจะเดินคนเดียวแต่เดี๋ยวมันก็ผ่านไป
r17080,Zhqosd,-เจ๊อย่าปากแข็งได้มั้ยคะ-,PhwnaPhxt
r17082,Zhqp99,ข้างห้องตัวร้าย|Englot,หยาดน้ำค้างง
r17122,Zhr2wv,รอยแค้นซ่อนรัก,ทิวหลิบสีขาว
r17125,Zhr4ln,ลิขิตรักมิสิ้นภพ,เด็กหญิงเดือนสิบเอ็ด
r17132,Zhr887,NOT SWEET|SAFE,pixmacash
r17136,Zhr9y1,หมาเด็ก:ENGLOT,Love englot
r17149,Zhrf0k,ไม่ได้ชอบ # อิงล็อต,แสงสุดท้ายก่อนจะมืดมิด
r17162,Zhrirl,bossMommy | Lotmook,fb.4u
r17200,Zhrv8t,คุณหนูใหญ่,นับหนึ่งปลายปากกา
r17202,Zhrvip,รักเก่า,เจ้าบีน
r17205,Zhrvvo,เกมรักทรยศ,Ninnutha
r17250,Zhsagc,My Favorite Enemy | LOTENG,Nak._.z
r17253,Zhsbfu,รักเราไม่เหงาเลย,แมวส้มกลับใจ
r17263,Zhselm,คุณรินรดา | englot,kettarr
r17284,Zhsnw7,โลกทั้งใบคือเธอ,ทิวหลิบสีขาว
r17300,Zhsv9s,วิวาห์ฟ้าแลบ#อิงล็อต,ชาเขียว ชาดํา
r17301,Zhsvnc,ลัลไม่ชอบฉิน - LiuAtom,glจงเจริญ
r17307,Zhswsq,เจ้าเอย|Englot,ไม่กินชาเขียวช็อกโกแลต
r17340,Zhtapd,เสียงที่ไม่ควรขานรับ,ชินจิ ทันซาโกะชิ
r17365,Zhtihg,แสนดี,warm7
r17366,Zhtiua,sugar mama,_missyou_
r17375,Zhtlar,ฤดูหนาว,แสงสว่างในค่ำคืน
r17382,Zhtna4,ธารธารา |EL,@Silaphat-♡
r17405,Zhtwak,The 1 | พริมา | ENGLOT,I'm possible
r17406,Zhtwfw,พิมพ์รดา-englot,อิงล็อตฟอเอฟเว่อ
r17454,Zhu9xw,รินลดา - englot,j
r17459,Zhubsr,บริหารรัก ฉบับยัยตัวแสบ,ปลาดาว สีรุ้ง
r17477,Zhulb1,for you | Englot,กะเจ้า
r17482,Zhumol,อ้อมกอดที่ปลายฝน,พาราลินน์
r17485,Zhungn,คุณมาเฟียของหนูศิลป์,SERAPHIM ☘️
r17486,Zhuobe,พี่คนสวย| englot,Tananaya_.ski
r17488,Zhuolu,บ่มรักในไร่องุ่น,ทิวหลิบสีขาว
r17509,Zhuuqp,อย่าสำคัญตัว|ENGLOT,numfon
r17524,Zhuxv0,ประธานติน - ENGLOT -,แมวมึนเขียนเรื่อง
r17530,Zhuyxg,(ญญ) อิงล็อต,พีร์พีร์ &amp; อองฟอง &amp; ดอมเรื่องแสง
r17546,Zhv2th,Keeping Her Safe//อิงล็อต,นาเน่ นักเขียน
r17551,Zhv6cp,เส้นกั้นระหว่างเรา|Englot,กัปตันกู้ชีพ
r17576,Zhves2,หมอกในใจ...พ่ายรอยยิ้มเธอ,SERAPHIM ☘️
r17583,Zhvh45,เส้นกั้นระหว่างเรา2|Englot,กัปตันกู้ชีพ
r17592,Zhvihh,เมียในนามของซาเฟียร์,เเต่งไปงั้นเเหละ
r17621,Zhvpri,เคนตะ |Englot,me🦮.
r17646,Zhw29y,What&rsquo;s in a name - englot,เอนจ๋อยห์
r17657,Zhw6r8,- อคิน -,ง่วงงงว่ะ
r17683,Zhwfkq,พ่อบ้านใจ(ไม่)กล้า|ล็อตอิง,ไรท์แพรเอง
r17686,Zhwhjb,ไสยศาสตร์|อิงล็อต,printter รักแกรนด์
r17708,Zhwril,หลังม่านหมอกสีขาว : อิงล็อต (Englot),White Veil
r17724,Zhwywh,พี่รหัส - เบอร์ 8| Englot,nam nuang
r17750,Zhx6fp,น่ารักก#อิงล็อต,อิงล็อต
r17756,Zhx7om,I Stay for You เธอคือเหตุผลที่ฉันยังอยู่,TNTR
r17778,Zhxcm3,friend zone -ENGLOT,คน​ปริศนา??
r17787,Zhxggh,องศาของเอย|| Englot,หมิงฮั่ว
r17791,Zhxh3h,เกินกว่าหน้าที่,ช็อกชิ้ปปป
r17801,Zhxkoe,คุณหนูริน|อิงล็อต,Noxa.x
r17825,Zhxtr0,คุณหมอของแวมไพร์,ทิวหลิบสีขาว
r17829,Zhxvde,ออเจ้าเอย(อิงล็อต),272727
r17833,Zhxxpo,ผัวเด็กของพี่ปัด,หัวใจเต้าหู้
r17836,Zhxy7x,คุณคีตากร|CEO ร้าย รับ รัก,ความรักไร้เงา
r17839,Zhy0cq,The Blue Muse : ลิขิตรักสีน้ำเงิน,moonlight_m1
r17843,Zhy0vb,ปราณปริยา | Englot,หลวงพี่ขยี้ใบ
r17844,Zhy0yj,Exceptions (ข้อยกเว้น)|อิงล็อต,คุณเปรมฟินกู๊ด
r17846,Zhy1lk,Kewalin(เกวลิน) | มุกล็อต,Morning Kiss
r17884,Zhyekl,นํ้าฟ้ามันไม่ได้เนิร์ด,phinnapha _17
r17889,Zhygp5,พายอาร์,TP write
r17918,Zhyowh,บ่วงรักเนตรดารา | Englot,Goodluv.
r17937,Zhywny,เลขาบนเตียง - ENGLOT -,แมวมึนเขียนเรื่อง
r17940,Zhywud,อิงฟ้าชาล็อต,อธิชา  สุมะหิงพันธฺ์
r17946,Zi01w9,วาฬชอบกินกาแฟ (?) | englot,whale41Hz
r17956,Zi042k,เรากลับมารักกันเถอะนะ |EngLot,The First STANG
r17970,Zi09bv,รักครั้งนี้,อธิชา  สุมะหิงพันธฺ์
r17988,Zi0dqt,อกหักให้ขึ้นเหนือ | bellchelle,ไก่สไปร์ทซี่
r17993,Zi0gie,ภรรยาเฮียคิน,เด้น_เด้น
r17997,Zi0ijt,"""Deadline"" (รัก) นี้... ไม่มีในตารางงาน""","You're a cutie!""☺️"
r18002,Zi0jn7,ดวงใจพ่อ|Englot,ทะเลเล่นเกม
r18020,Zi0r48,ต่างที่ฐานะ | อิงล็อต,Itszone012
r18027,Zi0tcj,Between Duty &amp; Desire-Mokcc,Mokcc
r18035,Zi0uin,ยี่หวาของดารินทร์,bohemian:/
r18040,Zi0w3p,Tiger&rsquo;s Claw &amp; Dragon&rsquo;s Heart,คุณเธอลืมผัดข้าว
r18042,Zi0w70,ขอไม่เป็นเพื่อน | Englot (I),D.Dandelion
r18080,Zi17m9,เราจบกันไปแล้ว&hellip;แต่หัวใจไม่ยอมจบ,ตะวันลับฟ้า
r18103,Zi1eqy,พี่สาวรักเด้กติ๋ม,pxacil
r18121,Zi1mpx,พี่สาวคนโปรดของเด้น | englot,p_xnry.
r18134,Zi1sga,รักแรกของสรัล,การเดินทางของกาลเวลา
r18136,Zi1t65,ภริยากำมะลอ,นับหนึ่งปลายปากกา
r18157,Zi1ypo,ตัวแสบกับยัยซื่อ|ENGLOT,ว้าวมากค่ะ
r18170,Zi24ui,งั้นเจ๊รับผิดชอบเอง,Dana nichanan
r18172,Zi25x7,อิงล็อต,ยิ้มไง
r18185,Zi29dx,อย่าคิดฮ้าว,จอนนี้(คนแต่งฟิค)
r18188,Zi29lv,ดาริน,พานทอง💛
r18194,Zi2awc,ยูพีรักเราไม่กัดกัน|Englot,Chitrarat
r18223,Zi2msx,แอคหลุมสุ่มแฟน,แจ้มจีดด
r18228,Zi2ncn,หนี้ธุรกิจ พันธะหัวใจ,englot
r18248,Zi2uis,แต่แม่คะ.. |englot,fanan👾
r18256,Zi2w8e,ไร่รักของนายน้อย,แต่งไปงั้นแหละ
r18259,Zi2y4g,เขียนฝัน|Englot,ไม่กินชาเขียวช็อกโกแลต
r18265,Zi31tp,ญาดารินทร์,พานทอง💛
r18270,Zi32k9,แฟน(ครับ)คลับ,yunm
r18282,Zi35v3,หรือนี่คือความรัก|อิงล็อต,เลิฟอิงล็อตต
r18293,Zi38lw,หุ้นส่วนที่ฉันไม่ควรรัก | englot,yvainez
r18302,Zi3b18,คุณบี๋ขาาา~~ |Englotte,EngEngของคุณบี๋Lotte
r18333,Zi3laq,ทำนองพราวกลางแสงดาว,IMAGINE
r18337,Zi3me4,หัวใจมนต์ตะวัน,ห้าศูนย์เปอร์เซ็น
r18359,Zi3saa,ฤดูฝน | Englot,กลัวเครื่องบิน.
r18385,Zi43tr,ภรรยาในนาม | ENGLOT,englot
r18388,Zi44df,ยังคงเป็น&ldquo;เธอ&rdquo;,Babe
r18393,Zi46dm,ประตูสู่ : ENGLOT,เสี่ยฟ้าสั่งลุย
r18403,Zi4a0p,ก็แค่เด็กบ้านนอก,หน้าหมูเด้ง
r18409,Zi4bxd,แผนรักวิวาห์ลวง,เข็มทิศ^_^
r18411,Zi4cr5,ผีรักพ่อครู,ชินจิ ทันซาโกะชิ
r18427,Zi4jnn,ตะวันลับขอบฟัา,l_.apissra 5 6
r18429,Zi4k65,"""ตำนานแห่ง| Englot""",เสี่ยฟ้าสั่งลุย
r18435,Zi4la4,SERENDIPITY,iloveyousomatcha
r18444,Zi4nel,เมียหลวง - ENGLOT -,แมวมึนเขียนเรื่อง
r18479,Zi536v,เพียง(กลิ่น)ดาว,นับหนึ่งปลายปากกา
r18483,Zi54he,คีตะวัน | Englot,Renka.
r18520,Zi5g2s,เเค่เพื่อน?,Anda🌹🌹
r18539,Zi5o96,อุ่นรัก|Englot,ไม่กินชาเขียวช็อกโกแลต
r18544,Zi5pp9,คุณหมอคะ เบรกหัวใจให้หน่อย,นับหนึ่งปลายปากกา
r18551,Zi5rw9,พบรักในกาลเวลา #Englot,Ramirez
r18565,Zi5xhu,4เสห์ของตระกูลนาทิวา|โมแพร|อิงล็อต|ต้าตาล|มิกซ์นัท,อาจมีคำไม่ไพเราะ
r18566,Zi5xn6,แค่เพื่อน  |  englot,p_xnry.
r18604,Zi69aq,หลัวตงหยาง ㅡ Englot,จริงใจ .
r18623,Zi6f8b,Phoenix,warm7
r18657,Zi6r0q,รักเธอ|อิงล็อต,fy 3/6/2537
r18670,Zi6x70,ความรักในเวลาที่เหมาะสม,แค่เห็นเธอมีความสุข
r18685,Zi756j,File error,pixmacash
r18701,Zi79sp,หนีคู่หมั่น มาเจอเศรษฐีหน้าตาดี,จอนนี้(คนแต่งฟิค)
r18717,Zi7dr0,ห้องตรงข้าม|อิงล็อต,ปกสมุด
r18723,Zi7fhi,อุ้มรัก,นับหนึ่งปลายปากกา
r18729,Zi7hss,อุ้มบุญ,หัวใจเต้าหู้
r18738,Zi7kx8,สเก็ตช์รัก...รีโนเวทใจ,เจ้าพระยาปากกาลิขิต
r18751,Zi7pdq,unzeen bits &mdash; englot,kunmearai
r18781,Zi80r2,น้องวาติณ | Englot,อายไงง
r18784,Zi82gf,Nicotine and you |loteng,Janetbibi
r18804,Zi89li,Behind The Scene รักหลังกล้อง|Englot,SERENDIPITY
r18807,Zi8a5l,แฟนเด็ก,ชินจิ ทันซาโกะชิ
r18810,Zi8bde,เราเป็นแค่ของเหงาหรอ?,jina satirak
r18817,Zi8dc7,ดาวเคราะห์แคระ,ไร้แสงจันทร์
r18825,Zi8i1m,My Favorite Model,Nxnn_
r18852,Zi8nmi,วาโย|Englot,AR RIN
r18862,Zi8paw,ลลิตา ; lotmook,good boy
r18872,Zi8rs3,รักลวงหลอกหัวใจ | อิงล็อต,ชอบแมว
r18902,Zi90u9,คู่ปรับนัมเบอร์วัน|ฟรีนเบกกี้ อิงฟ้าชาล็อต,🖤แมวน้อย🤍
r18930,Zi97tg,That Should Be Me.,iloveyousomatcha
r18932,Zi98o3,รอยลิขิตแห่งนที (อิงล็อต),ปากกาสีน้ำผึ้ง
r18939,Zi9b5y,OBSIDIAN &amp; LUMINA,ม้านิลมังกรเป็นกระเทย
r18959,Zi9ggo,อ้ายฮักอิหล่าเด้อ | เจเนย,Aun
r18966,Zi9io4,พร้อมทัพพ์|Englot,ไม่กินชาเขียวช็อกโกแลต
r18969,Zi9j2u,โคแก่กินหญ้าอ่อน,แสงสว่างในค่ำคืน
r18972,Zi9kbc,เล่ห์รักคุณหมอ ENGLOT,แมวส้มของพี่
r18979,Zi9mcq,พิชิตใจบอสสาวสายเนี้ยบ,Chowder_xxx
r18987,Zi9nh8,สายน้ำที่พัดพาความรัก|Englot,englot
r19000,Zi9py2,คลื่นเสียงของวาฬ | อิงล็อต,ปกสมุด
r19002,Zi9qny,สเน่ห์กล,ตะเล่ก
r19029,Zi9x3w,Hanis,zerozxn
r19082,Ziae84,เล่นของสูง|EngLot,ต่ายที่ชอบกินน้ำแข็ง🧊
r19090,Ziaf63,หม่องหลวงอลัน |ENGLOT,Memory to kk
r19109,Ziao78,"น่านน้ำ|""อิงล็อต""",Uranus_sky
r19112,Ziaox0,คุณไอลีนใจร้าย,TheOneAndOnly
r19125,Zias3n,&ldquo;ระหว่างสายฝนกับเรา&rdquo;,Melted Sugar
r19132,Ziau7m,The waiting period has meaning.,Tacha
r19138,Ziawj0,พี่สาวคนโปรด,เนเป
r19139,Ziaws8,คดีลับเสี่ยงรัก|Englot,คนเฝ้าประภาคาร
r19144,Ziay51,รูปถ่ายเก่า,สิขร24
r19156,Zib31n,เพื่อนสนิทคิดไม่ซื่อ|EngLot,ต่ายที่ชอบกินน้ำแข็ง🧊
r19162,Zib5rf,คำสัญญา|อิงล็อต,fy 3/6/2537
r19181,Zibcpk,คุณครูชั้นประถมศึกษา//อิงล็อต,แอบรักพี่ห้อง 5 ครับ
r19193,Zibgyi,แม่เลี้ยงเดี่ยว ; englot,Senakit
r19201,Zibixn,เหมันต์นิรันดร์ (Englot),ปากกาสีน้ำผึ้ง
r19218,Ziblsf,คน&ldquo;ของฉัน&rdquo;,Englot Happy
r19239,Zibrcy,Finsta|englot,Mudeng._.
r19245,Zibu0y,รักแรกพบที่ดีคือพี่ปี2,อิงล็อตเท่านั้น
r19255,Zibwp0,แว้นจนได้พี่คนสวย|Englot,หวานร้อย
r19256,Zibwu3,ใจที่ฉันไม่เคยลืม | ENGLOT,อิงล็อต
r19271,Zic2dj,อ้ายคนบ้านนอก l ENGLOT,คุณยูริ
r19276,Zic5gj,บรรณาการโลหิต | Englot,zerozxn
r19299,Zicar8,ผูกด้วยใจพันด้วยแค้น,นับหนึ่งปลายปากกา
r19300,Zicbls,ลลิล | ENGLOT,Memory to kk
r19305,Ziccdg,ลิขิตรักข้ามดวงดาว-Englot,seiyuu
r19336,Zicogi,Burn it | englot,Orimaimeefill
r19337,Zicoqr,ภูผา |ENGLOT,ทานตะวัน
r19349,Zicti8,รักนอกตำรา |ENGLOT,ตะวันลับฟ้า
r19354,Zicui1,คือเธอ,Ninnutha
r19379,Zid0rb,มาเฟียสองตระกูล,Love englot
r19389,Zid34q,เป็นหนึ่งอย่าเป็นเอ๋อ,Golden's Charlotte
r19414,Zidbm3,แม่เลี้ยง - ENGLOT -,แมวมึนเขียนเรื่อง
r19417,Zidcbp,บอดี้การ์ดของคุณหนูคริส | englot,enjoyy~
r19419,Zidcj0,รอยรัก รอยร้าว|Englot,คนเฝ้าประภาคาร
r19430,Zidf8l,น้องพอร์ตคะ,แสงสว่างในค่ำคืน
r19439,Zidjk1,What are your preferences?//อิงล็อต,N__.
r19448,Zidnqe,อยากรักก็ต้องเสียง,มาอ่านเยอะๆน้า
r19466,Zidsjr,เก้าฟิล์ม | Englot,Mickymayz
r19472,Zidtws,MY LOTTO : มนต์รักล็อตเตอร์รี่ | ENGLOT,ฉันคือปิศาจ
r19510,Zie2bq,หม่อมหลวงอคิน|ENGLOT,เสี่ยฟ้าสั่งลุย
r19511,Zie2r6,เฌอมาวีร์|Englot,ไม่กินชาเขียวช็อกโกแลต
r19512,Zie333,เหนือกฎวิทยาศาสตร์ #อิงล็อต #แน็กหลิว,Mr..meowfan
r19513,Zie38u,หนุ่มตี๋บี๋ผม,เดือนหนาว
r19583,Zieko0,TIWA&rsquo;S STORY |Englot,sun_mj1999
r19589,Zien1d,MY STORY |18 Again,เจ้า หมูปิ้ง
r19591,Zienyt,You are my safe zone. (: //Englot,Witchuta(;
r19605,Zieron,ณวาตะ | ENGLOT,Memory to kk
r19606,Zierqv,ณเวหา (Naveha)| ENGlOT  Thai version translated into English,Memory to kk
r19654,Zif7lc,อิงล็อต,ตกหลุมรัก
r19677,Zifdte,ประคองรักให้ถึงฝั่ง,sunflower sun .
r19700,Zifj0d,เสียงกระซิบจากอีกฟากฟ้า | englot,semzqe
r19719,Zifoj6,More than friends.【ENGLOT】,ชอบอีสไก่ทอด
r19726,Zifpno,&rdquo;เธอกับฉันไม่ต้องฝันก็รักกัน&ldquo; ENGLOT,โทษทีที่ผมดีไม่พอ
r19731,Zifrr8,สองด้านในร่างเดียวกัน | englot,ม๋าตุ๋น
r19741,Ziftfe,บังเอิญรัก | Englot,butter
r19746,Zifvis,"Between Us, Daisy",Jeab~
r19747,Zifvjg,รองกานต์ / Englot,MyR0616_
r19768,Zig1ly,อ้ายเพชรของคุณหนูพิณ|Englot,คนเฝ้าประภาคาร
r19785,Zig6jw,มาเฟียลูกติด,บ๊อกๆเเบ๊กๆ
r19813,Zigebf,มาเฟียหน้าโหดกับเด็กน้อยคนโปรด|อิงล็อต,โลซ่าาาา
r19817,Zigf5a,ซ่อนรัก หน้ากากลวง,ปลาดาว สีรุ้ง
r19831,Zigkbo,6th-floor woman,อยู่ในช่วงปรับปรุง ♒︎
r19861,Zigs0o,กะดึกห้องเก็บของเก่า|อิงฟ้าชาล็อต,ปกสมุด
r19900,Zih61n,เจ้าของหัวใจ | Owner of my heart,it.smile_
r19929,Zihd38,ใต้จันทร์คงคา|อิงล็อต,บีม ผู้ไม่รู้อะไรเลย
r19936,Zihfo3,จากพี่น้องสู่แฟน,Kesarin
r19943,Zihgy5,The Coffee Formula(Englot),ได้อยู่ววว
r19946,Zihhly,วิวาห์บังคับ | อิงล็อต,สองเก้ากุมภา
r19954,Zihjyx,กว่าจะเป็นหม่าม้า | ENGLOT,lee_aim
r19961,Zihlv5,Love Was Never the Plan,Nirinne
r19964,Zihmhr,พี่คีนเมียแฝด - ENGLOT -,แมวมึนเขียนเรื่อง
r19972,Zihr5p,หลง(ใน)รัก | อิงล็อต,อยู่ในช่วงปรับปรุง ♒︎
r19975,Zihrnb,แอบชอบเพื่อนสนิท|อิงล็อต,ออร์แกน ไงง
r19988,Zihv85,ปฏิพัทธ์ซ่อนกลิ่น #อิงล็อต,Mr..meowfan
r19993,Zihwb3,นายหญิง,หัวใจเต้าหู้
r20005,Zihybk,พ่ายรักคุณเเม่ลูกติด,บ๊อกๆเเบ๊กๆ
r20042,Zii8e1,แค่เคยรักOnce Loved,Ninnutha
r20047,Zii9c4,บราวินน์|ENGLOT,ด้วง
r20052,Zii9wk,รักต่างวัย(อิงล็อต),จอนนี้(คนแต่งฟิค)
r20053,Zii9y2,The Four Heiresses Season 1,โก้โก้มาแล้ววว
r20060,Ziiacx,NingXian It Girl,นับหนึ่งปลายปากกา
r20062,Ziiajw,หมอน้ำน่าน | englot,Moonstars
r20075,Ziif2u,The 3 | เทียร์ | ENGLOT,I'm possible
r20106,Ziimrk,อันริน~,พระจันทร์💫
r20139,Ziiujp,คู่จิ้นของฉันเป็นผี,Jupiter 🪐
r20147,Ziiww0,เรือใบทะเล|อิงxล็อต,ผ่ากลาง
r20148,Ziix37,ดาวคณะ,m_81157
r20156,Ziiyok,อิงล็อตมิสแกรนด์,เริ่ดๆ
r20189,Zij9mx,"เพื่อนเล่นไม่เล่นเพื่อน|อิงล็อต,เบลเชล",Nannicha._67
r20232,Ziji74,ไฟรัก กลางสายลม,พระจันทร์ไร้เงา(The Moon)
r20294,Zijyyn,รอยเเค้น ตัวเเทนรัก,Maismile_
r20304,Zik1p1,ขอบคุณ ENGLOT,F
r20307,Zik2ru,ห้ามรัก| ENGLOT,F
r20319,Zik84d,ใตปีกสีขาว,ทิวหลิบสีขาว
r20324,Zik9ur,เพียงดาว | englot,Baikhao
r20326,Zik9y4,วัยเก่า |อิงล็อต,ปกสมุด
r20336,Zikc8f,"THEEYA, My Only Light",zerozxn
r20344,Zike4q,LOST หลับตาลงตรงที่เธอตาย,Mr..meowfan
r20366,Zikjgt,สุภาพบุรุษจุฑาเทพ,เจ้ากัน(2)
r20384,Ziknao,เกมจารชนคนพลังกิฟต์,หมีน้อยอาภัพรัก
r20398,Ziksm3,สารเสพติดของสิงห์,ส.สิงห์
r20426,Zil03c,หัวใจที่ปิดตาย | Englot,เข็มทิศ^_^
r20459,Zil7l9,อาวิวาห์|ENGLOT,sun_mj1999
r20476,Zila4l,ALIGN - englot,a little later
r20520,Zilj2j,รับจ้างล้างซวย | ENGLOT,ฉันคือปิศาจ
r20536,Zilmpn,ลูกสะใภ้​คนโปรด​,แครอทของเด้นเด้น
r20537,Zilnhx,รักลับหลังสปอร์ตไลต์,หอมหมื่นดาว
r20545,Ziloke,ไอ้แว่น|ENGLOT,EL🐶🐰
r20553,Zilq5h,Wonderwall | Englot,suntia.
r20558,Zilqpe,แม้เล็กน้อย ก็ขอบคุณ,warm7
r20580,Ziluw9,หัวใจในแฟ้มคดี | Englot,Lumireth Everdream
r20581,Ziluxp,ข้าวหอม|Englot,ไม่กินชาเขียวช็อกโกแลต
r20589,Zilwqw,แฟนเธอคือเนื้อคู่ฉัน,ชินจิ ทันซาโกะชิ
r20596,Zily9e,ทาสรักรอยร้าว | Englot,เป็ดใต้สายฝน
r20603,Zim0ej,อันตรายต่อใจ | Englot,แจ้มจีดด
r20609,Zim1l6,เปลวไฟ | ENGLOT,วสันตคามิน
r20623,Zim3pm,ไร่โปรดรัก,ความหวัง
r20635,Zim6c7,สภาปากแข็ง l Englot,englotทั้งใจ
r20650,Zimao7,แสนเดือน|Englot,ทะเลเล่นเกม
r20655,Zimbta,น่านฟ้าเพลงดาว  | ENGLOT,ฉันคือปิศาจ
r20661,Zimel5,เมื่อวันวาน:Englot,earn.
r20722,Zims4i,กินเด็ก|ล็อตมุก,m_81157
r20728,Zimto3,ชอบตอนไหน|ENGLOT,เรื่องของโผมมมม
r20745,Zimxdo,Tier F,pixmacash
r20749,Zimxny,คุณเฉิน | Englot,XOMM_1
r20769,Zin1xf,หากโลกนี้ยังมีเธอ| ENGLOT,ทานตะวัน🌻
r20785,Zin4i1,ได้แค่แอบมองแต่อยู่ๆก็ได้ครอบครอง,จอนนี้(คนแต่งฟิค)
r20807,Zinayh,มาดามของขอบฟ้า,คั้บอ้วนนน
r20812,Zincby,ชาร์คที่แปลว่าฉลาม,แสงสว่างในค่ำคืน
r20815,Zincup,อาณาจักรหัวใจมีไว้ให้เธอคนเดียว | englot,semzqe
r20827,Zingte,Behind the Spotlight: รักนี้...รู้กันแค่สองคน  EngLot,เจ้าหญิงสีหมอก
r20834,Zinjep,บุปผาซ่อนรัก / Englot,Apo13
r20855,Zino9n,ภรรยาคุณธีร์,บ๊อกๆเเบ๊กๆ
r20870,Zinrmu,Gabriela | Fic อิงล็อต{ญ/ช},คนใต้หนังสือ
r20909,Zio1p6,รับรักจากฉัน//อิงล็อต//,mook
r20915,Zio30d,พี่หมอขา|อิงล็อต,จอนนี้(คนแต่งฟิค)
r20924,Zio5t7,คนละฟ้าเดียวกัน,โก้โก้มาแล้ววว
r20925,Zio5v2,เจ้าของเขตปกครองกุมหัวใจ|JM,ช.ญ
r20934,Zio6ws,court !!|Englot,rakenglot
r20994,Zionsl,อย่าดื้อกับอา-|อิงล็อต,จอนนี้(คนแต่งฟิค)
r21040,Zip0bo,คดีลับฉบับหัวใจ//อิงล็อต//,mook
r21043,Zip0m3,มี๊ทำเพื่อพี่ริว-อิงล็อต-,fanan👾
r21050,Zip2li,วัลป์เวฬา | ENGLOT,BETWEEN_20
r21067,Zip868,ไอ้หมาอย่าดื้อ,rgvik_y
r21070,Zip8m6,เดวาที่รัก(ขวัญ),@mub6/3max ต.ต.
r21121,Zipinp,White Orchid,lastkiss
r21127,Zipjdf,สัญญารักฉบับกำมะลอ | Englot,ขนมปังชานม
r21138,Zipmhi,คืนโหยหวน,เรื่องที่ดีที่สุด
r21159,Zipt1f,จ้าวฟ้า|อิงล็อต,เบ๊บเขิน🐋
r21166,Zipu6y,นิรันดร์​กาล | อิงล็อต,สองเก้ากุมภา
r21189,Ziq2r0,ริรินทร์ลฎา|ENGLOT,สดุดฟามหล่อ
r21213,Ziqa4y,air|englot,บลู|Blue
r21241,Ziqgeq,บอสที่รักของคุณเลขา,ทามพาวิน
r21251,Ziqia0,เพลิงอัคคี วารีธารา | ENGLOT,Memory to kk
r21253,Ziqj4x,ปมฆาตกรรม​ |englot,คุณไรท์six
r21267,Ziqphh,ศัตรูที่รัก,ทามพาวิน
r21282,Ziqvt0,พี่สาวตัวร้ายกับนายตัวแสบ,ทามพาวิน
r21288,Ziqyc6,ปลายทางของคลื่น,darkblue.
r21316,Zir7dl,แผนลับฉบับรัก,ทามพาวิน
r21320,Zira6u,ในตอนนั้นที่ซอมบี้(หรืออย่างอื่น)บุกโลก|englo,peachy.thanida
r21336,Zirekl,จริยธรรมจำลอง -ENGLOT-,เบบี๋ไดโนเสาร์
r21338,Zirf8c,Mission: จีบพี่ให้ติด!,คุณไรท์six
r21343,Zirh1f,องครักษ์พิทักษ์ใจ,ทามพาวิน
r21345,Zirhv9,เงาสนธยา,pack.kingdom
r21351,Zirjf1,เธอคือเบาะแสของฉัน|Englot,แอดนี้ไม่สวนโพ.
r21353,Zirkdk,อย่าเรียกเราว่าติ๋ม| Englot,Lumireth Everdream
r21361,Zirnwl,อยู่กับธรรมชาติ...แต่ได้ผัวชื่อข้าวหอม | อิงล็อต,ชอบดองฟิคแต่ก็มา
