detail_key,article_id,title,author
r88,Z1h8wf,Heir of The Real | FreenBecky,Mayaa
r142,Z25iv1,โลกนอนไม่หลับเพราะคุณ /FreenBecky,GfingerBP
r157,Z2dg2w,Mr. Cameraman | FreenBecky,Mayaa
r163,Z2i7wb,พี่ไม่เล่น,พระจันทร์ค้างแรม
r177,Z2otcy,นัยน์นารินทร์,Mmountain
r179,Z2pcuo,Far or Near [FreenBeck],หนูน้อยหลงทาง
r185,Z2rk4b,(os) เทียนหอม จอมขวัญ | ฟรีนเบค,ศูนย์สี่หนึ่งสอง
r188,Z2u3ts,เทียนขวัญ จันทร์เจ้า | ฟรีนเบค,ศูนย์สี่หนึ่งสอง
r208,Z3a8a6,Once in blue moon&sup1; - FreenBecky,purple tulips in the moon
r213,Z3cifl,ยัยน้องที่แปลว่าพี่น้อง..|ฟรีนเบค,N_Poy
r216,Z3e34u,RIP | one shot | ฟรีนเบค,Mmountain
r219,Z3exik,(os)เพลงรักเดือนหนาว|ฟรีนเบค,สเลเชอร์รีน
r220,Z3fe6j,เหมือนเดิม | one shot | ฟรีนเบค,Mmountain
r237,Z3q94l,ถ้าพรุ่งนี้ไม่มีฉัน | ฟรีนเบค,Bacon_SoHot
r257,Z3wa7n,ลี้ลับ ลี้รัก,เรื่องวุ่นๆของวัยรุ่นดองงาน
r260,Z3ysa2,(os) สีเทียน เขียนฝัน | ฟรีนเบค,ศูนย์สี่หนึ่งสอง
r271,Z46jgf,(os) สิบสองถึงฟองเบียร์ | ฟรีนเบค,ศูนย์สี่หนึ่งสอง
r275,Z49kvi,(os) ดื้อโดนตี | ฟรีนเบค,ศูนย์สี่หนึ่งสอง
r283,Z4ecfl,อยู่ทะเล | ฟรีนเบค,ศูนย์สี่หนึ่งสอง
r287,Z4hj7g,Secret of CEO|ฟรีนเบค,U night
r296,Z4lhnw,ฟรีนเบค,คุณโลมา
r298,Z4ltag,หวานเจี๊ยบ,moew
r318,Z4sgrg,เรื่องราวของฉัน และเธอ | ฟรีนเบค,Miminato
r322,Z4tr0k,...,เบ้บบู๋  ปิโย๊ะน้องพุง
r331,Z4ujr5,เพื่อนแฟน,mmmoooyi
r340,Z4wjt6,ความรักของนางฟ้า,~Dr.Meow~
r345,Z4yqpy,แค่...ใกล้เธอ | ฟรีนเบค,Hua Man Muang
r346,Z4ys77,ยัยหนูของพี่ |ฟรีนเบค,Vegas🐯
r355,Z51hoh,บริษัทของฟรีน,เบ้บบู๋  ปิโย๊ะน้องพุง
r359,Z51vkt,Mine;,ชล.
r360,Z521qf,หนูชอบพี่มาก:)[ฟรีนเบค],ไม่เคยแปกก็ไม่เคยปกติ
r377,Z56y8r,จิตมืดมิดไร้แสงสว่าง 🖤🥀,l 95
r386,Z58wb3,เจ๋งให้เหมือนชื่อหน่อยดิ,แซลมอนมันแซ่บหลาย
r391,Z5a0h3,ซูลูปาก้าตาปาเฮ้ วาตานาเบ้ไอโกะ | ฟรีนเบค,ผมมันเด็กกะโปก
r409,Z5e3oi,ยัยน้องจอมซน,NGA FreenBeck
r410,Z5edek,เพราะเราไม่มีวันคู่กัน,ชอบคุณงับ💕
r422,Z5gx5r,เพราะเธอคือ My person,สองเอง
r440,Z5k3f4,ฮอตนักเหรอ | ฟรีนเบค,Miminato
r442,Z5l2np,พี่น้องหรอ | ฟรีนเบค,freen Becky
r445,Z5ldc7,โฮส -ฟรีนเบค-,ทิวลิปในแจกัน
r455,Z5ppkv,จะอายุ 23 ปีแบบนี้ตลอดไปเลยรึไง | freenBecky,JIJIIII
r461,Z5rwcm,พิจารณา||ฟรีนเบค,Tulip __🌷
r462,Z5s5an,รูมเมทของฉัน | ฟรีนเบค,ไร้แสงไฟ
r483,Z5voh8,Black List  -ฟรีนเบค-,ทิวลิปในแจกัน
r493,Z5x9d9,You my | ฟรีนเบค,เจ้าไข่หลุน
r513,Z61huo,แมวน้อย,ncเยอะจัด
r520,Z63rsh,ตัวเล็ก /ฟรีนเบค,Becky
r526,Z64med,ท้องฟ้าสีเทา||ฟรีนเบค,Risso&rsquo;s
r527,Z64qlg,ขนมผิงไม่อยากเป็นน้อง,Mmountain
r528,Z64uyv,princess  |  ฟรีนเบค,behopeful
r529,Z64xe9,แฟนคลับคนโปรด,ดารินทร์
r537,Z65iss,เบาๆหน่อยค่ะบอท,ต้าวเองงับบบบบบบ
r545,Z66tcu,สารวัตรที่รัก | ฟรีนเบค,ไร้แสงไฟ
r549,Z67ft2,Write for SamxMon. That night | ฟรีนเบค,KhunxBlue
r559,Z68au4,#เก้าพายนับหนึ่ง | ฟรีนเบค,missmyexgf.
r560,Z68hrd,ฆาตกรที่รัก || ฟรีนเบค,ฟรีน/เบคกี้🤏❤
r568,Z69s79,ยัยหนูของพี่|ฟรีนเบค,yyowu
r569,Z69uhw,รับทราบค่ะคุณหนู | ฟรีนเบค,MiAiMo
r577,Z6aj7f,น้องวาอย่าโง่สิคะ,แซลมอนมันแซ่บหลาย
r580,Z6ara9,ตะวันของเอื้องเหนือ| ฟรีนเบค,minmin
r585,Z6b9mn,เสือน้อยกับกวางใหญ่ | ฟรีนเบค,I&rsquo;m chai
r591,Z6c4k7,ไม่ได้ชอบ..เธอ,จิ้มน้ำจุ่ม
r596,Z6d857,WhiteDaisy | ฟรีนเบค,WithMe
r597,Z6dfcr,♡#ฟรีนเบค,Aquarius ʚ&igrave;ɞ
r600,Z6dlmd,สีนํ้าของเทียน,Lavvie
r605,Z6eet5,r!ch girls &dagger; | Freenbeck,LLUMOSS
r606,Z6ehf1,Girl next door 🌷 | FreenBecky,cocoa with mint
r609,Z6euw1,คุณสามคือไอดอล,มนุษย์ดวงดาว
r612,Z6f3wc,ที่ตรงนั้น | ฟรีนเบค,K.chida
r615,Z6firb,รักเธอนะสารวัตรนักเรียน  fb,คุนฮิปโป
r616,Z6floa,Sister Zone ฟรีนเบค,GirlPain
r625,Z6gkw2,ร้ายนักนะคุณหนูมาเฟีย |ฟรีนเบค,HAPPY DAY
r629,Z6h70d,เพื่อน (ไม่) จริง |ฟรีนเบค|,ทีโพล์
r630,Z6he9x,ทฤษฏีแอบชอบเธอ 🦋💙 //ฟรีนเบค,หนูนกฟ้า.
r632,Z6hivk,|รักแรกพบ|ฟรีนเบค,aomkorn
r634,Z6ho09,ทฤษฎีแอบชอบเธอ 🦋💙 ;ฟรีนเบค,หนูนกฟ้า.
r639,Z6ib7b,Every day's//Freenbecky,Px.
r641,Z6ifpm,ฟรีน&times;เบ็คกี้💖,ยืนกินปลาร้าที่สวรรค์
r642,Z6igqd,ตะวันพันดาว,K.chida
r643,Z6iivc,มนต์รักน้ำเมา | ฟรีนเบค,joohwang
r645,Z6iltd,C&eacute;line (ซีลีน),ดอกไม้สีน้ำเงิน
r647,Z6irru,LadyxSam | ฟรีนเบค,KhunxBlue
r649,Z6j7eo,เฝอ | FreenBec,zzzzzzzz.z
r650,Z6jcem,รักนี้หัวใจ มีเธอ {My Heart Has You},PKKMusic (kii)
r651,Z6jdrj,ทฤษฎีสีดำ,ฟรีนเบค
r652,Z6jkf6,เราเพื่อนกันค่ะ #ฟรีนเบค,ยัยฝรั่งน้อย
r656,Z6ju8f,kiss you || FB ||,ยืนทอดไข่อยู่ในตู้เย็น
r659,Z6k6dq,คู่หมั้น|ฟรีนเบค,สาววาย
r661,Z6ka1q,#กุญแจฟา  |  ฟรีนเบค,behopeful
r666,Z6kxs3,o,เบอร์รี่แบร์
r667,Z6l0ga,สถานที่ระบายทุกข์เเละสุข #ฟรีนเบค,babypaperxz
r670,Z6ld5q,Multiverse | ฟรีนเบค,ผู้เขียนจากต่างโลก
r672,Z6lj6t,candy crush ( ฟรีนเบค ),psblue
r678,Z6m4sl,เจ้าตัวแสบที่รักเอ้ย | ฟรีนเบค,หนูนกฟ้า.
r680,Z6mnnc,ไม่ได้เก่งแต่เกิด แต่พ่อสอนให้เปิดแต่เด็ก #ฟรีนเบค,หน้าต่างมีสาคู ประตูมีลอดช่อง
r681,Z6muvw,หลงรักเธอในยามราตรี | ฟรีนเบค,หนูนกฟ้า.
r683,Z6n009,แม่ค้าคนนี้อย่าวีน #ฟรีนเบค,pie.z
r688,Z6nvmu,เสี่ยสาม,admatt
r690,Z6o7q3,ドラゴン - DRAGON |  fb,LLUMOSS
r691,Z6o8l2,น้ำหยดลงหินทุกวัน  |  ฟรีนเบค,behopeful
r694,Z6oso2,KhunxLalynn | ฟรีนเบค,KhunxBlue
r695,Z6otrk,แอบรักดาวเหนือ(Love north ster)|ฟรีนเบค อิงล็อต,ความฝันDream
r697,Z6ovmo,คณาคนโปรด - ฟรีนเบค,gabbyandy
r698,Z6oytf,คุณหมอหน้าใสหัวใจอยู่ต่างโลก,AlannRP
r699,Z6p4t9,มาเฟีย | ฟรีนเบค,18+นะครับบบบควรได้รับคำแนะนำ
r700,Z6pc31,snowball | freenbeck,?
r702,Z6pgfj,ฟาจ๋าย | #ฟรีนเบค,decper12
r705,Z6pqdu,รอวันที่บี๋เรียนจบ | ฟรีนเบค (os),.0102
r706,Z6psa1,dare  |  ฟรีนเบค,behopeful
r707,Z6psrj,บังเอิญเจอ ตั้งใจรัก  | ฟรีนเบค,กอจอ
r708,Z6ptk1,Twilight Sky / ท้องฟ้าสีทไวไลท์,คูมหมาหงอย
r711,Z6q4y3,ฟี่ฟ้อง (os) | ฟรีนเบค,AngelBae.
r713,Z6q7dm,My duty : หน้าที่ของหัวใจ,กริซลี
r718,Z6qs2y,แฝดรักแฝด | ฟรีนเบค,หนูนกฟ้า.
r722,Z6r1ki,ยัยคนน่ารักเอ๊ย |ฟรีนเบค,FB-Moon
r723,Z6r43p,love flower |ฟรีนเบค|,l_nvi
r725,Z6r5t4,10 FEB - FreenBecky,purple tulips in the moon
r726,Z6rf6t,ชีวิตไอหมาปี๊บ #ฟรีนเบค,decper12
r727,Z6rikv,ฮักเมา ; ฟรีนเบค,mystery-g
r729,Z6rq0s,ท้องฟ้าสีชมพู,ม่อนม่อน
r730,Z6rqsc,One shot with - Freenbeck,KhunxBlue
r731,Z6rrrl,เป็นพี่ก็หวงได้นะ,ฟรีนเบคทั้งใจ
r732,Z6rsts,คุณท่านประธาน-ฟรีนเบค,Pp
r734,Z6ruit,feel so good to have u|freenbecky ฟรีนเบค,By: Be%
r735,Z6rvc2,ลูกคนใช้ | ฟรีนเบค,สองศูนย์ศูนย์สี่
r737,Z6ry9f,love is love :ฟรีนเบค,P​  c
r741,Z6sgct,tulips x rabbit ｜ฟรีนเบค,smell of flowers🌷
r742,Z6svhv,คือพี่ก็แคร์บ้าง | freenbec,fecbeeny
r743,Z6sw03,หลับตาฝันถึงเธอ,โลกนิยาย
r745,Z6sy2k,แด่เธอผู้นั้น.,ดอกไม้สีน้ำเงิน
r746,Z6sywf,"""ก่อนจะจากกัน""|ฟรีนเบค|",ปิโย๊ะ😙
r748,Z6t2yf,หนี้ระบบรัก | ฟรีนเบค,ไร้แสงไฟ
r749,Z6t42r,รักพี่คนเดียวเท่านั้น(ฟรีนเบค),อ่านเถอะ!!!!
r751,Z6t7rd,รุ่นพี่ที่รัก [ฟรีนเบค],ntc pyn
r753,Z6tgy4,คนเก่าสถานะใหม่#Freenbecky,ผัดกะเพราพิเศษใส่ใจ
r756,Z6tr69,ทายาท|ฟรีนเบค,Pp
r757,Z6tshs,ผู้หญิงข้างห้อง | ฟรีนเบค,วันว่างว่าง
r758,Z6tvco,แฟนผมเป็นประทาน นักเรียน เวอร์ชันฟรีนเบค,ฟรีนเบค
r762,Z6u95m,ก็แค่คนรู้จักป่ะ|ฟรีนเบค,วาชิจัง/-
r765,Z6ul5b,อยากได้พี่เป็นแฟน(เมีย)ต้องทำไง,bbf
r766,Z6unav,ตึกเก่านาการณ์ #Freenbecky,ผัดกะเพราพิเศษใส่ใจ
r767,Z6ut1p,วันเสาร์สีฟ้า #ฟรีนเบค,คิมเพทาย
r774,Z6v8ph,แฟนผมน่ารักจังเลยครับ💐,ผูกโบว์🎀
r780,Z6vr4a,ซึนนักรักซะเลย,เด็กหรั่งใส่ใจ
r781,Z6vsab,รักนิรันดร์ //ฟรีนเบค,Risso&rsquo;s
r783,Z6w0de,ชอบจังที่มีเธอ - freenbecky,เซาเซาขายเปา
r788,Z6w4y1,ทิวาดายเดียว / ฟรีนเบค,สิ่งมงคลจากฟ้า
r789,Z6w93p,อาหารตาม( ส่ง ) - Freenbec,ปิ้งๆ
r791,Z6wefn,คู่หมั้น |เบคฟรีน,bbf
r792,Z6wejh,Hot🔥🔥|เบคฟรีน,bbf
r794,Z6wl8n,แค่ 'เว้นระยะ'||ฟรีนเบค,ปิโย๊ะ😙
r798,Z6wrhy,โรงแรมหลุดจอง🚬,บ๋องแบ๋งจิบิจัง
r804,Z6xdia,พ่อหนุ่มกับสาวแม่พระ | ฟรีนเบค,ไจ๋ๆ
r810,Z6xv0m,(Rewrite) บอกรักซักรีด | FreenBecky,mirua
r812,Z6y1ih,fav ex-gf ft. freenbeck,missmyexgf.
r814,Z6y3c7,𝐀𝐆𝐑𝐄𝐄𝐌𝐄𝐍𝐓  |  ฟรีนเบค,ณกรณ์
r815,Z6y77n,คิดน้อยไปว่ะ#ฟรีนเบค แก้ไขใหม่,จิ้มน้ำจุ่ม
r817,Z6yb7v,ไม่เป็นรอง💗|(ฟรีนเบค),somsri girengsang_
r821,Z6yosx,แด่เธอ | #ฟรีนเบค,ฟ้าสาง.
r822,Z6ypbi,ทะเลกับเธอ| ฟรีนเบค,วันว่างว่าง
r825,Z705uf,you are my heart / Freenbecky,Freenbeckyismylife
r826,Z707pl,เคียร์ไม่ดื้อ &bull; freenbecky,พระจันทร์สองดวง
r828,Z70aw7,ม๋าแดง​ | ฟรีนเบค,MJ.
r829,Z70cjk,โป้อย่าหยอง | #ฟรีนเบค,decper12
r833,Z70l3d,Don&rsquo;t call me your sister (Re-write),Blue_butter
r834,Z70pxh,นางเอกคนโปรด | ฟรีนเบค,I&rsquo;m จิ้งจก!!
r840,Z71i3n,ทำไมฉันถึงจำเธอไม่ได้เลยนะ  |  ฟรีนเบค,ไจ๋ๆ
r841,Z71mml,อย่าดื้อนะค่ะเด็กน้อย,ฟรีนเบค
r842,Z71pvw,Love alike (ฟรีนเบค) | FreenBecky,MAGANOZ
r844,Z7224c,TRY LOVE ลองรัก 🪔,บ๋องแบ๋งจิบิจัง
r845,Z72a2r,The star อธิษฐานรักผ่านดวงดาว(มีภาคต่อ),โลกนิยาย
r846,Z72ahi,ความทรงจำสีจาง,บ๋องแบ๋งจิบิจัง
r847,Z72e08,Mean It |เบคฟรีน,Vibe52Hz
r848,Z72efl,The star อธิษฐานรักผ่านดวงดาว2,โลกนิยาย
r849,Z72fao,นักวาดที่รัก✍️🎨|เบคฟรีน,somsri girengsang_
r852,Z72he7,my love on you&lt;ดวงใจสองดวงฉันและเธอ&gt;#freenbecky,milaa
r858,Z72qy9,บอดี้การ์ดสาว(ฟรีนเบค),มือด้านด้าน
r860,Z72rl5,Summer love รักวุ่นๆ ของซุปตาร์,TuaLek
r862,Z730pw,twin|Freenbec,🌻tiva🌻
r863,Z73c1i,มหาลัย มหาลอง,Cxllme namphad
r864,Z73c9f,Challenger deep | เบคฟรีน,โลกนิยาย
r865,Z73cue,องค์รักให้คุณ|ฟรีนเบค,ฟรีนเบค
r867,Z73gcw,multiapril | #ฟรีนเบค,decper12
r870,Z73le1,เธอและฉันッ | ฟรีนเบค,my name
r871,Z73mhb,"Me, Sea, and.. You [ฟรีนเบค]",Alex_ForFB
r874,Z73tbl,ความลับชั้นธุรกิจ | ฟรีนเบค,โลกนิยาย
r875,Z73u2u,ท็อปในรุ่น|ฟรีนเบค,somsri girengsang_
r877,Z73yog,เจ็บมากพอแล้ว | ฟรีนเบค,ไจ๋ๆ
r878,Z74085,#Lilithฟรีนเบค,คิมเพทาย
r881,Z746ta,เทียนฟ้าชัดเจน | ฟรีนเบค,minmin
r884,Z74e59,กลิ่นรักเสน่ห์อารมณ์ - BecFreen,เซาเซาขายเปา
r885,Z74iy1,night heart||ฟรีนเบค,องุ่น🍇
r887,Z74knh,#หมูกระทะพี่พะพาย | freenbecky,nocoffeejustmatcha
r888,Z74nl2,เฟยเจินคิดว่ายังไงหรอ|freenbeck,everydaysleep
r889,Z74qbc,Dum dum |ฟรีนเบค,somsri girengsang_
r891,Z751sf,เราไม่ใช่ตัวเลือก,ฟรีนเบค
r896,Z75kdh,กลัวเมียss2:เบคฟรีน,สโรชาxรีเบคก้า
r899,Z75ssr,ทิศเหนือ|ฟรีนเบค,มือด้านด้าน
r900,Z75sxt,DREAM OF WHITE ROSE [FreenBecky],หมีหัวกระต่าย
r903,Z75xrn,เข้าใจทุกอย่างที่เธอบอกนะ,ต่อไปนี้ผมจะดูแลคุณเป็นพิเศษ
r904,Z761ay,(OS) คิดถึงเป็นลม | FreenBeck,Ladiiwawaa
r909,Z7694f,แค่เพื่อนอ๋อ? -ฟรีนเบค-,daow w
r913,Z76bqw,คนอาศัย|ฟรีนเบค,อ่านเถอะ!!!!
r916,Z76g6f,🐱แมวของฉันไม่เหมือนใคร | ฟรีนเบค,tulip🌷
r919,Z76roc,แฝดหรั่งอย่าแรง | ฟรีนเบค,กล้างั้นรึ
r925,Z770mx,คุณหนูสุดร้ายกับบอดี้การ์ดสุดฮอต,ฟรีนเบค
r926,Z770ut,จากเพื่อนสู่แฟน | Freenbecky,กะนุ่ยย🤏🏻🥹
r927,Z771rr,The Imagined Couple รักนี้ไม่มีบท,บ๋องแบ๋งจิบิจัง
r932,Z778y0,แฟนเด็กของพีอาร์ |ฟรีนเบค,ตัวปลิวววว
r933,Z779f4,"พระรามแพ้รัก , ฟรีนเบค",jewlibe
r934,Z77aa4,ยัยลูกคุณหนู | เบคฟรีน,bbf
r935,Z77d0g,โรงเรียนเวทย์,ไอตูดหมึก!
r938,Z77fu7,คลั่งรักยัยแมวน้อย,flower fiw.
r940,Z77kb3,คนเก่าสู่แฟน|ฟรีนเบค,ไฮโซปิง
r941,Z77lsv,|ลิขิตรักแฟนเด็ก|ฟรีนเบค|SS.1,suptim
r948,Z77r1l,คุณอลัน #ฟรีนเบค,Fpp
r949,Z77s7o,พี่คะ! | ฟรีนเบค,ยืมเพื่อนมา
r950,Z7814u,นายทะเล | ฟรีนเบค,BB
r952,Z783jq,คนดูแลส่วนตัว 10 day. online girlfriend,🫶🏻 FreenBeck
r954,Z786e7,เปิดตัวไม่ได้|ฟรีนเบค,อ่านเถอะ!!!!
r955,Z787eo,sequel: The black roseෆ |freenbecky,By: Be%
r956,Z787i1,พี่น้อง #ฟรีนเบค,Fpp
r957,Z78c3n,ดอกทิวลิป - ฟรีนเบค,โซน_
r959,Z78egx,กายรัก |ฟรีนเบค,คนบ้า
r961,Z78fqr,พี่อ้าย -เบคฟรีน-,daow w
r965,Z78jep,คนนี้ของกู ฟรีนเบค,vincent666
r966,Z78kul,ป่ะป๊าผมโสดคับ,admatt
r967,Z78of7,เพื่อนกันมัน(ส์)ดี | เบคฟรีน,little_bunny
r969,Z78ppi,ชีต้าโภชนา,KUMAz
r974,Z796rd,ตัวร้ายที่รัก-(ฟรีนเบค),yyy_sss
r977,Z79aj9,คุณนักสืบ -ฟรีนเบค-,ทิวลิปในแจกัน
r984,Z79hpg,ฟิคสั้น|ฟรีนเบค,ทานตะวันของใจ
r985,Z79jjr,#สุกี้น้ำที่รัก|ฟรีนเบค,somsri girengsang_
r986,Z79krd,แฟนเก่าคนโปรด |ฟรีนเบค,Dum Dum.
r990,Z79wn8,เพ้อเจ้อ-ฟรีนเบค,T_Kpr
r992,Z7a0jl,มาเฟียหลงยัยเด็ก(ฟรีนเบค),baby♾️🌷
r996,Z7aig3,เราเป็นได้แค่ตัวสำรองใช่ไหม|ฟรีนเบค,นมหมีปั่นอร่อยม้าด｡ﾟ(ﾟ&acute;&omega;`ﾟ)ﾟ｡
r1000,Z7amyr,I&rsquo;m not a morning person &mdash;BF,Query
r1005,Z7b7tr,เบบี๋ของพี่|ฟรีนเบค,โอ้ะกรู้ว~~
r1009,Z7bl98,-,ทีที27
r1010,Z7bl9a,คนของฉัน|ฟรีนเบค,มือด้านด้าน
r1011,Z7blqp,Our Dreams กาลครั้งหนึ่งตลอดไป | ฟรีนเบค,โลกนิยาย
r1018,Z7c4ng,กลับมาสอนฉันก่อน /ฟรีนเบค,กะนุ่ยย🤏🏻🥹
r1019,Z7c6on,ครูสอนศิลปะที่รัก | เบคฟรีน,little_bunny
r1024,Z7cf7j,คลั่งรักคุณอาขา [อ่านฟรี],PKKMusic (kii)
r1025,Z7ciw9,เด็กในวันนั้น#ฟรีนเบค,จะทำไรก็ได้
r1027,Z7cmjp,แบบไหนที่เธอรัก,เรียกข้าว่าไอ้เหมียว
r1028,Z7cniy,รักคืออะไร|ฟรีนเบค,จะตั้งใจรัก
r1032,Z7cv7t,vocational gang|ฟรีนเบค,somsri girengsang_
r1038,Z7d1hr,คุณหนูแบบเธอ ฉันไม่มีวันรักหรอก,ตัวปลิวววว
r1049,Z7dkld,แฝด4 มหาภัย|เบคฟรีน,somsri girengsang_
r1050,Z7dlih,อนอัวเบอร์เกอร์ (ฟรีนเบค),สีดำคือเรา
r1053,Z7drjt,เด็กเสี่ย |ฟรีนเบค,มือด้านด้าน
r1055,Z7ds7c,เพื่อนซี้คลั่งกาย - freenbec,เซาเซาขายเปา
r1057,Z7dt2n,tulip [freenbecky],favfreen
r1063,Z7e74j,ชายสิงห์ l ฟรีนเบค,new
r1064,Z7e7xu,รุ่นพี่ที่รัก|ฟรีนเบค,Whisper ที่แปลว่า กระซิบ
r1070,Z7edj4,เเม่เสือน้อยปากดี |ฟรีนเบค,FB-Moon
r1073,Z7ekoa,เขาว่าเจเป็นเด็กเนิร์ด | ฟรีนเบค,เจ้าหมีนิรนาม
r1074,Z7emh7,เรื่องราวหลังแต่งงาน | ฟรีนเบค,เจ้าชายวาย
r1076,Z7etan,ขุนดรัณ นางพราว|ฟรีนเบค,somsri girengsang_
r1078,Z7eu9d,ไม่ได้อยากเป็นเพื่อน..อยากเป็นผัวมึง,ท้องฟ้าของวันพรุ่งนี้
r1080,Z7evh6,sweetmeat cafe - freenbecky,cutiepink
r1081,Z7exgt,เเวมไพร์ผู้หิวกระหาย |ฟรีนเบค,FB-Moon
r1084,Z7f6ii,ท่านประธาน|ที่รัก #ฟรีนเบค,น้อนแมวอ้วน
r1085,Z7f8up,เรื่องราว|ฟรีนเบค,พิจิกเมอร์ซี่
r1089,Z7fvkq,(รีไรท์) Kiss me . | Freenbeck,LLUMOSS
r1090,Z7g1ft,ชีวิตธารมันก็แย่แบบนี้แหละ,Moody
r1099,Z7gmmf,ภักดีเจ้าเอย &mdash; freenbecky (os),ยี่สิบสี่
r1101,Z7gx2j,My ex-gf | ฟรีนเบค,ฟ้าคราม🌧️
r1102,Z7h0wm,defeat mili | freenbeck,decper12
r1107,Z7hjny,ที่1ของมาดาม|ฟรีนเบค,ทิวลิปที่เธอลืม
r1108,Z7hkvw,ลูกน้องของพ่อ,ตัวปลิวววว
r1112,Z7hpec,แพ้ทาง|ฟรีนเบค,มือด้านด้าน
r1118,Z7i39q,วัสดุแฟนแมว | freenbeck,sunday moon ☽
r1120,Z7i5sr,|ลิขิตรักแฟนCEO|ฟรีนเบค|SS.2,suptim
r1122,Z7i78a,วัยรุ่นมีความรัก(ฟรีนเบค),ฟรีน  เบค   เฮง   น้ำ     ไพลิน    บุ๋น    เปรม    ต้า     บอม    โอม   ไจ๋
r1124,Z7i8oo,Last choice รักสุดท้าย | ฟรีนเบค,โลกนิยาย
r1129,Z7iciq,คิดเกินเพื่อน🌚🌝 | ฟรีนเบค,แก้ม(cheek)☁︎
r1130,Z7idnn,ฉันรักเธอ,ช่องว่างแห่งการเวลา
r1131,Z7igrb,กุหลาบสีน้ำเงิน|freenbec,ต้นไม้
r1132,Z7ij76,เพื่อนสนิท|ฟรีนเบค,แฟนใครเอ่ย?
r1136,Z7iqca,รุ่นน้องที่รัก|ฟรีนเบค,Sushi
r1137,Z7is3b,เส้นทาง| ฟรีนเบค,พิจิกเมอร์ซี่
r1142,Z7ixd0,ขุนดรัณ ที่ฉันตามหา Ss2|ฟรีนเบค,somsri girengsang_
r1143,Z7iykk,พี่กับทะเลอะไรน่ารักกว่ากัน,ดินสอ
r1146,Z7j7ru,คังยูอาร์ #ฟรีนเบค,Fpp
r1147,Z7jebj,Love Story​ ปั้นรักเป็นตัว,Hua Man Muang
r1149,Z7jhfc,แค่ไหนเขาก็ไม่รัก - ฟรีนเบค,กวินวัชร์(Kawinwat)
r1153,Z7jlie,ทฤษฎีแฟนเราคือประธาน,เกรซคนเดิม
r1154,Z7jmut,ฉันหลงเชื่อเธอสนิทใจ&hellip;|ฟรีนเบค|,Turquoise.
r1155,Z7jnqb,แอบชอบคนซึึน,ฟรีนเบคทั้งใจ
r1157,Z7jri4,เสียงทานตะวัน | เบค​ฟรีน,Moonji
r1158,Z7ju3a,ท่านประธาน|ที่รัก ss2#ฟรีนเบค,น้อนเเมวอ้วนss2
r1162,Z7jvuf,My ex-gf /freenbec,กวินวัชร์(Kawinwat)
r1163,Z7jw8a,My White Tulips &mdash; freenbec,icloudsky
r1164,Z7jxi4,บอสก็แรงเกิน | เบคฟรีน,tulip🌷
r1166,Z7jyn8,ยัยแม่เลี้ยง! |ฟรีนเบค,ส้มรักพ่อ!
r1168,Z7k3ug,ไอ้หมา|ฟรีนเบค|,ncเยอะจัด
r1173,Z7khk8,ทิวาlove,AMMY🦋🐰
r1175,Z7ki6t,กลางคืนแมวเหมียว | ฟรีนเบค,ฟ้าคราม🌧️
r1176,Z7kms3,[THE DOCTOR PH&Iacute;]คุณหมอผีติ๊งต๊อง,suptim
r1178,Z7ko84,เบสนีย์|FreenBec,Wadwi
r1179,Z7kqqg,OST |🐰🦦,AMMY🦋🐰
r1185,Z7l1fe,Black Moon |  ฟรีนเบค,โลกนิยาย
r1195,Z7lca0,จดหมายถึงดวงดาว,มามี้มะลิ
r1197,Z7lec8,สร้อยฟ้า#Freenbecky,ผัดกะเพราพิเศษใส่ใจ
r1200,Z7lmd4,"รักเราแค่""พี่น้อง"" :ฟรีนเบค",คุณบีเบล:)
r1201,Z7lne5,แอบชอบคนขายกาแฟ,ฟรีนเบคทั้งใจ
r1203,Z7ls75,เพราะได้หลงรัก (เทียน&amp;ดวงแก้ว),ดอกรักฤดูฝน
r1204,Z7lt3i,กีดกัน ; ฟรีนเบค,somsri girengsang_
r1206,Z7lvdd,puppy | เบคฟรีน,little_bunny
r1207,Z7lvxm,สร้างหนี้จ่ายด้วยรัก(ฟรีนเบค),หยอมแหยม
r1214,Z7m5j8,บาร์ลับงับใจ #เบคฟรีน,PAPA❤️FB
r1222,Z7mhil,your my lawyer #ฟรีนเบค,คุมโทน
r1227,Z7myij,สะกิดรักท่านประธาน :ฟรีนเบค/ป๊อปฝ้าย,คุณบีเบล:)
r1232,Z7n80b,ยัยเด็กดื้อ | เบคฟรีน,little_bunny
r1233,Z7nlrf,ทำไมต้อง เพียงเธอ.,ดอกไม้สีน้ำเงิน
r1234,Z7nn2p,เลิฟสตอรี่,มนุษย์ดวงดาว
r1235,Z7nn5t,Ester Ss2|เบคฟรีน,somsri girengsang_
r1238,Z7nth6,เงารัก |เบคฟรีน,bbf
r1239,Z7nxgg,เพื่อนไม่จริง | freenbecky,น่อวปอฉองทับหก
r1241,Z7o3ok,ยัยตัวแสบของพี่ฟรีน,ฟรีนเบค
r1242,Z7o4de,คนที่กลัวฝน | เบคฟรีน,minmin
r1243,Z7o4st,เมะบ๊องๆ!|ฟรีนเบค,มัมหมีเจ้าเบค
r1244,Z7o68h,Your playmate?,Moonji
r1245,Z7o84e,ครอบครองเธอ,ดอกรักฤดูฝน
r1248,Z7oc1f,ปิ๊งรักยัย💖Bodyguard 💕,Snowy_ice {Fulk}{TS}
r1249,Z7oe54,ผกาแก้ว | ฟรีนเบค,ปัทมนิภา
r1252,Z7oraw,(os) แสงใดใด &mdash; freenbec,icloudsky
r1257,Z7p7qw,เพื่อนที่ไหนเขาเล่นกัน,เบ้บบู๋  ปิโย๊ะน้องพุง
r1260,Z7po7j,ลิขิตรักย้อนอดีต (เบคฟรีน),PAPA❤️FB
r1261,Z7ppbl,เจ็ด &mdash; freenbecky,ยี่สิบสี่
r1262,Z7pq7k,น้องปี1กับพี่ปี4,ฟรีนเบคทั้งใจ
r1263,Z7pyy2,ฝากเลี้ยง | เบคฟรีน,little_bunny
r1265,Z7q237,รักแรก..ฆ่า |ฟรีนเบค,พิจิกเมอร์ซี่
r1267,Z7q6sd,เวรี,ฟรีนเบค
r1268,Z7q8fk,เนิร์ด | freenbecky,น่อวปอฉองทับหก
r1269,Z7q9d2,ธารดาราจักร|เบคฟรีน,somsri girengsang_
r1271,Z7qbu1,ชุดท้ายนี้ลงจบลงไปด้วยดี,รักฟรีนเบค
r1273,Z7qdnl,พี่ตะวันรับรักหนูหน่อย! :ฟรีนเบค,คุณบีเบล:)
r1276,Z7qhuf,พันธะหัวใจ | freenbec,ᴊᴇᴛʏɪᴍ
r1282,Z7qy9q,"เป็นได้แค่""เพื่อน""😔🖤🤍 ( ฟรีนเบค )",Snowy_ice {Fulk}{TS}
r1283,Z7r00i,one night stand,ทิวลิปสีท้องฟ้า
r1285,Z7r1ry,เด็กดื้อ|ฟรีนเบค,มือด้านด้าน
r1286,Z7rb4k,แมวรัก,butterfly sky
r1290,Z7ri4o,เพื่อนรัก?/ฟรีนเบค,เจ้าชายเอส
r1292,Z7rnnt,I'll feed you,Moonji
r1297,Z7s2d7,ลูกพี่,bbf
r1299,Z7s4xm,คนกลัวเมีย!:เบคฟรีน,สโรชาxรีเบคก้า
r1300,Z7s52h,my singer|เบคฟรีน,somsri girengsang_
r1302,Z7s8ah,ปัจจุบัน./ฟรีนเบค,โอ้ะกรู้ว~~
r1303,Z7s9gr,ทฤษฎีรักนี้รักนิรันดร์ :ฟรีนเบค,คุณบีเบล:)
r1304,Z7s9rb,[2 worlds] โลกสองใบ ใจดวงเดียว :ฟรีนเบค,คุณบีเบล:)
r1306,Z7sdhj,Sun&amp;Moon [ฟรีนเบค],กัณฏิกีรติกา
r1307,Z7sf0a,คุณตากล้อง |ฟรีนเบค|,ncเยอะจัด
r1308,Z7sinc,#คุณเชฟ | ฟรีนเบค,Apollo
r1309,Z7sj3j,ดาวเหนือของขิม,ต้นสิบสามเสมอ
r1310,Z7sk88,เพื่อนไรวะ #เบคฟรีน,เหงาใจ
r1312,Z7slat,ลิขิตรักแรกพบ|ฟรีนเบค|SS.3,suptim
r1314,Z7sr46,เจ้านายน่ารักจังคะ |ฟรีนเบค,FB-Moon
r1315,Z7ss0j,จีบได้ป่ะ | เบคฟรีน,little_bunny
r1316,Z7styd,ไอติมของพี่ 🫠🫠,ตัวเล็กวุ้ย
r1317,Z7svom,แฟนครับ,ตินาฏ
r1319,Z7sywj,just miy &mdash; freenbecky (os),ยี่สิบสี่
r1320,Z7t1bp,บอดี้การ์ดน่าใสหัวใจceo (ฟรีนเบค),PAPA❤️FB
r1321,Z7t4mq,Lotto (FreenBec),MhewLee
r1322,Z7t6w2,ใต้แสงจันทร์|เบคฟรีน,seasons`tulip
r1330,Z7tv7u,แฟนน่ารักจังหว่าา|ฟรีนเบค,เกรซไง
r1332,Z7tyyi,I hate you and I love you //ฟรีนเบค,คุมโทน
r1335,Z7u5j5,คนเจ้าชู้กับสาวน้อยน่ารัก,มุท
r1337,Z7u91d,Because Of You ( เ พ ร า ะ เ ธ อ ),little rabbit
r1341,Z7ug9u,พี่น้องหรอวะ,ท้องฟ้าของวันพรุ่งนี้
r1344,Z7uvb0,love defendant|เบคฟรีน,somsri girengsang_
r1345,Z7uvu4,คุณหนูตัวแสบ |ฟรีนเบค,มือด้านด้าน
r1352,Z7v7q2,ฟาเฟย์| ฟรีนเบค,napgao
r1354,Z7vhwi,อยากเป็นมากกว่าพี่น้อง |ฟรีนเบค,Mirika
r1356,Z7vpse,เธอคือ&hellip;ดวงใจ🌷🫶🏻 | ฟรีนเบค,M.moonlight
r1359,Z7vwrh,พี่คะหยุดน่ารักได้มั้ย | ฟรีนเบค,i love freen
r1361,Z7w15v,หลงเสน่ห์ยัยนางแบบตัวร้าย,เจ้าหม่น
r1365,Z7w5am,ปลายฝนต้นหนาว (เบคฟรีน),PAPA❤️FB
r1367,Z7w7ux,"You are mine, Only mine FreenBecky",PKKMusic (kii)
r1372,Z7wjcc,พี่น้องกันแต่งงานกันได้หรอ? ฟรีนเบค,มือนึ้แต่งไม่ได้เรื่องเลย
r1380,Z7x412,ผู้สาวบ้านนอก | ฟรีนเบค,freewifi
r1383,Z7x7pr,ปล่อย|ฟรีนเบค,jeeeeno
r1387,Z7xdex,บทสุดท้ายของฉันและคุณ,บา ลา ลิว ฯ.
r1388,Z7xirw,Friend Zone |ฟรีนเบค,jeeeeno
r1389,Z7xjib,ได้แค่แอบมอง/ฟรีนเบค,P.
r1393,Z7xng5,กล้ารักกล้าเจ็บ,ดาวตก
r1399,Z7ya7p,แจ้ง!,ฟรีนเบคทั้งใจ
r1401,Z7yfgj,ของรักของหวง ฟรีนเบค,ฟรีนเบค.
r1402,Z7yhrv,เจ่เจ้นาราอย่าดุมิลิน :ฟรีนเบค,คุณบีเบล:)
r1405,Z7yx2i,ผู้จัดการจอมจุ้นวุ่นนักรักซะเลย,PAPA❤️FB
r1408,Z80a3r,มาเฟียเย็นชา(ฟรีนเบค),FB Love
r1409,Z80cpg,คนดีของหนู /ฟรีนเบค,ดอกไม้ในความมืด
r1412,Z80gxo,Rival,marsinn
r1417,Z80rcw,บอดี้การ์ดสุดที่รัก(ฟรีนเบค),FB Love
r1424,Z819fc,The one &amp; only one  (FreenBec),MhewLee
r1429,Z81qlr,เพรชเม็ดโต|ฟรีนเบค,มือใสใส
r1430,Z81r1c,เหนือคะ,ทิวลิปสีชมพู
r1433,Z821nl,โปรดมัดหมี่|freenbecky,น้ำเต้าหู้ปาท่องโก๋
r1435,Z8288l,เพราะเราคู่กัน|| ฟรีนเบค,เพนกวินกินไร
r1437,Z8295h,Please Bunny ! -freenbeck,everydaysleep
r1444,Z82v76,ปล่อย |ฟรีนเบค,มุเเดง🌷
r1445,Z83lq6,เนิร์ดคนนี้ก็ผัวเธอ(เบคฟรีน),FB Love
r1447,Z84as1,คนละชั้น | เบคฟรีน,my_girlfreen
r1448,Z84ck7,เราอาจเคยรักกัน&hellip;&hellip;,suptim
r1449,Z84d35,ครอบครัวหรรษา/ฟรีนเบค,ดอกไม้
r1453,Z852x9,เพื่อนรัก /ฟรีนเบค,ดอกไม้ในความมืด
r1454,Z856cl,บีสเนสเลิฟ |ฟรีนเบค,พิจิกเมอร์ซี่
r1456,Z8573n,ผู้บ่าวบ้านนอก | Freenbecky |,Miss.Phare
r1460,Z85t2r,เพื่อนสนิทคิดไม่ซื่อ | เบคฟรีน,Turquoise.
r1461,Z85xww,ยัยพี่เลี้ยง!,ฟรีนเบคทั้งใจ
r1462,Z8662y,Marie Antoinette ฟรีนเบค,คิมเพทาย
r1466,Z86nrg,ชอบเธอ,ชินจังไม่ใช่การ์ตูน
r1467,Z86rko,my mannequin | เบคฟรีน,my_girlfreen
r1473,Z878i4,Fifty Shades of ZENTARA //ฟรีนเบค,คุมโทน
r1475,Z87e1j,สาวข้างห้องสุดเซ็กซี่&deg;BECFREEN&deg;,น้อนเเมวอ้วนss2
r1482,Z87osa,กลับมาอีกครั้ง  | ฟรีน เบค,เจ้าไก่น้อย
r1483,Z87s9d,เธอเป็นของฉันแล้ว |ฟรีนเบค,มือนึ้แต่งไม่ได้เรื่องเลย
r1485,Z87vaj,จันทร์ |เบคฟรีน,somsri girengsang_
r1489,Z880sl,คนนี้หรอที่พ่อฝาก😳,ฟรีนเบค
r1498,Z88q7w,พี่ข้างบ้าน#FreenBecky,พระจันทร์สีขาว🤍
r1499,Z88qh3,เด็กคนโปรดของเสี่ย,FB Love
r1502,Z895os,เด็กเก็บ | เบคฟรีน,little_bunny
r1506,Z899wl,รูมเมท ที่รัก💗,ฟรีนเบค
r1507,Z89f9m,farang | freenbec,ppat&sup2;
r1508,Z89ics,Because you are my girlfriend /freenbecky,SUTHIDA
r1511,Z89w86,เด็กเนิร์ดกูก็เอามึงมาเป็นเมียได้เบคฟรีน,รักทุกคนที่มาอ่าน
r1512,Z89ycp,ไอเด็กแสบ | เบคฟรีน,little_bunny
r1514,Z8a2ng,ชอบเร่งเครื่องอ่อ|ฟรีนเบค,Dark White
r1516,Z8a7eh,พรหมลิขิต | เบคฟรีน,little_bunny
r1518,Z8aege,แมวเด็กของฉัน : เบคฟรีน,DARKNES$
r1519,Z8ajo7,ขอแอบรักเพื่อน อย่างเธอได้ไหม,Namwan
r1521,Z8ap5b,คู่กัด,ทิวลิปของเจ้ากระต่าย
r1522,Z8b6gc,Sunflower | freenbecky,น่อวปอฉองทับหก
r1523,Z8b6v0,พี่น้อง ( ปลอม ) | เบคฟรีน,คนแปลกหน้าno.1
r1529,Z8bhwn,หมอผีจอมปลอม,รักหมอผีจอมปลอม
r1530,Z8bipp,ยัยแฟนเก่าที่ฉันเกลียด(รัก),บ้า บอ
r1532,Z8bmd2,ไอ้หมา,มุเเดง🌷
r1535,Z8by1n,เด็กเสี่ย | เบคฟรีน,little_bunny
r1538,Z8ce20,เด็กดื้อไม่ผิด(ฟรีนเบค),FB Love
r1539,Z8chbh,อาจารย์ที่รัก,faii
r1542,Z8cmjg,สารวัตรนักเรียนคะ | freenbecky &amp; แก็งแฟนผม,เจ๋ยไม่เจย
r1553,Z8debr,ไอ้ตัวแสบ|เบคฟรีน,เจ้าไก่น้อย
r1561,Z8dyle,เพื่อน | เบคฟรีน,Cake BF 🌷
r1563,Z8e2cf,ไมเกรนขึ้น,ใบตอง
r1564,Z8e4wm,เพื่อนไม่จริง |เบคฟรีน,somsri girengsang_
r1574,Z8ewbm,นี้หรอพี่รหัส(ฟรีนเบค),blue sea
r1589,Z8fl3t,มั่นคง....,ฟรีนเบคทั้งใจ
r1591,Z8fq6t,เรารักเจ้านายนะ|เบคฟรีน,พีชชี่ เด็กเก
r1593,Z8ft1k,ครูวิทยาศาสตร์ที่รัก|เบคฟรีน,เกี๊ยวซ่า
r1595,Z8fuye,อดีตรักคืนใจ|ฟรีนเบค,ไรท์เรื่อยๆ
r1597,Z8g06h,ปิ่นภักดิ์,หมูตุ๋นกับไส้กรอกย่าง
r1602,Z8g9x8,My friend.,ทิวลิปของเจ้ากระต่าย
r1606,Z8gftc,"คุณประธานนักเรียน , ฟรีนเบค",𝓈
r1611,Z8gkaw,ตกหลุมรักคุณครูสุดสวย,เจ้าชายแห่งดาวเหนือ
r1626,Z8hycv,"The love of two girls""",มัมหมีเจ้าเบค
r1628,Z8i37d,นี่มันความสัมพันธ์อะไรกัน,เบคเบคสามขวบบ
r1629,Z8i3fj,นิโคติน | เบคริน,somsri girengsang_
r1635,Z8ikmu,ชอบมั้ยหละคะ คนรวยแบบเปอร์ - ฟรีนเบค,View.
r1636,Z8im17,ค่อยดูพี่ต้องมาเป็นแฟนเรา😾,อาทิตย์
r1652,Z8je4p,ยัยบาบาร่า#ฟรีนเบค,บา ลา ลิว ฯ.
r1655,Z8jgba,พบ รัก|ฟรีนเบค,มาน๋อยมาบูไฮ
r1659,Z8jnbx,[SF] Poison Love (FreenBec),MhewLee
r1661,Z8jw9p,ขวัญใจปกครองแอบรักรุ่นพี่ประธานนักเรียน|ฟรีนเบค,Natthanicha_FIRST
r1664,Z8k7t2,ธันวาหน้าหนาว|ฟรีนเบค,sunshine`sea
r1666,Z8k9jc,พี่หายไปไหนมา | เบคฟรีน,panpan ka
r1667,Z8kapw,คุณภัทร | Beckyfreen,น่อวปอฉองทับหก
r1669,Z8kd2o,we are different |ฟรีนเบค,บา ลา ลิว ฯ.
r1670,Z8kdgt,สิทธิ์ลับ|ฟรีนเบค,U night
r1671,Z8kfal,กระต่ายเอาแต่ใจ|เบคฟรีน,ฟรีนเบคทั้งใจ
r1673,Z8kjuf,สยบนางพญา | เบคฟรีน,somsri girengsang_
r1674,Z8klk6,ไอซ์ฝันหวาน,Khunjoy
r1679,Z8ksxi,"คนลักพาตัวที่รักเธอมากที่สุด , ฟรีนเบค ( ปิดเนื้อเรื่อง )",𝓈
r1681,Z8kur9,august - freenbecky,ivy
r1682,Z8kvyo,My eyes are you |เบคฟรีน,bbf
r1685,Z8l0xa,我愛你|เบคฟรีน,Pow_wow
r1688,Z8l9n5,เธอกับฉันเราได้คู่กัน(เบคฟรีน)(ss2),blue sea
r1691,Z8lcg7,เนิร์ด​ครองใจ​ลูกพี่​(เบคฟรีน)​,FB Love
r1692,Z8lcrn,after |ฟรีนเบค,freewifi
r1693,Z8le8x,คุณมาเฟียที่รัก//ฟรีนเบค,นกแก้วหัวทอง
r1696,Z8ll3n,เพียงสบตา,ทิวลิปสีท้องฟ้า
r1697,Z8lmgt,วาสนาของฉันคือเธอ(เบคฟรีน),หยอมแหยม
r1700,Z8lpy2,ค่ำคืนแห่งความสุข|ฟรีนเบค,ซันไชน์.
r1701,Z8lqge,เย็นชา|ฟรีนเบค,Dark White
r1703,Z8lt8w,ให้อภัยกันได้ไหม&hellip;,อยากเที่ยวนอกโลก
r1706,Z8m0d7,เด็กดริ้ง🍷🥂   ฟรีนเบค,กูลสุดๆ
r1707,Z8m266,ไอดอลคนโปรด (เบคฟรีน),𝗱𝗮𝗿𝗹𝗶𝗻𝗴.
r1708,Z8m2o7,ถ้าฉันเป็นเขา:(,อาทิตย์
r1709,Z8m3gb,ได้แค่(รัก),ตะวันฉาย ฯ.
r1710,Z8m3nr,Runaway from here #วิ่งหนีไปหาความตาย :ฟรีนเบค,คุณบีเบล:)
r1711,Z8m51m,ขอวอน | FB,nezq_299s
r1716,Z8me07,รักใสๆของยัยเด็กดื้อ | ฟรีนเบค,เยลโล่🫀.
r1717,Z8mfa6,คนนี้พี่จอง | ฟรีนเบค,วันว่างว่าง
r1718,Z8mg2p,ไอดอล,หลามน้อย&bull;-&bull;🦈
r1719,Z8mhrw,#เป๋าเป้ยเหมย&lt;&lt;ฟรีนเบค&gt;&gt;,อยากกินเตี๋ยวเรือ
r1723,Z8muxe,รีเทิร์น|ฟรีนเบค,มาน๋อยมาบูไฮ
r1728,Z8n92d,บอสขา | เบคฟรีน,panpan ka
r1732,Z8nfm3,เพื่อนเล่นเล่นเพื่อน  ฟรีนเบค,หิวข้าวต้ม.
r1733,Z8ng6h,แอบรักรุ่นพี่|Freenbeck,อะไรดีไรท์ก็ว่าดี
r1736,Z8njl4,หลงรักท่านประธานใหญ่|ฟรีนเบค,เยลโล่🫀.
r1738,Z8nktg,รุ่นน้องที่สดใส#ฟรีนเบค😘,ฟ๊อปท๊อปปิก้า😓🤟🏻
r1740,Z8non8,แด๊ดดี๊มาเฟีย | ฟรีนเบค,หิวข้าวต้ม.
r1741,Z8not5,มีแฟนหรือมีลูกเนี่ย🥹,อาทิตย์
r1750,Z8o5sn,มาเฟียกับสาวสุดใสใจดี|ฟรีนเบค,เยลโล่🫀.
r1751,Z8o5yc,หลงไอฝน,เกื้อยูเร
r1753,Z8o961,บอสกับเด็กฝึกงาน ฟรีนเบค,Nabdaw
r1758,Z8oeo4,Dark mystery love ไขคดี ปริศนารัก,wama_i
r1759,Z8og4m,ถ้าคนมันใช่ยังไงก็ต้องได้คู่กัน|ฟรีนเบค,คนเย็นชาไร้หัวใจ
r1767,Z8ovcv,มากกว่าเพื่อน|FreenBecky,TiānJ&igrave;
r1769,Z8oym5,ลันตา,มิน'ตา
r1775,Z8p64r,เนิร์ดแล้วทำไมคะ|เบคฟรีน,น้อนแมวส้ม😼😾
r1777,Z8p7dv,wave | เบคฟรีน,somsri girengsang_
r1780,Z8pbwr,Twin 4 //เบคฟรีน,paxzz._.xw
r1782,Z8pcjo,รักครั้งสุดท้าย | เบคฟรีน,ห่อหมกปลา
r1787,Z8petb,เพื่อนกันมันดี🌚,Freenbeck
r1792,Z8pkgy,หลงรักสาวมหาลัย - freenbec,เซาเซาขายเปา
r1793,Z8pl9x,ข้าจักรักเจ้าตลอดชั่วนิรันดร์ | เบคฟรีน,puppy___little one
r1794,Z8pmr0,หัวใจของดาวเหนือ,เจ้าชายแห่งดาวเหนือ
r1796,Z8pu9b,A goob older sister พี่สาวที่แสนดี |ฟรีนเบค,เจ้าแมวส้มสื่อรัก
r1805,Z8quq4,นาวาอากาศเอก ผู้รักแผ่นดิน,"""แค่เพื่อนร่วมชั้น""💔"
r1808,Z8qvnf,กลิ่นเทียน : ฟรีนเบค,sunshine`sea
r1810,Z8qwc9,mummy forbid love - รักนี้เเม่ห้ามรัก,ทิวเมเจอร์ - T.M.J
r1811,Z8qwdd,แค่เพื่อน,อาทิตย์
r1814,Z8qyli,เธอคือรักของฉัน|ฟรีนเบค,มือนึ้แต่งไม่ได้เรื่องเลย
r1815,Z8rc3k,ทาสแมว | เบคฟรีน,น้องหมูแดง
r1818,Z8redn,หญิง​สาวพวงมาลัย​(เบคฟรีน)​,FB Love
r1819,Z8rg1s,favorite &rsquo; person | เบคฟรีน,somsri girengsang_
r1821,Z8rgxo,ลมไพรผูกรัก |ฟรีนเบค|,Glitter trp2
r1823,Z8rjig,ฟรีนเบค:แฟนเท่านั้น,Ploy
r1825,Z8rmno,เรียนให้เก่งสิคะ(ที่รัก)​[เบคฟรีน]​,FB Love
r1827,Z8rp6g,เลือก|ฟรีนเบค,เเฟนใครเอ่ย?
r1828,Z8rqag,คุณหนูสุดบื้อและบริการ์ดสุดเพอร์เฟคพร้อมเรื่องวุ่น🌟,เจ้าฟิล์มฟูเฟีย
r1834,Z8s9kb,เนิร์ด | ฟรีนเบค,หิวข้าวต้ม.
r1837,Z8sfp3,ง้อยัยคนสวย | เบคฟรีน,ฟ้าคราม🌧️
r1838,Z8sg8c,อย่าล้ำเส้น.,ทิวลิปของเจ้ากระต่าย
r1839,Z8shkt,เจแปนมีนา|freenbecky,น้ำเต้าหู้ปาท่องโก๋
r1840,Z8sih4,ไหนว่าไม่ `` ชอบ &amp;lsquo;&amp;rsquo;#ฟรีนเบค,baby♾️🌷
r1841,Z8siu5,ผู้หญิง​ในฝันคือใครกัน(เบคฟรีน)​,FB Love
r1844,Z8sr2n,ฝุ่นละออง [ฟรีนเบค],Snowy_ice {Fulk}{TS}
r1847,Z8svnl,ลาก่อน|ฟรีนเบค,เจ้าไอซ์.
r1853,Z8t35o,ไอเราก็รักพี่ซะด้วยสิที่นี้ก็ว้าวุ่ยเลย | เบคฟรีน,พีชชี่ เด็กเก
r1856,Z8t5g1,hot nerd | เบคฟรีน,my_girlfreen
r1858,Z8t885,"เด็กเกเรกับประธานคนใหม่""ฟรีนเบค""",ประธานนักเรียน
r1859,Z8t8gs,สยบเสือ| freenbecky,การันต์
r1868,Z8tqqv,เนิร์ดของแฟนต้า | ฟรีนเบค,PNP. ✨
r1870,Z8txv2,จีบพี่นักบอล [ ฟรีนเบค ],MWMew
r1878,Z8ufi5,กรรณิพัก:ฟรีนเบค,เจ้าลูกหมู
r1883,Z8un5r,ของทะเล | ฟรีนเบค,knjr
r1887,Z8urjg,You and Me #ฟรีนเบค,𝗱𝗮𝗿𝗹𝗶𝗻𝗴.
r1893,Z8v025,คิดไม่ซื่อ | ฟรีนเบค,ป๋องแป๋ง
r1894,Z8v05v,กูชิดซ้ายจ่ะ | เบคฟรีน,my_girlfreen
r1897,Z8v2rx,ปากแข็ง|Freenbeck,อะไรดีไรท์ก็ว่าดี
r1906,Z8vfxu,ประธานนักเรียนคนโปรด #ฟรีนเบค,เรื่องๆวุ่นๆวัยรุ่นหัดแต่ง
r1910,Z8vp89,sun&amp;night (ฟรีนเบค),moongod_yt
r1913,Z8w0ob,ขอไม่เป็นแค่พี่น้อง|ฟรีนเบค,Micon💀🖤
r1915,Z8w1qq,คุณเลขากอดเราหน่อย|เบคฟรีน,Pow_wow
r1919,Z8wdhw,รักวุ่นๆ,สกายที่แปลว่าท้องฟ้า
r1920,Z8wfqn,โลกกลม| freenbecky,การันต์
r1925,Z8wm3w,คนใช้หรือเมีย | เบคฟรีน,my_girlfreen
r1926,Z8wmam,คุณณัฐ | เบคฟรีน,my_girlfreen
r1929,Z8wpli,โปรดเถิดรัก,เจ้าชายเเห่งดาวเหนือ
r1930,Z8wr2m,ลูกหนี้ | ฟรีนเบค,becc
r1932,Z8ws6b,พี่น้องฝาแฝด | ฟรีนเบค,หิวข้าวต้ม.
r1933,Z8wslm,จดจำ|เบคฟรีน|ss.1,มาน๋อยมาบูไฮ
r1936,Z8wwev,มาเฟียที่รัก,พี่น้องฟิวแฟน
r1940,Z8x6dr,คุณผู้กองที่รัก|เบคฟรีน,bb love
r1941,Z8x6ij,คดีรัก,Freenbeck
r1942,Z8x6q5,หนูไม่ได้ขี้แยนะ | เบคฟรีน,ลิลลี่แรกแย้ม
r1944,Z8x909,สุดที่รัก|ฟรีนเบค,ไรท์เรื่อยๆ
r1945,Z8xamp,Dear twins | เบคฟรีน,little_bunny
r1946,Z8xav0,คุณผีที่รัก | เบคฟรีน,little_bunny
r1950,Z8xf39,ชีวิตคนเรามันสั้น,คุณหัวใจสีขาว
r1951,Z8xhgy,เด็กเนิร์ด(beckyfreen),ส้มโอค่ะะะ
r1953,Z8xkf5,โจรที่รัก:เบคฟรีน,สโรชาxรีเบคก้า
r1955,Z8xmbg,แฟนพี่ |ฟรีนเบค,starlight
r1958,Z8xurw,ตกหลุมรักยัยลูกหนี้สุดสวย | ฟรีนเบค,อยากกิงหนม
r1962,Z8y2kj,สายเกินไป,ฟรีนเบคทั้งใจ
r1971,Z8ypld,หวงวินเซนต์ | Vincent's kiss,blueblaze
r1972,Z8yrm5,แอบเเซ่บ|เบคฟรีน,bb love
r1978,Z8yw3n,รั้วมหาลัย|ฟรีนเบค,พิจิกเมอร์ซี่
r1981,Z900qd,เธอคือเด็กของฉัน | FreenBecky,คุณบิ๊กแบร์
r1984,Z909tk,แอบชอบเพื่อนผิดไหม?,..
r1985,Z90acu,แค่พี่น้อง,bbf
r1988,Z90d2y,เสือกับสิงห์มันอยู่ถ้ำเดียวกันไม่ได้💫,รักอันดีเยื่ยม
r1989,Z90e6w,my first love,babe☆
r1991,Z90f1b,คลั่งรักยัยคุณหนูคู่แข่ง |ฟรีนเบค|,Glitter trp2
r1997,Z90vus,นิรนามรักไม่ได้,iopu
r2000,Z914gd,ศรีอโยธยา #ฟรีนเบค,jxnseulme
r2001,Z917wo,หยุดดิ๊|ฟรีนเบค(แพรวลีน),Dark White
r2002,Z918mb,ยัยกระต่ายที่รัก|ฟรีนเบค,เพื่อฝันเราทำได้
r2004,Z91c7c,หนึ่งอันธิกา|Adore you|ฟรีนเบคorเบคฟรีน,suptim
r2023,Z92rpi,คุณคือใครกันแน่? ฟรีนเบค,เรื่องๆวุ่นๆวัยรุ่นหัดแต่ง
r2024,Z92u5t,#มูเตลู | ฟรีนเบค,Apollo
r2035,Z944yy,Cold,k.chonticha
r2037,Z9495x,ขอบคุณที่เธออยู่เคียงข้างฉัน|freenbecky,nxmsr0cha
r2038,Z94kh7,อย่าดื้อ|ฟรีนเบค,มือนึ้แต่งไม่ได้เรื่องเลย
r2042,Z94xs5,เเค่เพื่อนเล่น||ฟรีนเบค,จะตั้งใจรัก
r2047,Z957ds,ฟ้ารักพ่อ|freenbecky,มาบ้างไม่มาบ้าง
r2048,Z95c38,คู่หมั้น | freenbecky,การันต์
r2049,Z95mef,เขาว่าบอสเราโหด..|ฟรีนเบค,มือนึ้แต่งไม่ได้เรื่องเลย
r2051,Z95wmf,รักข้ามบริษัท ฟรีน/เบค,โอ้ะกรู้ว~~
r2056,Z96dio,เดินชน | ฟรีนเบค,FB. :&gt;
r2057,Z96dvr,forget me,starlight
r2060,Z96jiq,สุดฮอต|เบคฟรีน,bb love
r2064,Z96qps,ความรักในมอ/freenbecky,อัน
r2068,Z9741y,ลางสังหรณ์|เบคฟรีน,_mooxx
r2070,Z975rx,You are mine [FreenBeck],Archiraya
r2075,Z97b0a,เกมแค้น.,ทิวลิปของเจ้ากระต่าย
r2077,Z97hvh,แอบซุกเด็ก(เบคฟรีน),freen becccca
r2084,Z986wi,ศิลปินคนโปรด &mdash; freenbecky,unaaaaaaah
r2088,Z98f53,น้องเนิร์ดอย่าซึน   เบคฟรีน,อยากกินผัดไทย!!
r2095,Z991q3,ชอบลูกครึ่งว่ะ &mdash; freenbecky,unaaaaaaah
r2096,Z9963g,เด็กฝึกงาน|ฟรีนเบค,ฟองเต้าหู้ววว
r2098,Z99ad9,ทำไมกัน//เบคฟรีน,paxzz._.xw
r2101,Z99hhh,ชอบแต่ไม่ยอมบอก |ฟรีนเบค,เรามีนามว่า.
r2104,Z99kcm,เพราะเธอ,ทิวลิปสีท้องฟ้า
r2107,Z99oq4,รักแรกพบ | FreenBecky,zoe.o
r2109,Z99uhd,ยัยเนิร์ด|เบคฟรีน,bb love
r2112,Z9a7w2,Sun of the Moon|FreenBeck,คนเย็นชาไร้หัวใจ
r2116,Z9al42,ความรัก&hellip;ความลับ | ฟรีนเบค | เบคฟรีน,-SPL-
r2117,Z9an8u,เอลิน | FreenBecky,zoe.o
r2118,Z9avot,ตัวคนเดียว | เบคฟรีน,little_bunny
r2119,Z9awwc,พี่สาวคนสวย | เบคฟรีน,Zeezinro JJF_
r2121,Z9b2c6,ไร่ราชันย์:ฟรีนเบค,สโรชาxรีเบคก้า
r2122,Z9b32u,แอบหลงรักยัยรุ่นน้อง[ภาค1]|ฟรีนเบค,Glitter trp2
r2124,Z9b5i9,หนูเคยรักพี่บ้างมั้ย,อาทิตย์
r2126,Z9b8q6,เสพติด│เซ็กส์│เธอ,little_bunny
r2128,Z9bbtq,พนักงานคาเฟ่,ผมไม่รู้
r2129,Z9bed8,หลงรักครูมันผิดตรงไหน,Ying
r2134,Z9bmn7,พี่สาวคนสวย | เบคฟรีน,bbf
r2137,Z9bsf7,My boxer #ฟรีนเบค,ไอ แอม ทุย
r2138,Z9bw83,ถ้าเปลี่ยนให้ฉันเป็นเขา:ฟรีนเบค,สโรชาxรีเบคก้า
r2139,Z9bwmn,My sunshine|เบคฟรีน,babe☆
r2140,Z9bxtu,พี่รักหนูนะเบล...,ฟรีน/เบค
r2147,Z9ced2,Flow | ฟรีนเบค,Apollo
r2150,Z9cj0u,มาเฟียเหนือ|ฟรีนเบค|,น้อนเบค🤍
r2151,Z9cjss,ศูนย์หัวใจ|จัสลีน,ผู้ถูกเลือกให้ผิดหวัง.🐶
r2152,Z9cl9x,พลิกรักมาเฟียหน้านิ่ง | To the moon and back|,suptim
r2153,Z9cpso,ทำไมคนเราต้องฝันถึงอะไรแปลกๆด้วย:ฟรีนเบค,สโรชาxรีเบคก้า
r2154,Z9ct5a,บอสสาว//เบคฟรีน,paxzz._.xw
r2155,Z9ct78,เจ้าของ | เบคฟรีน,ห่อหมกปลา
r2156,Z9cufi,ผูกรัก (Bond of Love),marsinn
r2157,Z9d31u,นักเลงวิศวะ | ฟรีนเบค,Zeezinro JJF_
r2160,Z9d7gi,ประธานสุดฮอต|เบคฟรีน,น้อนแมวส้ม😼😾
r2165,Z9dd0s,พิพิธภัณฑ์ของเดือนอ้าย.,ดอกไม้สีน้ำเงิน
r2167,Z9dp69,แอบอิงยัยรุ่นพี่ที่รัก(ภาค2) |ฟรีนเบค|,Glitter trp2
r2171,Z9ea8p,นิรันดร์ภัส | ฟรีนเบค,LLUMOSS
r2174,Z9ehqp,เนิร์ดแล้วทำไม | เบคฟรีน,เบคฟรีน
r2184,Z9fi4h,ข้ามเส้นเพื่อน : ฟรีนเบค,คุณใบไม้
r2186,Z9fsd4,ทฤษฏีใกล้กัน #ฟรีนเบค,ไอ แอม ทุย
r2192,Z9gau5,เจ็บตลอด,ฟรีนเบค
r2194,Z9gkh3,มุกรักพ่อค่ะ(ฟรีนเบค),freen becccca
r2199,Z9gtg2,รอได้ถ้าเป็นเธอ | FreenBecky,zoe.o
r2203,Z9h0h0,"""Just a bodyguard under 18🚫"":ฟรีนเบค",สโรชาxรีเบคก้า
r2214,Z9hj4k,she&rsquo;s not my ex- &mdash; freenbecky,ยี่สิบสี่
r2215,Z9hj5w,Quanda &mdash; freenbecky,ยี่สิบสี่
r2221,Z9hx7e,รักพี่ได้ไหม ถ้าหัวใจเราตรงกัน[ฟรีนเบค],พ่อเพนกวิ้น
r2229,Z9ihkv,ธารานิน #ฟรีนเบค,ไอ แอม ทุย
r2231,Z9ili2,คุณหัวหน้าคะ|เบคฟรีน,bb love
r2234,Z9iux9,พี่ประธานคะ | เบคฟรีน,my_girlfreen
r2235,Z9iv2y,เด็กเก็บ | เบคฟรีน,my_girlfreen
r2237,Z9iwgy,thank you | ฟรีนเบค,forbooooo_🤍
r2244,Z9jcc0,รักแรกรุ่น - FreenBecky -,Sirirat_.
r2247,Z9jibh,หมาติด | ฟรีนเบค,forbooooo_🤍
r2253,Z9jqmh,รักมั้ยนะ(คุณเปญ)| ฟรีนเบค,ท้องฟ้าสีขาว
r2256,Z9jv76,คิดออกเดี๋ยวบอกอีกที,อั้นแหมม่อ
r2259,Z9k75r,เนิร์ดก็(ผัวพี่),มีไรว่ามา
r2265,Z9kjyk,นักมวยที่รัก,มีไรว่ามา
r2268,Z9kmpf,พี่เลี้ยงจริงหรอ?|เบคฟรีน,เกี๊ยวซ่า
r2271,Z9ksw6,แม่ของเพื่อนที่รัก....,มีไรว่ามา
r2279,Z9l0mc,เจ้านายกับลูกน้องไง,bb love
r2284,Z9l6v6,l'm Sorry|Freenbecky,เจ้าฟิล์มฟูเฟีย
r2285,Z9l7bg,Dating app #ฟรีนเบค,ไอ แอม ทุย
r2291,Z9lf7j,ทาส|ฟรีนเบค,มือด้านด้าน
r2296,Z9lu2m,บาร์ลีฟ|ฟรีนเบค,พิจิกเมอร์ซี่
r2298,Z9lvkh,พี่นักบอล | เบคฟรีน,my_girlfreen
r2300,Z9m2tn,คลั่งรักแฟนเด็ก | เบคฟรีน,my_girlfreen
r2302,Z9m4eg,รักเด็กช่าง|เบคฟรีน,_mooxx
r2303,Z9m818,หลงรักลูกสาวเพื่อนพ่อ(ภาค3)|ฟรีนเบค|,Glitter trp2
r2304,Z9mao3,"ผู้กอง""ที่ปิดบัง"":เบคฟรีน",สโรชาxรีเบคก้า
r2305,Z9mb5g,X4,fern
r2308,Z9mcxb,เด้กวนศาสตร์ ที่รักของประธาน |ฟรีนเบค,แม่อีพร้อมงับ!!
r2310,Z9mkpe,ก็ได้แค่เพื่อน |ฟรีนเบค|,bbmt123
r2312,Z9mnkb,รัก | FreenBecky,bbmt123
r2320,Z9muox,กี้จะซิ่ง|ฟรีนเบค,เหล้าบ๊วยอร่อยจัง
r2331,Z9ndiu,เพื่อน(แฟน)คนแรก &mdash; beckyfreen,unaaaaaaah
r2334,Z9nq18,เผลอรัก,ประธานสุดวุ่นกับลูกน้องสุดดื้อ
r2336,Z9o7s1,พี่ว้ากคะรักเบลได้มั้ย |ฟรีนเบค,ตัวเล็กเองค้าบ
r2343,Z9okrv,Music The Series เสียงเพลงทั้ง9,คุณชายไข่มุก
r2345,Z9olod,เมียเก็บของกวินธีร์:ฟรีนเบค,ป๊อบอายส์
r2348,Z9os0w,เกินหน้าที่ |แฮนอาย|,คิดไม่ซื่อ
r2350,Z9otig,บอร์ดดี้การ์ดสุดที่รัก,A.
r2354,Z9p2yy,หญิงร้ายชายเลว,ป๊อบอายส์
r2355,Z9p41m,ที่รักของพี่ | ฟรีนเบค✿,เฟ.ฟา✿
r2357,Z9padr,Phirophobia l Freenbecky,Whitechock.
r2359,Z9pcep,ณัฐกานต์ #เบคฟรีน,เด็กหญิงในกอหญ้า
r2360,Z9pfgn,emptiness | freenbecky,13ongsa&deg;
r2363,Z9pjhs,คนดูแลดูใจ(เบคฟรีน),freen becccca
r2364,Z9pkln,อยากมีรักอีกสักครั้ง,หมากาลามัง
r2367,Z9pm2n,อยากได้เป็นแฟน,bbmt123
r2371,Z9py0q,ETERNAL LOVE |ฟรีนเบค,เจ้าฟิล์มฟูเฟีย
r2372,Z9q02w,รักแรกพบ|ฟรีนเบค,.
r2387,Z9r4kx,ฟิคสั้น,เจ้าตะกอนน้อย
r2389,Z9r60b,สามีจำเป็น | เบคฟรีน,น้องหมูแดง
r2390,Z9r67k,ทั้งแสบทั้งร้าย ดันกลายเป็นรัก[ฟรีนเบค],พ่อเพนกวิ้น
r2393,Z9rg5w,เคสที่  13 | เบคฟรีน,Cirrus.
r2394,Z9rgpi,รีเทิร์น/-ฟรีนเบค,อยากกินเตี๋ยวเรือ
r2396,Z9rj7d,หมาน้อย | เบคฟรีน,Zeezinro JJF_
r2399,Z9rnca,แต่ปางก่อน,thaniiichx
r2400,Z9rnhl,ดวงใจปฐวี |ฟรีนเบค|,คุณชายไข่มุก
r2402,Z9rswh,หมายดาว (Desire Star),marsinn
r2411,Z9s7ss,ซีกโลก |FREENBECK,jellyfish&rsquo; onthemoon
r2425,Z9suqr,เด็กคนโปรด|เบคฟรีน,bb love
r2427,Z9swq6,คู่หมั้น|ฟรีนเบค,nnp_.cn
r2431,Z9ta20,The sunset |FREENBEC,ไฟแดง
r2435,Z9twmv,ความลับ(รัก)CEOคู่แข่ง,Jarvis_P87
r2438,Z9u4ui,เธอๆ&amp;lt;ฟรีนเบค&amp;gt;,คะน้าหมูกรอบหอมๆ
r2440,Z9u9md,เป็นกำลังใจให้นะคนเก่ง|FREENBEC,blue sea
r2441,Z9udim,อักษร,ดาวเสาร์
r2445,Z9un36,ลูกเมียน้อย|Freenbecky,sunflower
r2446,Z9uo61,เธอคนที่อยู่ในฝัน|FREENBECKY,มิน'ตา
r2457,Z9v62p,พี่กมลไม่ชอบเด็ก|เบคฟรีน,Pow_wow
r2461,Z9vg0m,พ่อครู |ฟรีนเบค,Natthanicha_FIRST
r2466,Z9vrjn,หนุ่มบาร์โฮสต์,A.
r2468,Z9vwaf,(อยู่ในช่วงรีไรท์)แอบชอบเพื่อนมันผิดมั้ย|ฟรีนเบค,bbmt123
r2469,Z9vwgk,ลูกคุณหนู | ฟรีนเบค,cr3axlpn._
r2477,Z9w7r4,แฟนคลับ แฟนครับ (Faye-Apple),กระต่ายหลับ
r2483,Z9wgy3,อย่าชะล่าใจใคร,ป๊อบอายส์
r2487,Z9wmjw,A wife (not) love,bbf
r2491,Z9wv9e,ยัยเจ้านายเด็ก/-ฟรีนเบค,อยากกินเตี๋ยวเรือ
r2495,Z9x1k6,ฉันจะกอดเธอไว้ | ฟรีนเบค,Zeezinro JJF_
r2498,Z9x89p,พี่เลี้ยง | เบคฟรีน,little_squid
r2499,Z9x8o8,พี่นักร้อง | เบคฟรีน,little_squid
r2501,Z9xfd3,ร่มส่วนตัว,kawinn
r2516,Z9y32q,ธารนที | เบคฟรีน,MATCHA_MOON
r2518,Z9y9bb,พี่สาวคนละแม่|ฟรีนเบค,ไรท์
r2519,Z9ya7k,คุณแฟนน่ารัก[เบคฟรีน],ดิ๋ดดิ๊ด
r2520,Z9yf91,คิดเกินกว่าจะห้ามใจ!!|แฮนอาย|,คิดไม่ซื่อ
r2526,Z9yukj,Stupid #ฟรีนเบค,ไอ แอม ทุย
r2528,Z9yv19,นาย||เบคฟรีน,คนขี้ดอง
r2531,Za04kk,เธอคนนั้น|ฟรีนเบค,tong_1208
r2541,Za0mhc,Lavender ; เบคฟรีน,somsri girengsang_
r2552,Za18lw,ยัยเเง๊ววว#ฟรีนเบค,บูดดดดดดดดด
r2555,Za1f6j,คลั่งรักภรรยาลับของมาเฟียสาว,𝓙𝓾𝓽𝓪𝓶𝓪𝓼
r2563,Za1t64,ภารกิจพิชิตหัวใจ : เบคฟรีน,สุดหล่อมาละ
r2576,Za2dee,#อาซุง | ฟรีนเบค,Apollo
r2580,Za2fi8,แม่เลี้ยง!||ฟรีนเบค,.
r2587,Za2k6l,พรมลิขิตมาเฟีย |ฟรีนเบค,เจ้าเดลล!!
r2589,Za2ruj,รักนี้มีแค่เรา|ฟรีนเบค,เบคจี้ลูกแม๊!!
r2600,Za3ary,คุณบอดี้การ์ด | ฟรีนเบค,Zeezinro JJF_
r2602,Za3btb,ความรู้สึก | ฟรีนเบค,เจ้าฟิล์มฟูเฟีย
r2605,Za3h1g,mylin | freenbecky,ฟรีนเบคอิสเรียล
r2609,Za3l8u,เพื่อนกันก็ดีอยู่แล้ว |เบคฟรีน,@/phukom_
r2610,Za3mij,พี่นางแบบ | เบคฟรีน,little_squid
r2613,Za3qks,ก็เพื่อนไง | เบคฟรีน,little_squid
r2619,Za402v,คู่ขนาน | ฟรีนเบค,@/phukom_
r2632,Za4fmn,นี้เธอมีกี่ร่าง | FREENBEC,ไฟแดง
r2633,Za4gwv,มาดามเเอล|เบคฟรีน,bb love
r2639,Za4q00,จ๋ายรักเหมย |ฟรีนเบค,@/phukom_
r2655,Za5h3v,รุ่นพี่สายโหด,ฟรีนเบค
r2656,Za5hn0,ดอกไม้ที่รัก | Freenbecky,ทานตะวันน่ารัก
r2657,Za5kga,พี่เพิร์ท &mdash; freenbecky,ยี่สิบสี่
r2658,Za5lsx,เกลียดเธอมากนักเเต่เผลอไปรักหมดใจ,หมากาลามัง
r2659,Za5m28,เฟื่อนที่ไม่ใช่เพื่อน (ฟรีนเบค),HD
r2665,Za5s1o,ยัยเด็ก |เบคฟรีน,ตัวเล็กเองค้าบ
r2670,Za5yva,ถ้าฉันรู้ ฉันจะไม่เป็นตัวเลือกใคร,ป๊อบอายส์
r2672,Za622p,หนี้รายวัน | เบคฟรีน,little_squid
r2673,Za64d2,ยั่วสวาทเธอ,A.
r2682,Za6eek,คาถาเสน่ห์ | ฟรีนเบค,blue sea
r2686,Za6gsh,อาเหนือข๋า~ | เบคฟรีน,freen becccca
r2697,Za6q6v,just realized.,ดอกไม้สีน้ำเงิน
r2698,Za6shd,ดาวสุข (Venus),marsinn
r2699,Za6shi,รักแรกพบ | ฟรีนเบค,cr3axlpn._
r2701,Za6tof,รอเธอลืมเขา | Freenbecky,ทานตะวันน่ารัก
r2715,Za78ps,ยัยตัวร้ายก่อกวนหัวใจ |ฟรีนเบค,ยัยควายกับนายหมา
r2716,Za79im,พี่มอหก | เบคฟรีน,ไฟแดง
r2726,Za7ivw,เพื่อนไม่เล่นเพื่อน|ฟรีนเบค,คนๆหนึ่ง
r2727,Za7jf8,คุณอาข๋าา | เบคฟรีน,Little_Piyo
r2728,Za7jhr,ใจหนูยกให้พี่คนเดียว|เบคฟรีน,พีชชี่ เด็กเก
r2730,Za7mb1,เย็นชา|ฟรีนเบค,Kan
r2737,Za7sem,เจ่เจ้นาราอย่าดุมิลิน Ss2. :ฟรีนเบค,คุณบีเบล:)
r2738,Za7u1m,ผู้จัดการที่รัก,bbf
r2767,Za8x3l,ยัยน้อง | เบคฟรีน,Little_Piyo
r2773,Za95l1,แฟนเก่าคนโปรด &mdash; beckyfreen,unaaaaaaah
r2778,Za9h3e,คนของคุณ(อลัน),บ้า บอ
r2782,Za9km2,ลูกคุณหนู|ฟรีนเบค,Kan
r2795,Zaa4na,หมอเคยรักเราบ้างไหม | เบคฟรีน,ไฟแดง
r2797,Zaa7xy,คำสัญญารักในอดีต|PRAEWLENE,คุณวาซีมคุง
r2805,Zaae3s,แค่เพื่อน,น
r2809,Zaagoa,my Fiancee🤍 | ฟรีนเบค,bbmt123
r2810,Zaagqx,เเม่เพื่อน,bb love
r2823,Zaav6u,ลูกมาเฟีย|ฟรีนเบค,นอยอ่ะ
r2830,Zab21m,อยู่ด้วยกันก่อนได้มั้ย,ผมรักแมวคับ
r2833,Zab8mg,คุณเลขา//ฟรีนเบค,freenbecky
r2840,Zabg5l,MOONLIGHT//BeckFreen,คุมโทน
r2844,Zabkp9,การ์ดที่รัก|ฟรีนเบค,ฮัลโหลโบ๋
r2846,Zablqf,Plzxx &mdash; freenbecky,Kisscat
r2848,Zabn1j,คนที่ใช่ไม่ต้องพยายาม|beckfreen,มาน๋อยมาบูไฮ
r2853,Zabstv,Kiss Me |ฟรีนเบค|,_mooxx
r2856,Zabt9m,sex|ครูนักเรียน,เอาชานมใสปุกไม่หวานมาก
r2859,Zaby45,เทียนหอม |เบคฟรีน,@/phukom_
r2860,Zabyia,เกลียดเด็ก | เบคฟรีน,Zeezinro JJF_
r2862,Zabyvw,เพื่อนพี่กับน้องเพื่อน | freenbec,wawawhitex
r2866,Zac8hy,พี่จีนอย่าแกล้งได้มั้ย|ฟรีนเบค,𝑷𝒂𝒚𝒂💐
r2874,Zacgb1,( END ) Dear Cupid | ฟรีนเบค,Bloved.
r2895,Zad8mk,แม่เลี้ยง | เบคฟรีน,หมาเด่ก
r2896,Zadbfg,สีคราม สีหมอก | ฟรีนเบค,วงเวียน
r2900,Zadebj,ก็คนมันหล่อ|เบคฟรีน,ภัส
r2908,Zadpfl,คู่หมั้น||เบคฟรีน,ann_`
r2913,Zadtcp,เด็กมาดาม | เบคฟรีน,หมาเด่ก
r2915,Zadu19,ยัยเด็กน้อยของท่านประธาน|ฟรีนxเบค|,tanakron
r2922,Zae0le,เรื่องวุ่นๆของเด็กคณิตหัวร้อน🔥,Donut Narasaen
r2926,Zae2rb,ทฤษฎีสีชมพู {สาม&times;ม่อน},กวางตุ้ง🤨❤️&zwj;🔥
r2927,Zae3h0,ยามเย็นหลังตึก |ฟรีนเบค,เหล้าบ๊วยอร่อยจัง
r2950,Zaeotl,ช่างสัก |ฟรีนเบค,ปากาน้ำเงิน
r2970,Zafbv0,The day I love you | ฟรีนเบค,Ghost winter
r2982,Zafqb8,แมงมุม | ฟรีนเบค,blueberry
r2986,Zaft85,แด่เธอผู้เป็นที่รัก | Freenbecky,ทานตะวันน่ารัก
r2990,Zafutj,เพื่อนรักข้ามเส้น,พ่อเสือ
r2995,Zafyiq,ขึ้นชื่อว่าเป็นเสี่ยที่เย็นชาสุดๆ,ชีวิตนี้ติดด้อม
r2996,Zafyw8,Always beautiful | ฟรีนเบค,Ghost winter
r3012,Zaghdl,คู่หมั้น//ฟรีนเบค//,ไปดูกันเอาเองนะ
r3025,Zagu77,บูลลี่เก่งนักนะ🫠|ฟรีนเบค,Fatihah
r3028,Zagvww,ตัวเลือกตัวรอง|ฟรีนเบค,ปากาน้ำเงิน
r3036,Zah296,สบตา| ฟรีนเบค,พิจิกเมอร์ซี่
r3050,Zah9tj,นักร้องคนโปรด|ฟรีนเบค,Kan
r3052,Zahbcg,เด็กสายกีฬาคนนี้ขี้หึง|เบคฟรีน|,Hunter😪
r3066,Zahock,คนแบบฉันอยากได้อะไรก็ต้องได้:ฟรีนเบค,สโรชาxรีเบคก้า
r3070,Zahrx7,รักต้องห้าม{Close}lฟรีนเบค|,suptim
r3082,Zai3ha,อาจารย์ข๋าา | เบคฟรีน,little_squid
r3091,Zai8pk,อาเหนือ | ฟรีนเบค,little_bb
r3093,Zaic8y,ได้โปรดเฟยอย่าร้าย,freen becccca
r3096,Zaidvy,บอดี้การ์ดคนโปรด #เบคฟรีน (Omegaverse),MthicFic
r3099,Zaige9,ขืนใจรัก,bbf
r3118,Zaj7bd,ขอโทษที่ทำเธอเสียใจ #เบคฟรีน,สะมะโด๋ยโคยโต
r3119,Zaj7y0,1-10|ฟรีนเบค,ห้องที่ไม่มีเรา
r3120,Zaj807,ไอ่หมาเด็กกับยัยคนสวย,อ้ายเจย์ชอบกินพะโล้
r3122,Zaj8ka,secretly love senior รุ่นพี่คนนี้แซนนี่ขอจอง! :ฟรีนเบค,คุณบีเบล:)
r3133,Zajiq5,ซีไนน์:เบคฟรีน or ฟรีนเบค,Jasmine
r3137,Zajler,พ่อครู | เบคฟรีน,wawawhitex
r3144,Zajs7s,กวี:เบคฟรีน,สโรชาxรีเบคก้า
r3146,Zajsta,คนนี้ เป็นของข้า | ฟรีนเบค ★,ตามฟิวฟ้า
r3147,Zajt0a,I adore you | ฟรีนเบค,Bloved.
r3150,Zajwkh,นักเรียนบ๋อง | ฟรีนเบค |,iikerrmm_
r3160,Zak73h,แอบแซ่บกับช่างแอร์,ตัวเล็กเองค้าบ
r3173,Zaki83,kate &lsquo; &mdash; freenbecky,ยี่สิบสี่
r3175,Zakmlk,ดวงใจเทวพรหม ใจพิสุทธิ์|ฟรีนเบค|,P&amp;A.
r3184,Zaksgf,หนังสือเล่มเดิม |เบคฟรีน,พีชชี่ เด็กเก
r3211,Zaljgb,สามนอย - freenbecky,fexzpicwe
r3224,Zalu1j,ติวเตอร์ | เบคฟรีน,Little_Piyo
r3227,Zalvnu,มาเฟีย | เบคฟรีน,Little_Piyo
r3232,Zam04y,มาเฟีย ชน มาเฟีย | เบคฟรีน,little_bunny
r3242,Zam6ll,ทักครับ,ศิลา
r3245,Zam8sw,ลูกคุณหนู | เบคฟรีน,little_bunny
r3247,Zama0n,ไอฝรั่งบ้า &mdash; beckyfreen,unaaaaaaah
r3248,Zambtx,บาร์เทนเดอร์แมวดำ -ฟรีนเบค-,ทิวลิปในแจกัน
r3249,Zamdn8,ปล่อย |ฟรีนเบค|,bbmt123
r3278,Zan8py,พี่เลี้ยงขี้หื่น|ฟรีนเบค,Kan
r3295,Zann62,รักแท้หรือแค่เหงา|ฟรีนเบค,กุหลาบเพลิงไฟ
r3303,Zansbs,เธอกับฉัน,sairung
r3308,Zanuun,ฆาตกร |เบคฟรีน,เจ้าเดลล!!
r3320,Zao9s0,ความรักของทั้งสองตระกูล,Kung Khemthit
r3327,Zaoki5,ยัยเด็กดื้อ (Stubborn Girl),marsinn
r3337,Zap5pi,ชลันธร - ฟรีนเบค,ชลประภา .
r3344,Zap8je,เก็บรัก|FB,โอ้ะกรู้ว~~
r3369,Zaq5rx,ควีน| เบคฟรีน,little_bunny
r3370,Zaq65e,SEA,wawawhitex
r3371,Zaq8n0,คุณรันคนโปรด | Freenbecky,ทานตะวันน่ารัก
r3375,Zaqfh0,I'll be f**kin' you right| เบคฟรีน,little_bunny
r3379,Zaqhpn,Lay down on my bed | เบคฟรีน,my_girlfreen
r3382,Zaqjoq,หนูขอโทษ:เบคฟรีน,สโรชาxรีเบคก้า
r3393,Zaqppp,ครูฝึกสอน |ฟรีนเบค,ไฟแดง
r3402,Zaqtlx,เด็กคุณเทียร์ | ฟรีนเบค,Bloved.
r3407,Zar7if,sweet / ฟรีนเบค,แกรนด์
r3420,Zarhgg,เธอเป็นลูกคุณหนู เธอเป็นหลานคุณนาย (เบคฟรีน),ฉลามตกใจ24689
r3443,Zaryb5,แฟนพี่ | เบคฟรีน,my_girlfreen
r3460,Zase3b,Friend's Mother | เบคฟรีน,my_girlfreen
r3472,Zasml8,Account #ฟรีนเบค,ไอ แอม ทุย
r3475,Zaspbs,คนของพี่,เด็กดีของพี่คนเดียว
r3481,Zastcq,รักมินตรา - ฟรีนเบค,พื้นที่ของฟรีนเบค
r3482,Zastl0,เด็กในบ้าน,bbf
r3484,Zasu9e,primrose &mdash; freenbecky,ยี่สิบสี่
r3490,Zat5jx,คู่กัด|เอิร์นไซซี เบคฟรีน,เมงุมิ&gt;&lt;
r3504,Zatjvx,เติมรัก | ฟรีนเบค,pipcy_
r3510,Zatthe,รุ่นพี่ รุ่นน้อง (เบคฟรีน),แฟนจ๋าของเบคกี้
r3511,Zatv6r,พี่รหัส|ฟรีนเบค,มือด้านด้าน
r3518,Zau3yp,ธารธนิน:เบคฟรีน,สโรชาxรีเบคก้า
r3519,Zau4kp,กลิ่นฝนสิ้นธุลี - ฟรีนเบค,LLUMOSS
r3525,Zau9vr,รักครั้งแรกและครั้งสุดท้าย,Luke's eve
r3527,Zauep4,รักที่หวานชื่น/ฟรีนเบค,ดอกไม้หน้าต้นไม้
r3529,Zauex2,Best friend|เบคฟรีน|,Hunter😪
r3539,Zauv52,โลกทั้งใบของฉันหมายถึงคุณ|ฟรีนเบคorเบคฟรีน?|,suptim
r3548,Zav5se,หัวใจของศิลา: ฟรีนเบคกี้ : Girl Love,ดาวดวงน้อย
r3557,Zavbx5,Sunshine #ฟรีนเบค,ไอ แอม ทุย
r3558,Zavdc4,มาเฟีย:ฟรีนเบค,สโรชาxรีเบคก้า
r3562,Zave18,คุณหมอไร้หัวใจ |ฟรีนเบค,ผู้บ่าวอินดี้
r3566,Zavhm7,ทฦษฎีสีชมพู | ฟรีนเบคกี้,namwarn
r3570,Zavq8s,เรียกคุณพาย &mdash; freenbecky,ยี่สิบสี่
r3572,Zavvuo,แอบรักเพื่อนสนิท|ฟรีนเบค,เจ้าฟิล์มฟูเฟีย
r3574,Zavytd,แอบชอบ|ฟรีนเบค,Kan
r3582,Zaw6jc,แอบรัก/ฟรีนเบค,phan
r3586,Zawa33,คุณชายนอน{ไม่}หลับกับนางเอกคนสวย|ฟรีนเบค|,คุณชายไข่มุก
r3588,Zawcpi,ซินเซียไม่ทน &mdash; freenbecky,ยี่สิบสี่
r3594,Zawj76,Sissssss |Freenbeck,Cuckoobird
r3607,Zawts8,ได้โปรดอย่าจากฉันไป |ฟรีนเบค,Zanier
r3610,Zax3b7,รักของเรา,bbf
r3621,Zaxg32,My Boo! ยัยภรรยาจอมดุ :ฟรีนเบค,คุณบีเบล:)
r3633,Zay03v,เมื่อไหร่จะรักกันสักที|ฟรีนเบค,ภัทรนัน
r3634,Zay1w9,เด็กหน้าใหม่|#ฟรีนเบค,𝑷𝒂𝒚𝒂💐
r3636,Zay43e,hi puppy &mdash; freenbecky,ยี่สิบสี่
r3653,Zayhbo,I Am Sory : เบคฟรีน,สโรชาxรีเบคก้า
r3654,Zayj8d,พรหมลิขิต,ผีเสื้อดาวเสาร์
r3668,Zaywyg,🤍,bbmt123
r3669,Zayx4h,นักเลงหรือนักรัก |เบคฟรีน,ตัวเล็กเองค้าบ
r3670,Zayy2g,Songwriter:เบคฟรีน,สโรชาxรีเบคก้า
r3672,Zb0031,หมอผ่าตัดกับนักศึกษาแพทย์:เบคฟรีน,สโรชาxรีเบคก้า
r3678,Zb07ml,มาดาม |เบคฟรีน,ตัวเล็กเองค้าบ
r3681,Zb0cio,ยูเรนัส2324 | ฟรีนเบค,wawawhitex
r3687,Zb0fu9,soulmate,Warm sunlight🌞
r3695,Zb0ldl,14 กุมภา (ตอน1) /ฟรีนเบค,ดอกไม้ในความมืด
r3702,Zb0u4j,London bar || BECKFREEN,Ran over the train
r3705,Zb0val,Sexy Girl : สวยแซ่บเว่อร์ (ฟรีนเบค),Casualidad❄️TSF💫
r3727,Zb1o9t,เค้าหรือเธอที่หมา🐶,Girlfriend
r3738,Zb22uu,เสี่ยข๋าา|ฟรีนเบค,ไรท์คนนี้ชอบดองนิยาย
r3745,Zb27cr,พี่น้อง | เบคฟรีน,my_girlfreen
r3752,Zb2fq0,LOVE THAT MEANS PAIN `,พื้นที่ของฟรีนเบค
r3754,Zb2gk7,ไม่หมาสักหน่อย&deg; [ฟรีนเบค],คนหน้านิ่ง
r3759,Zb2ltl,#เลือนกลิ่นศศิธร | freenbecky,GREYMOSHII
r3765,Zb2qlm,one day |ฟรีนเบค,ไฟแดง
r3772,Zb2yab,ของเล่นสู่รัก | ฟรีนเบค,ไนซ์:กูไม่มีวันกลับไปรักของเล่น
r3805,Zb40hx,แอบรักนักร้องสุดฮอด,ปอป้อ เชียง
r3807,Zb42vh,ที่รักของประทานบริษัท,oo1
r3808,Zb436k,อาจารย์ที่รัก|Beckyfreen,becky
r3811,Zb45xe,14 กุมภา (ตอนจบ) /ฟรีนเบค,ดอกไม้ในความมืด
r3815,Zb486b,ชั้นหนังสือ | FreenBecky,skynsea
r3816,Zb489a,พะวงนาคา |  freenbecky,การันต์
r3821,Zb4d9i,ฟิล์มเจน : FREENBECKY,Jasmine
r3822,Zb4fef,เลขสังหาร,ผีเสื้อดาวเสาร์
r3836,Zb4o06,ยัยเหมียวสุดที่รัก |เบคฟรีน,อินพิเรียล
r3839,Zb4qk0,รักแทบขาดใจ|ฟรีนเบค,APINNN
r3841,Zb4ycm,ครูที่รัก,Ying
r3843,Zb51dy,ไอ้คนปากแข็ง|ฟรีนเบค,ไอ้ต้าวอ้วนตัว i
r3848,Zb57uf,พี่หมอ | เบคฟรีน,little_squid
r3853,Zb5ac0,memory |เบคฟรีน,little_squid
r3863,Zb5kfi,ทั้งรักทั้งเกลียด|เบคฟรีน|,Hunter😪
r3866,Zb5r64,ชอบหัวหน้าเด็กช่างทำไงดีคะ? |ฟรีนเบค,ออมสิน
r3867,Zb5tgk,อภัสนันท์:ฟรีนเบค,สโรชาxรีเบคก้า
r3868,Zb5thq,Mlik tea 4 โมงเช้า | ฟรีนเบค,PNP. ✨
r3871,Zb5wl9,ล่อ(รัก)พนักงาน|ฟรีนเบค,โนอี้หลานนนท์
r3873,Zb5xpv,ปลายฝนของต้นหนาว:ฟรีนเบค:),สโรชาxรีเบคก้า
r3882,Zb69f9,พี่น้อง(ผัวเมีย)แสนดี☆ฟรีนเบค,Cx_llme₩
r3885,Zb6dji,Love test,Ron.mnv17
r3894,Zb6m2f,ได้โปรดเลี้ยงผมที,แมวเหนือ
r3912,Zb6ynq,พระเอกหรือพระรองฉันก็ยอม|FreenBecky,SoLoFoToMa
r3913,Zb70oy,ลูกหนี้ | ฟรีนเบค,B S
r3930,Zb7fvu,No ship นะคะ #ฟรีนเบค,ไอ แอม ทุย
r3936,Zb7pbb,พี่น้อง|FreenBecky,gArNikR
r3944,Zb7ts6,พี่ประธานนักเรียน | ฟรีนเบค,Rattiya Singmuang
r3954,Zb86t2,-ความรักต่างพ่อแม่-ฟรีนเบค,Cx_llme₩
r3966,Zb8n7p,แด่เธอผู้เป็นที่รัก,มายมิ้น💗
r3971,Zb8pci,It's because of you!,ดิ๋ดดิ๊ด
r3974,Zb8qyi,VAMPIRE | FreenBecky,เจ้าฟิล์มฟูเฟีย
r3980,Zb8w6s,ได้แค่นี้|ฟรีนเบค,ซัมเมอร์
r3981,Zb8wvd,คุณบอดี้การ์ด [FreenBecky],ปะการังงง
r3988,Zb931n,ฝันลิขิต,ทิวลิปสีท้องฟ้า
r4003,Zb9ewc,⊸ Floral scent | Freenbecky ♡,cychayeyy
r4008,Zb9gr3,แพรไหม | เบคฟรีน,อินพิเรียล
r4011,Zb9iap,ฟ้าลดา| freenbecky,หลายด้อมไม่ว่าอย่าหลายใจละกัน
r4019,Zb9o4g,บ๊อกแบ๊ก.,คุณเจ้าคะ
r4025,Zb9puk,เพลงโปรด | ฟรีนเบค,minmin
r4028,Zb9t0s,หลงรักรุ่นพี่ |Freen becky,เกววี่อยากเป็นไรท์เตอร์ที่จริงใจ
r4034,Zba2vy,คุณประทานสุดโหด#ฟรีนเบค#เบคฟรีน,หัดเเต่ง
r4056,Zbag1d,ไสยศาสตร์|ฟรีนเบค,ไรท์คนนี้ชอบดองนิยาย
r4063,Zbat0c,รักนะนายมาเฟียเย็นชา,Love in the mist รักในสายหมอก
r4065,Zbaup8,คุณใหญ่,แมวเหนือ
r4067,Zbawve,ไม่ใช่เพื่อน ฉันเรียกเธอว่าอะไร (เบคฟรีน),ฉลามตกใจ24689
r4070,Zbb1cq,ครองใจอิน &mdash; freenbecky,ยี่สิบสี่
r4077,Zbba24,คุณหนูขาา|ฟรีนเบค,ต้าวหม๋าเด้ก
r4080,Zbbdyb,หลงรักเธอไปแล้ว(ฟรีนเบค),Build คลั่งฟรีนเบค
r4086,Zbbm58,อธิษฐานเสน่หา,เจ้าชายแห่งดาวเหนือ
r4105,Zbcbgc,Cherish : FreenBecky,preamanastasia
r4110,Zbcibt,กลิ่นหอม,พ่อเสือ
r4133,Zbdfi5,บาร์โฮสต์,bb love
r4140,Zbdjj0,แค่เพื่อน |freenbacky,fumibara
r4144,Zbdni1,ขอความรัก,bbf
r4151,Zbe6up,ปนัดดาที่รัก|freenbecky,หลายด้อมไม่ว่าอย่าหลายใจละกัน
r4154,Zbe8pe,#โดเรฟิน | ฟรีนเบค,GirlfreenS
r4158,Zbebwd,รุ่นพี่ /เบคฟรีน,ดอกไม้ในความมืด
r4171,Zbewan,Unlucky Star : ดวงหารัก [ฟรีนเบค],Casualidad❄️TSF💫
r4177,Zbfg6m,Okay Ma'am &mdash; freenbecky,sausageonesix
r4178,Zbfghj,Moon |ฟรีนเบด,black the moon
r4179,Zbfibf,เทพงั้นหรอ? |เบคฟรีน,ห่อหมกปลา
r4184,Zbfmu5,ไร่ตะวัน,Warm sunlight🌞
r4191,Zbfw12,คืนนี้พี่ขอ,n_xsxzaa
r4196,Zbg0nb,ลูกเมียน้อย[freenbecky],fah_xc
r4201,Zbg3sl,สายน้ำ |ฟรีนเบค,กล้องฟิล์ม🦋
r4206,Zbg86w,แฟนจ๋าาาา(ฟรีนเบค),ไรท์ชอบฟรีนเบคมากๆๆๆๆๆๆ
r4207,Zbg94c,รักนิรันดร์,ผีเสื้อดาวเสาร์
r4212,Zbgc4q,Divergent &mdash; Freenbecky,13ongsa&deg;
r4217,Zbgec8,diary | freenbec,wawawhitex
r4230,Zbgrvw,แค่ Sissss จริงๆค่ะ [ฟรีนเบค-เบคฟรีน],พ่อเพนกวิ้น
r4234,Zbgt2q,ไอ่เราก็ รักเด้กซ่ะด้วยสิ | ฟรีนเบค ★,ตามฟิวฟ้า
r4240,Zbh3p8,ความรักของลดา/เบคฟรีน,ดอกไม้ในความมืด
r4247,Zbhih7,เรารักกันไม่ได้:ฟรีนเบค,สโรชาxรีเบคก้า
r4275,Zbi9y4,โลกที่มืดมนของฉัน [ฟรีนเบค],Snowy_ice {Fulk}{TS}
r4278,Zbic7r,ไอ่เนิร์ดฝรั่ง | freenbecky,usernamepiwa
r4284,Zbigt2,ม๋าเด็ก | ฟรีนเบค,พระจันทร์.
r4294,Zbioid,ขนมของคุณออม |ฟรีนเบค,คุณเฟยหมิง
r4305,Zbivnu,นักดนตรี[freenbecky],fah_xc
r4314,Zbj4oi,TEXT TRAVEL : บทความก่อหัวใจ|FB,Andromeda-Galaxy
r4324,Zbja7h,ตอบหนูหน่อย!!(ฟรีนเบค),จากจิตการนะค่ะ
r4334,Zbjhy2,นายอชิ เบคฟรีน,KT.URN2324
r4346,Zbjstk,เราเกิดมาคู่กัน? | ฟรีนเบค  ★,ตามฟิวฟ้า
r4352,Zbjvnu,นักเลงที่รัก|ฟรีนเบค,หมาแก่ใครไม่รู้
r4365,Zbkcwn,Sexy Woman : แซ่บระดับจักรวาล[ฟรีนเบค],Casualidad❄️TSF💫
r4375,Zbkruo,เรื่องราว(รัก)ของสองเรา,Jarvis_P87
r4386,Zbl98q,Mistress#beckyfreen,𝗱𝗮𝗿𝗹𝗶𝗻𝗴.
r4389,Zblfgi,บำเรอรักมาเฟียอำมหิต | Freenbecky,คุณบิ๊กแบร์
r4395,Zbliqg,Love or deceive l เบคฟรีน,bbf
r4400,Zblpaw,เธอคือข้อยกเว้น|เบคฟรีน|,Hunter😪
r4411,Zbm11u,น้องเชนคะ | Freenbecky,ทานตะวันน่ารัก
r4415,Zbm671,อย่าโม้ครับ | ฟรีนเบค,แฟนใครเอ่ย?
r4417,Zbmab0,see through &mdash;  freenbeck,baerued
r4422,Zbmca2,The dog next door&mdash;freenbecky,ยี่สิบสาม
r4431,Zbmgys,(OLD) BAD LOVE - รักร้าย,พื้นที่ของฟรีนเบค
r4434,Zbmhuf,ลูกหนี้|freenbecky,warinrat
r4435,Zbmi6f,เพื่อนกัน|เบคฟรีน,bb love
r4442,Zbmv76,ด้วยแรงอธิษฐาน || เบคฟรีน,หมากาลามัง
r4443,Zbmvpq,yves saint Laurent &mdash; freenbecky,sausageonesix
r4444,Zbmvtk,พี่คีย์​  |ฟรีนเบค,Tidnon
r4448,Zbmwv7,เเค่เพื่อนเองหรอ /ฟรีน เบค/,เค้าเอง
r4453,Zbn58r,อีนิกม่าที่รักก|ฟรีนเบค|,bam__2009
r4472,Zbnko8,พ่อ ทูลหัว,Freenbeck 🌺
r4493,Zbo41n,ลองของ|FREENBECKY,มิน'ตา
r4495,Zbo6u4,พี่ประธานลำเอียง:ฟรีนเบค,สโรชาxรีเบคก้า
r4497,Zbo7w6,โลกทั้งใบของฉันหมายถึงคุณ|ฟรีนเบค|SS2,suptim
r4498,Zbob5x,แอคซามอยด์|FreenBecky,Rattiya Singmuang
r4502,Zboen0,Actor || FreenBecky,phapwat_
r4513,Zbouhf,ตัวคนเดียว |ฟรีนเบค,black the moon
r4516,Zboy8c,ธุรกิจ:เบคฟรีน,สโรชาxรีเบคก้า
r4522,Zbp9yl,สตีมเมอร์กับแมวเด็กของเขา | เบคฟรีน,Sky_love_you3000
r4538,Zbpvag,UNDO...,ทิวลิปของเจ้ากระต่าย
r4557,Zbq8ui,สวนดอกไม้ของคุณคาเทียร์ | ฟรีนเบค,charliefr1end
r4558,Zbqa4x,แค่น้องพี่:Freenbeck,white cat!
r4560,Zbqcln,soulmate |ฟรีนเบค,preem_nrv
r4567,Zbqfj3,Sawappbaeng|ฟรีนเบค,ชิชช์
r4575,Zbqjo4,เหนี่ยวหัวใจสุดไกลปืน💥,PERTH PERTH
r4585,Zbqr4m,พบเจอ |ฟรีนเบค,แมสเหอะ
r4587,Zbqu43,ถอนของ|Freenbecky,_Artemis_
r4591,Zbqxv1,A flirtatious lady,k.chonticha
r4598,Zbr531,First time. | ฟรีนเบค,KHUNKLIEN
r4600,Zbr686,The heart of Stone&mdash;freenbecky,ยี่สิบสาม
r4602,Zbr7b1,Cherry appetizers &mdash; freenbecky,sausageonesix
r4603,Zbr7h7,เจิ้นพบเธอ ; freenbecky,มกร
r4608,Zbrgd0,Heaven | อยากได้คุณลิน,"hey, just wanna say Hi"
r4614,Zbrk6b,รักแรก | thainex,jaoyng
r4633,Zbs2uf,สิบม๋าเด้ก|ฟรีนเบค,มาน๋อยมาบูไฮ
r4635,Zbs5bs,my girlfreen,kan🗿
r4648,Zbsm6c,ความลับของทิชา [ ฟรีนเบค ],MWMew
r4688,Zbtki2,Back in time | freenbec,25องศาเซลเซียส
r4693,Zbtrmg,คู่กรรม | freenbecky,preem_nrv
r4701,Zbtyl8,พอกันที|freenbecky,prangkubb
r4702,Zbu08x,หลอกให้รัก ฟรีนเบค,ไรท์แปลกๆ
r4708,Zbu7s6,รักนี้เป็นไปไม่ได้|ฟรีนเบค,หมากินกระต่าย
r4711,Zbu8h7,She is my huband &mdash; freenbecky,AceCola006
r4712,Zbu8sh,ลูกเจ้าสัว//ฟรีนเบค,มูมู่
r4720,Zbulng,คณุหนูกับบอดี้การ์ดเย็นชา,oo1
r4724,Zbupax,แค่เพื่อน#ฟรีนเบค,ฟรีนเบคเท่านั้น
r4727,Zbusv9,ʙᴇꜱᴛ ꜰʀɪᴇɴᴅ | เบคฟรีน,little_bunny
r4729,Zbutgn,Hey puppy | เบคฟรีน,little_squid
r4731,Zbutob,เด็กเสี่ย | เบคฟรีน,Little_Piyo
r4733,Zbuwk4,แม่เลี้ยง | เบคฟรีน,little_squid
r4741,Zbv6wl,Nu-P แอคลั่น #ฟรีนเบค,ไอ แอม ทุย
r4747,Zbvaf9,𝗿𝗶𝗰𝗵 𝗺𝗮𝗻 𝗼𝗿? |เบคฟรีน,𝗱𝗮𝗿𝗹𝗶𝗻𝗴.
r4748,Zbvalm,ฟิคฟรีนเบค,Rattiya Singmuang
r4764,Zbvrof,พี่น้องชุบแป้งทอด (ฟรีน-เบค),สุรัตน์ติกานต์ ปิ่นแก้ว
r4766,Zbvu2w,Cruel wind|Freenbecky,Samoyed
r4776,Zbw2wh,李美丽 &mdash; freenbecky,09.26
r4778,Zbw3iv,เฮงซวยเลเวล1,Tang13
r4780,Zbw410,ชอบเด้กก|ฟรีนเบค f. b.,itim~💓
r4782,Zbw4nk,I 9 &mdash; Freebeck,ยี่สิบสาม
r4787,Zbw8kt,พี่เปลี่ยนไป!|ฟรีนเบค,ม๋าเด่กก
r4788,Zbw8t7,โชคร้ายที่เธอร้ายกว่า (เบคฟรีน),ฉลามตกใจ24689
r4789,Zbwbrs,ถ้าเพื่อนคนหนึ่ง... &mdash; Freenbecky,AceCola006
r4795,Zbwgvx,my fav ex,Nszx_mz
r4799,Zbwi5w,Twin | ฟรีนเบค,superkaiped
r4809,Zbwuqg,แม่ครู|ฟรีนเบค,จันจิ._.
r4812,Zbwygc,เจ๊ &mdash; beckyfreen,unaaaaaaah
r4814,Zbx06d,เด็กNคนนี้ VIPกว่าใคร//FreenBec,คุณโลมาา
r4815,Zbx3k1,มีผัวเด็ก ฟรีนเบค,ไรท์แปลกๆ
r4816,Zbx3vu,คุณบอดี้การ์ด Ss1|เบคฟรีน,ดอ ญอ พอ มอ
r4821,Zbx9ql,แกล้งโง่ | เบคฟรีน,freen becccca
r4822,Zbx9wu,พี่ประธานคนสวยกับเด็กเนิร์ดกวนประสาทข้างบ้าน,น้ำเองง
r4832,Zbxoxg,Only you //ฟรีนเบค//,JXSMINX 🔥
r4833,Zbxpu4,Love triangle รักของเราสอง(สาม)คน :ฟรีนเบค,คุณบีเบล:)
r4836,Zbxru6,แฟนเก่าคนโปรด Ss.2 &mdash; beckyfreen,unaaaaaaah
r4841,Zbxwpl,เล่ามาเหล้าไป,Live another 18 years
r4861,Zbyd7x,The Nine-Tailed Fox's Witch of the Night,อินพิเรียล
r4870,Zbypi6,หมาเด็กโกลเด้น|เบคฟรีน,ตัวเล็กเองค้าบ
r4875,Zbyrql,น้องนะโม | เบคฟรีน,little_bunny
r4877,Zbysak,คู่หมั้น|ฟรีนเบค,A💗M
r4880,Zbyxt2,แพ้รักวีร่า | Freenbecky,ทานตะวันน่ารัก
r4901,Zc0dun,หัวใจฝั่งโขง | FREENBECKY,preem_nrv
r4906,Zc0m4d,ความรักกับคนเย็นชา,คิรินครับบ
r4907,Zc0mja,ᴍᴀᴍᴍʏ | เบคฟรีน,หมาเด่ก
r4908,Zc0nxj,เด็กดื้อ | เบคฟรีน,หมาเด่ก
r4909,Zc0ohu,Roommate | ฟรีนเบค,little_bb
r4923,Zc15r0,เขยบ้านนอกสะใภ้ในกรุง,ฮัลโหลโบ๋
r4929,Zc19qu,รักนี้ซ่อนไว้,princessp bam
r4940,Zc1gni,องครักษ์​//ฟรีนเบค//,อั้ยม๋าบร้า
r4942,Zc1ilk,SKIPTIME☀️|FREENBECKY,ยัยน้ำสุดน่ารัก
r4944,Zc1jix,Special dormitory | Freenbeck,sunflower
r4947,Zc1khh,บังเอิญเจอ|เบคฟรีน|,bam__2009
r4963,Zc1toh,Paris,หมูแมวกระต่าย
r4978,Zc2c2k,ตื๊อรัก คุณกำนัน (ฝ้าย-โยโกะ) |ภาคต่อจาก (พี่น้องชุบแป้งทอด -ฟรีนเบค),สุรัตน์ติกานต์ ปิ่นแก้ว
r4982,Zc2fik,ครั้งหนึ่งเคยรักเธอ | freenbeck,Ixmesnxq.
r4985,Zc2htp,Two Twin,bbf
r4986,Zc2itp,special month | freenbecky,jellyfish&rsquo; onthemoon
r4998,Zc2ucc,รักแรกพบ|ฟรีนเบคf.b.,itim~💓
r5027,Zc3guu,ซินดี้จะไม่ทน!| ฟรีนเบค,11november
r5028,Zc3ihp,เวลาของหัวใจ  |  เบคฟรีน,ณ เส้นขอบฟ้า
r5030,Zc3l6b,หนี้รัก  |  เบคฟรีน,sibsong
r5035,Zc3qdh,ธีร์นรินทร์  |  เบคฟรีน *รีไรท์เสร็จรอบที่ 1 *,MATCHA_MOON
r5041,Zc3xo6,ซ้อสาวผัวพาฝัน?? |ฟรีนเบค,มาน๋อยมาบูไฮ
r5048,Zc44ww,เรากลับมารักกันเถอะนะ|ฟรีนเบค,ต้อแต้
r5066,Zc4je3,เด็กวิศวะ  |  เบคฟรีน,ณ เส้นขอบฟ้า
r5068,Zc4km4,เหมยมอม #ฟรีนเบค,ไอ แอม ทุย
r5070,Zc4lv0,Our secret | เบคฟรีน,little_bunny
r5072,Zc4o9n,ชีวิตของคนคนหนึ่ง,มือนึ้แต่งไม่ได้เรื่องเลย
r5074,Zc4s6l,คิมหันต์|เบคฟรีน,yu_minai._
r5076,Zc4sqf,เพื่อนรัก|ฟรีนเบค,Peachiii
r5082,Zc4vta,-ทำกันได้ลง-,จิ๋วรักแป๋ว
r5087,Zc4y5k,จีบได้ไหมดาวมหาลัย|เฟย์เมย์,Nam Kang ♡♡ (ช่องใหม่)
r5097,Zc5f5k,[END] พบเจอเพื่อจากลา |FreenBecky,ᴋ.ꜰʀᴀᴇɴ
r5098,Zc5ho3,แซ่บบวกแซ่บเป็นยอดแซ่บ [ฟรีนเบค|เบคฟรีน],การันตร์
r5103,Zc5ojq,คู่หมั้น|ฟรีนเบค,bam__2009
r5111,Zc63kc,patron | เบคฟรีน,little_bunny
r5112,Zc63qx,ex girlfriend freenbecky,bluefishgus
r5117,Zc66br,อย่าจิ้นสิ!,JomJoy_จอมจอย
r5121,Zc6ajl,แฟนเก่าฉันเป็นรูมเมท|เบคฟรีน,ดอ ญอ พอ มอ
r5136,Zc6r39,Secretly Yours|freenbecky,puugun
r5144,Zc6vrj,เเฟนประธานนักเรียน |Freenbecky,Nszx_mz
r5151,Zc71r5,นายหญิง|เบคฟรีน,เด็กดี
r5153,Zc73wt,Forever my last love | Freenbecky,ทานตะวันน่ารัก
r5166,Zc7cbp,พารันเป็นคนใจร้าย | freenbeck,ข้าวต้มมัด
r5175,Zc7jy2,กรรณิการ์|freenbecky,ปู๊ดปิ๊ด
r5178,Zc7qle,Silk and Sand  #ฟรีนเบค,ยุยฮังเป็นยากูซ่า
r5181,Zc7sws,I love you(artist.),Bell
r5186,Zc84cy,มะเขือเทศ​//ฟรีนเบค,อั้ยม๋าบร้า
r5187,Zc84ne,ภาษารัก/ฟรีนเบค,บีบี
r5192,Zc8dhq,มะลิ | ฟรีนเบค,เดย์ซี่ที่รัก
r5197,Zc8hwk,หลงรักตำรวจสาว |เบคฟรีน,Gus Gazxi
r5200,Zc8k87,Shutter of love - freenbecky,สองห้าอวลศิลป์
r5203,Zc8nl5,รักแรก |เดนิสมิ้ม,ยี่สิบห้าา
r5205,Zc8oaw,1นิทรา | OS สั้นมาก,บียูทีเค
r5243,Zca09b,เรื่องจริงมั้ยต้องพิสูจน์!!|เดนิสมิ้ม,Acare. ♡
r5257,Zcacuy,Golden Retriever | freenbecky,nongsingha
r5258,Zcacx2,Love never ends | เดนิสมิ้ม,Picha
r5265,Zcakhi,พี่เลี้ยง|เบคฟรีน,Akorn
r5279,Zcax4e,น้องอย่าทำแบบนี้!| Freenbec,Pozidonx
r5288,Zcbaal,ไอเด็ก|เบคฟรีน,bam__2009
r5320,Zcc43y,ไอดอลที่รัก,เป็ดจิ๋ววววว
r5323,Zcc657,ผัวออกสาว | เบคฟรีน,Little_Piyo
r5327,Zcc8gh,ม๊ามี๊กับหมาเด็ก (ฟรีนเบค),ไม่หมูนะคร้าฟ
r5337,Zcchin,หมาเด็กของพี่คนสวย,มือนึ้แต่งไม่ได้เรื่องเลย
r5343,Zccltw,พี่ไม่รุก/-freenbec,อยากกินเตี๋ยวเรือ
r5344,Zccmpw,ของรักของกู(ฟรีนเบค),เจแลนด์
r5349,Zcctoj,ฮักเจ้าเบิ่ดใจ | เบคฟรีน,MATCHA_MOON
r5350,Zcctw8,เฮดว้ากตัวร้าย | เบคฟรีน,ดอ ญอ พอ มอ
r5368,Zcdbt1,พี่เทค | เบคฟรีน,my_girlfreen
r5369,Zcddn2,My Dad...,ทิวลิปของเจ้ากระต่าย
r5374,Zcdh63,ใครเพื่อนคุณกันคะ|เบคฟรีน,yu_minai._
r5383,Zcdu19,อย่าคิดไปเองได้มั้ย|freenbecky,prangkubb
r5397,Zcefks,เกลียดกลายรัก/ฟรีนเบค,บีบี
r5398,Zcej6n,สองรัก ( os )| ฟรีนเบค,เดย์ซี่ที่รัก
r5424,Zcf1dy,น่าฟัด/ฟรีนเบค,บีบี
r5436,Zcf8ra,ภริยาเจ้าจอม.,ดอกไม้สีน้ำเงิน
r5437,Zcf98s,ธนกานต์ | เบคฟรีน,MATCHA_MOON
r5439,Zcfa3g,บังเอิญพบรัก|ฟรีนเบค,สิบสามเดือนห้า
r5443,Zcfbjl,เจ้าของสวนกับแฟนเจ้าของวน,ฟรีนเบคเท่านั้น
r5444,Zcfbpv,ลูกพ่อ|ฟรีนเบค,n. nnn
r5447,Zcferk,คนที่ไม่เคยรักใครนอกจากตัวเอง ( os ) | ฟรีนเบค,เดย์ซี่ที่รัก
r5449,Zcffpr,นักข่าว//ฟรีนเบค,อั้ยม๋าบร้า
r5450,Zcfgw5,- PimWa -,DarkRoasted
r5460,Zcfs1i,123 Action! | ฟรีนเบค,GoodieGirl
r5465,Zcfton,WHEN|ฟรีนเบค,ธัญกร
r5470,Zcg0oy,รักได้มั้ย,ดูเถอะจ้า
r5474,Zcg4un,THIS STORY IS FOR YOU |DENIE&amp;MIM,ไม่ชอตฟิลไม่ใช่ไรท์😋
r5490,Zcggbh,A love story in the dream|เบคฟรีน,yu_minai._
r5501,Zcgvbe,เจ้าพ่อเย็นชา #ฟรีนเบค,ดงม่านหมอก
r5507,Zch0mm,เพื่อนสนิท|ฟรีนเบค,ตะวัน
r5513,Zch5hx,อยากดูแลหัวใจยัยคนนี้|เบคฟรีน,Ni Run_cc
r5532,Zchhba,papa🤍,ncเยอะจัด
r5537,Zchps1,Destiny || Freenbecky,phapwat_
r5547,Zci19y,พี่เฟิร์สกับน้องปราย,ZO_NE
r5548,Zci2o1,รักแรกของฉัน//ฟรีนเบค//,บฟปฟก
r5557,Zci8vc,โคจร,🌟ดาวเคราะห์แคระน้อย✨
r5561,Zcia6c,อดีตสุดเยี่ยม|ฟรีนเบค,หมาแก่ใครไม่รู้
r5578,Zcik5y,พนักงานใหม่ไร้ความกลัว/ฟรีนเบค,บีบี
r5586,Zcj2f5,อย่าสวนโพขอร้อง,freen becccca
r5595,Zcjfv9,จับหัวใจใส่กุญแจ,bbf
r5603,Zcjnwc,คุณบอดี้การ์ด Ss2 |เบคฟรีน,ดอ ญอ พอ มอ
r5611,Zcjx8d,รักต้องห้าม💐✨-เบคฟรีน,Fortuneka
r5616,Zck5ot,ต้องตาดารัน | Freenbecky,ทานตะวันน่ารัก
r5654,Zckyfb,แค่เพื่อนครับ| freenbecky,preem_nrv
r5662,Zcl8ij,dear friend |เบคฟรีน,Gus Gazxi
r5663,Zcl98m,FIK|FREENBECKY,ยัยน้ำสุดน่ารัก
r5670,Zclg3r,เอื้อยข้างบ้าน (คู่กัด) |ฟรีน-เบคกี้,สุรัตน์ติกานต์ ปิ่นแก้ว
r5674,Zcllkc,เด็กดื้อของฉัน|freenbecky,เธอสองคน
r5678,Zclo6s,คะนึงแต่บุษบา,ดงม่านหมอก
r5682,Zclrca,ช่างภาพ | เบคฟรีน,my_girlfreen
r5683,Zclrkx,ของฉัน//เบคฟรีน,เพราะเราเกิดมาคู่กัน
r5688,Zclw2u,รุ่นพี่สุดฮอตแต่กลับเลือกฉัน|ฟรีนเบค,ชอบสวนโพ.
r5697,Zcmajj,อาคราม | เบคฟรีน,my_girlfreen
r5698,Zcmb4f,ยัยหนู | เบคฟรีน,little_squid
r5699,Zcmbew,ผัวพี่โซ | เบคฟรีน,little_squid
r5704,Zcmemf,หมอกมนต์ตรา,คุณsnake
r5705,Zcmgdf,ลวงรัก เงาแค้น (Love or Revenge),marsinn
r5720,Zcmuou,flower|เบคฟรีน,yu_minai._
r5726,Zcn1bo,Take care of only you | Freebecky,🐶
r5748,Zcnowr,ม๋าเด็กของพี่หมอ | เบคฟรีน,my_girlfreen
r5755,Zcnv8r,ฮ็อตเนิร์ดตัวแม่ | Freenbecky,ทานตะวันน่ารัก
r5763,Zcnyuv,ไม่ใช่พี่น้อง(ฟรีน เบค),นั้งรถอยูใต้น้ำ
r5769,Zco5kg,Timeless (ฟรีนเบค | FreenBecky),MAGANOZ
r5775,Zcocqv,แสงดาว #เบคฟรีน,PEK
r5779,Zcogt0,อย่าให้กูร้าย |ฟรีนเบค,ฟิคสั้น
r5785,Zcojyo,แค่เฟื่อน|ฟรีนเบค,หิวชาเขียวครับ
r5808,Zcp5ug,กลัว|Freenbecky,warinrat
r5817,Zcpbxq,ดาวไร้คู่,เหมือนฟ้า
r5825,Zcpjsm,อ้ายมาสี่คน,PJ
r5828,Zcpnik,พี่หมอคนโปรด |Freenbecky,หนึ่งสี่หนี่งสอง
r5831,Zcpp8y,คุณจิตรกร -ฟรีนเบค-,แจกันว่างเปล่า
r5840,Zcpv1u,วิณญาณสู่เมียจอมซาดิสม์|เบคฟรีน,หมาผี
r5849,Zcpy21,น้องคิมข๋าา #เบคฟรีน,ฟุม
r5860,Zcq9e5,มาเฟียไม่ได้น่ากลัวเลย|เบคฟรีน,คุณsnake
r5876,Zcqm97,แฟนผมเป็นหัวหน้าห้อง|ฟรีนเบค,บอแบ้ๆๆ
r5899,Zcrggp,หนูไม่ได้ดื้อ😾/ฟรีนเบค,บีบี
r5914,Zcrxwd,วอนคุณอา อย่าซึน | ใหม่เฟิร์น,เจ้าพันลี้.
r5917,Zcs1ic,พบรักที่ห้องสมุด [เบคฟรีน],Birdy_13
r5921,Zcs5jo,จะรักหรือจะจากฉันไป|ฟรีนเบค,preem_nrv
r5937,Zcsflq,ดาวคณะ|เบคฟรีน&amp;ฟรีนเบค,yu_minai._
r5960,Zct3ts,พี่พายไม่ดื้อ|freenbecky,นมสตอเบอรี่
r5962,Zct74f,Miss call | FreenBeck,lomarrrz
r5979,Zctmp6,กูแซ่บขนาดนี้มาบอกว่าหล่อ🙄/ฟรีนเบค,บีบี
r5984,Zctqbi,ฟิคสั้น | เบคฟรีน,MATCHA_MOON
r5991,Zctuwf,แค่พี่น้อง | เบคฟรีน,ไรท์คนนี้ชอบดองนิยาย
r5994,Zctvc8,เด็กเจ๊|ฟรีนเบค,po_ses._thary
r5996,Zctx31,อยู่ในใจนานกว่าอยู่ด้วยกัน|ฟรีนเบค,ฟรีนเบค
r6007,Zcu5vv,มิ้งอย่ากวน | freenbecky,การันต์
r6021,Zcuimh,ไม่ชอบเด็ก | FreenBecky,หิวข้าว
r6023,Zcum6h,พี่สาวคนสวย | เบคฟรีน,A💗M
r6024,Zcuneb,แฟนเก่า|freenbecky,นมสตอเบอรี่
r6030,Zcuuo0,เมียบําเรอ ฟรีนเบค,ไรท์แปลกๆ
r6033,Zcuxo0,Personal photographer | freenbecky,nongsingha
r6036,Zcuy5f,พี่เลี้ยงจำเป็น,ตั้งว่าอะไรดี
r6042,Zcv838,พี่รักผมมั้ยละ[เบคฟรีน],ต้อแต้
r6046,Zcv9ag,#นลินรดา | Beckfreen,Ran over the train
r6049,Zcvb48,ฤดูนี้ที่ไม่หนาว (freenbecky),12kanya
r6058,Zcvlbf,บอดี้การ์ดที่รัก |Freenbecky,หนึ่งสี่หนี่งสอง
r6061,Zcvmvf,ฟิคสั้นncทุกตอน|เบคฟรีนและฟรีนเบค,yu_minai._
r6081,Zcw4p2,รุ่นพี่ที่รัก[ญญ],จีบได้ไหมค่ะ
r6084,Zcw7j2,ใบหย่าที่สำคัญ|ฟรีนเบค|,นิรันดร์2555
r6087,Zcw8xf,อาตี้ของแม่จ๋า | ฟรีนเบค,minmin
r6093,Zcwcm4,ผัวกูต้องคนนี้ (ฟรีนเบค),ฉลามตกใจ24689
r6107,Zcwoam,หวงเพื่อน/ฟรีนเบค,NIDA
r6111,Zcwp50,Kao Jai - เก้าจ๋าย:เบคฟรีน,lnsacio
r6114,Zcwrdp,ตัวร้าย,ดงม่านหมอก
r6118,Zcwxul,แค่เพื่อน|ฟรีนเบค,แซลม่อนอร่อย
r6126,Zcxapu,(NO UP) 'SHE' - freenbecky,LLUMOSS
r6136,Zcxipw,สะกดหย่าไม่เป็นที่รัก|เบคฟรีน,เบคฟรีน
r6140,Zcxmpv,ของไม่ตาย &ndash; FB,My Sunshine SS
r6148,Zcxufs,Mudblood || freenbec,phapwat_
r6161,Zcy5nc,รักแบบไหน 1l เบคฟรีน,ปรายแสง
r6177,Zcyj4s,ตั้งใจรัก. ฟรีนเบค,URANU.✮⋆˙
r6180,Zcylsm,อยู่นิ่งๆสิฟีฟ่า|ฟรีนเบค,authida
r6187,Zcytek,Forbidden love|freenbecky,นมสตอเบอรี่
r6191,Zcyudr,คุณแฟนนสุดน่ารัก |ฟรีนเบค|,ความรักสุดแซ่บ
r6192,Zcyue8,เจไดจะอยู่ข้างๆเมนิลนะ|ฟรีนเบค,เจ้าฟิล์มฟูเฟีย
r6194,Zcyydw,หลงเด็ก|ฟรีนเบค,ไรท์คนนี้ชอบดองนิยาย
r6198,Zcyyys,ป่วนหัวใจยัยไฮโซ|ฟรีนเบค,พิจิกเมอร์ซี่
r6203,Zd015p,เพื่อนสนิทคิดซื่อซื่อ [ฟรีนเบค|เบคฟรีน],การันตร์
r6207,Zd058f,คุณภัทร|freenbecky,นมสตอเบอรี่
r6209,Zd061g,ไม่ได้อยากเป็นแค่เพื่อน | ฟรีนเบค,forever
r6229,Zd0n72,ช่างสัก &mdash; beckyfreen,unaaaaaaah
r6238,Zd0rnm,little whisk  |  ฟรีนเบค,behopeful
r6248,Zd112d,มึงไม่ใช่เด็กเนิร์ดหรอ/ฟรีนเบค,เน้นดองไว้ก่อน🫦
r6278,Zd20lt,ศิลเสมอ|ฟรีนเบค,เน้นดองไว้ก่อน🫦
r6307,Zd31jj,เป็นหนึ่ง,ทิวลิปสีท้องฟ้า
r6309,Zd32mu,ลัทธิแห่งโชคชะตา[Mysticism] |ฟรีนเบค|,suptim
r6315,Zd3bvm,บังเอิญเนอะ |ฟรีนเบค,MONCHISH
r6318,Zd3csm,คนใกล้ตัว|เบคฟรีน,yu_minai._
r6332,Zd3lgt,จีบรุ่นพี่ที่เย็นชา|ฟรีนเบค,กุจะบีนไปนอกโลก!!!
r6344,Zd3t5c,ฝันนี่มีแค่เธอ:ฟรีน เบค,ก๊าบก๊าบ
r6368,Zd4epp,ยัยดื้อ #เบคฟรีน,ไรท์เองจร้าา
r6372,Zd4kac,ลิขิตรักสลับใจ|ฟรีนเบค|SS.4,suptim
r6388,Zd531w,ฉันต้องกลายเป็นตัวร้าย (เบคฟรีน ฟรีนเบค),ฉลามตกใจ24689
r6405,Zd5luu,สมปิ้ง | เบคฟรีน,Nemuuu
r6423,Zd609e,se&ntilde;orita | freenbecky,กุม พา พัน
r6428,Zd65vt,กูเกลียดคุณหนูตระกูลนี้|ฟรีนเบค,Angelina
r6434,Zd693t,เรื่องของเราตอนนั้น | ฟรีนเบค,วันว่างว่าง
r6443,Zd6m84,(OS) รวมเรื่องสั้น -ฟรีนเบค-,แจกันว่างเปล่า
r6469,Zd77sd,"""เพลงรัก""ของเธอคนเดียว",ZO_NE
r6475,Zd7g3f,พี่หมอคะ,ไม่มีใครสนใจเราขนาดนั้น😌
r6483,Zd7poq,ฟิคสั้น (สั้นชิบหาຍ)|เบคฟรีน,러브린
r6515,Zd8fml,กลิ่นJasmine&rsquo;s #Freenbecky,Black_Velvet탁
r6518,Zd8jow,ศิรินทรา 4,มิน'ตา
r6530,Zd8stv,Until You Remember | Freenbecky,ทานตะวันน่ารัก
r6557,Zd9ep7,ชื่อเก้าทำไมชอบเรียกอาหนึ่ง|เบคฟรีน,คุณsnake
r6561,Zd9fnh,มึงเกลียดกูเพราะ|เบคฟรีน(กำลังรีไรท์),คุณsnake
r6567,Zd9joj,คนในฝัน|freenbecky,นมสตอเบอรี่
r6579,Zd9wna,ทฤษฎีนี้มีแต่รัก Freen / becky,ออ มอ กอ.
r6594,Zda7pt,𝙿𝚞𝚙𝚙𝚢 | เบคฟรีน,little_squid
r6610,Zdapfl,[END] รักนี้ไม่ได้อยู่ในสคริปต์|FreenBecky,ᴋ.ꜰʀᴀᴇɴ
r6613,Zdauwk,เจ้าแม่มาเฟีย | Beckyfreen&amp;freenBecky,Hollo KIDTY🎀
r6616,Zdaxxm,พี่ชิดซ้ายค่ะหนู | เบคฟรีน,little_squid
r6623,Zdb5uo,พรุ่งนี้จะยิ้มหรือจะผิดหวัง(เบคฟรีน),ฉลามตกใจ24689
r6632,Zdbaeh,พี่สาวคนสวย |ฟรีนเบค,GoodieGirl
r6641,Zdbg0y,กฎแห่งรัก | ฟรีนเบค,GoodieGirl
r6643,Zdbh7j,Secrets Under the Moonlight - ความลับใต้แสงจันทร์|ฟรีนเบค,lnsacio
r6644,Zdbi0f,จีบไอเสือ|freenbecky,นมสตอเบอรี่
r6670,Zdc53r,หมดรัก | เบคฟรีน,ตัวเล็กเองค้าบ
r6680,Zdcfxk,สักไว้ที่กลางใจ|เบคฟรีน,yu_minai._
r6688,Zdcn9v,CUTE! |ฟรีนเบค,ฟ้าคราม🌧️
r6690,Zdcpog,วันไนท์คนโปรด ฟรีนเบค,ไรท์แปลกๆ
r6694,Zdcrcl,เพียงเธอ|Freenbecky,becky
r6712,Zdd888,ไอ้ตาบ้า - ฟรีนเบค,กุยๆ
r6719,Zddci2,ฉันแพ้สายตาเธอจัง|เบคฟรีน,เธอสองคน
r6748,Zde1d5,คนร้าย แพ้รัก,จะแต่งกี่โมงง
r6759,Zdea3p,รักวัยเรียน#ฟรีนเบค,ปากกาน้ำหมึกหมด
r6779,Zdeoqg,สัญญา|เบคฟรีน,SB: pumpkin
r6789,Zdev55,ไร่(รัก)ธีย์รธาร,เจ้าชายแห่งดาวเหนือ
r6791,Zdewws,กูคิดเกินเพื่อนวะ.|ฟรีนเบค,ไม่หล่อก็ดูเอาค้าบบ
r6799,Zdf5w1,Not Me เธอคนนั้น(ไม่)ใช่ฉันแน่นอน :ฟรีนเบค,คุณบีเบล:)
r6800,Zdf8ik,รูมเมทของฉัน Part 2 | ฟรีนเบค,ไร้แสงไฟ
r6802,Zdfa9c,-Alice-|freenbecky,นมสตอเบอรี่
r6816,Zdfevo,IT&rsquo;S YOU | FREENBECKY,timeforsomefun
r6820,Zdfmv7,ทาสแมว &mdash; beckyfreen,unaaaaaaah
r6827,Zdfu2b,มิรินทร์ธิรา_อัญชิสา#ฟรีนเบค,p240951
r6833,Zdg3ke,เดี๋ยวตบฟันน้ำนมกระเด็น|ฟรีนเบค,Angelina
r6839,Zdg798,my kid (no),เสตรทเล่นกุอีกล่ะ
r6851,Zdgfsw,เธอพูดเหมือนเธอต้องการฉันจัง - ฟรีนเบค,กุยๆ
r6857,Zdgik2,โกโก้ปั่น - ฟรีนเบค,กุยๆ
r6875,Zdgybp,(คนในแชท ) . ฟรีนเบค,อะจึ๊ยย!!
r6876,Zdh0kr,เด็กประมูล | เบคฟรีน,little_squid
r6894,Zdhb8r,ภารกิจจีบรุ่นพี่|เบคฟรีน,Ni Run_cc
r6900,Zdhen5,รัก แรก แรก | ฟรีนเบค,คนหน้านิ่ง
r6902,Zdhfu3,ชีวิตนี้เพื่อเธอ|ฟรีนเบค,งงหนิ้?
r6905,Zdhh21,รักกันดีตีกันตุย-ฟรีนเบค,ดังโง๊ะชอบแดก
r6921,Zdhtlr,รักแรกพบ ss1|เฟเมษ์,Tomaatoo
r6930,Zdi1gu,Please believe me | FREENBECKY,Feliny
r6937,Zdi7tt,บอกรักเธอ/ฟรีนเบค,ยอมแล้ววว
r6950,Zdiijd,สิทธิ์ในการเลี้ยงดู|เบคฟรีน,ปาท่องโก๋
r6956,Zdinf7,ชอบแต่ไม่บอก | ฟรีนเบค,เทา
r6967,Zdiudq,memories of you,bbf
r6987,Zdjbf8,Vamp | เบคฟรีน,Little_Piyo
r6990,Zdjejl,รักแรกยินดีต้อนรับค่ะ - Becfreen,กวินวัชร์(Kawinwat)
r6994,Zdjhrq,perfect love | Freenbecky,ออ มอ กอ.
r7002,Zdjojk,สุรางค์ | เบคฟรีน,huh....1
r7004,Zdjoue,แฝด3โคตรวุ่นวาย|เบคฟรีน|,Hunter😪
r7009,Zdjrff,บังเอิญรัก | ฟรีนเบค,pipcy_
r7029,Zdk9ig,ศึกระหว่างสองตระกูล|ฟรีนเบค,สุดหล่อบ่อกบบบ
r7045,Zdkphr,NTR. | freenbecky,N'carrot
r7059,Zdl2dv,heartstopper - เบคฟรีน,angelisme
r7066,Zdl6nt,เพื่อนร่วมห้อง|ฟรีนเบค,love G
r7067,Zdl75w,คู่ชีวิตคือเธอ|ฟรีนเบค,min_750
r7075,Zdlagc,รักแรกพบ|เบคฟรีน|,kkkiioo
r7091,Zdlock,ไอ้ดื้อของเค้า|ฟรีนเบค,ฟรีนเบค💐💘
r7116,Zdm9we,ไอเนิร์ต(ฟรีนเบค),ปลาดาวว🙁
r7117,Zdmabb,diary hot chilli,little_bunny
r7118,Zdmanh,Peach 🍑 | เบคฟรีน,little_bunny
r7119,Zdmbgq,My little girl | เบคฟรีน,Little_Piyo
r7125,Zdmfwg,อยู่ๆก็ตกหลุมรักยายฝรั่ง,เขียนจนเมื่อยมือ
r7131,Zdmknf,หลงเด็ก ||เบคฟรีน,ann_`
r7132,Zdmm4v,คุณหนูเอาแต่ใจกับคุณมาเฟีย|เฟเมษ์,Tomaatoo
r7137,Zdmpjv,ดาวในฝัน|เบคฟรีน,อืมเคเลย
r7139,Zdmtdf,นาซ่าก็พาเธอกลับมาไม่ได้|แพรวลีน,คุณกลางคืน🌆
r7158,Zdn54j,แค่เพื่อน#ฟรีนเบค,B&amp;Fเท่านั้น!!
r7179,Zdni9o,รุ่นพี่ที่รัก |ฟรีนเบค,แมวแคะร้องอุอิอา
r7199,Zdnwai,How much lady - ผู้หญิงคนนี้ผมจะซื้อ,fareshyz
r7206,Zdo51a,เด็กใหม่:เบคฟรีน,ปลาดาวว🙁
r7219,Zdok52,แคสเปอร์//ฟรีนเบค//,JXSMINX 🔥
r7234,Zdox5l,Blue'|freenbecky,นมสตอเบอรี่
r7237,Zdp1y1,คุณรองประธานคะ|เฟเมษ์,Tomaatoo
r7238,Zdp22d,ม่านฟ้าชอบสีคราม | ฟรีนเบค,justyouandme4
r7250,Zdpc9q,ลูปนี้เพื่อเธอ,ทิวลิปสีท้องฟ้า
r7251,Zdpcfo,ปากกาเล่มทอง,ข้าวเกรียบ
r7256,Zdphub,love you my idol ; freenbec,mxrr&yuml;
r7261,Zdpmwh,คู่หมั้นสุดยั่วโมโห,หมาผี
r7271,Zdpw8y,รักที่ตามหา,R.M.U
r7276,Zdq1hs,สังคมมัวเมา | เบคฟรีน,little_squid
r7278,Zdq2hx,เขานรกานต์,ดงม่านหมอก
r7283,Zdqbfu,เสิร์ฟเลิฟสูตรลับ | Freenbecky,ทานตะวันน่ารัก
r7287,Zdqcwy,(Hot)nerd 🔥,คุณsnake
r7290,Zdqeux,ม๋าเด็กและพี่คนจ๋วย,ฉันอินนน
r7300,Zdqp2t,เพราะรัก,G
r7304,Zdqt8u,she's crazy!! | ฟรีนเบค,Shido&sup2;
r7318,Zdr6lb,เพียงเธอ  |  เบคฟรีน,ณ เส้นขอบฟ้า
r7330,Zdrg6y,รัตติกาล (ฟรีน-เบค),Read2
r7336,Zdrnpc,ถ้าเวลาย้อนกลับได้| FreenBecky,คุณบิ๊กแบร์
r7340,Zdrsei,พี่ว๊ากข๋าารักหนูได้มั้ย | เบคฟรีน,FB.K._.an
r7349,Zdryle,แพ้ใจ  |  เบคฟรีน,ณ เส้นขอบฟ้า
r7370,Zdsfbf,คนที่คุ้นเคย|ฟรีนเบค|ss1,กานต์
r7377,Zdshpp,Because I love you | FreenBeck,Lingly_FreenBeck
r7379,Zdsiag,พนักงานใหม่|ฟรีน เบค,kaimook
r7388,Zdslcm,ให้รักเป็นพยาน//ฟรีนเบค,มูมู่
r7390,Zdsm9k,return|ฟรีนเบค,แฟนใครเอ่ย?
r7405,Zdt4sn,คนของเฌอ|freenbecky,นมสตอเบอรี่
r7410,Zdt9hk,🧸หมาเด่กรักเจ้าของ🐶|ฟรีนเบค,อ่านเยอะๆน่า~~
r7411,Zdt9j4,รักเราคนละชั้น #ฟรีนเบค,ชอบกินชานมไขมุกก
r7417,Zdtcy3,เมียนอกสมรสฟรีนเบค,ไรท์แปลกๆ
r7419,Zdtfgr,"ไอหมาหยุด""เบคฟรีน""",คุณsnake
r7424,Zdtkov,Why |Freen Becky,Film m_
r7435,Zdtsef,กาลเวฬา,หัดแต่ง
r7451,Zdu9o9,เด็กน้อย🐰,Sine_enat
r7456,Zdub3p,เพื่อนหรือเฟื่อน|Freenbecky,ไม่จำเป็นคับ
r7460,Zdugbi,เมื่อรักเป็นเรื่องของเวลา|Freenbeck,Luna Noctis🌙
r7469,Zdunt9,ห้วงคำนึงรัก(crazy about chuuu)|ฟรีนเบค,suptim
r7481,Zduvef,ไอดื้อ /ฟรีนเบค,Pitta
r7491,Zdv4sn,CEO's Love Song,เรน
r7503,Zdv8cf,กลิ่นดอกไม้ | ฟรีนเบค,คุณดอกรัก
r7528,Zdvpiu,I can give you everything|ฟรีนเบค,มังกรเล่นหวยย
r7537,Zdvyah,ลวงรักกลางเงามืด |เบคฟรีน,ไรท์ชอบเรอ
r7548,Zdw4mq,ค่ำคืนนี้ | ฟรีนเบค,zaxie_ie
r7554,Zdw70x,dear aphrodite | ` freenbecky,GREYMOSHII
r7555,Zdw88i,ฟรีนเบค,การลับสยอง
r7559,Zdwe6k,puppy parn |freenbecky,ยืนกินไก่หน้าเซเว่น
r7566,Zdwibg,ฟรีนเบค,รักนี้ต้องเอาคืน
r7573,Zdwnuw,ไอ่หมาเด็กขี้อ้อน-freenbecky,I am Tak.
r7577,Zdwqsp,แล้วเราไม่รักกันตอนไหน | เบคฟรีน,Blood Moon:)
r7582,Zdwvig,บทสรุปสุดท้าย|ฟรีนเบค,นู๋จ้องตา
r7585,Zdwwvf,หมอ มารักกับเราเถอะ | freenbecky,axon_milo.
r7597,Zdx52w,Chereen | Freenbecky,Nszx_mz
r7600,Zdx7ip,รักแท้แพ้หมาเด็ก &ndash; ฟรีนเบค,I am Tak.
r7603,Zdxa6w,Island vamp | beckyfreen,&ETH;&oslash;m&igrave;ŋ&oslash;☆
r7613,Zdxe4y,คู่กัด | ฟรีนเบค,GoodieGirl
r7614,Zdxgc2,#อาโปเป็นของใคร (สิบแปดบวกonly),เจ้าโลกิ
r7622,Zdxpf4,กัดกัน|ฟรีนเบค,NIDA
r7641,Zdy38n,สาว ภูเก็ต,น้องม่อนเองจร้าาาาาา
r7652,Zdyb59,Fortune [ฟรีนเบค | เบคฟรีน],การันตร์
r7664,Zdyhlk,Cold-hearted | เบคฟรีน,หมาเด่ก
r7710,Ze0d34,Our Nightmare,หมาผี
r7712,Ze0dmd,ไม่ปล่อยมือ | ฟรีนเบค,แมวส้มล่อซื้อ
r7743,Ze1287,เสน่ห์หาต้องห้าม ฟรีนเบค,ผู้ที่ไร้รัก
r7748,Ze156w,รักนี้...ใครคุมเกม?,panphon_v2
r7751,Ze16rh,พิชญารินทร์ | freenbecky,blueskxy_
r7759,Ze1gw5,แล้วจะมีผมทำไม//freenbecky,JXSMINX 🔥
r7762,Ze1i44,ศิลปินที่รัก|ฟรีนเบค,ไม่จำเป็นคับ
r7771,Ze1mma,green - ฟรีนเบค,mxrr&yuml;
r7800,Ze25a7,เด็กคุณภาวินทร์ | ฟรีนเบค,little_bb
r7801,Ze25q2,คุณป๋า | เบคฟรีน,หมาเด่ก
r7807,Ze2bfa,ต่อเติมให้กับเธอ#ฟรีนเบค,Pancake🥞
r7810,Ze2d4k,คลั่งรัก | freenbecky,รักเฮียสโรชา
r7817,Ze2i5i,หนีตายเข้าป่า เจอผีน่ารักเฉย,หมาผี
r7827,Ze2nkg,more than LOVE |BeckyFreen,girlfreen
r7835,Ze2wdo,พี่ดูแลเราเอง | นัทพิชชา,แอดนี้แต่งไปเรื่อย｡⁠◕⁠‿⁠◕⁠｡
r7840,Ze32nr,เสียงสุดท้าย | ฟรีนเบค,hunso
r7846,Ze37rl,CEO ปากร้าย,น้องหมูน้อย
r7847,Ze38j2,ลุ้นรักท่านประธาน | FreenBecky,คุณบิ๊กแบร์
r7851,Ze3b3h,จ้าแม่ | FreenBecky,WINWIN♡
r7862,Ze3rxf,..รักเล่นคน.. | เบคฟรีน,นาโนฮะ
r7871,Ze410y,คู่หมั้นปากแข็ง|เบคฟรีน,ดอกไม้งาม🌷
r7882,Ze47o0,ขอโอกาส |Freenbecky,เบ๊บ
r7887,Ze4d8o,ไอเนิร์ด | เบคฟรีน,little_bunny
r7889,Ze4dk1,เด็กคุณภาคิน | เบคฟรีน,little_bunny
r7890,Ze4e76,เด็กซ้อทิวา | เบคฟรีน,my_girlfreen
r7897,Ze4m1g,เทอมันลูกคุณหนู,เดิมๆๆ
r7904,Ze4r7y,บอสหัวใจคุณหนู | FreenBecky,หิวข้าว
r7913,Ze559y,my fav ex doctor| freenbecky,Nszx_mz
r7921,Ze5a91,เพื่อน(ที่)รัก | ฟรีนเบค,อยากแซลม่อน
r7923,Ze5eex,สะใภ้อิสาน | ฟรีนเบค,I am Tak.
r7940,Ze5ucq,หรือพี่ชอบแก|ฟรีนเบค,คุณลลิน
r7942,Ze5usl,ตัวมัมที่แท้ต้องแพ้ฝรั่ง,Party
r7951,Ze5xwe,โตกว่านี้ | freenbecky,เมษาวรินทณ์
r7957,Ze60xy,UNDER THE WAITE COAT |ฟรีนเบค,Noiriv
r7960,Ze62kq,บอดี้การ์ด | ฟรีนเบค,This is.....
r7964,Ze66jh,กัดกันนักรักเลยแล้วกัน//ฟรีนเบค,มูมู่
r7968,Ze6b0w,ลูกหนี้สุดที่รัก | znm_iam,znm_iam
r7969,Ze6b5v,lana in the flower |FREENBECKY,whiteordark
r7976,Ze6e7w,แอคหมาซามอยด์ \\ฟรีนเบค,I am Tak.
r7978,Ze6fp0,ภาวินท์ | เบคฟรีน,MATCHA_MOON
r7982,Ze6ix0,ไฟรักเพลิงแค้น(ต้นน้ำ) ฟรีนเบค,ผู้ที่ไร้รัก
r7984,Ze6m25,สุดที่รัก|freenbecky,นมสตอเบอรี่
r7990,Ze6qte,Puppy Jes | Becfreen,คุณมล
r8000,Ze74jj,อนันตกาล,🌟ดาวเคราะห์แคระน้อย✨
r8006,Ze77ph,หลังงานแต่ง|เบคฟรีน,เธอสองคน
r8008,Ze78rv,ฉบับปรับปรุง|freenbecky,นมสตอเบอรี่
r8013,Ze7akl,เด็กเสี่ย | เบคฟรีน,my_girlfreen
r8024,Ze7icv,พี่คีย์ที่รัก|FreenBecky,เจ้าฟิล์มฟูเฟีย
r8025,Ze7inm,รอยรัก|ฟรีนเบค,พระจันทร์.
r8031,Ze7ko1,คุณมาเฟีย|เบคฟรีน,ดอกไม้งาม🌷
r8040,Ze7sps,ปิลันธนา &mdash; freenbecky,วิเวียน
r8041,Ze7svb,ตกหลุมรัก | FreenBecky,ไม่หมูนะคร้าฟ
r8054,Ze864h,My sunshine | freenbecky,&ETH;&oslash;m&igrave;ŋ&oslash;☆
r8055,Ze86ax,หนี้รัก(ไม่)ฉบับยัยตัวแสบ (ฟรีนเบค),ผู้ที่ไร้รัก
r8057,Ze86rl,(ไม่)เหมือนเดิม | Freenbecky,ทานตะวันน่ารัก
r8079,Ze8o74,ใจหล่น | freenbecky,wish.bloop 📸
r8090,Ze8sy5,อย่าลืมกัน | ฟรีนเบค,เที่ยงคืน
r8099,Ze8wq6,` Forever ` | ฟรีนเบค,แมวปิ้งง
r8108,Ze92y4,ทำไม่ได้เลย | FREENBECKY,timeforsomefun
r8112,Ze93h5,หม่อมย่ารู้เรื่อง!,....
r8124,Ze9b77,สะกดแค้นรัก | ฟรีนเบค,เจ้าไก่น้อย
r8131,Ze9gsf,พีไนน์ | ฟรีนเบค,11november
r8139,Ze9llp,(เรื่องสั้น),Pim_b
r8140,Ze9mfx,ฟรีนเบค,รักในนิยาย
r8150,Ze9roj,บอดี้การ์ดที่รัก | ฟรีนเบค,なつ (Natsu)
r8156,Ze9wa5,มาดาม | FreenBecky​,แต่งไปเรื่อย
r8157,Ze9waw,มนต์รักข้ามเวลา  |  ฟรีนเบค,อยากแซลม่อน
r8161,Ze9xn7,คำสั่งสุดท้ายคือรัก|ฟรีนเบค,Luna Noctis🌙
r8167,Ze9ysu,ความรักของหัวหน้ากรมป่าไม้ | ฟรีนเบค,เจแลนด์
r8170,Zea14v,nicotine | freenbecky,แมวปิ้งง
r8189,Zeab69,แค่พี่น้อง - freenbecky,I am Tak.
r8195,Zeadov,ฉันไม่ใช่เด็กเอ็น|ฟรีนเบค,ดอกไม้งาม🌷
r8198,Zeahho,หวาน เย็น|ฟรีนเบค,แมวน้อยยย~~
r8204,Zeakwk,ทิศเหนือโครตเนิร์ด|ฟรีนเบค,Freen Becky
r8216,Zeargb,คู่หมั้น|เบคฟรีน,เเซลม่อนอร่อย
r8223,Zeat10,เมืองเหนือ|เบคฟรีน,หัวเห็ด
r8225,Zeavj7,คุณหมอวิว | ฟรีนเบค,ʚ꒰ᴍ&iuml;ʏu͜͡ᴋ&iota;ˎˊ˗
r8226,Zeavs9,คุณหมอที่รัก | FreenBecky,candle
r8227,Zeavsp,รักสามเคร้า|ฟรีนเบค💖,ฟรีนเบค
r8241,Zeb4uk,บังเอิญเจอบังเอิญรัก|ฟรีนเบค,ไอเจ้าจิ๋ว
r8251,Zebf9h,ม๋าอย่าซน - freenbecky,ivy
r8254,Zebld1,หมาเด่ก,(ฟรีนเบค)
r8263,Zebqy9,โนอาห์ที่รัก|ฟรีนเบค,สมศรี อาลีบาบา
r8275,Zebymg,ปากไม่ตรงกับใจ|ฟรีนเบค,&bull;_&bull; 2%
r8277,Zec0q5,อะไรของเธอเนี่ย | ฟรีนเบค,เป็นนักอ่านที่อยากแต่ง
r8279,Zec0v9,รักวัยเรียน|ฟรีนเบค,FB|&radic;
r8280,Zec0yx,The puppy  |freenbecky,I am Tak.
r8286,Zec6pj,โลกเย็นชา||ฟรีนเบค,wlw☄️&hearts;️
r8287,Zec7ij,แล้วแต่แม่คุณ,luf
r8297,Zeceqq,คู่จิ้นหรือคู่จริง!!|เบคฟรีน,Sine_enat
r8316,Zecptn,(os) young and beautiful || freenbecky,phapwat_
r8319,Zecs0m,อย่าขัดใจฉัน|เบคฟรีน,เธอสองคน
r8320,Zecs3m,หมวยฝรั่ง |ฟรีนเบค,อลัน
r8328,Zecvt1,พรมลิขิต | BeckyFreen,ตัวเล็กเองค้าบ
r8353,Zedebb,ถ้ารักมากพอ(ฟรีนเบค),ไอต้วน
r8411,Zeej5g,รักน้องได้มั้ยถ้าไม่ติดอะไร|ฟรีนเบค,รักฟรีนเบคที่สุด
r8423,Zeeukb,คุณอา&hellip;.เป็นของฟ้า|เบคฟรีน,ดอกไม้งาม🌷
r8431,Zef00t,ป่าไม้พบรัก | beckyfreen,เป็ดน้อยยยย
r8449,Zefa0i,เด็กของพี่น่ารักที่สุด//เบคฟรีน,น้องม่อนเองจร้าาาาาา
r8457,Zefexy,หวานใจ#ฟรีนเบค,ไม่ระบุตัวตน
r8462,Zefie5,เจ๊มาเป็นหลัวหนูเหอะ bf,11.
r8465,Zefkq6,พ่อครูของหนู|Ling Orm InglotFreenbeck,อัจจิมา
r8499,Zeg6uf,ประธานบริษัทกับเด็กฝึกงาน//ฟรีนเบค,ที่ให้ไป ใจสั่งมา.ฯ
r8521,Zegrwh,เรื่องระหว่างเรา | FreenBecky,axon_milo.
r8530,Zegx4w,วิศวะคุมโทรโดนหมอคุมใจ|ฟรีนเบค,โนอี้หลานนนท์
r8534,Zeh16v,T-REX|ฟรีนเบค,Tidnon
r8543,Zeh6xo,สะใภ้ไฮโซ|ฟรีนเบค,morning
r8552,Zehab7,ถ้ารักมากพอ (2) ฟรีนเบค,ไอต้วน
r8584,Zeht2s,𝑆𝑎𝑚𝑜𝑦𝑒𝑑 𝑝𝑢𝑝𝑝𝑦 | เบคฟรีน,my_girlfreen
r8586,Zehtt8,𝑆𝑢𝑔𝑎 𝑚𝑎𝑚𝑚𝑦 | เบคฟรีน,my_girlfreen
r8591,Zehut7,เด็กพี่แพท | เบคฟรีน,little_squid
r8593,Zehwjj,เจย์หมามอม | เบคฟรีน,อลัน
r8599,Zei1pn,รักแรกพบ|เบคฟรีน,ตะวัน
r8607,Zei5lv,คนสวยประจำโรงเรียน | BeckyFreen,axon_milo.
r8615,Zei705,สยบเสือ|ฟรีนเบค,หิวข้าวว
r8643,Zeit58,ยังคงรอ | ฟรีนเบค,FB.K._.an
r8654,Zej4lb,EVERYBODY WANT TO BE IN LOVE | FREENBECKY,ยัยน้ำสุดน่ารัก
r8657,Zej6a8,แอบแซ่บแม่บ้านขี้อ่อย,A.
r8659,Zej6j1,รักวุ่นๆ บ้านสี่พี่น้อง,เจ้าความรัก
r8662,Zej8mu,จีบคนอย่างเธอ | เบคฟรีน,คุณ ไรท์
r8667,Zejbxr,จอมไหน ไหนหล่ะที่ชื่อจอม,The final level
r8702,Zejtw9,[2shot] Eternal - freenbecky,ธัญกร
r8709,Zek05w,เก้าสิบปีแสง -ฟรีนเบค-,แจกันว่างเปล่า
r8710,Zek0st,Victoria | Freenbecky,Bena
r8722,Zek9e8,Lucie | Freenbec,Bena
r8755,Zeknvo,เธอคือคดีที่ยากที่สุด//ฟรีนเบค,JXSMINX 🔥
r8770,Zel4my,ยูกม๋ากับนายหญิง,แมวทะเลเหนือ
r8796,Zelnbf,คนของใจ🩷|ฟรีนเบค,วิภารัตน์ ฯ.
r8799,Zelov7,ธารา|ฟรีนเบค,คุณซานต้า
r8845,Zemict,รักต้องห้าม|ฟรีนเบค อิงล็อต,ไอเจ้าจิ๋ว
r8846,Zemild,ขันธ์ผี|ฟรีนเบค,รัตนะทิพย์
r8847,Zemirg,ลูกคือของขวัญ,Beeemm
r8850,Zemk96,แค่เพื่อน&hellip;.?|เบคฟรีน,ดอกไม้งาม🌷
r8852,Zemkmu,#น้องแพทจะกินหมูแดง l เบคฟรีน,เจ้าโลกิ
r8863,Zemq65,วิธีจีบพี่แฟนซี | freenbecky,triplese7en
r8867,Zemsyr,คุณชนรกานต์คะ | BeckFreen,เดือนเพ็ญ
r8877,Zemyub,Director,7July.
r8889,Zen5ml,[ฟิคสั้น] รังรัก#ฟรีนเบค,ไอ แอม ทุย
r8893,Zen8dh,อาร์เธอร์|ฟรีนเบค,อัศวินรัตติกาลผงาดแชมป์โลก
r8895,Zena60,คุณภรรยา|ฟรีนเบค,yimyam
r8903,Zenkab,ฟรีนเบค,รักในนิยาย
r8908,Zenolj,เธอคือของฉันคนเดียว[ฟรีน-เบค],อะไรหว่าา
r8913,Zenpnf,ลูกมาเฟียพบรัก-ฟรีนเบค,WARINYA_.
r8925,Zenxyi,รุ่นพี่ดาวโรงเรียน|FreenBeck,ปีนึงอัพที
r8926,Zenyc1,คนหนึ่งก็ดี อีกคนเคยทิ้งไป(ฟรีนเบค),ฉลามตกใจ24689
r8930,Zeo19r,เบ้บน่ารักที่สุด | ฟรีนเบค |,ความรักสุดแซ่บ
r8934,Zeo2wh,เธอกับฉันแค่ฝันก็พอ[Freenbecky],fah_xc
r8940,Zeo70i,"the reversal , beckfreen",bluebunny.
r8956,Zeog7h,"Yoon-ah , freenbecky",phoprakahpk
r8966,Zeoprf,รู้ตัวในวันที่สายไป,k.
r8997,Zep6j1,friend zone| BecFreen,MJJ🗿💪🏻
r9000,Zep73q,เสน่ห์หา | FreenBecky,axon_milo.
r9007,Zepa4y,fri ( end  ) &mdash; freenbeck,cigarq
r9016,Zepdth,"เพชฌฆาตในร่างองครักษ์|ฟรีนเบค,น้ำตาลฟิล์ม,อิงล็อต",ไดโนเสาร์&lt;:
r9022,Zepgdl,memory &mdash; freenbecky,ทีที27
r9025,Zepiqs,คนของรอยยิ้ม | Freenbecky,ทานตะวันน่ารัก
r9027,Zepj9v,คดีลับฉบับรัก | Freenbecky,ทานตะวันน่ารัก
r9029,Zepjq8,แอบปลื้มกลายเป็นรัก | Freenbecky,ทานตะวันน่ารัก
r9034,Zepq5x,ดารณี | เบคฟรีน,somsri girengsang_
r9035,Zepqqw,ไหนหล่ะสัญญา|เบคฟรีน,อย่าขมเยอะดิพี่
r9051,Zepyb0,รักเเลกเจ็บ - beckyfreen,FB.K._.an
r9077,Zeqct6,ทุ่มสุดใจให้เธอคนเดียว (ฟรีนเบค),the lion
r9096,Zeqm1y,ฟรีนเบค,รักในนิยาย
r9099,Zeqntt,ศิลปินคนโปรด#ฟรีนเบค,ไรท์ติ่ง
r9124,Zeqxny,สูตรเสน่หา | ฟรีนเบค,GoodieGirl
r9125,Zeqy1i,coffee or me |ฟรีนเบค,GoodieGirl
r9135,Zer25x,นับเก้า - freenbceky,สองห้าอวลศิลป์
r9146,Zer6rl,"""เลือกไม่ได้...แต่ใจมันเลือกแล้ว""",R.M.U
r9147,Zer8gk,CEO|ฟรีนเบค,มุแพท🤓
r9162,Zergt3,หัวใจหมอที่มอดไหม้ | ฟรีนเบค,GoodieGirl
r9169,Zerj36,รักแรกฉันยกให้เธอ(เพชรในรัก) ฟรีนเบค,ผู้ที่ไร้รัก
r9183,Zerpuw,แน่จริงก็เลิกเจ้าชู้เพื่อเราดิ | Freenbecky,เมษาวรินทณ์
r9205,Zes8p3,แต่งงานเพื่อผลประโยชน์|ฟรีนเบค,จุ๋ยเองครับ
r9212,Zesdni,#อาโปเป็นของใคร ll ฟรีนเบค,เจ้าโลกิ
r9220,Zesj19,เป็นคนอีสานมันผิดหรอ | freenbecky,เป็ดน้อยยยย
r9226,Zesou5,เพียงวรัญญา | freenbecky,blueskxy_
r9242,Zeswjm,พี่จ๊ะพี่จ๋า - #เบคฟรีน,sxouw
r9286,Zetksl,0133 (os) | freenbecky,blueskxy_
r9287,Zetluf,เพื่อนไม่ใช่เซฟโซนที่ดี - freenbacky,Kttt
r9289,Zetmij,ทำไมมัทฉะต้องขม,phayuu;
r9298,Zett1o,ปากเกียตินิยม|เบคฟรีน,ไรท์ชอบเรอ
r9324,Zeu6ir,รักแรกในเพศเดียวกัน|ฟรีนเบค,กุ๊กๆกู๋วววว
r9340,Zeuhqg,ฉันเกลียดคุณ|เบคฟรีน,ดอกไม้งาม🌷
r9348,Zeuo95,ฝันร้ายกลายเป็น &hellip;ดี &mdash; BECFREEN,จ๋องบอย
r9367,Zeuxgr,คุณเฟยชอบใส่นาฬิกา &mdash; freenbecky,&mdash; jayp&eacute;
r9368,Zeuxjd,ฆาตกรปริศนา| FreenBecky,คุณบิ๊กแบร์
r9377,Zev1qw,ตกหลุมรักยัยสุดสวย,สาววายสมองไหล
r9388,Zev8oh,defraud  #freenbecky,แปดเก้า
r9392,Zev9nd,แอบชอบ|ฟรีนเบค,ไวค์ช็อค
r9403,Zevgm1,Bluerose -Freenbecky-,ห้าสิบแปด
r9412,Zevlhu,Lady of Mine | beckfreen,เดือนเพ็ญ
r9433,Zevys5,แฟนเก่าเธอ|Freenbecky,ไม่จำเป็นคับ
r9434,Zew01n,รับผิดชอบด้วยรัก,ชาไต้หวันนน
r9446,Zew3pb,คนเย็นชาครั้งรัก|เบคฟรีน,@sineeeee
r9451,Zew6g6,แหวนไม่มีเพรช|ฟรีนเบค,มันจะไอนั้น
r9456,Zew9jx,ไถ่โทษ|ฟรีนเบค,มือด้านด้าน
r9466,Zeweur,อยากเจอกันไหม|ฟรีนเบค,นู๋จ้องตา
r9474,Zewkaq,ศัตรูหัวใจ..ให้ตายเถอะยัยนี่อีกแล้ว,Northern Lights
r9476,Zewl6r,ทำไมทิ้งกันแบบนี้ |ฟรีนเบค,ไวค์ช็อค
r9484,Zewort,แล้วแต่ใจ๋ - เบคฟรีน,Whitechock.
r9514,Zexejq,ภัทรธิดา|ฟรีนเบค,ไวค์ช็อค
r9522,Zexih5,เพลงใจ | ฟรีนเบค,ฟ้าคราม🌧️
r9545,Zey28w,เราเคยรักกัน ฟรีนเบค,ผู้ที่ไร้รัก
r9567,Zeyjg6,แด่ผู้เป็นรักเดียว|Freenbeck,ในวันที่ว่างเปล่า
r9579,Zeyrn4,แฟนเอ๋ย|freenbecky,นมสตอเบอรี่
r9591,Zf00ep,𝑶𝑺 | ฟรีนเบค/เบคฟรีน,น้องพุง
r9596,Zf02ps,เอางี้นะแม่ &mdash; freenbecky,ยี่สิบสี่
r9597,Zf02py,จามินทร์ตะวัน - freenbecky,สองห้าอวลศิลป์
r9606,Zf08sw,คุณเทียร์ร่า &mdash; freenbecky,วิเวียน
r9623,Zf0iov,ใจรัก|ฟรีนเบค,นู๋จ้องตา
r9633,Zf0n9m,รักแรกพบ | ฟรีนเบค,อิท อีท ทิวลิป
r9636,Zf0od6,ไม่ชอบหรอคะ| freenbecky,sunflower _85
r9639,Zf0q19,(ไม่)ใช่แค่เพื่อน | Freenbecky,ทานตะวันน่ารัก
r9656,Zf12gl,เมียมาเฟีย | FreenBecky,candle
r9659,Zf15le,ยังคงเป็นเธอ//ฟรีนเบค,มูมู่
r9662,Zf17qw,คุณตำรวจที่รัก|freenbecky,FB.K._.an
r9663,Zf17r8,ความฝันที่เรายังรักกัน. ฟรีน เบค,ผู้ที่ไร้รัก
r9671,Zf1c8r,คำถาม |เบคฟรีน ฟรีนเบค,ฉลามตกใจ24689
r9676,Zf1f9t,Found #ฟรีนเบค,ชอบกินแซวม่อน✨
r9693,Zf1r2g,Forever Exchange,เดซี่ฤดูหนาว
r9701,Zf1xw6,รักนี้จะเป็นเช่นไรคือเราและชะตาเท่านั้นที่สามารถกำหนดได้ 1/2/6| ฟรีนเบค,Rb รูบิเดียม
r9705,Zf204k,ถนอม | ฟรีนเบค,RAWiSA.
r9725,Zf2bb4,ฟรีนเบค,รักในนิยาย
r9736,Zf2hb5,แยกย้ายกันไปเติบโต|ฟรีนเบค,ไวค์ช็อค
r9739,Zf2i8c,New kid | ฟรีนเบค,zaxie_ie
r9744,Zf2lux,Artista del tatuaje (ช่างสัก)BecFreen,คุณsnake
r9762,Zf2w4g,Sam | Freenbecky,- BF -
r9770,Zf3231,รอ|ฟรีนเบค,freen
r9795,Zf3nbq,เรื่องนี้รสชาติไวน์ 2/2/6 | ฟรีนเบค,Rb รูบิเดียม
r9798,Zf3si3,ยกเว้นแค่เธอ|ฟรีนเบค,เธอสองคน
r9804,Zf3wpa,Rainfall - สถาฝน | ฟรีนเบค,lnsacio
r9807,Zf41ue,&ldquo;รังสิมันต์จันทรา&ldquo;[CARESS]|ฟรีนเบค|,suptim
r9811,Zf43bm,girl next door | freenbecky,blueskxy_
r9822,Zf4cjp,รักเหนือกาล|ฟรีนเบค,FB|&radic;
r9824,Zf4df5,เจ๊อยากได้เมะหล่อ | เบคฟรีน,little_squid
r9825,Zf4dij,เมาได้เมีย | เบคฟรีน,little_squid
r9828,Zf4f2g,บอดี้การ์ดคนนี้จะปกป้องคุณหนูเองค่ะ | ฟรีนเบค,K โพแทสเซียม
r9831,Zf4ht6,Under Her Heels &mdash; bf,เดือนเพ็ญ
r9847,Zf50k5,Majitsuka Gakuen | ความรักในมาจิโจ,เฮดก็คือเฮด
r9851,Zf5358,โปรดส่งเธอมารักอีกครั้ง,ฟิว
r9852,Zf54q0,เพื่อนสนิทนะเว้ย#ฟรีนเบค,เซ้นต์ที่รักเดียวใจเดียว
r9853,Zf54rm,คุณนักเขียนคนโปรด,ZO_NE
r9890,Zf61g4,พ่อแม่เจอกันที่ไหนคะ|FreenBecky,dell_rlob
r9894,Zf647p,เด็กพี่ซ้อ,หมาผี
r9898,Zf66tk,ขอมนิรันดร์ | BeckyFreen,ยะเดือน
r9904,Zf68hk,เสี้ยวเศษใจ (เบคฟรีน),ดาวปลาวาฬ
r9905,Zf68vb,A Beautiful Toxin&mdash;ฟรีนเบค,อะลัยอ่าาา
r9931,Zf6o94,มาเฟียที่รัก (ฟรีน เบคกี้),มาเฟียที่รัก (ฟรีน เบค)
r9935,Zf6pm3,Please me.  (Rewrite)  | Freenbecky,ทุ่งทิวลิปเขียวขจี
r9960,Zf7812,"dnlr , freenbecky",phoprakahpk
r9962,Zf78j2,โซ่รักอัคคี | FreenBecky,axon_milo.
r9980,Zf7iua,เศษแก้ว - freenbecky,ธัญกร
r9986,Zf7lou,ธีรลักษณ์ | freenbecky,blueskxy_
r9987,Zf7n0j,รักนี้จะไม่หายไป#ฟรีนเบค,ณัชชา
r9990,Zf7pb7,ตะวันมาลา - freenbecky,ธัญกร
r10009,Zf7xnq,Lucas /ฟรีนเบค,ญ.ญ
r10029,Zf85xl,รักของเราเป็นไปไม่ได้/ฟรีนเบค,กูจะล้าแบ้
r10030,Zf862s,ฟิคสั้น | Freenbecky,ทานตะวันน่ารัก
r10038,Zf88yl,แชทลับเจ้าขา | เบคฟรีน หรือ ฟรีนเบค?,- BF -
r10041,Zf8a9y,zombie | freenbecky,blueskxy_
r10042,Zf8b20,lost in lyrics &mdash; freenbecky,&mdash; jayp&eacute;
r10045,Zf8cex,ยัยตัวแสบกับยัยนํ้าแข็ง ฟรีน/เบค,ผู้ที่ไร้รัก
r10064,Zf8vco,PassionateLove| BeckyFreen,ยะเดือน
r10065,Zf8vrw,ยาสั่งพ่อครู|ฟรีนเบค|,suptim
r10070,Zf8y64,Dear Secretary - เลขาที่รัก | เบคฟรีน,lnsacio
r10081,Zf98fn,สุดท้ายฉันก็แพ้เธอ#ฟรีนเบค,June 🏳️&zwj;🌈
r10093,Zf9ev5,Charm |ฟรีนเบค,เววรินท์
r10141,Zfa86v,พันธะกลิ่นต้องห้าม l เบคฟรีน,ลิลลี่แรกแย้ม
r10147,Zfabvs,สายไป|lnglot,white cat!
r10175,Zfar46,hoodlum | เบคฟรีน,little_bunny
r10176,Zfar7e,Beneath Her Roof | เบคฟรีน,little_bunny
r10177,Zfarf4,Step by Her Side|เบคฟรีน,Little_Piyo
r10178,Zfari7,No Mercy| เบคฟรีน,Little_Piyo
r10201,Zfb6tm,น้ำเต้าหู้ - ฟรีนเบค,sunshine`sea
r10240,Zfbxu5,ยัยเด็กแสบข้างบ้าน,freen becccca
r10247,Zfc424,มุทำดีๆ  &mdash; mapat (os),ยี่สิบสี่
r10248,Zfc455,ระดับตัวเเม่! (ฟรีนเบค),ชีสเสริฟ
r10298,Zfd3im,บอสสุดเย็นชา|ฟรีนเบค,แจนนี่อิอิ
r10301,Zfd609,Eye on me - freenbecky,ธัญกร
r10302,Zfd66w,test - freenbec,สิบ
r10309,Zfd98w,short story|ฟรีนเบค,ผ่อนคลายใจ
r10310,Zfd9lc,Forbidden Love - รักต้องห้าม | beckyfreen,lnsacio
r10323,Zfdiu0,คนที่เธอชอบเขาเป็นนักเลง |ฟรีนเบค|,ฟรีนเบค
r10332,Zfdn9j,ซ้ายลูกแมว ขวาพี่คนสวย|ฟรีนเบค,รักฟรีนเบคที่สุด
r10337,Zfdpcm,แอบรัก|freenbeck,yuri
r10341,Zfdr7x,เธอ | freenbecky,เลิฟยูมายฟรีน^^
r10356,Zfe1nf,สาปรักนาคา | FreenBecky,คุณบิ๊กแบร์
r10361,Zfe4cb,ในวันที่ฝนตก|freenbecky,ในวันที่ว่างเปล่า
r10387,Zfegnk,ภพเธอ| beckyfreen,lnsacio
r10413,Zff09y,#คุณตากล้อง//ฟรีนเบค,แล้วไง👾🐶
r10422,Zff3eo,โชคชะตา พามาเจอ|ฟรีนเบค,bbaiifernn
r10433,Zff7pg,รอแค่เธอ|ฟรีนเบค,เธอสองคน
r10439,Zffb83,เหนือธารา | ฟรีนเบค,worwordor
r10441,Zffbw4,ใต้รอยยิ้มที่ไร้เสียง ; Freenbecky,Pia._.
r10461,Zffol8,เธอมันร้ายไอ้ฟรั่ง|ฟรีนเบค,FB.K._.an
r10490,Zfg49n,นายแม่(God Mother)|ฟรีนเบค|,suptim
r10491,Zfg4wt,รักมนต์ดำ |ฟรีนเบค|,Nam15_37
r10495,Zfg8lg,พี่รักเธอ - ฟรีนเบค,Piyaporn:^D
r10505,Zfgf9n,เธอบอกให้พี่รอ | ฟรีนเบค,ไวค์ช็อค
r10541,Zfgxsb,สุดท้ายก็แค่พี่น้อง | FreenBecky,แมวมอม
r10543,Zfh2a2,fifteen - สิบห้า  | beckyfreen,lnsacio
r10552,Zfh7ku,ครับเจี๋ย - เบคฟรีน,อลัน
r10554,Zfh9ii,ไม่ต้องกลัวค่ะคนดี |Freenbecky|,Cakekubb
r10572,Zfhkd9,เพื่อนแบบใด|เบคฟรีน,ฉลามตกใจ24689
r10573,Zfhm1p,กลิ่นวลัญช์ลดา||ฟรีนเบค,khun_Donut
r10576,Zfhmtn,เพียงกระซิบ | ฟรีนเบค,somsri girengsang_
r10593,Zfhy9e,Don't look for me - อย่าตามหาฉัน | เบคฟรีน,ไรท์คนโปรด
r10597,Zfi262,Dangerous &bull;Freenbecky&bull;  Date:08-08-2025,ห้าสิบแปด
r10613,Zfidoq,เหมือนฝัน,จักรวาลแห่งดวงดาว💫
r10622,Zfijuw,my darling#ฟรีนเบค,- BF -
r10647,Zfj24e,สมิงมหิธารา | BeckyFreen,ยะเดือน
r10650,Zfj3xy,หลงเด็ก|ฟรีนเบค,KHUNACT
r10652,Zfj4i5,บอดี้การ์ดสาวกับคุณหนู,เฮดก็คือเฮด
r10658,Zfj6t0,พริดา | BecFreen,Ladawan_✌🏻🌸
r10668,Zfjaq7,เนิร์ดก็รักเป็นนะเธอ=เบคฟรีน,คนดีคนเดิม
r10672,Zfjcqo,等待 - becfreen,mxrr&yuml;
r10674,Zfjd1h,เหนือดอย - freenbecky,Ichitangreentea.
r10678,Zfjf0f,เทอคือเหตุผลที่ทำให้ฉันกลับไปมองอดีต |ฟรีนเบค,bbbabe
r10689,Zfjk3y,พานภพ | เบคฟรีน,MATCHA_MOON
r10694,Zfjmgr,อาชาไนยไม่ซื่อ - ฟรีนเบค,LLUMOSS
r10696,Zfjn6j,R3AD-ISH ME | เบคฟรีน,เจ้าโลกิ
r10720,Zfk9bj,Soy milk -น้ำเต้าหู้ | ฟรีนเบค,lnsacio
r10721,Zfk9g2,เมื่อใจต้องเลือก | ฟรีนเบค,มีใจ ♡
r10730,Zfkdyr,คุณเหม่ยลี่ - freenbecky,ธัญกร
r10741,Zfkmb4,ความลับของฉัน|Freenbecky,ขยันก็เขียน
r10759,Zfktv7,ตกหลุมรักสาวไลฟ์สด |ฟรีนเบค,Record78
r10760,Zfku7s,อจ. [freenbecky],ห้าสิบแปด
r10783,Zfl8ha,Oops! Ex.  #ฟรีนเบค,ไอ แอม ทุย
r10791,Zflbiv,รอยยิ้มของเธอคนนั้น | เบคฟรีน,little_bunny
r10793,Zflbq8,Don&rsquo;t Love Me | เบคฟรีน,little_bunny
r10794,Zflbwm,พี่เพลิง | เบคฟรีน,my_girlfreen
r10795,Zflc40,พ่อเลี้ยงคิม | เบคฟรีน,my_girlfreen
r10796,Zflc82,เฮียซี | เบคฟรีน,my_girlfreen
r10797,Zflcad,bakery | เบคฟรีน,my_girlfreen
r10799,Zfld5x,#เป้ปโป้ | beckyfreen,espaciopersonal
r10826,Zflwr3,ความรักที่หล่นหาย|ฟรีนเบค,ทิวลิปที่เธอลืม
r10829,Zflygf,รักในเงา#ฟรีนเบค,B&amp;Fเท่านั้น!!
r10854,Zfm9ct,ง้อตามสไตล์เบคฟรีน,หึงกันเก่งง
r10857,Zfmbjt,โรงเรียนคู่อริ,เฮดก็คือเฮด
r10876,Zfmlnk,เพื่อนรัก รักเพื่อน #ฟรีนเบค,- BF -
r10885,Zfmpn3,รับรักได้แล้ว|ฟรีนเบค,ต้อแต้
r10900,Zfn0no,MADE WITH LOVE｜FREENBECKY,ᴋ.ꜰʀᴀᴇɴ
r10952,Zfnoeh,ฟรีนเบค&amp;หลิงออม,pน้ำเพ็ชร
r10987,Zfo66o,Theepiclovestory  | BeckyFreen,ยะเดือน
r10988,Zfo6cl,เพลิงแค้นข้ามภพ,Warm sunlight🌞
r10996,Zfoe9d,Tough Talking |freenbecky,fah_xc
r11042,Zfp9cv,Friction of Love  #ฟรีนเบค,ไอ แอม ทุย
r11050,Zfpi0j,อาคเนย์ | ฟรีนเบค,คุณซานต้า
r11055,Zfpmwa,The Third Love Theory,ZO_NE
r11064,Zfpt6t,คุณประธาน! | ฟรีนเบค,The sky🌠
r11080,Zfpydd,ดั่งดวงใจเพทาย | freenbecky,blueskxy_
r11088,Zfq2hr,ตระกูลต้องคำสาป,Crimson Flower of Celestial
r11089,Zfq380,เพียงแสนรัก | FreenBecky,เผลอรักหมดใจ
r11090,Zfq38n,วันๆพันกว่าเรื่อง,เฮดก็คือเฮด
r11104,Zfq8ih,แว่นมานี่มา - freenbecky,สองห้าอวลศิลป์
r11106,Zfq9ae,butterfly | freenbecky,blueskxy_
r11107,Zfqb06,flower and rain | freenbecky,blueskxy_
r11114,Zfqe33,แมวของเก่ง|freenbecky,แจนนี่สกีบีกี้
r11121,Zfqk4b,รุ่นน้องดาวมหาลัย | ฟรีนเบค,หมูกรอบ~●
r11122,Zfqk6q,แค่ลูกน้อง?| ฟรีนเบค,รัชกนก ฯ.
r11152,Zfr61x,รักแรกแห่งท้องทุ่ง | เบคฟรีน,little_squid
r11160,Zfrbh6,police | เบคฟรีน,little_squid
r11164,Zfrh1c,ถ้าใช่เราวนกลับมาใหม่นะ,kakaka
r11185,Zfrs94,อีกครั้ง | ฟรีนเบค,ไวค์ช็อค
r11188,Zfrvlp,only you ; freenbecky,N.
r11190,Zfrwdh,puppy next door ? | Freenbecky,merxlittlepuppy
r11220,Zfsg9g,ปากถ้ำเสือ| FreenBecky,candle
r11222,Zfsh2w,เงื่อนไขรัก.ฟรีนเบค,ความลับที่ซับซ้อน
r11223,Zfsh5h,มัทนานรินันท์ | beckyfreen,ousip
r11226,Zfsjbh,ไอ้โบ้!!!!,kittima__
r11243,Zfsulx,ทำไมไม่ถาม|เบคฟรีน,ไดโน
r11249,Zft1t0,บอริการ์ดของชั้น,malirn
r11260,Zft8jx,วิกาลการเวก [เบคฟรีน],วิกาลการเวก
r11263,Zftby5,วาสนาceo|ฟรีนเบค,หมาเด็กแต่แก่
r11293,Zftsgo,ไอ้โบ้|เบคฟรีน,ไดโน
r11310,Zfu3gi,VFelonious|BeckyFreen|,KPhat
r11342,Zfulkl,her _ | ฟรีนเบค|,Sweet Pea809
r11343,Zfuma1,แม่สาวเจียงใหม่-freenbecky,FB.K._.an
r11344,Zfumhe,"คุณธนภัทร , freenbecky",phoprakahpk
r11352,Zfurhr,ฮอตคู่แล้วไง|เบคฟรีน,หมาเด็กแต่แก่
r11356,Zfusev,เหนือดวงดาว&hellip;มีเพียงเรา//ฟรีนเบค,สุนัข ผี🐶
r11359,Zfuuth,รักไม่สมหวัง ฟรีน|เบค,แต่งเพื่อความสนุก เพราะผมตกหลุดรักเขา
r11367,Zfv18v,โจ๋จิ้กโก๋ปากซอย|ฟรีนเบค,แฟนใครเอ่ย?
r11375,Zfv5hr,"Trirat , freenbecky",phoprakahpk
r11376,Zfv5qa,เป่าเป้ย#ฟรีนเบค,- BF -
r11380,Zfv7mn,ดอกกุหลาบที่หอมหวาน|Freenbecky,Rose Ro Sa Lind
r11383,Zfv8c6,ฤดูใหม่ของหัวใจ | freenbec,ᴊᴇᴛʏɪᴍ
r11385,Zfv8x6,ข้ามเส้นคู่จิ้น ~ FREENBECKY~,ก่อนจะเที่ยงคืน
r11388,Zfvb2s,Heart in a confined space - หัวใจในพื้นที่จำกัด | ฟรีนเบค,lnsacio
r11403,Zfvpvj,คุณหญิงนํ้าแข็งกับยัยลูกคุณหนูลูกไฟ#ฟรีนเบค,i1578
r11405,Zfvt51,ถ้าพี่ให้หนูกระโดด หนูก็จะถามว่าสูงแค่ไหน,หยดฝนสีหมึก
r11406,Zfvt60,กูชอบมึงว่ะ | ฟรีนเบค,pie
r11410,Zfvv4c,คุณไทป์ - ฟรีนเบค,อลัน
r11428,Zfw5lj,Mad dog| BeckyFreen,pxeurs
r11429,Zfw63c,สก๊อยตานี -เบคฟรีน,pxeurs
r11436,Zfw9sl,คุณบอสชอบเลขาตัวเอง,ฟรีนเบค
r11438,Zfwabp,One shot | freenbecky,blueskxy_
r11440,Zfwb62,มันเจ็บรู้ไม,ฟรีนเบค
r11442,Zfwc4t,หนุ่มน้อยกับพี่สุดหล่อแต่มีคนที่แอบชอบแล้ว,ฟรีนเบค
r11443,Zfwcy2,คุณภรรยาอันเป็นที่รัก,ฟรีนเบค
r11463,Zfwnbv,Illuminate - freenbecky,ธัญกร
r11474,Zfwtk8,รักที่เป็นเรื่องยาก | freenbacky,หอมเอง!!
r11490,Zfx213,เรื่องของเรา - ฟรีนเบค,อลัน
r11502,Zfxa30,แอบรัก ฟรีน/เบค,i1578
r11513,Zfxf8k,จากลูกหนี้กลายเป็น.. | Freebeck,ลิลลี่สีแดง 🥀
r11527,Zfxsa9,ความลับซุปตาร์ | Freenbecky,ฟิล์มดำ
r11529,Zfxt59,ลีลาวดี | beckyfreen,lnsacio
r11539,Zfy1o9,หน้าที่กับหัวใจ | FREENBECKY,ᴋ.ꜰʀᴀᴇɴ
r11544,Zfy430,รักเขามากแล้วกลับมาหาฉันทำไม|ฟรีนเบค,ขนมปังปิ้งเนยชีส
r11550,Zfy6yb,[จบแล้ว] หนูนารักคุณช้างคนเดียว GL- Yuri/FreenBecky,ยายถั่วฝักยาว
r11569,Zfyjyf,แด๊ดดี้มาเฟีย ( Daddy Mafia) | ฟรีนเบค,lnsacio
r11590,Zfywbp,หวนกลับมา.... [ฟรีนเบค]... ยูริ,Pancake🥞
r11593,Zfyxdw,วิหารซ่อนรัก/ BeckyFreen,ยะเดือน
r11604,Zg04qm,ม๋าเด้ก【เบคฟรีน】,kittima__
r11615,Zg0cax,soy bad |freenbecky,ยืนกินไก่หน้าเซเว่น
r11619,Zg0dbl,ฟรีนเบค,รักในนิยาย
r11624,Zg0gd8,office mate | beckyfreen,espaciopersonal
r11652,Zg0u96,พี่​ ร้าย​ นะคะ​ [ฟรีนเบค],Pancake🥞
r11656,Zg0xs6,ใต้เงาจันทร์เวียงเหนือ |ฟรีนเบค,กอวอ
r11658,Zg0ykd,รักเราคงเป็นไปไม่ได้#ฟรีนเบค#ชิยอน,แมวแคะร้องอุอิอา
r11674,Zg19ct,ไม่บอกกันหน่อยหรอ.,อเรนเวนๆ
r11676,Zg1axc,แก้วมังกรงาดำปรุงสุก,หยดฝนสีหมึก
r11687,Zg1g2q,ยังคงเชื่อว่ารักแท้มีอยู่จริง|Freenbecky,ขยันก็เขียน
r11690,Zg1i4y,เซเมลเหมย1 |BeckyFreen,ยะเดือน
r11704,Zg1ory,หม้อทองแดงแสลงในใจได้แต่ถามว่าทำไมพี่ถึงไม่ใส่สมุนไพรลงไปตามสูตรที่เขียนมา,หยดฝนสีหมึก
r11709,Zg1six,แค่เธอคนดียว,หมาผี
r11711,Zg1unw,R3AD-ISH ME l เบคฟรีน (สิบแปดบวกonly),เจ้าโลกิ
r11720,Zg20er,คนรอมันทรมาน|ฟรีนเบค,อเรนเวนๆ
r11730,Zg27h9,กลัวเมียก็บอก|ฟรีนเบค,ไซบีเรียนฮัสกี้
r11740,Zg2aqa,ไอติ๋ม|ฟรีนเบค,ชามะลิน้ำผึ้งมะนาว🤓🌷
r11749,Zg2eb8,Riverside |เบคฟรีน,ออ ฟอฟอ
r11757,Zg2haa,Accio ! by You (ss1) - freenbeck,LLUMOSS
r11775,Zg2vcu,ห้ามขยับจับนะ|เบคฟรีน,ฉลามตกใจ24689
r11778,Zg30x4,A B C D Calling Me,หยดฝนสีหมึก
r11794,Zg38wk,โจรปากมอม,ดงม่านหมอก
r11826,Zg3pju,เฮียภูผาคลั่งรักหนูที่สุดเลย [เรื่องสั้น],ลิลลี่แรกแย้ม
r11829,Zg3qbu,heat roast ให้กาแฟคั่วใจ |ฟรีนเบค|,bright shine
r11830,Zg3qcl,AngelnherHelia|BeckyFreen|,KPhat
r11846,Zg3x52,Please love me some.| BecFreen,MJJ🗿💪🏻
r11848,Zg3xnw,เสน่ห์ร้าย,bbf
r11855,Zg41hg,เพื่อน|freenbecky,ไรท์หน่อยนะ
r11859,Zg42bw,ProtecttheSeas | BeckyFreen,ยะเดือน
r11870,Zg47yi,"เฟียสนํ้าปิง , freenbecky",phoprakahpk
r11875,Zg4arl,CEO คนสวย | เบคฟรีน,หมาเด่ก
r11901,Zg4ohi,น้ำเต้าหู้ - TOFU |FREENBECKY,ꜰʀᴀᴇɴᴢᴏɴᴇ
r11905,Zg4qu9,Emergency,ม่านขวิน
r11907,Zg4s7r,พันธนาการ [stay] - เบคฟรีน,อลัน
r11914,Zg4xat,ความทรงจําฉันเเละเธอ,Gardenia✿
r11926,Zg56a6,just friend | Freenbec,Inkmew
r11938,Zg5auq,อาจารย์ที่รัก-freenBecky,หมูอ้วนน
r11946,Zg5fjw,รัญจวน|Freenbecky,Aqwek🫆
r11958,Zg5iym,ฆ่าได้ฆ่า|เบคฟรีน,ฉลามตกใจ24689
r11968,Zg5n2h,คุณจิ้งจอก |BeckyFreen,ยะเดือน
r11971,Zg5njt,มิวเหนื่อยแล้วดารันไปคุยกับคนอื่นเถอะนะ,หยดฝนสีหมึก
r12008,Zg68x3,candlelight.,ไร้แสง
r12019,Zg6grn,Wish &ndash; แค่ความปรารถนา ไม่ใช่ความจริง |Freenbecky,flower_.08
r12025,Zg6jbt,เรียกคุณยะ - ฟรีนเบค,LLUMOSS
r12042,Zg6rkk,เศษเสี้ยวของเวลา|Freenbecky,ไม่จำเป็นคับ
r12052,Zg7137,รอยรักต้องห้าม,bb love
r12070,Zg7eaj,ฤดูที่มีเธอ | freenbecky,deeplyheartt
r12071,Zg7eko,ผู้ดีเท้าเปื้อน | BeckyFreen,กึกกักมักสะบัด
r12077,Zg7hj7,แว่นมานี่มา#ฟรีนเบค,- BF -
r12086,Zg7km8,จริงจังเกมเมอร์ | ฟรีนเบค,GoodieGirl
r12090,Zg7mom,คู่กัดไร่พฤกษาแสงดาว|เบคฟรีน,ดอกไม้งาม🌷
r12097,Zg7qhp,Akira | freenbecky,bbaiifernn
r12110,Zg7vrl,พี่แจ็คครับ|freenbecky,ไอ แอม สาว วาย
r12112,Zg7whu,ได้ซองแดงต้องแต่งกับผี,คุณsnake
r12202,Zg9duo,compete /BeckyFreen,ยะเดือน
r12215,Zg9hw9,my memory:คนในความทรงจำ| freenbec,t.Tantawan.
r12224,Zg9m64,ช่างภาพกับดาวมหาวิทยาลัย|ฟรีนเบค,Moloch
r12225,Zg9mhl,UNTOLD | freenbec,ᴊᴇᴛʏɪᴍ
r12226,Zg9mn5,That night I waited for --- ฟรีนเบค,MONCHISH
r12246,Zg9u2v,พี่ขอโทษ|ฟรีนเบค,thanapxrn
r12247,Zg9u9q,แชทเก่า...กับคนที่ฉันปล่อยไป,"เพื่อนชอบเรียก""สลัด🥗"""
r12260,Zg9yue,จดหมายจากต้นส้ม | freen backy,ใครกันเนี่ยยย
r12265,Zga2ux,ไอ้ลูกติดเมียน้อย | เบคฟรีน,หมาเด่ก
r12266,Zga3en,servant | ฟรีนเบค,little_bb
r12267,Zga3j1,แด่ตุลย์ที่รัก,หยดฝนสีหมึก
r12271,Zga5h2,รักแรกพบ | เบคฟรีน,มีใจ ♡
r12275,Zga7je,Doctor กับ you|freenbecky,ฟิคมาให้รีบตัก
r12283,Zgadsx,CEO 's war ศึกรักเหนือบัลลังก์ | เบคฟรีน,lnsacio
r12285,Zgaeeb,slowly | freenbecky,gussem 𐙚
r12290,Zgai0m,อิชิตัน | Freenbecky &times; 4eve,fb.4u
r12311,Zgarg0,แอบมองเธออยู่นะจ้ะ,🐺.คุณม๋า🦴🐾
r12356,Zgba1n,ติดกลิ่น|ฟรีนเบค,KHUNACT
r12360,Zgbay7,เพียงธีร์วรา - เบคฟรีน ( os ),นรินธารา
r12376,Zgbgk7,คุณรัก | freenbecky,phleng🎧
r12388,Zgbmux,"คุณซายน์ , freenbecky",phoprakahpk
r12391,Zgbnr6,น้องช่างกล้อง | เบคฟรีน,Little_Piyo
r12396,Zgbr9l,คนสวยข๋า|ฟรีนเบค,ท้องฟ้าที่มืดมิด
r12402,Zgbt7x,เมื่อเพลิงแค้นลุกโชนกลางทุ่งหงส์ฟ้า|เบคฟรีน,ดอกไม้งาม🌷
r12416,Zgby58,รับรัก|ฟรีนเบค,Belike e
r12418,Zgc0ht,ไอซ์รดา | ฟรีนเบค,หมูอ้วน🦄
r12430,Zgc6ar,ผีหวงเมีย,หมาผี
r12433,Zgc79g,Hotlustfulwords /BeckyFreen,ยะเดือน
r12437,Zgc862,น่านณภัทร|freebecky,นมสตอเบอรี่
r12438,Zgc8g1,dormitory | beckfreen,แm๋ว
r12458,Zgcco7,Unseen |เบคฟรีน,บักข้าวปากหมา🐶
r12459,Zgcdo1,The Pilow |Freenbecky,Aqwek🫆
r12473,Zgclj5,ไม่ขอโทษ|ฟรีนเบค,เอามาจากชีวิตจริง
r12478,Zgcom0,สก๊อยเด็ก|ฟรีนเบค,yu_minai._
r12485,Zgcrhl,จดหมายจากดาหวันถึงวันใหม่,หยดฝนสีหมึก
r12488,Zgct0m,วราริน | FreenBecky,candle
r12540,Zgdkt1,สัญญารัก|ฟรีนเบค,YIM Yuri
r12553,Zgdr0s,คุณฮาร์ท | Beckyfreen,จันทร์เจ้าสีแดง
r12560,Zgds7j,เด็กทุน | เบคฟรีน,little_squid
r12565,Zgdtj1,เพียงราตรี,ไร้แสง
r12613,Zgehum,ลูกเจ้าของร้านทองกับลูกเจ้าของร้านตามสั่ง,Acare. ♡
r12620,Zgeiyp,ฟ้าคลื่น | เบคฟรีน,@/phukom_
r12627,Zgeojl,ฟรีนเบค,รักในนิยาย
r12630,Zgeq26,คุณหนู&hellip;  //ฟรีนเบค,สุนัข ผี🐶
r12648,Zgf0jc,นภาเคียงเดือน | FreenBecky,skynsea
r12653,Zgf56n,group c(h)at &mdash; freenbecky,sausageonesix
r12657,Zgf7ix,สะใภ้ผู้ใหญ่เฉลิม|freenbecky,fah_xc
r12661,Zgf947,คุณวีราลักษณ์|Freenbecky,Rose Ro Sa Lind
r12667,Zgfair,Soren is my idol | FREENBECKY,ꜰʀᴀᴇɴᴢᴏɴᴇ
r12683,Zgfg9c,ระหว่างเราสองคน|freenbecky,riranya
r12707,Zgfnrx,แสงไม้ในร่มเงา,blackrose _
r12718,Zgft28,library| freenbecky,pqlamii
r12720,Zgfu7s,แอบชอบรุ่นน้อง|ฟรีนเบค,เจ้าความรัก
r12725,Zgfvoh,เพลิงรักเงาอำนาจ | เบคฟรีน,little_bunny
r12726,Zgfvuv,Velvet Nights | เบคฟรีน,little_bunny
r12728,Zgfw66,ไอ่เด็กดื้อ | เบคฟรีน,little_squid
r12733,Zgfy6s,องค์รักษ์พิทักษ์ใจเธอ|ฟรีนเบค,ชามะลิน้ำผึ้งมะนาว🤓🌷
r12769,Zggdme,INFINITY TRACE,blackrose _
r12816,Zggy1r,เราชอบเธอไง&hellip;กามิน | ฟรีนเบค-เบคฟรีน,ศิลปินเป็นรอยยิ้มให้เสมอ
r12827,Zgh4qt,รักหนุ่มไบค์เกอร์️,ข้าวหลาม
r12829,Zgh55v,คุณเอมี่ของพาย - ฟรีนเบค,พื้นที่ของฟรีนเบค
r12830,Zgh57c,แอบรัก |BeckyFreen,Gus Gazxi
r12842,Zgha2d,เมีย(เด็ก)ของคุณพีช|Freenbecky,ดารันฯ
r12871,Zghque,(ตามจีบ)แต่ไม่รู้ตัว|ฟรีนเบค,ฟบปฟก
r12889,Zghyy7,Bloodbound Seduction/BeckyFreen,ยะเดือน
r12890,Zgi0mq,fatin &mdash; freenbecky (os),pqlamii
r12925,Zgiem6,สายใยปฐวี - FreenBecky,AksaraOnthakan
r12927,Zgihxc,ห้ามใจไม่ให้รัก|ฟรีนเบค,GL 🫶
r12950,Zgivey,รักนี้ของวาโย - FreenBecky,AksaraOnthakan
r12951,Zgivgv,เพลิงรักเตโช - FreenBecky,AksaraOnthakan
r12952,Zgivvd,รอยใจธารา - BeckyFreen,AksaraOnthakan
r13003,Zgjtto,ใจภักดิ์รักเอย| freenbecky,axon_milo.
r13004,Zgjv3k,คนดีพี่เอง [ฟรีนเบค],ปะการังงง
r13056,Zgkjev,คู่ฟรีนเบค,ไอ่เตี้ยของเค้า
r13065,Zgkmvb,รัตติกาล | เบคฟรีน,Little_Piyo
r13071,Zgkq7u,ของเล่น |เบคฟรีน,ไวค์ช็อค
r13078,Zgku9c,มากกว่าพี่น้องแล้ว|ฟรีนเบค,ฟรีนเบค
r13079,Zgkuab,แม่เจ้า / BeckyFreen,ยะเดือน
r13080,Zgkuqc,น้องแจนไม่ดื้อ | เบคฟรีน,ยิ้มให้เม่า
r13095,Zgl27h,เพื่อนกัน/ฟรีนเบค เฟเมษ์,Napapth
r13111,Zgl5st,แก้บน | เบคฟรีน,ยิ้มให้เม่า
r13190,Zgm4lv,Nine-tailed fox | เบคฟรีน,little_bunny
r13191,Zgm4px,เจ้ | เบคฟรีน,little_bunny
r13206,Zgmb7x,"คุณณพีร์ภัทร์ , freenbecky",phoprakahpk
r13228,Zgminy,Message เขียนรักผ่านแชท :ฟรีนเบค,คุณบีเบล:)
r13229,Zgmj0m,มาเฟียหน้านิ่ง/ฟรีนเบค,สวัสดีค่ะพี่กระเทย
r13245,Zgmoto,ครั้งสุดท้าย ( ex ) | beckyfreen,peachmoirex
r13251,Zgmqb5,The first เธอที่หนึ่ง | เบคฟรีน,Mokanin โมฆะนิล
r13261,Zgmthh,นิโคติน,tomato🍅&lt;3
r13333,Zgnp9g,คนนี้ของผม | Freenbecky,ไม่จำเป็นคับ
r13359,Zgo1gl,เพื่อนคะ! อย่าอ่อย | FreenBecky,SugarLynd
r13373,Zgo6c2,T9 / BeckyFreen,ยะเดือน
r13402,Zgoi4n,CEOที่รัก|เบคฟรีน,ฉลามตกใจ24689
r13423,Zgooe0,เซเมลเหมย2|BeckyFreen,ยะเดือน
r13464,Zgp31e,แค่พี่น้อง | ฟรีนเบค,ไวค์ช็อค
r13492,Zgpdff,เมคินทร์ | freenbecky,หนึ่งสี่หนี่งสอง
r13552,Zgpyhe,my(girl)friend|freenbecky,ยาขมปี๋
r13556,Zgq0h0,ฟิคสั้น|freenbec,บลูเบบี๋
r13571,Zgq43x,คุณราม | Freenbecky,ทานตะวันน่ารัก
r13572,Zgq4gw,กาลภพ | Freenbecky,ทานตะวันน่ารัก
r13596,Zgqbh0,Same Side : ขยับขวาหน่อยดิ ll FB:BF,เจ้าโลกิ
r13609,Zgqid7,เธอลิขิตชีวิตมาเฟีย | ฟรีนเบค,Sunfa Rate_U
r13612,Zgqk8b,เพื่อนใหม่,ฟรีนเบคทั้งใจ
r13657,Zgr2wr,True Love Has No Rough Words | becfreen,Werf
r13678,Zgr7xv,ติ๋มบอกว่าหวง|freenbec,บลูเบบี๋
r13708,Zgrhr2,นายหญิงผู้สง่างาม,เหมียวน้ำตื้น
r13737,Zgrv7d,poisoumermaid - freenbeck,LLUMOSS
r13757,Zgs4f8,ดอกไม้ที่ถูกลืม  |  ฟรีนเบค,เจ้าคนซึน
r13764,Zgs6ux,ดั่งดวงใจปรารถนา ( ex ) | beckyfreen,peachmoirex
r13775,Zgsas7,คชา | เบคฟรีน,somsri girengsang_
r13826,Zgsnyg,มาเฟียเบบี้ชาค|ฟรีนเบค(ช/ญ),ไซบีเรียนฮัสกี้
r13847,Zgsvsu,ด้วยใจยินดี | เบคฟรีน,Mokanin โมฆะนิล
r13867,Zgt7gw,puppy | เบคฟรีน,bbyyour
r13868,Zgt8wr,ธีรานนท์ดวงใจอัครินทร์,ZO_NE
r13873,Zgtbc4,ฆาตกรรมต่อเนื่อง|freenbecky,nextnice
r13875,Zgtc2n,แค่เพื่อน|ฟรีนเบค,wlw
r13878,Zgtd99,สลักรัก ( ex )| freenbecky,peachmoirex
r13880,Zgtdt1,ชัยชนะของซาน|freenbecky,nextnice
r13883,Zgtee9,Behind the Scenes,เดซี่ฤดูหนาว
r13896,Zgthd9,พยายามเพื่อเธอ| Freenbeck,แต่งncไม่เป็น-_-
r13915,Zgtprr,รอยยิ้มของฆาตกร | freenbecky,ชูการ์ชูการ์
r13917,Zgtqrx,&mdash;𝐕𝐚𝐦𝐩𝐢𝐫𝐞&mdash; |เบคฟรีน,𝗱𝗮𝗿𝗹𝗶𝗻𝗴.
r13953,Zgu606,พี่เลี้ยง | เบคฟรีน,little_squid
r13956,Zgu6ab,วิวาห์(ลวง)รัก | เบคฟรีน,little_squid
r13960,Zgu7hk,เมียพี่(แต่)ผัวหนู | เบคฟรีน,my_girlfreen
r13961,Zgu7lf,ไอ่คนซึน | เบคฟรีน,my_girlfreen
r13963,Zgu7tq,ยัยเด็กแสบ | เบคฟรีน,my_girlfreen
r13964,Zgu7x0,ห้ามคิดเกินเพื่อน | เบคฟรีน,my_girlfreen
r13970,Zgu9vn,"friend zone , freenbecky",yuriew
r14023,Zguvgm,คีย์พาย &mdash; freenbecky,คุนมูน
r14055,Zgvbx1,กลิ่นน้ำมันกับกลิ่นน้ำหอม |Freenbecky,Nook9386
r14103,Zgvxht,ฮีตเตอร์ |becfreen|,phayuu;
r14147,Zgwfw8,ตัวแสบ |เบคฟรีน,ฉลามตกใจ24689
r14184,Zgwpix,เพื่อนพ่อ|เบคฟรีน,ดาวปลาวาฬ
r14194,Zgwwom,Sweetly Lost |ฟรีนเบค,Zetazes
r14248,Zgxfre,more than friend // becfreen,talassophile :))
r14250,Zgxguf,ถ่านไฟเก่า |ฟรีนเบค,ไม่เสือก‼️
r14258,Zgxktx,"Focusing on Your Heart""""กดชัตเตอร์รัวๆ ไปที่หัวใจเธอ""",Lune Aven🌙✨
r14259,Zgxkwp,แฟ้มเก็บงาน ฟรีนเบคหรือเบคฟรีนดี,ไทยากิไส้น้อยแป้งเยอะ
r14279,Zgxrkp,The Memory That Refused To Forgot Me | Freenbecky,Sablerue
r14309,Zgy1p8,พันธนาการรัก ( ex ) | freenbecky,peachmoirex
r14316,Zgy559,เพลงขวัญเพียงลดา [FreenBecky Or BeckyFreen],AksaraOnthakan
r14320,Zgy7hw,ถ้าทำไม่ได้อย่าสัญญา (ฟรีนเบค),หมาบ้านี่ใคร
r14326,Zgybn1,haunter,JXSMINX 🔥
r14349,Zgyjur,คุณควีน....,"""เจ้าปลาน้อย"""
r14356,Zgylha,รักนะคะคนใจร้าย#FreenBecky&amp;sup1;,ฟรีนเบค
r14382,Zgyswp,only want just | Freenbecky,The sky🌠
r14385,Zgyt7i,ลูกหนี้ที่รัก #ฟรีนเบค,#ฟรีนเบค
r14386,Zgyt7x,แม่หมอโยนา | FREENBECKY,หมาบ้านี่ใคร
r14421,Zh058b,แล้วเราจะได้รักกันมั้ย|freenbecky,สุดหล่อซอย5
r14459,Zh0gox,รัตติกาล ที่เลือกเธอ |ฟรีนเบค,แมงกะพรุน 🪼
r14481,Zh0oug,ดวงผูกรัก | When Fate Ties Us,bbf
r14505,Zh0x4m,สัญญาหน้าฝน - freenbecky,FB.K._.an
r14517,Zh12e2,"""อักษรซ่อนรุก""",DEKKAPOK__
r14522,Zh15os,กฎของพาร์ทเนอร์ | FreenBecky,ไม่เสือก‼️
r14525,Zh16ji,# peachmoirex| freenbecky,peachmoirex
r14550,Zh1i5m,สัมผัสร้าย | เบคฟรีน,ดาวปลาวาฬ
r14578,Zh1rs1,ผินดาวน์ / BeckyFreen,ยะเดือน
r14605,Zh25e8,คนของเรา,ไปเรื่อย.com
r14613,Zh2a0n,ประธานนักเรียนที่รัก| FreenBecky,ไม่เสือก‼️
r14620,Zh2c9r,ยอมเธอ|BeckFreen,น้ำขิง
r14634,Zh2g6k,ถ้าคิดเกินพี่น้องจะเป็นไรมั้ย  (ฟรีนเบค),เพิ่งหัดแต่งฮะะะ
r14648,Zh2l7e,มาอยู่ดิน้อง | ฟรีนเบค,คุณซัน
r14660,Zh2q7i,เด็กหญิงกับหิ่งห้อย,น้องหมูน้อย
r14697,Zh33ho,เจ้าขา | Beckyfreen,จันทร์เจ้าสีแดง
r14793,Zh479m,needy#FreenBecky,pipo_iwzx17
r14840,Zh4le5,"เจ๊คิดแค่""น้องสาว""|Freenbecky",nextnice
r14842,Zh4mn9,เราไม่รักกันตอนไหน | ฟรีนเบค,ไวค์ช็อค
r14868,Zh51xs,ก็รักไปแล้วอ่ะ | ฟรีนเบค,คุณซัน
r14898,Zh5eet,แอบรัก|ฟรีนเบค,wlw
r14908,Zh5iu9,วงกตรัก,ข้าวเกรียบ
r14913,Zh5krc,เธอเหมือนดั่งดวงใจ,the lion
r14945,Zh5vc2,ลูกสาวตัวแสบ,หมาผี
r14956,Zh5y7d,หลงรักแมวจร - fb,ปะปลื้ม;)
r14961,Zh61ol,แล้วเราไม่รักกันตอนไหน | FreenBecky,ดอกไม้ผู้โดดเดี่ยวสีขาวจุดเหลือง
r14975,Zh64na,Coincidentally|ฟรีนเบค,ฟรีนเบค
r14985,Zh6c4i,คนเลี้ยงม้า(Groom)|ฟรีนเบค|,suptim
r15015,Zh6nj3,ใต้เงาตะวัน...ในวันที่ฟ้ามีดาว | Freenbecky &amp; Beckyfreen,AksaraOnthakan
r15016,Zh6nrt,Fake love|FREENBECKY,KHUNACT
r15036,Zh6w4w,รวมเรื่อง FREENBECKY,จอนซอง
r15040,Zh6x7b,Noble Wings | Freenbecky,ทานตะวันน่ารัก
r15041,Zh6xg1,เดือนอ้าย | เบคฟรีน,little_squid
r15042,Zh6xl9,เด็กประมูล | เบคฟรีน,little_squid
r15052,Zh71jr,จอห์นสัน การช่าง &mdash; freenbecky,sausageonesix
r15073,Zh7aod,พี่อลินใจอ่อนได้ยัง | เบคฟรีน,angelisme
r15119,Zh7rq2,พ่อเลี้ยง | เบคฟรีน,abobo
r15141,Zh84cu,Rewind to 1994 | ฟรีนเบค,ทุ่งทิวลิปเขียวขจี
r15148,Zh86rq,ระยะที่ปลอดภัย,ปลาทู
r15170,Zh8hn2,หลงรักยัยอินเตอร์|FreenBecky,khao_ho7m
r15180,Zh8k7i,สัญญารัก ( Love contract ) | FreenBecky,หมาบ้านี่ใคร
r15190,Zh8nq2,คุณหนูเปื้อนฝุ่น - Freenbecky,AksaraOnthakan
r15239,Zh957j,น้ำเต้าหู้  ( ex ) | freenbecky,peachmoirex
r15248,Zh98y9,Beyond the Ideal//ฟรีนเบค,มูมู่
r15282,Zh9jfe,คดีเวทมนตร์ในคืนไร้จันทรา | ฟรีนเบค,แมงกะพรุน 🪼
r15307,Zh9ump,缘分 (yu&aacute;nf&egrave;n) //freenbecky,talassophile :))
r15314,Zh9wmu,แพ้ตั้งแต่รัก |FreenBecky,My Daisyy
r15317,Zh9xlj,ไม่เคยแทน,พระpai
r15318,Zh9xns,กี่ชาติภพ | เบคฟรีน,ไวค์ช็อค
r15319,Zh9xun,เจ๋งอย่า,rzcy
r15327,Zha1j9,Inspector Wachira [ คุณสารวัตรวชิระ ] | BeckyFreen,หมาบ้านี่ใคร
r15336,Zha631,ดอกไม้ในใจคุณเรน l freenbecky,คุณพะพาย
r15344,Zha9m2,Jezebel&rsquo;s Body - freenbeck,LLUMOSS
r15346,Zha9tm,ตัวร้าย | เบคฟรีน,abobo
r15348,Zhaaal,너를 꾸미다 | Beckyfreen,จันทร์เจ้าสีแดง
r15365,Zhaid1,(ไม่)กล้าเริ่มใหม่ | Freenbecky,ทานตะวันน่ารัก
r15376,Zhalha,หมาเด็ก  | ฟรีนเบค,เนย่า
r15380,Zhanyq,กลิ่นดิน กลิ่นรัก|FreenBecky,ธาริศา
r15408,Zhaxuk,ไอเลิฟ ดารา31y |มีนเบ้บ,ก๊าฟๆ
r15422,Zhb1ak,ลา | freenbecky,แมวมอม
r15429,Zhb3gp,รักที่สมบูรณ์|beckFreen,สินแส่
r15436,Zhb56h,ใต้ป้ายรถเมล์ที่ไม่มีเธอ | ฟรีนเบค,bbmt123
r15438,Zhb5oi,กีดกัน (防止) &mdash; becfreen,Werf
r15461,Zhbe6n,[OS] - BF|FB(?),tomyumplatu
r15473,Zhbi9s,ถ้าคราวนี้ความรักของเรามันยังไม่ดุลกันอีก ฉันว่าจะลาออกไปเป็นโคโยตี้ดีกว่า,หยดฝนสีหมึก
r15478,Zhbj14,ห้องพักของคนที่รักกันผิดเวลา | Freenbecky,bbp6670
r15499,Zhbr0u,The twilight zone : freenbeck,LLUMOSS
r15503,Zhbs0f,#ไม่ชอบฝุ่น | beckyfreen,espaciopersonal
r15523,Zhc0vs,ชื่อที่หาย | FreenBecky,หมาบ้านี่ใคร
r15540,Zhc6g5,room ( freenbecky ),ดาวแคระน้อย
r15545,Zhc7wn,จุติ |BeckyFreen,ยะเดือน
r15546,Zhc8jk,สังเวยอาถรรพ์ - FreenBecky,AksaraOnthakan
r15551,Zhc9uh,หมาเด็กของคุณลลินดา | freenbecky,คุณปากกา
r15573,Zhck7o,แล้วแต่จรัตน์ &mdash; freenbecky,ยี่สิบสี่
r15582,Zhcmdf,เพื่อนไง|ฟรีนเบค,น้ำขิง
r15583,Zhcmf1,เค้ายังไม่|ฟรีนเบค,แฟนใครเอ่ย?
r15599,Zhcsg2,แอบรักเพื่อนตัวเองจะผิดไหม |เบคฟรีน,กัส รันณภัทร
r15622,Zhd03h,อุ่นไอในฤดูหนาว | เบคฟรีน,little_bunny
r15624,Zhd0bm,เลสควีน | เบคฟรีน,little_bunny
r15625,Zhd0of,ถามใคร | เบคฟรีน,Little_Piyo
r15628,Zhd0r4,Silent Boss | เบคฟรีนะ,Little_Piyo
r15637,Zhd4h7,จะรอตลอดไป,แมว 3 สี
r15650,Zhd7tj,Anyathita -freenbecky-,เรียกเราว่าจัสมิน
r15725,Zhdyui,Until Tomorrow | Freenbecky,ทานตะวันน่ารัก
r15733,Zhe31t,#Naphasli  | beckyfreen,peachmoirex
r15736,Zhe3nx,คนใจร้าย ฯ | เบคฟรีน,Love☕️
r15746,Zhe5k6,วิวาห์ | Freenbeck,porpor s
r15756,Zhe9eo,สะใภ้ไฮโซ|ฟรีนเบค,ต้นรักไม่กินผัก🥬🤮
r15765,Zhedx1,ศักดิ์ศรีต้องห้าม | freenbecky,ธาริน
r15769,Zhef08,ลูกหนี้,ชาดาในราตรี
r15773,Zhegy6,ไอดื้อของพี่|Freenbecky,ฟรีนเบค
r15792,Zhenwd,โดยคำสาปติดตัวตั้งแต่เกิด l ฟรีนเบค,nolerr
r15794,Zheon2,คำสัญญาที่ไม่เคยลืม | freenbecky,ธาริน
r15825,Zhex74,มงกุฎในเงาอิทธิพล | freenbecky,ธาริน
r15838,Zhf3g0,first (straight) Freenbecky???,pipo_iwzx17
r15841,Zhf3to,รอยแตกแห่งศักดินา | freenbecky,ธาริน
r15852,Zhf8qs,หัวใจที่ต้องผ่านบอร์ดบริหาร | freenbecky,ธาริน
r15858,Zhfa1l,Flowers in the Night |Freenbecky,ชมพู่แซ่ด
r15873,Zhfdi3,TQ 2| freenbecky,peachmoirex
r15879,Zhfhe6,เราที่ไม่กล้าพอจะเลือกกัน | freenbecky,ธาริน
r15896,Zhflx2,ฝันถึงคนคุ้นหน้า | FreenBecky,หมาบ้านี่ใคร
r15901,Zhfoui,ดวงใจต้องมนต์|FreenBecky,สีซอให้youฟัง
r15911,Zhfs5p,บุปผาข้ามภพ | freenbecky,ธาริน
r15912,Zhft03,เพื่อนไรจูบกัน | ฟรีนเบค,คุณซัน
r15934,Zhg1bb,แค่พี่น้องพูดมาได้ไงคำนี้ | เบคฟรีน,ฉลามตกใจ24689
r15938,Zhg2q9,&ldquo;ภารกิจ 5 เดือนของคุณหนูภัยพิบัติ&rdquo; | freenbecky,ธาริน
r15940,Zhg2xf,ชทชร | freenbecky,thara$
r15962,Zhgcbl,หัวใจที่ซ่อนอยู่ใต้เครื่องแบบ{The Heart Beneath the Uniform},R.M.U
r15971,Zhgeum,พี่หมอของเค้า|freenbecky,FB.K._.an
r15979,Zhgh4u,ปลูกรักไร่โพธิ์ยกุล Freen x beack,Soft Nyx
r15996,Zhgo3l,มายาซ่อนรัก,bbf
r16002,Zhgpsv,Groupies hatch &mdash; freenbecky,sarzarr_
r16007,Zhgqvi,คำรักที่ไม่ได้เอ่ย,K.SAMA
r16023,Zhgw78,ถ้าวันนั้นเราพูดออกไป | freenbecky,ธาริน
r16050,Zhh5wn,[Yu-Gi-Oh] New Hero : Legacy,Badblood
r16096,Zhhltk,Wanna be yours (อยากให้เธอรัก),K.SAMA
r16123,Zhhwqw,คลั่งรักรุ่นพี่เย็นชา|เบคฟรีน,A💗M
r16125,Zhhxrv,mi&rsquo;ar,ดอกไม้สีน้ำเงิน
r16145,Zhi3w1,พญาราคีนาคราช | Freenbeck,porpor s
r16163,Zhi9ya,ดากับเธอคนนั้น | เบคฟรีน,TOKOE☀️
r16164,Zhi9yx,ทำไมต้องเป็นคุณทุกครั้ง |freenbecky,ธาริน
r16168,Zhibka,A Note at Note &amp; Brew |ฟรีนเบค,ศิลปินเป็นรอยยิ้มให้เสมอ
r16176,Zhieih,When Our Hearts Met&ndash;เมื่อหัวใจของเราพบกัน| ฟรีนเบค,"ɴᴀᴍᴘʜᴇᴛ :,)"
r16183,Zhigrk,ไม่อยากให้เธอรอ&amp;|เบคฟรีน|,v_vil_becfreen
r16194,Zhik31,คุณหญิงแม่| BeckyFreen,Rose🦋🌷🐰
r16236,Zhiwao,ครูจ๋า|Freenbecky,แฟนพี่ มัมมี่โปโกะ
r16237,Zhiwdi,พี่ขอโทษ//ฟรีนเบค,นมสดปั่นนน^^
r16243,Zhixsw,หนีหนี้มาเจอเธอ | ฟรีนเบค,dximq.
r16244,Zhiyc0,พอแล้ว|ฟรีนเบค,แฟนพี่ มัมมี่โปโกะ
r16250,Zhj0yv,ราตรีสวัสดิ์,Love Forever.
r16257,Zhj3t2,โลกใบเดิมที่สดใสกว่าเก่า,ฟ้าหลังฝนที่สิบเก้า
r16260,Zhj4hn,จรัญปราน ( ex )  ; freenbecky,peachmoirex
r16267,Zhj5s5,หนุ่มวิศวะกับสาวแพทย์ // ฟรีนเบค,แฟนจ๋าของเบคกี้
r16288,Zhjc9w,เขตห้ามแตะ | freenbecky,ธาริน
r16292,Zhjdq8,หวานรักไจ๋ที่สุ้ด!! &mdash; FREENBEC,justyouandme4
r16333,Zhjnt0,อัดเพลง|ฟรีนเบค(ฟิคสั้น),F
r16335,Zhjnxp,ในวันที่เราเจอกัน | beckyfreen,ธาริน
r16336,Zhjoc9,รักอีกครั้ง//ฟรีนเบค,หนูจิ๋ว
r16349,Zhjrvp,ธารานที ( ex ) | freenbecky,peachmoirex
r16354,Zhjsut,Hurts So Good,Xxmm
r16366,Zhjx8k,มาลยบุหงา  / BeckyFreen,ยะเดือน
r16372,Zhjyf5,ลิขิตรักสาวมหาลัย|ฟรีนเบค,จันทร์เจ้า
r16401,Zhk6fh,ไอเป้ย / beckyfreen,Inwza10101010
r16406,Zhk7du,แอบรักครูสาว |ฟรีนเบค,จันทร์เจ้า
r16409,Zhka1m,Scent of the Past | Beckyfreen,BOODY
r16451,Zhkp6e,ระวังตกหลุมรัก|freenbecky,นมสตอเบอรี่
r16471,Zhkueg,มาลีร้อยดารา (BECKFREEN),Daisynatx
r16475,Zhkvl6,เปิดตัว มั่วซั่ว,แมวฮันนี่
r16477,Zhkwbp,รักครั้งนี้มีบรีฟ! | Freenbecky,BOODY
r16501,Zhl6f7,รัก เล่น เล่ห์,แมวฮันนี่
r16504,Zhl8jc,แรงรักแรงแค้น ฟรีนเบค,เมฆท้องฟ้า☁️
r16522,Zhldrv,too late | freenbecky,แมวมอม
r16539,Zhlm9r,คนโปรดของควีน|Freenbecky,สุดหล่อซอย5
r16553,Zhlpyj,หมอผี มีผีเหลือหมอ [ BeckyFreen ],พัดลมติดแอร์&bull;~&bull;
r16565,Zhltdf,Good ที่แปลว่า เลว |เบคฟรีน,ฉลามตกใจ24689
r16566,Zhltkg,เล่ห์รักคู่แค้น|freenbecky,ชาดาในราตรี
r16574,Zhluus,คมมีด|freenbecky,faa_.pc
r16584,Zhlxgx,ห้องเช่าหมายเลขศูนย์ | ฟรีนเบค,なつ (Natsu)
r16585,Zhlxlj,l want to get to know you | Freenbeck,ทิปลิปสีเเดง🌷
r16589,Zhlybf,ณิไม่คบเด็ก |จ๋องจูน,สมุทรเมฆานภาลัย (คุณสมุทร)
r16615,Zhm532,My idol | ฟรีนเบค,กล้วยหอม.
r16631,Zhmbmr,คุณหนู | เบคฟรีน,หมาเด่ก
r16632,Zhmbqs,เล่นเพื่อน | เบคฟรีน,หมาเด่ก
r16633,Zhmbt6,หมามอม | ฟรีนเบค,little_bb
r16651,Zhmhyd,บ้านหลังเล็กบนดอย | ฟรีนเบค,- Zephyr. -
r16653,Zhmjj0,รักแปดปีต้องห้าม | ฟรีนเบค,คุณซัน
r16696,Zhn1v4,&ldquo;A Painting Created by You&rdquo; | ฟรีนเบค,ศิลปินเป็นรอยยิ้มให้เสมอ
r16707,Zhn5b4,ผู้บ่าวบ้านนอกกับคุณหนูไฮโซ|เบคฟรีน,A💗M
r16745,Zhnp4w,จากกวนกลายเป็นรัก|Freenbecky,Panmy/53
r16764,Zhnu46,ภรรยาทนายธีร์ | freenbecky,การันต์
r16778,Zho0d4,ตัวแม่แพ้ทรงติ๋ม,ก็มาดิคับ
r16806,Zho6th,เสือจิต  | Freenbeck,porpor s
r16813,Zhoaal,แฟนผมเป็นไอดอล,Purimprat🌴
r16869,Zhop7s,ขอรัก | ฟรีนเบค,ไวค์ช็อค
r16870,Zhopay,ธารธาริน&amp;sup1;|freenbecky,wtf👾
r16884,Zhotg9,114 |ฟรีนเบคกี้,Zetazes
r16899,Zhoy63,เพื่อนที่รัก|เบคฟรีน,สามัญชนคนพิการ
r16901,Zhoys0,พานพบ #ฟรีนเบค,Black_Velvet탁
r16909,Zhp299,คุณหนูตกอับกับเจ้าของสวนส้ม|เบคฟรีน,แมวใจฉัน
r16917,Zhp4nu,ความรัก นักธุรกิจ,แมวฮันนี่
r16919,Zhp4rs,ทักค่ะคุณแฟนเก่า|ฟรีนเบค,wlw
r16920,Zhp52k,ดาราตัวท๊อป,แมวใจฉัน
r16938,Zhpa1t,คนโปรดของท่านประธานThe President&rsquo;s Favorite|freenbecky,khawhom m
r16939,Zhpa3j,รักกลางทุ่งนา |เบคฟรีน,TOKOE☀️
r16943,Zhpcfa,ลูกหนี้ของคิริน | FreenBecky,กล้วยหอม.
r16947,Zhpcvt,ในคืนฝนตก|เบคฟรีน,แมวใจฉัน
r16952,Zhpekt,She&rsquo;s ma EX. | BeckFreen,เอาชาไทยมา
r16955,Zhpfn5,อย่าท้าทายระบบ |เบคฟรีน,ฉลามตกใจ24689
r16971,Zhpni5,"""ใต้เงาแสงทิวา"" (Beneath the Daylight)",ลองเขียนดู
r16975,Zhpp8s,ผัวพี่เมืองน่าน &mdash; freenbecky,hunter -
r17025,Zhq6vk,ถ้ารักนี้มีเพียงความเข้าใจ (If Only You Knew),ลองเขียนดู
r17040,Zhqde0,ฟิคสั้น SS2,เจ้าตะกอนน้อย
r17049,Zhqfwj,เฟยเฟย - FreenBecky,Kttt
r17055,Zhqhpr,เพื่อน(ไม่)จริง,v_vil_becfreen
r17057,Zhqino,สะใภ้ไฮโซ|เบคฟรีน,bb love
r17060,Zhqjcd,"Falling for Her Anyway , FreenBacky",หมี่ไก่ฉีก
r17081,Zhqp1b,จำใจ | Beckyfreen,จันทร์เจ้าสีแดง
r17101,Zhquh2,คืนพระจันทร์เต็มดวง short story | ฟรีนเบค,Black_Velvet탁
r17102,Zhquma,ตัวเล็กของเค้า|ฟรีนเบค,Irida
r17106,Zhqvdi,รักเธอคนเดียว|ฟรีนเบค,𝓑𝓲𝓶𝓸𝓷
r17116,Zhr1gy,เธอผู้เป็นดวงดาวของฉัน | ฟรีนเบค,ผักหวานขมปี๋
r17155,Zhrh23,เรารักพี่|FreenBecky,_zxnai.p.22
r17186,Zhrq40,just a substitute | freenbecky,แมวมอม
r17211,Zhrxfr,เนิร์ดแล้วไงว่ะ|เบคฟรีน|,เจ้าลัน
r17236,Zhs6pb,เจ้าหญิงลี้ภัย(Fugitive)|ฟรีนเบค|,suptim
r17237,Zhs6vm,แฟนเก่าคนโปรด,แคร์แบร์
r17241,Zhs7he,ตัวสำรอง (ฟรีนเบค),tulip
r17259,Zhsecs,นางแบบคนโปรด | เบคฟรีน,little_squid
r17260,Zhsee0,ทีร์ไม่ยอม | เบคฟรีน,little_squid
r17261,Zhsejk,ริรันอย่าดื้อ /BeckyFreen,ยะเดือน
r17279,Zhskjr,บ้านเลขที่ 13 | Freenbeck,porpor s
r17285,Zhsoh2,knight || FreenBec,phapwat_
r17289,Zhsrha,แทนรัก | ฟรีนเบค,GoodieGirl
r17296,Zhstok,ฉัตรไม่มีวันรัก|Beckyfreen,ไรท์ด๊อง
r17304,Zhsw34,เลิกกันแล้ว..กรุณาอย่ายั่ว|เบคฟรีน,แมวใจฉัน
r17324,Zht5wu,ยังรักเหมือนเดิม | Freenbecky,ชาเขียวหลังสายฝน ⚡
r17331,Zht7bh,แว่นก็แค่เครื่องประดับ|ฟรีนเบค,ทันโท
r17335,Zht7ss,เศษเสี้ยวความทรงจำสีจางss1,ไม่รู้อะค้าบบบบ
r17337,Zht8j3,-,บ ม
r17350,Zhteas,เด็กของเสี่ย|FreenBecky,𝔈𝔞𝔯𝔫_𝔣𝔟
r17360,Zhth80,21 Days to Forget You | Freenbecky,ทานตะวันน่ารัก
r17381,Zhtmxi,องครักษ์คี่เง่น | ฟรีนเบค,คุณซัน
r17391,Zhtqf1,ข้ามภพ|freenbecky,khawhom m
r17396,Zhtr55,love me harder ( ss1 ) | freenbecky,หอมเอง!!
r17399,Zhtu2r,ตลอดกาลและตลอดไป,แมงม่าววว
r17414,Zhu13v,บ่าวใต้มันลักจริง |เบคฟรีน,บักข้าวปากหมา🐶
r17438,Zhu7dd,พี่เลี้ยงเด็กแฝด | เบคฟรีน,little_bunny
r17440,Zhu7ks,อั่ยต้มเล้ง | ฟรีนเบค,rzcy
r17441,Zhu7l3,นับหนึ่งถึง.. | เบคฟรีน,little_bunny
r17442,Zhu7wj,ลูกหนี้ | เบคฟรีน,my_girlfreen
r17444,Zhu81q,เด็กกำพร้า | เบคฟรีน,my_girlfreen
r17445,Zhu84p,พ่อครู | เบคฟรีน,my_girlfreen
r17446,Zhu87x,แว่นขี้อ่อย | เบคฟรีน,my_girlfreen
r17473,Zhujyk,Some Time |FreenBecky,My Daisyy
r17484,Zhumvn,กว่าจะรัก|FreenBecky,มุมะอุอะ
r17494,Zhupsg,ตกหลุมรักคุณตำรวจ|Falling for a Police Officer|freenbecky,khawhom m
r17502,Zhut3u,พิง | freenbecky,นามปากกา
r17536,Zhv17k,ฉันเลี้ยงมาเป็นเมียไม่ใช่ลูก  | Freenbeck,porpor s
r17548,Zhv46n,คาเทียร์เกมรักนอกสมรส|Becky freen,ชาดาในราตรี
r17553,Zhv6oe,ไอแมวดื้อออ|ฟรีนเบค,ทำไมแมวมันดื้อจังอ้าา
r17560,Zhvam4,พิมพ์พิรุณ|FreenBecky,มุมะอุอะ
r17563,Zhvbkg,ชลธาร|เบคฟรีน,Lucina
r17578,Zhvgcb,invisible strings ( nx ) ; freenbecky,peachmoirex
r17581,Zhvgx2,รักที่ไม่ต้องมีบท,Wisaka
r17663,Zhw8w6,again | ฟรีนเบค,Cxllme namphad
r17671,Zhwbx7,ตะวันไม่อาจเอื้อมฟ้า|Freenbecky|SS.1,khawhom m
r17676,Zhwd3g,MADAGASCAR :)||ฟรีนเบค,มูมู่
r17693,Zhwmbp,ผัวดีเด่น | ฟรีนเบค,คุณซัน
r17695,Zhwnj2,จังหวะหัวใจในสนามเชียร์ | ฟรีนเบค,Grumchi
r17706,Zhwr9f,พันธะอาคม|เบคฟรีน,แมวใจฉัน
r17712,Zhwtmk,ปลาบู่อะไร นี่นางเงือก,พัดลมติดแอร์&bull;~&bull;
r17739,Zhx2d8,MissFern|ฟรีนเบค,ฟรีนเบค
r17745,Zhx3y9,เช้าอันสดใส|Freenbecky,มอ
r17764,Zhxa8b,เพื่อนไม่เล่นเพื่อน,Purimprat🌴
r17771,Zhxbm6,เงาของกันและกัน | freenbecky,ไรท์ชอบฮังเกียวดง
r17789,Zhxgk0,คนของกู:ฟรีนเบค.,ปาล์มไงง
r17797,Zhxjx9,เเฟนหูหนวก  | Freenbeck,porpor s
r17803,Zhxlac,โคลเวอร์ที่แหว่งวิ่น |FreenBecky,piano
r17818,Zhxqf3,"Old Flames, Same Pull|Becky freen",ชาดาในราตรี
r17826,Zhxu30,ขวัญภัส [beckfreen],uonia_5
r17832,Zhxxhb,เสือคาบนาง|FreenBecky,khao_ho7m
r17859,Zhy7r1,เด็กดื้อ(ฟรีนเบค/Freenbeck),อะไรไม่รู้เลย
r17890,Zhygxx,รักก็คือรัก|ฟรีนเบค,ฟรีนเบค
r17900,Zhyl1e,หมาเด็กกะใยแมวน้อย/Freen | Back,รักฟรีนเบคที่สุด
r17907,Zhymkc,บ้านนอกคอกนา|เบคฟรีน,เจ้าลัน
r17926,Zhyrls,ผมชอบเธอครับ | เบคฟรีน,FB.K._.an
r17928,Zhys5i,เธอคือคนของฉัน|ฟรีนเบค,i love GL
r17933,Zhyurr,คุณชายตามสั่ง | Freenbecky,fah_xc
r17969,Zi09bf,พ่อครูยกโทษ | ฟรีนเบค,คุณซัน
r17974,Zi0abu,"[ ไม่ได้ชอบ ]  ""ฟรีน/เบค""",Venika ✧
r18001,Zi0jh5,ไม่ได้อยากเป็นเพื่อนเธอ|freenbecky,ความหมายของทิวลิป
r18011,Zi0mb7,Friendzone| FREENBECKY,ก้าาาา
r18023,Zi0rmv,บ่วงรักนาถนาคี|Becky freen,ชาดาในราตรี
r18028,Zi0tdb,ภารกิจจีบพี่สาวคนสวย|ฟรีนเบค,แฟนผม
r18051,Zi0y5o,อลันคนเนิร์ด|Not a nerd.,ทิวลิปของFB
r18062,Zi11s3,สยบเสือ | ฟรีนเบค,แมวสีฟ้าที่ไม่ส่งเสียง
r18090,Zi1au8,แม่มดไร้ปีกกับโลกไม่มีเวทมนตร์,แมวใจฉัน
r18102,Zi1ehp,"พระเจ้าส่งมาช่วย(รัก)|FreenBec ""Omegaverse""",มึนๆ
r18142,Zi1txf,#ท้ายพี่รัน!!,เจ๋งแจ๋ว
r18150,Zi1xeg,ครูครับรับรักผมหน่อย - freenbecky,สมchay
r18156,Zi1ypf,BLACK ARC | BECKFREEN,Valentine's IIX
r18164,Zi22i7,พี่น้องจริงไหม | ฟรีนเบค,👊🏻
r18165,Zi22o6,คุณหนูตัวแสบ | FREENBECKY,ยูยู้สีแดง
r18167,Zi22v7,เพื่อนที่ไหนเขากินกัน | ฟรีนเบค,เจ้าลัน
r18180,Zi27ju,วังวนรักแห่งบัลลังก์ทอง|دوامة الحب في العرش الذهبي,CPJ
r18187,Zi29it,ม๋าเด้กของพี่คนจ๋วย|freenbecky faymay,อย่าด่าศิลปินกู
r18191,Zi2a1f,น้องทะเล | Freenbeck,_.yxzgf
r18203,Zi2eki,รักร้าย ฉบับแม่เลี้ยงอรพธู |(ฟรีน-เบค),สุรัตน์ติกานต์ ปิ่นแก้ว
r18209,Zi2gwr,พันธนาการรัก|FreenBecky,ชาดาในราตรี
r18221,Zi2lgl,ภารกิจหัวใจ|freenbecky,khawhom m
r18226,Zi2n3m,คุณเอริกา | ฟรีนเบค,ไวค์ช็อค
r18227,Zi2naj,แฟนสภา // ฟรีนเบค,วิวจูน
r18250,Zi2v0m,ชฎารินเมธาวุฒ|ฟรีนเบค,สาววายสมองหาย
r18289,Zi377y,นักเรียนคนโปรด|ฟรีนเบค,ทันโท
r18297,Zi39x2,รอยรำเพย ; freenbecky,Kaotip🪶
r18397,Zi47v9,รออยู่อย่างนั้น | Freenbeck,bbmt123
r18406,Zi4b0c,คุณหิรัญธร!! |ฟรีนเบค,ไรท์นี้ไม่มีจริง
r18428,Zi4k3l,teddy bear | freenbecky,Mamypoko___
r18431,Zi4kxw,ฝน(ไม่)อบอุ่น|FreenBecky,ผักหวานขมปี๋
r18441,Zi4msm,เด็กคุณ [เกลลิน] // เบคฟรีน,หมึกวาด 🐙🖋️
r18459,Zi4th7,คุณตำรวจสุดที่รัก|freenbecky,ชื่อพีโว้ยยย
r18462,Zi4u4u,ใจรักเดียว | FREENBECKY,จินตนาการ
r18493,Zi58d6,หัวหน้าห้อง | ฟรีนเบค,ไร้แสงสว่าง
r18501,Zi5b6h,ฝนวันนั้นกับเด็กคนนึง(ฟรีนเบค),ไอต้วน
r18508,Zi5crd,มิติต้องรัก/BeckyFreen,ยะเดือน
r18510,Zi5d2t,เด็กฝึกงานของควีน | Freenbecky,Siva sky
r18518,Zi5fly,ตัวพ่อแพ้ทรงติ๋ม ; Beckyfreen,- BF -
r18532,Zi5khg,วิวาห์ลับฉบับมาเฟีย|freenbecky,khawhom m
r18538,Zi5o6m,คนอย่างฉันไม่เป็นฝ่ายรับหรอกนะ,ruyu
r18546,Zi5q7d,คุณตำรวจคิน|ฟรีนเบค,ทันโท
r18556,Zi5uwp,เด็กนี่มันอัตราย | Freenbecky,Siva sky
r18579,Zi61l5,อาสัญวันฟ้าสาง - freenbecky,ธัญกร
r18590,Zi64cm,บอดี้การ์ด | freenBeck,แว่นก็แค่เครื่องประดับ
r18645,Zi6nop,"My Girl, My Rules | เบคฟรีน",Little_Piyo
r18646,Zi6nr6,Please call me | เบคฟรีน,little_squid
r18647,Zi6nrk,ไอ่ฝรั่งหมาเด็ก | เบคฟรีน,little_squid
r18656,Zi6r04,น่าฮักแล้วฮักบ่|FreenBecky|,มูฟออนได้ยัง!
r18671,Zi6xer,My Safe Zone : Only Frung |เบคฟรีน,Black_Velvet탁
r18721,Zi7f6r,ขอโทษที่ไปรักเธอ|FreenBecky,SoLoFoToMa
r18724,Zi7fvw,อาชาไนยไม่ซื่อ 2 - ฟรีนเบค,LLUMOSS
r18733,Zi7io6,best(worst) thing,pipo_iwzx17
r18753,Zi7qq2,ลิเซียอย่าวีนเยอะเดี๋ยวอาทิตย์จับจูบ - FreenBecky,หมาบ้านี่ใคร
r18754,Zi7r55,ฤทัยภักดี | freenbecky,ภัคธีร์มา
r18782,Zi81qm,เด็กน้อย|ฟรีนเบค,ท้องฟ้าที่ไม่มีเธอ
r18787,Zi83ht,รักแอบแฝง|ฟรีนเบค,ดอลลาร์ที่เป็นปลาดอลลี่
r18803,Zi89i7,"Not Yours,Not Mine",ruyu
r18811,Zi8bm1,นับดาว | เบคฟรีน,เดย์ซี่ที่รัก
r18820,Zi8foj,รักที่ผลิบาน | ฟรีนเบค,🎃
r18845,Zi8m9r,รักแท้ที่สวนกล้วย | freenbeck,K โพแทสเซียม
r18859,Zi8os7,ไฮโซทรงไทยบ้าน|Freenbecky,💫พิมพ์ฝัน💫
r18860,Zi8p2w,กูบอกมึงแล้วอย่าทำ|GMMTV  FREENBECKY,รักเมียที่สุดในโลก By:illslick
r18865,Zi8q15,พ่ายหรงซี - ฟรีนเบค,LLUMOSS
r18868,Zi8qyu,ปกรฌัมลายทาง - freenbecky,ธัญกร
r18869,Zi8r68,รอยแผลเวธกา|เบคฟรีน,แมวใจฉัน
r18871,Zi8rkj,แฟนเก่าคนโปรด,แสงแรก
r18886,Zi8ut5,(OS) 404 not found | beckyfreen,espaciopersonal
r18896,Zi8xo9,สืบรักพรางเงา (TRACING LOVE'S HIDDEN SHADOW) | BECKYFREEN,แต่งไปเรื่อย
r18906,Zi91qa,( หยุดอัพชั่วคราว )good girl? | freenbecky,หอมเอง!!
r18926,Zi96xu,My wife |ฟรีนเบค,ท้องฟ้าที่ไม่มีเธอ
r18945,Zi9csq,ยัยอาจารย์ใหม่,ครูคนนั้นผมอยากได้
r18946,Zi9cuh,เพื่อน(ไม่)จริง|ฟรีนเบค,ท้องฟ้าที่ไม่มีเธอ
r18948,Zi9ddq,หนี้บุญคุณ,ปีโป้ปีใหม่
r18949,Zi9dj0,อยู่ในระยะใกล้รัก |เบคฟรีน,ฉลามตกใจ24689
r18950,Zi9dpr,กลิ่นหอม |เบคฟรีน,ฉลามตกใจ24689
r18952,Zi9et6,เธอคนเดิม ; Beckyfreen,- BF -
r18978,Zi9lsy,ดอกไม้แห่งเมืองเก่า - BeckyFreen,หมาบ้านี่ใคร
r19001,Zi9qf7,"(รีไรท์)คำว่า""รัก""ที่ส่งไม่ถึง - FreenBecky",Terry.P
r19008,Zi9s1d,q6 dec  |  freenbecky,บัน ั
r19013,Zi9t3h,เรื่องวุ่นๆของวัยรุ่นมัธยม,เอเลี่ยนสุดหล่อ
r19030,Zi9xva,ควายหายยังไม่เศร้า เท่าอีหล่ามีแฟน - BeckyFreen,ซันซิสี่แยกไฟแดง
r19034,Zi9y9u,serendipity &mdash; freenbecky,พื้นที่ของฟรีนเบค
r19063,Zia93d,Forbidden Duty :FB,wlw
r19075,Ziabwq,ไม่รักกันตอนไหน | freenbeck,Flower.. tulip
r19077,Ziacxs,PROMISE ( nx ) - freenbecky,peachmoirex
r19079,Ziade0,ถูกสเปก Let&rsquo;s Go | เบคฟรีน,ฉลามตกใจ24689
r19155,Zib2v0,ระหว่างดินกับดาว|freenbecky,ผมไม่ชอบกินผัก!!!
r19179,Zibcbo,จีบเธอแบบไม่จบ | เบคฟรีน,ฉลามตกใจ24689
r19225,Zibn1b,บอสหล่อจริงมั้ยคะ,y
r19227,Zibo51,เธอเคยรัก(ฉัน)บ้างรึเปล่า#Freenbecky,รักเธอนะฟรีนเบค
r19229,Ziboac,friends or fan (ฟรีนเบค),anan_ram1
r19238,Zibr8a,รักแรกพบ|ฟรีนเบค,สุดหล่อเองครับ
r19241,Zibs53,"ฉลามขึ้นบก , fb",phoprakahpk
r19280,Zic5s1,Runawayfromme | freenbaek,zaxie_ie
r19283,Zic6vp,ยังรักอยู่ไหม/ฟรีนเบค,รักที่ไม่ทีเธอ
r19290,Zic8y3,เพื่อนรัก รักเพื่อน /Freenbecky,สวัสดีค่ะพี่กระเทย
r19316,Zicg9p,พี่คนสวย | freenbecky,กุ๊ดบอย
r19327,Zicika,Barrier | Freenbeck,23INCH
r19334,Zicnys,เจ้าหนี้/เบคฟรีน,ดอกทานตะวัน🌻
r19347,Zicsh5,ความจริงเรื่องสุดท้าย | Freenbecky,ทุ่งทิวลิปเขียวขจี
r19386,Zid1lu,รักที่ตามหา|gl,wlw ดิว่ะะะ
r19423,Ziddhw,วิหคนาพ / BeckyFreen,ยะเดือน
r19489,Zidxi3,warning ! &mdash; freenbecky,ยี่สิบสี่
r19497,Zidyt2,The Same Inside//ฟรีนเบค,มูมู่
r19501,Zie0mk,ได้รักจากจี๋/BeckyFreen,ยะเดือน
r19521,Zie5ak,แค่แรกเจอ ก็เผลอรัก |Freenbeck,ชาเขียวหลังสายฝน ⚡
r19528,Zie7ga,ไปไกลๆ ตีนนะไอนินจา!! - BeckyFreen,ซันซิสี่แยกไฟแดง
r19535,Ziea2b,กวินรักแมว|ฟรีนเบค,anan_ram1
r19550,Ziedax,I love my job.| freenbecky,กุ๊ดบอย
r19590,Ziennd,อดีตสำคัญ|เบคฟรีน,ซูซี่
r19628,Zif27s,LOOK AT ME | FreenBecky,ชาดาในราตรี
r19634,Zif2y4,พญานาหมื่น | Freenbecky,ไซอิ๋ว&amp;
r19643,Zif5bl,กุหลาบสีขาว | ฟรีนเบค,ไวค์ช็อค
r19693,Zifi8y,เราไม่ชอบเด็ก|ฟรีนเบค,anan_ram1
r19714,Zifnod,แอบหลงรัก |ฟรีนเบค|,Milk_1235
r19733,Zifs5n,เลี้ยงไว้(รัก)ล่าม | เบคฟรีน,little_bunny
r19734,Zifs93,เด็กเจ้าสัว | เบคฟรีน,little_bunny
r19742,Ziftoi,กระซิบรักข้างใบหู,อนป
r19750,Zifx00,หมามอม,พีพีไนท์
r19754,Zifxp8,ที่พักพิงสำหรับคุณ - freenbecky,สมchay
r19755,Zifxqk,band&sup1;|ฟรีนเบค,รักที่ไม่ทีเธอ
r19759,Zig0ak,implore|Freenbeck,สโนว์ปี้
r19773,Zig36r,"รักเก่า , BeckyFreen",สามัญชนคนพิการ
r19788,Zig6rc,DIFFICULT|ฟรีนเบค,khawhom m
r19855,Zigqy0,ภาพความทรงจำ | FreenBecky,รันเวียร์
r19858,Zigr7i,อย่าหลงลืมป่า | freenbecky,อะji
r19859,Zigrf3,y'all call 'em red z &mdash; ft. freenbecky,q'sceit
r19902,Zih6ii,แฟนผมโชคดีที่สุดในโลก|ฟรีนเบค,𝓑𝓲𝓶𝓸𝓷
r19941,Zihg9y,ปากร้ายแต่ไม่หลายใจ|Freenbecky,mook
r19945,Zihhek,หมาไม่มีเจ้าของ - Freenbeck,อัายเปอร์ซอยยิกๆ
r19965,Zihmq6,#vvvvv.vvvvv| freenbecky,peachmoirex
r20003,Zihy5p,"รักที่ซ่อนอยู่หลังคําว่า""พี่""",JŃ.
r20008,Zihyvr,เจ้ | เบคฟรีน,สินแส่
r20014,Zii1gm,กาลครั้งหนึ่ง&hellip;ถึงเธอ|FreenBecky,แจกันในทิวลิป
r20064,Ziibaj,หนูน้อยคาร่า​ | เบคฟรีน,Babe.P
r20069,Ziicoc,ใต้เงาของมาดาม,Lunora⭐
r20098,Ziilr6,Magic and Love : Beginning,Badblood
r20120,Ziiq14,เรื่องราวในความรัก|ฟรีนเบค,ปีเตอร์ไม่ใช่คน
r20125,Ziis22,ตำรวจกับคาเฟ่หมาแมว/เบคฟรีน,ดอกทานตะวัน🌻
r20135,Ziitm5,All Along |เบคฟรีน,ruyu
r20145,Ziiw2l,หน้ากาก(แค้น) หัวใจ(รัก),Meena💫
r20167,Zij3gw,ไร่นิลทรัพย์ | Freenbecky,⋆. 𐙚˚࿔ 𝕭𝖆𝖎𝖕𝖔 𝜗𝜚˚⋆
r20197,Zijb14,ลูกหนี้,GLluv
r20200,Zijbym,Lethal Romance | BeckyFreen,meixng
r20212,Zije9m,W2B &mdash; beckyfreen,lablae
r20222,Zijg8q,ทฤษฎีสีชมพู,แกรนงัย
r20264,Zijrxu,"18 Years Apart , FREENBECKY",ꜰʀᴀᴇɴᴢᴏɴᴇ
r20301,Zik0qj,มาเฟีย(ฟรีนเบค),ไนท์เอง
r20332,Zikaut,สลับขั้วป่วนหัวใจแม่บ้าน | ฟรีนเบค,มโนปายเรื่อย
r20341,Zikd1i,อาณาจักรสี่ธาตุกับหัวใจสี่ดวง,๔ กุมาร
r20373,Zikl6o,รักมือสอง - เบคฟรีน,กวินวัชร์(Kawinwat)
r20383,Zikn8w,ตั้งใจเรียนสิคะที่รัก|ฟรีนเบค,ไปรท์
r20453,Zil6bw,ฟรีนเบค,เอเอสะกะดุ้ง
r20487,Zilc3t,อาจารย์|ฟรีนเบค,YIM Yuri
r20519,Zilixg,หมีพูห์น่ารัก|ฟรีนเบค,NatNat
r20521,Ziljpg,เจ้าชีวิต | Absolute Rule //ฟรีนเบค,มูมู่
r20540,Zilnxv,คนไทยเป็นอะไรกับคนเก่า |เบคฟรีน,ฉลามตกใจ24689
r20562,Zilr8y,เค้กน่ากิน |ฟรีนเบค,Milk_1235
r20573,Zilt9j,อย่าเชื่อใจฉัน,ภาวะไร้สติ
r20576,Ziluqa,Day one,ขยันก็เขียน
r20615,Zim2f3,Just (Not) Friend | FreenBecky,Tulip
r20622,Zim39w,Acting/ BeckyFreen,ยะเดือน
r20680,Ziml4x,partner |ฟรีนเบค|,ลูกหมา🐶
r20685,Zimlpg,Jh4y | freenbecky,peachmoirex
r20700,Zimowl,LomBlue | freenbecky,loveใครซักคน
r20731,Zimu3v,ยากที่จะลืม|Freenbecky,P'FAH
r20738,Zimwe1,รักนี่ไม่มีวันเปลียนแปลกไป/ฟรีนเบคกี้,ไม่บอก
r20786,Zin4lc,ยัยเด็กน้อย!|ฟรีนเบค,นมผง.
r20817,Zind9i,คู่หมั้นของทายาท|ฟรีนเบค,ช้ำใจ
r20823,Zinenr,แชทผิดชีวิตเปลี่ยน|Freenbeck,คนเย็นชาไร้หัวใจ
r20851,Zinnff,วุ่นวาย|freenbecky,&lt;&bull;~&bull;&gt;
r20874,Zins3l,'เธอคนนั้น คือฉันอีกคน',AsterInk
r20876,Zinsyi,fantasy| freenbecky,วาวาวาวาว
r20899,Zinyvt,กลิ่นบุหรี่ของมาเฟีย | Freenbecky,Raekphop
r20918,Zio47v,อิงฟ้าเคียงเหนือ|เบคฟรีน,แมวใจฉัน
r20948,Zioaba,ป้าข้างบ้าน | เบคฟรีน,ไวค์ช็อค
r20987,Ziolp4,เธอทำให้ฉันเชื่อใจในความรักอีก|freenbecky,Meena💫
r20992,Ziomkb,นิสิตคนโปรด #ฟรีนเบค,wear.q
r20996,Zioo38,ความลับ|ฟรีนเบค,ไรด์เด้ออ
r21010,Zior7q,โลกสีเทา | Freenbeck,&amp;Pp
r21029,Ziow7h,คุณภักดี | เบคฟรีน,จิงใจไม่จิงโจ้
r21034,Zioxb5,​Unfaithful  [ FB ],uonia_5
r21039,Zip04h,รักปลอม - freenbecky,สมchay
r21062,Zip62u,Agapanthus|Freenbecky,Helichrysum
r21136,Zipm7p,เรียวอลิน : freenbecky,นภศิลา.
r21190,Ziq2vf,มาเฟีย/ฟรีนเบค,เดวิดสัน
r21205,Ziq7sp,ลูกใคร?,แอปเปิ้ลเขียว
r21208,Ziq8vp,Sky | FreenBecky,ชาดาในราตรี
r21237,Ziqfte,Why | FREENBECKY,แมวมอม
r21257,Ziqk1l,ทำนอง|freenbecky X becauseofyouishine,tonjungt
r21278,Ziqugq,เสี่ยข๋าา|ฟรีนเบคกี้,มาอ่านกันเยอะๆนะะ
r21307,Zir61c,รอ :,Love in a Mist
r21326,Zircf6,ทฤษฎีสีที่หายไป | Freenbecky,ริวมันรักคนเก่า
r21342,Zirfjs,อาทิตย์(ไม่)ชอบดาว ฟรีน|เบค,พระอาทิตย์
