detail_key,link,title,author
r47,https://www.readawrite.com/a/Z12jfb,นะเอย | #LingOrm,WP07
r207,https://www.readawrite.com/a/Z3a0np,จนกว่าจะรัก,chmpnu
r210,https://www.readawrite.com/a/Z3cb29,เทียมดาว #lingorm,overall
r225,https://www.readawrite.com/a/Z3l20t,เธอไม่อาจเอารักไปจากหัวใจ (end),PWRN
r230,https://www.readawrite.com/a/Z3n5ou,หมอแพท / LingOrm,nuna
r232,https://www.readawrite.com/a/Z3owv4,ไอรดา / lingorm,nuna
r241,https://www.readawrite.com/a/Z3s9pv,Since 1995 | lingorm,ปลาทูนึ่ง.
r254,https://www.readawrite.com/a/Z3vogw,เพียงนิรันดร์ |หลิงออม,ต้นปี
r263,https://www.readawrite.com/a/Z414x1,คุณเฟยเทียนทำอะไร|หลิงออม,ต้นปี
r276,https://www.readawrite.com/a/Z4a7cr,รักนี้แม่ไม่ปลื้ม|lingorm|,ลาซันย่า🥞
r284,https://www.readawrite.com/a/Z4f2ju,retrace | lingorm,DUBBLEJAYZ
r289,https://www.readawrite.com/a/Z4jgi6,[OS] Remain,StormMoody🌪
r326,https://www.readawrite.com/a/Z4tw4h,again &mdash; lingorm,tulipintherain
r347,https://www.readawrite.com/a/Z4ywds,maybe tomorrow #lingorm,thebottomblue
r352,https://www.readawrite.com/a/Z510a9,Gimmeholic | lingorm,bunniepout
r408,https://www.readawrite.com/a/Z5dqxx,drawn to u &mdash; lingorm,rosieonyou
r471,https://www.readawrite.com/a/Z5tui5,สัมผัสลับสืบคดี | LingOrm,ไต้ลุง
r474,https://www.readawrite.com/a/Z5v32g,แต๊งค์ไม่กินหวาน | lingorm,sunkwong
r567,https://www.readawrite.com/a/Z69g5h,Untold Answer | LingOrm,shanaping
r610,https://www.readawrite.com/a/Z6evey,อย่านะคะ อย่านะคะ | LingOrm,daisiiechaos
r628,https://www.readawrite.com/a/Z6gyps,TIME,xx7RxxyJ
r740,https://www.readawrite.com/a/Z6s96r,Furin |lingorm,อัลฟ่า
r806,https://www.readawrite.com/a/Z6xjul,polished and played | lingorm,tulip flavors
r832,https://www.readawrite.com/a/Z70ig8,"&bull; My Puppy, My Person &bull; - lingorm",tomato'
r839,https://www.readawrite.com/a/Z71cah,มารีกับแมวสีฝน| lingorm,tomato'
r921,https://www.readawrite.com/a/Z76v66,เล่ห์ปานรพี | lingorm,รมัณ
r1001,https://www.readawrite.com/a/Z7atw3,น้อมรับคำทำนาย(The Predict) | Lingorm,Perry.
r1066,https://www.readawrite.com/a/Z7eaj4,Hot Pink | Lingorm,คุณขวัญใจ
r1212,https://www.readawrite.com/a/Z7m4cf,มาดามเนี๊ยบ|LingOrm,กระดานขาว
r1256,https://www.readawrite.com/a/Z7p785,ทินาทรักกลิ่นข้าวหอม | หลิงออม,ตัวไม่เล็ก
r1329,https://www.readawrite.com/a/Z7toh4,นับหนึ่ง // lingorm,มุเร้ก
r1370,https://www.readawrite.com/a/Z7wcv6,textinue | lingorm,lovetothemoonn
r1465,https://www.readawrite.com/a/Z86mnn,Yours Ever | lingorm,Lucky_17
r1527,https://www.readawrite.com/a/Z8bhj3,เหม่ยหลิน (美琳)| Lingorm,roseate
r1610,https://www.readawrite.com/a/Z8giss,My precious gem  | อัญมณีสีรัก | LingOrm,| &bull; Ҝ &bull; |
r1676,https://www.readawrite.com/a/Z8km3k,โรค (รัก) ระบาด,Khunjoy
r1813,https://www.readawrite.com/a/Z8qxgb,ดาวทันตะ|ormling,Hwang_jj
r1845,https://www.readawrite.com/a/Z8srq6,ข้างกัน (the girl next door)| lingorm,หมวกเขียว
r1855,https://www.readawrite.com/a/Z8t53g,On Fleek | Lingorm,roseate
r1914,https://www.readawrite.com/a/Z8w0sd,เก้านรินทร์ | LingOrm,JanessJane
r1924,https://www.readawrite.com/a/Z8wkmc,รักนี้ต้องชำระ|lingorm,เจ้าสับปะรด
r2008,https://www.readawrite.com/a/Z91l0b,ประธานสี |lingorm,imper.
r2142,https://www.readawrite.com/a/Z9c7fm,หงส์เหนือมังกร | Lingorm,roseate
r2170,https://www.readawrite.com/a/Z9e985,#จันทิรา &mdash; lingorm,iseverythingtiming.
r2198,https://www.readawrite.com/a/Z9grrv,love you (รักคุณคนเจ้าชู้) l lingorm,girl friendship
r2208,https://www.readawrite.com/a/Z9h9k5,ใจซ่อนรัก(มีนามนิวส์),มีนาม
r2225,https://www.readawrite.com/a/Z9ibl8,มีนาอย่ามาเก๊ก | lingorm,คุณพระของคุณ
r2228,https://www.readawrite.com/a/Z9igjl,เจ๊สามตามสั่ง|หลิงออม,คุณหนูตระกูลยุน
r2255,https://www.readawrite.com/a/Z9jsi9,叉燒 (ชาซิว) #หลิงออม #พี่สาวร้านชาซิว,羊肉串
r2299,https://www.readawrite.com/a/Z9m2fm,ไหนว่าพิวเตอร์ไม่ซน | LingOrm หลิงออม,4:41
r2362,https://www.readawrite.com/a/Z9pj46,take time &mdash; lingorm,ttrueblue
r2382,https://www.readawrite.com/a/Z9qrsh,คุณกระต่ายของน้องโป,แซลมอนมันแซ่บหลาย
r2412,https://www.readawrite.com/a/Z9s8dv,only you | ormling,qgmhub
r2417,https://www.readawrite.com/a/Z9si6u,รักในบทความ | lingorm,ปลายหมึกพู่กัน
r2426,https://www.readawrite.com/a/Z9suyx,infatuated - lingorm,gentledaisy
r2432,https://www.readawrite.com/a/Z9te1o,"masterpiece , lingorm",tomaก้อน
r2455,https://www.readawrite.com/a/Z9v3yx,นางร้ายห้ามรัก | lingorm,catislove
r2460,https://www.readawrite.com/a/Z9vfhl,wǔ &egrave;r l&iacute;ng (我爱你) | lingorm,youmakemyheartquake
r2517,https://www.readawrite.com/a/Z9y3op,เฉดไหนคือเธอ | LingOrm,คิวพิษเลิฟ
r2525,https://www.readawrite.com/a/Z9ys3i,คุณหวา | lingorm,morforlike
r2542,https://www.readawrite.com/a/Za0n2c,ท้องฟ้าฝากรัก | หลิงออม,fzzhcwx
r2545,https://www.readawrite.com/a/Za0sve,Ms. Everything | LingOrm,คิวพิษเลิฟ
r2548,https://www.readawrite.com/a/Za12kk,the 3rd coincidence &mdash; lingorm (os),sadsummer
r2553,https://www.readawrite.com/a/Za18n7,พระพายพัดผ่าน | lingorm,catislove
r2558,https://www.readawrite.com/a/Za1mqj,ไทป์หมาอันตราย,เด็กD
r2578,https://www.readawrite.com/a/Za2dr1,รุ่นแม่ | lingorm,Perrose
r2584,https://www.readawrite.com/a/Za2jey,l'amour|Lingorm,วิเวียนร์
r2598,https://www.readawrite.com/a/Za3804,ภูมิแพ้หัวใจ | หลิงออม,fzzhcwx
r2620,https://www.readawrite.com/a/Za418c,อิ่มรัก | LINGORM,พีพีเทพซ่า
r2641,https://www.readawrite.com/a/Za4tdq,แพรพิงค์ | lingorm,ทองม้วน
r2642,https://www.readawrite.com/a/Za4tkx,การเมืองความรัก | LINGORM,พีพีเทพซ่า
r2645,https://www.readawrite.com/a/Za4x4h,หอมกลิ่นดอกเหมย | Lingorm,ไตปลาแมวส้ม
r2662,https://www.readawrite.com/a/Za5o1n,เพ่ยอย่ายอม| lingorm,太太
r2664,https://www.readawrite.com/a/Za5qn9,แสงตะวันในม่านหมอก | lingorm,ฮั่นฮั่น
r2668,https://www.readawrite.com/a/Za5u9r,Jester of the hour | LINGORM,justifyingggg
r2671,https://www.readawrite.com/a/Za61rm,lol why ㅡ [orm x ling],rockettotheplanet
r2675,https://www.readawrite.com/a/Za67cy,kunnat | lingorm,khunnhun
r2702,https://www.readawrite.com/a/Za6tsi,รอเธออยู่ที่เดิม | lingorm​,13
r2704,https://www.readawrite.com/a/Za6tx4,ลมหนาวพารัก | lingorm,catislove
r2710,https://www.readawrite.com/a/Za6ymt,ขวัญเอ๋ยขวัญใจ | LINGORM,พีพีเทพซ่า
r2711,https://www.readawrite.com/a/Za7065,What if . . . (หลิงหลิงคอง X ALL),羊肉串
r2719,https://www.readawrite.com/a/Za7ai2,-เมษาหน้าหนาว-|Lingorm|,ปวดหมอง
r2729,https://www.readawrite.com/a/Za7lja,เกม | Orm x Ling,Anastasiya
r2734,https://www.readawrite.com/a/Za7r3d,เท่าฟ้าหมื่นลี้ | หลิงออม,vanp-
r2747,https://www.readawrite.com/a/Za898y,ท้องฟ้าของทะเล | ออมหลิง,mondayyy99
r2757,https://www.readawrite.com/a/Za8oto,เพลงรักของรสา&mdash;lingorm,ichionehanauno.
r2764,https://www.readawrite.com/a/Za8vab,oh wait she break it ! #lingorm,jaz6ic
r2768,https://www.readawrite.com/a/Za8y38,ดวงใจจุฑาเทพ &mdash; lingormbam,16race
r2779,https://www.readawrite.com/a/Za9ir5,9am &mdash; lingorm,hidaisy🦢
r2780,https://www.readawrite.com/a/Za9jhc,impossible |lingorm|,ปลาทูอ้วน
r2784,https://www.readawrite.com/a/Za9ndi,high-heels | lingorm,morforlike
r2786,https://www.readawrite.com/a/Za9pl7,Paphai's food chain - Lingorm,ม.จ.เลดี้
r2789,https://www.readawrite.com/a/Za9uw5,แสนดีของอัยย์ [beside] #หลิงออม,haribooo
r2794,https://www.readawrite.com/a/Zaa477,คู่หมั้นที่ไม่รัก,chmpnu
r2799,https://www.readawrite.com/a/Zaa8ek,THREE,J_alone&hearts;
r2811,https://www.readawrite.com/a/Zaahqx,ใจภักดิ์ - LingOrm,My Apollo
r2820,https://www.readawrite.com/a/Zaasja,needy| lingorm,เป็นข้อยกเว้นของเธอได้ไหม
r2831,https://www.readawrite.com/a/Zab3f4,ตะวันฉายปลายฟ้า (หลิงออม),ppct
r2838,https://www.readawrite.com/a/Zabe19,ศัตรูที่รัก | เดนิสมิ้ม,banana_
r2839,https://www.readawrite.com/a/Zabeki,พี่ชอบหนูที่สุดเลย||#หลิงออม,khunlung_s
r2845,https://www.readawrite.com/a/Zabl6m,ปลายฝนต้นหนาว l  lingorm,หมวกเขียว
r2870,https://www.readawrite.com/a/Zaccx7,1st love - lingorm,24hrsperdae
r2875,https://www.readawrite.com/a/Zacja6,หลงเฟิ่ง| lingorm,catislove
r2878,https://www.readawrite.com/a/Zacmfn,คู่แข่ง | lingorm,Perrose
r2881,https://www.readawrite.com/a/Zacp1q,My Dear Ghost 👻,จารุ🌙
r2886,https://www.readawrite.com/a/Zacvus,chaotic - lingorm,20MM_
r2887,https://www.readawrite.com/a/Zacwx1,มีนจะขอ [please] |หลิงออม,haribooo
r2888,https://www.readawrite.com/a/Zacwyi,#พร้อมอุ้มบุญ &mdash; lingorm,iseverythingtiming.
r2897,https://www.readawrite.com/a/Zadbjb,OS | 长黄 (Ch&acirc;ng- Hu&aacute;ng) &mdash; lingorm,hidaisy🦢
r2919,https://www.readawrite.com/a/Zadvgm,ขวัญข้าว,อารัช.
r2929,https://www.readawrite.com/a/Zae8wn,Yellow Leaf | Lingorm,Zwei
r2931,https://www.readawrite.com/a/Zaeal4,Psycho|Lingorm,วิเวียนร์
r2951,https://www.readawrite.com/a/Zaepa9,[OS] Ask me [Orm x Ling],Anastasiya
r2953,https://www.readawrite.com/a/Zaer8b,My girl |  LingOrm💜,ลาเต้
r2964,https://www.readawrite.com/a/Zaf59v,เพื่อนกันไม่ต้องเลิกกัน (os)| lingorm,ปลาทูอ้วน
r2966,https://www.readawrite.com/a/Zaf9e5,ซ้ายคนสวยขวาก็คนสวย - lingorm,goldenormlet
r2971,https://www.readawrite.com/a/Zafc07,Night to meet u (กว่าจะได้รักกัน) | lingorm,ทองม้วน
r2992,https://www.readawrite.com/a/Zafwso,หิรัญรัก / หลิงออม,สิ่งมงคลจากฟ้า
r3020,https://www.readawrite.com/a/Zagn8j,รักแลกภพ | lingorm,RSR
r3021,https://www.readawrite.com/a/Zagnyt,พัทธ์ธีรา | lingorm,Dinsohaa-i
r3023,https://www.readawrite.com/a/Zagpxx,My Konprod | หลิงออม,fzzhcwx
r3026,https://www.readawrite.com/a/Zaguce,1% | lingorm,RKRRK
r3027,https://www.readawrite.com/a/Zagvrl,ใต้เงาเทียมตะวัน | lingorm,catislove
r3037,https://www.readawrite.com/a/Zah35g,พี่พิมพ์บัญชีปกน้องเอยบัญชีเป - lingorm,goldenkaijiew
r3051,https://www.readawrite.com/a/Zahaco,ชนกันต์ | LINGORM,momdaerin
r3062,https://www.readawrite.com/a/Zahj4p,ฉันจะเอาเธอมาเป็นเเฟนให้ได้!,⠀ ⠀ ⠀ ⠀ ⠀
r3088,https://www.readawrite.com/a/Zai6nj,ยืมหนึ่งวัน |lingorm,แอบรัก
r3095,https://www.readawrite.com/a/Zaicgt,คลื่นหัวใจ,bubu
r3102,https://www.readawrite.com/a/Zaijqp,please slowly |หลิงออม,tomormorrow
r3109,https://www.readawrite.com/a/Zaimjp,ทัชชาธีร์วรา:lingorm,มิถุนาหน้าร้อนหรือหน้าฝน
r3126,https://www.readawrite.com/a/Zajdfx,Lisztomania | lingorm,novelty
r3129,https://www.readawrite.com/a/Zajfgu,เด็กติดเกมส์,PALITA
r3138,https://www.readawrite.com/a/Zajmfg,มหกรรมแตกแยกแลกขนมปี๊บ | ormling,qgmhub
r3177,https://www.readawrite.com/a/Zakn04,"normal people &bull; lingling,orm",obvious&mdash;
r3179,https://www.readawrite.com/a/Zakncs,กิตติธวัชกุล | Ormling,Ruby M
r3181,https://www.readawrite.com/a/Zakq0g,The office | Lingorm,Ruby M
r3182,https://www.readawrite.com/a/Zakrst,หรัณย์เพื่อนอิน| Lingorm,duckshyt
r3191,https://www.readawrite.com/a/Zakwff,ไม่ได้ชอบค่ะ | lingorm,RKRRK
r3193,https://www.readawrite.com/a/Zakxrw,(FIC) Nothing but Love #NBLหลิงออม,Ma-Bung
r3197,https://www.readawrite.com/a/Zal196,pew ! struck by cupid&rsquo;s arrow - หลิงออม,memonobor
r3209,https://www.readawrite.com/a/Zalfnt,ทฤษฎีจีบคนสวย | lingorm,khhhht
r3214,https://www.readawrite.com/a/Zalk10,เรื่องเรา (Our story) - lingorm,ชาติศักดิ์ รักจริง
r3216,https://www.readawrite.com/a/Zallfe,"when i was, when you were - หลิงออม",backtothatsummer
r3236,https://www.readawrite.com/a/Zam42b,[OS] แค่เพียง S I S ใกล้ #LingOrm,satisfaction
r3240,https://www.readawrite.com/a/Zam6bw,มีนาเมษา | Lingorm,KTM222
r3241,https://www.readawrite.com/a/Zam6kb,illuminate | lingorm,fecbeeny
r3251,https://www.readawrite.com/a/Zame3i,ฉลาม🦈| LingOrm💜,ลาเต้
r3252,https://www.readawrite.com/a/Zamfr6,อันธิกัณ &mdash; lingorm,_mysymmetry
r3253,https://www.readawrite.com/a/Zamig1,รวมทุกคู่🤟❤️❤️OS/FS(หยุดอัพระยะยาว)​,Danica
r3255,https://www.readawrite.com/a/Zaml38,fluttering feelings | lingorm,meandmeandmyself
r3258,https://www.readawrite.com/a/Zamlww,1945 Romanee-Conti,urs
r3264,https://www.readawrite.com/a/Zamujw,onlyphugun: หลิงออม,missyoutosunday
r3283,https://www.readawrite.com/a/Zanart,lightbluegallery - lingorm,story keeper
r3291,https://www.readawrite.com/a/Zanlbf,strictly confidential | lingorm,tulip flavors
r3311,https://www.readawrite.com/a/Zao1qj,OS | #ข้างบ้านพี่อุ่น - Ormling,hidaisy🦢
r3317,https://www.readawrite.com/a/Zao8ce,Moonlit Reverie | Orm x Ling,Jung.
r3323,https://www.readawrite.com/a/Zaobhm,7 Days - LingOrm #หลิงออม,everydayisjenday
r3328,https://www.readawrite.com/a/Zaoky0,โปรดปราณ |LingOrm💜,ลาเต้
r3341,https://www.readawrite.com/a/Zap7d9,break-fast (lingorm),brocchigo
r3346,https://www.readawrite.com/a/Zapacx,Until i met my boo - LingOrm,backtothatsummer
r3354,https://www.readawrite.com/a/Zaplkx,หิงย๋อ หอหญิงง,ทนิมทจัย
r3373,https://www.readawrite.com/a/Zaqf1g,you belong with me | lingorm,superjellyfish
r3383,https://www.readawrite.com/a/Zaqkex,behind the scenes #รักนี้ไม่มีปิดกล้อง | หลิงออม,timber
r3385,https://www.readawrite.com/a/Zaqm1u,return-lingorm,janejanekwong
r3395,https://www.readawrite.com/a/Zaqr05,ซ่อนรัก ออนไลน์ Hide Love Online -LingOrm,ไม้สีอุ่น
r3396,https://www.readawrite.com/a/Zaqr4e,ปากกาสีชาด(Victim) | LingOrm,Aivie.e
r3424,https://www.readawrite.com/a/Zario0,คุณไม่มีสิทธิ์ | lingorm,zimzalabeam
r3435,https://www.readawrite.com/a/Zartt9,amour interdit | lingorm,bonnieq
r3446,https://www.readawrite.com/a/Zas20s,คุณหลิวจะไปรู้อะไร | OrmLing,khhhht
r3447,https://www.readawrite.com/a/Zas4vd,เพียงอรุณ:lingorm,มิถุนาหน้าร้อนหรือหน้าฝน
r3451,https://www.readawrite.com/a/Zas7u2,9 ถึง 6 นาฬิกา | lingorm,at sunshine
r3459,https://www.readawrite.com/a/Zasd8h,99% | lingorm,RKRRK
r3463,https://www.readawrite.com/a/Zasgob,บ่วงรักธารา,gnaka
r3469,https://www.readawrite.com/a/Zasi1v,หนี้พันธะ..รักแท้ - LingOrm,My Apollo
r3470,https://www.readawrite.com/a/Zask0x,"Say it, it&rsquo;s beautiful | lingorm",ชาติศักดิ์ รักจริง
r3486,https://www.readawrite.com/a/Zat0du,วันหยีหวา!!-หลิงออม,ภูหินเมือง
r3494,https://www.readawrite.com/a/Zat8d0,ครึ้ม | LingOrm,subparadd
r3499,https://www.readawrite.com/a/Zatccs,dcghj | lingorm,LOLo99
r3538,https://www.readawrite.com/a/Zautcd,บ้านแสนรัก | lingorm,ฮั่นฮั่น
r3546,https://www.readawrite.com/a/Zav58c,ระวัง..สิ้นสุดทางเพื่อน | LingOrm💜,ลาเต้
r3580,https://www.readawrite.com/a/Zaw4h0,sunflower  | OrmLing,M26
r3593,https://www.readawrite.com/a/Zawia8,นภากรณ์:lingorm,มิถุนาหน้าร้อนหรือหน้าฝน
r3598,https://www.readawrite.com/a/Zawmdr,เอินไม่ได้ชอบผู้หญิง!!!,Gavyn.
r3622,https://www.readawrite.com/a/Zaxivq,มาเติมรัก #lingorm,สามธันวา
r3630,https://www.readawrite.com/a/Zaxuk8,เธอ next door (หลิงออม),สามดอกจิก
r3631,https://www.readawrite.com/a/Zaxwun,Love still goes on | ormling/seulrene,wenbell
r3646,https://www.readawrite.com/a/Zay9vr,"Only you, not anyone | lingorm💜",ลาเต้
r3649,https://www.readawrite.com/a/Zayboo,One shot with cat | lingorm,catislove
r3656,https://www.readawrite.com/a/Zayl8a,bossy &mdash; lingorm,flowery.
r3664,https://www.readawrite.com/a/Zayvb3,พี่ๆ ห้องนี้มีผีนะ |lingorm,imper.
r3676,https://www.readawrite.com/a/Zb03u1,หงส์หยก,กาเบล
r3683,https://www.readawrite.com/a/Zb0cof,Close Friends ขีดเส้นเพื่อน | lingorm,are you the moon4
r3691,https://www.readawrite.com/a/Zb0i2w,7:00 a.m. | LingOrm,Jung.
r3692,https://www.readawrite.com/a/Zb0i8x,หนูไม่แต่ง!!!,The real
r3696,https://www.readawrite.com/a/Zb0lp0,หลิง ออม|เพราะเธอคนนั้น,Ploy
r3698,https://www.readawrite.com/a/Zb0nby,เหมือนฝัน (หลิงออม),ข้าวผัดสมองมด
r3700,https://www.readawrite.com/a/Zb0qsj,Paris | Lingorm *ON HOLD,capturemoncoeur
r3708,https://www.readawrite.com/a/Zb0yrx,your firstborn #ลูกรักหลิงออม,tokyoc
r3709,https://www.readawrite.com/a/Zb10js,i quit! #lingorm,petitesea
r3712,https://www.readawrite.com/a/Zb14tx,it&rsquo;s a match คุณแฟนเก่า | lingorm,pianista
r3720,https://www.readawrite.com/a/Zb1csj,สะดุดรัก|LingOrm,ไข่เจียวไข่ใจ
r3730,https://www.readawrite.com/a/Zb1u8a,ฤดูฝน | lingorm,ปูขาขน
r3735,https://www.readawrite.com/a/Zb1ysr,because of love| lingorm,คุนเฉิน
r3737,https://www.readawrite.com/a/Zb22rf,บ้อกแบ้กคือรอยยิ้มของพี่เขา (LingOrm),PRIKsoii
r3739,https://www.readawrite.com/a/Zb22vs,to the moon and back (lingorm),Ms.Bears
r3746,https://www.readawrite.com/a/Zb28cm,สวรรค์ชั้น 7 | lingorm,pianista
r3748,https://www.readawrite.com/a/Zb2ax7,เอื้องนภา | Lingorm,คุณพระของคุณ
r3749,https://www.readawrite.com/a/Zb2di2,See you later alligator! | LingOrm,PLD
r3758,https://www.readawrite.com/a/Zb2k8p,"Caught in a vibe , lingorm",printleyern
r3761,https://www.readawrite.com/a/Zb2mq9,ม้วนตัวหัวใจ | หลิงออม,ชนาภัทร
r3769,https://www.readawrite.com/a/Zb2urb,SPY | (หลิงออม),Step
r3782,https://www.readawrite.com/a/Zb3e63,ตรีโทเธอ,กระดาษขาว
r3783,https://www.readawrite.com/a/Zb3ejj,Snapshot memories,ผู้เสพศิลปะด้านความสัมพันธ์
r3785,https://www.readawrite.com/a/Zb3i36,ภาวนา|lingorm,Platin
r3786,https://www.readawrite.com/a/Zb3icv,Here&rsquo;s a joke just for you! | LingOrm,Yorkie
r3791,https://www.readawrite.com/a/Zb3l4t,ดื้อ! | Lingorm,$us_tain
r3794,https://www.readawrite.com/a/Zb3mw2,Painted love แต้มสีแต่งรัก | lingorm,feelmysummer
r3800,https://www.readawrite.com/a/Zb3s9n,please don&rsquo;t (ไม่ให้ไป) l lingorm,depianis
r3804,https://www.readawrite.com/a/Zb3yv9,แม่หมอ retro - (LingOrm),หมา-ง่วง
r3814,https://www.readawrite.com/a/Zb485d,first con first love &mdash; lingorm,theswan
r3819,https://www.readawrite.com/a/Zb4c65,เพียงนับดาว [only] | Lingorm,haribooo
r3827,https://www.readawrite.com/a/Zb4kcs,30 cm &ndash; lingorm,godfereb
r3828,https://www.readawrite.com/a/Zb4ksr,รีเจนสู้,The real
r3831,https://www.readawrite.com/a/Zb4lgv,心 (xīn) | lingorm,หม่ำๆมานะ
r3832,https://www.readawrite.com/a/Zb4lhl,bakerlove | lingorm,sushiba
r3834,https://www.readawrite.com/a/Zb4lwn,Mabel,black Pink
r3838,https://www.readawrite.com/a/Zb4p3k,to be no.1|lingorm,notyourbabygirl
r3840,https://www.readawrite.com/a/Zb4xha,ปิลันทิตา..,สายธาร
r3846,https://www.readawrite.com/a/Zb5610,"30,000 ft อดทนจนกว่าจะแลนด์ | lingorm",janearly
r3849,https://www.readawrite.com/a/Zb583m,ขอคนไม่เล่น#หลิงออม,Sasitorn​94
r3851,https://www.readawrite.com/a/Zb59k6,wait,fern
r3858,https://www.readawrite.com/a/Zb5fe6,knotty | lingorm,Lucky_17
r3860,https://www.readawrite.com/a/Zb5fyq,รอยแค้นจันธิสา|lingorm (*รีไรท์),century of love
r3861,https://www.readawrite.com/a/Zb5ifu,So sweet,เจตก้อนหยก
r3862,https://www.readawrite.com/a/Zb5jtg,Try to [LingOrm],PRIKsoii
r3870,https://www.readawrite.com/a/Zb5tu8,Friend With Bnf|lingorm,PP2233
r3876,https://www.readawrite.com/a/Zb62la,อลิณ~ Ormling,little
r3878,https://www.readawrite.com/a/Zb63ki,11.PM | lingorm,zenji_
r3879,https://www.readawrite.com/a/Zb65d1,เพียงฟ้าของทะเล | lingorm,"""Partnerrr"""
r3883,https://www.readawrite.com/a/Zb69pd,เวลาของชีวา | lingorm,ปูขาขน
r3889,https://www.readawrite.com/a/Zb6hps,lack of empathy - lingorm,nightmareq
r3892,https://www.readawrite.com/a/Zb6lb1,The midnight miracle,Memornies
r3893,https://www.readawrite.com/a/Zb6lta,one day | lingorm,lilyofthevalley
r3898,https://www.readawrite.com/a/Zb6ppp,รักร้าย,น้ำชุบ
r3903,https://www.readawrite.com/a/Zb6sty,𝑝𝑙𝑒𝑎𝑠𝑒 𝑙𝑜𝑣𝑒 𝑚𝑒 𝑡ℎ𝑒 𝑤𝑎𝑦 𝑖 𝑎𝑚 /Lingorm /Jenlisa,อิฐหิน​ปูนทราย
r3906,https://www.readawrite.com/a/Zb6vfj,say it | lingorm,TRIGGERs
r3910,https://www.readawrite.com/a/Zb6xkg,ระบบรวน #lingorm,yok6kao
r3911,https://www.readawrite.com/a/Zb6yd8,อุบัติเหตุ |Lingorm,ภูตาวัน
r3923,https://www.readawrite.com/a/Zb77do,godspeed | lingorm,ppkty309
r3924,https://www.readawrite.com/a/Zb780p,ม่านฟ้าในไออุ่น | lingorm,ม๋าเด็ก
r3926,https://www.readawrite.com/a/Zb7bhh,Burn | lingorm,notyourbabygirl
r3927,https://www.readawrite.com/a/Zb7dbt,รูมเมททัก | lingorm,MrogniL
r3928,https://www.readawrite.com/a/Zb7ebi,พรมลิขิต | หลิงออม,ด็อกๆๆ
r3932,https://www.readawrite.com/a/Zb7gky,The Princess - Lonely Night / Lingorm,PeachPloy
r3933,https://www.readawrite.com/a/Zb7ia2,one day | lingorm,C.cat
r3935,https://www.readawrite.com/a/Zb7nwa,โปรดรัก,duckkythepool
r3939,https://www.readawrite.com/a/Zb7qv7,Day One | lingorm,sunkwong
r3945,https://www.readawrite.com/a/Zb7vfl,Enchanted to meet you.,Bㅌmyone
r3946,https://www.readawrite.com/a/Zb7w05,ใจรัก|หลิงออม,นู๋ชื่อสมหมาย🌈
r3947,https://www.readawrite.com/a/Zb7w91,เพียงนับดาว | lingorm,เจ้าฉลามวาฬ
r3949,https://www.readawrite.com/a/Zb7x0w,ฝากไว้ให้คริส | lingorm,welcometomyparadise
r3950,https://www.readawrite.com/a/Zb7yb1,I Am | LingOrm,KwongLong
r3953,https://www.readawrite.com/a/Zb83f6,เรื่องของเรา/หลิงหลิง ออม,เจ๊เจี่ยถี่จ่ะ😘
r3959,https://www.readawrite.com/a/Zb8gng,ภาค 2 อยากเป็นเมียแม่เลี้ยงการันต์ #lingorm,สามธันวา
r3965,https://www.readawrite.com/a/Zb8kfd,Our playlist,coldbrewmalt
r3967,https://www.readawrite.com/a/Zb8nav,REPULES BAY &mdash; #lingorm,หญิงเมฆ⛈
r3968,https://www.readawrite.com/a/Zb8ner,Gemini in the sky|Lingorm,aonsinee
r3970,https://www.readawrite.com/a/Zb8okx,LingOrm - มีใครเห็นหูฟังเรามั้ยคะ?,IJ1995
r3973,https://www.readawrite.com/a/Zb8q0k,ปีกอัปสร:lingorm,for&gt;u too.
r3975,https://www.readawrite.com/a/Zb8r24,พี่หมอตัวร้าย|หลิงออม,APIN.N.N
r3976,https://www.readawrite.com/a/Zb8uf7,รักผ่านสายตา,นามรัก
r3983,https://www.readawrite.com/a/Zb8xu2,honesty | lingorm,lonesummer_
r3984,https://www.readawrite.com/a/Zb8yd8,เจ้ากับข่อย(ฉันและเธอ) LingOrm,ผลไม้กระป๋อง
r3987,https://www.readawrite.com/a/Zb91s7,best pink | lingorm,lovetothemoonn
r3994,https://www.readawrite.com/a/Zb959d,Therapist ฝันฉันฝันเธอ #lingorm,HONEY BABY
r3995,https://www.readawrite.com/a/Zb96fi,Ex-Girlfriend | Lingorm,Yourname
r4000,https://www.readawrite.com/a/Zb9dlp,friend | lingorm,Phiang Rak
r4001,https://www.readawrite.com/a/Zb9dvs,(SF) GF. พฤติกรรมแฟนสาว [LingOrm],Cyunie
r4007,https://www.readawrite.com/a/Zb9gc7,หลิวเม่ย | LingOrm,LensRT.
r4014,https://www.readawrite.com/a/Zb9j5a,RED UNDERLINE &mdash; #lingorm,หญิงเมฆ⛈
r4016,https://www.readawrite.com/a/Zb9n26,prathan | lingorm,ttiam
r4017,https://www.readawrite.com/a/Zb9n95,cigarettes after sex | lingorm,pianista
r4018,https://www.readawrite.com/a/Zb9nbn,พิมพ์ญามาศ:lingorm,มิถุนาหน้าร้อนหรือหน้าฝน
r4020,https://www.readawrite.com/a/Zb9o6t,หลงหยุดหลงทาง | lingorm,張
r4021,https://www.readawrite.com/a/Zb9oak,ยามฟ้ามืด | lingorm,ปอเป็ดขี้เหร่
r4022,https://www.readawrite.com/a/Zb9oe6,My Everlasting Love,Primrose95
r4023,https://www.readawrite.com/a/Zb9pab,viva la vida | lingorm,navyblue
r4024,https://www.readawrite.com/a/Zb9pik,#เชียร์ไรวะ | หลิงออม LingOrm,เสี้ยวตะวัน
r4026,https://www.readawrite.com/a/Zb9ral,"LOVE ME, PLEASE &ndash; #LMPLO (หลิงออม)",i3ananastory
r4029,https://www.readawrite.com/a/Zb9wk8,เจ้าแมวแม่มด |หลิงออม/ฟ้ามิ้นท์,A_.
r4030,https://www.readawrite.com/a/Zb9y9x,พี่ข้างบ้าน | lingorm,perthbluu
r4031,https://www.readawrite.com/a/Zb9ya1,Onlyfan(คนใกล้ตัว)#หลิงออม,Sasitorn​94
r4035,https://www.readawrite.com/a/Zba3c8,คิวใคร* ; LINGORM,black.duck
r4036,https://www.readawrite.com/a/Zba6r3,Another 1% | lingorm,คุนเฉิน
r4037,https://www.readawrite.com/a/Zba6v1,Dear Ex (lingorm),Ixmzer0kub
r4038,https://www.readawrite.com/a/Zba6y2,Miss Glamorous Thailand - lingorm,1127password
r4043,https://www.readawrite.com/a/Zbaaba,Espresso | #หลิงออม,ดชช.
r4045,https://www.readawrite.com/a/Zbab0w,แม่เลี้ยงลลิน-หลิงออม,ภูหินเมือง
r4047,https://www.readawrite.com/a/Zbacnx,คนรวยคนนี้เป็นของเธอนะ l RICH l LingOrm,Safezone it me
r4048,https://www.readawrite.com/a/Zbad3i,Michi Teyu Ku | lingorm,มีใจหรือยังถ้าไม่มีมาเอากับหนู
r4049,https://www.readawrite.com/a/Zbadfm,ยังไงก็คือเธอ // หลิงออม,แค่แมวตัวหนึ่งที่นิสัยเหมือนจิ้งจอก
r4050,https://www.readawrite.com/a/Zbadxx,ทฤษฎี21วัน [timehop] | หลิงออม,haribooo
r4051,https://www.readawrite.com/a/Zbae11,#ปากแบบนี้ระวังโบ้นะคะ,ผลไม้กระป๋อง
r4055,https://www.readawrite.com/a/Zbafmv,force - lingorm,วิเวียน
r4057,https://www.readawrite.com/a/Zbagdh,ปรียาวดี | lingorm,ມມ.
r4060,https://www.readawrite.com/a/Zbamrs,คุณหนูไฮโซ | หลิงออม Ss1-Ss2,Memory to kk
r4061,https://www.readawrite.com/a/Zbamt5,lovenextdoor #lingorm,honeyimysb
r4064,https://www.readawrite.com/a/Zbau9p,รักของพี่ให้หนูได้ไหม(หลิงออม),ablazy
r4066,https://www.readawrite.com/a/Zbaus5,BadLove รักร้ายบอดี้การ์ดจำเป็น,ฟิคช่างฝัน
r4082,https://www.readawrite.com/a/Zbbhm3,จ๋ายลี่หลิน丽琳 - ormling,zebingzetpoli
r4084,https://www.readawrite.com/a/Zbbho8,แล้วแต่แม่คุณ | lingorm,BABYMOO
r4088,https://www.readawrite.com/a/Zbbop7,A2001| lingorm,thestonegrows
r4091,https://www.readawrite.com/a/Zbbqqp,แล้วพี่จะรักหนูมั้ย?,อาเซียนร่วมใจ
r4094,https://www.readawrite.com/a/Zbbtib,วิวาห์จำยอม|LingOrm,PeachPloy
r4099,https://www.readawrite.com/a/Zbc105,รักหมดใจยัยตัวแสบ|หลิงออม,mormeen.m
r4100,https://www.readawrite.com/a/Zbc2cd,คำมั่นสัญญา|หลิง ออม,Ploy
r4102,https://www.readawrite.com/a/Zbc7fu,ไล่โปรดปราน | lingorm,ไข่เจียวกับซอส
r4108,https://www.readawrite.com/a/Zbchgj,พี่ทิชา ormling,bumcheezekak
r4111,https://www.readawrite.com/a/Zbcivj,Which Flag? | lingorm,หมาชาเขียว
r4113,https://www.readawrite.com/a/Zbcl81,Crush! #หลิงออม,NARA 9
r4116,https://www.readawrite.com/a/Zbcmn4,โลกที่ไม่มีเธอ|หลิงออม,จันทร์เจ้าเอ๋ย
r4117,https://www.readawrite.com/a/Zbcob6,สุดหล่อกลัวเมีย|หลิงออม,อัลปาก้าน่ารัก
r4119,https://www.readawrite.com/a/Zbctpr,ท่านประธานขี้เก๊กของยัยดาราตัวร้าย,ลมหนาว
r4122,https://www.readawrite.com/a/Zbd2f9,above every reason | lingorm,คุนเฉิน
r4124,https://www.readawrite.com/a/Zbd3q4,แฟนใหม่คนโปรด | lingorm,RKRRK
r4127,https://www.readawrite.com/a/Zbd5me,parallel between us | lingorm,คุนเฉิน
r4130,https://www.readawrite.com/a/Zbdb0a,เจียงใหม่ที่รัก | lingorm,จุ้บเร้กของมัมหมี
r4131,https://www.readawrite.com/a/Zbdbei,海  |lingorm,Sun.a
r4135,https://www.readawrite.com/a/Zbdgqg,ใช้สำหรับซื้อขายเท่านั้น !!! | หลิงออม,ชานชาลา
r4138,https://www.readawrite.com/a/Zbdj2o,สืบลับคดียาดอง | LingOrm,soshitaroz
r4139,https://www.readawrite.com/a/Zbdj56,แฟนเก่า.|หลิงออม,ariari
r4145,https://www.readawrite.com/a/Zbdpim,Queen P.  |  Orm x who?,notyourbabygirl
r4147,https://www.readawrite.com/a/Zbdu1j,โถ่เจ้าความรัก|หลิงออม,TTW
r4148,https://www.readawrite.com/a/Zbe0p3,247 home | lingorm,Voyezvous
r4149,https://www.readawrite.com/a/Zbe0xm,OLL | Ormling,kmn
r4150,https://www.readawrite.com/a/Zbe5rf,My trap - lingorm,everythingislove
r4153,https://www.readawrite.com/a/Zbe7a2,Love u | lingorm,The romantic
r4160,https://www.readawrite.com/a/Zbecn2,Girlfriend?,fern
r4164,https://www.readawrite.com/a/Zbekjq,แพ้รัก|lingorm,ปิ่นรัก
r4165,https://www.readawrite.com/a/Zbekra,The Secret-lingorm,ปพัณณ์ลภัส
r4167,https://www.readawrite.com/a/Zbemo3,ผมก็แค่อยากรู้ รักผมไหม,nuna
r4168,https://www.readawrite.com/a/Zben0v,One short (12stories) &mdash; #lingorm,pundennz.
r4169,https://www.readawrite.com/a/Zber4o,ทฤษฎี21วัน,varqerin
r4172,https://www.readawrite.com/a/Zbexes,เส้นทางแห่งความฝัน |lingorm,ดาวเด่น🌟
r4183,https://www.readawrite.com/a/Zbfmq6,คลุมถุงชน | หลิงออม,นันภัส
r4186,https://www.readawrite.com/a/Zbfr0x,SECRET - หลิงออม,มุ้งสีส้ม
r4188,https://www.readawrite.com/a/Zbfuog,unexpectedly | lingorm,navyblue
r4193,https://www.readawrite.com/a/Zbfwti,refillable &mdash; หลิงออม,twoeightandtwelve.
r4199,https://www.readawrite.com/a/Zbg2u4,wanna be loved | Lingorm,roseate
r4200,https://www.readawrite.com/a/Zbg3sd,Tantawan | LingOrm,thangtawan
r4202,https://www.readawrite.com/a/Zbg4he,เด็กกว่าแล้วไง??? / หลิงออม,ariari
r4203,https://www.readawrite.com/a/Zbg5q0,เธอในฝัน คือใครกันแน่!|lingorm,ธนิสรณ์
r4205,https://www.readawrite.com/a/Zbg865,เพียงรัก,ผีเสื้อดาวเสาร์
r4210,https://www.readawrite.com/a/Zbgb5x,ดวงดาว|หลิงออม,Lakkhana
r4211,https://www.readawrite.com/a/Zbgbkg,สาวเมืองกาญ | lingorm,navyblue
r4213,https://www.readawrite.com/a/Zbgddw,เรียล or ฟาเก้ [หลิงออม],Milkypig
r4214,https://www.readawrite.com/a/Zbgdox,อาจารย์เบญ | lingorm,กรุตะวัน
r4215,https://www.readawrite.com/a/Zbge5k,"choose me , lingormbam",puppyr♡
r4216,https://www.readawrite.com/a/Zbge70,วันนี้เมื่อปีที่แล้ว | หลิงออม,ลาเต้
r4222,https://www.readawrite.com/a/Zbgfgi,รัก หลอก💔//หลิงออม,โลมาสีเทา__
r4228,https://www.readawrite.com/a/Zbgqit,หมาแก่-lingorm,"moon"": )"""
r4229,https://www.readawrite.com/a/Zbgrp8,เจ้าสาวมาเฟีย : 𝑳𝒊𝒏𝒈𝑶𝒓𝒎,Love in the mist รักในสายหมอก
r4232,https://www.readawrite.com/a/Zbgs9l,แพ้รัก/lingorm,PeachPloy
r4233,https://www.readawrite.com/a/Zbgsyy,Dr.Pattima| lingorm,khunbunny
r4235,https://www.readawrite.com/a/Zbgws9,พี่เมษาอยู่หอ 2 | Lingorm,Namjaiii
r4236,https://www.readawrite.com/a/Zbgyjw,My princess,JR
r4238,https://www.readawrite.com/a/Zbh2ov,พี่สาวคนสวยคับ หนูอยากจีบ|LINGORM/ORMLING,MiAiMo
r4242,https://www.readawrite.com/a/Zbha8t,Agar | lingOrm,หลิมขุม
r4245,https://www.readawrite.com/a/Zbhg91,vanilla | LingOrm,นอนเถิดชาวไทย
r4248,https://www.readawrite.com/a/Zbhip1,เพราะเธอคือครึ่งชีวิต,กลีบทานตะวัน
r4249,https://www.readawrite.com/a/Zbhip4,ใจฉันยัง - Lingorm,Talaymok
r4252,https://www.readawrite.com/a/Zbhl3x,Bitter blended | lingorm,แชปาน
r4254,https://www.readawrite.com/a/Zbhmdc,ดวงใจใต้แสงดาว,ไม่ชอบกินมะเขือเทศ
r4256,https://www.readawrite.com/a/Zbhsda,Fg - ormling,hiImpchet
r4257,https://www.readawrite.com/a/Zbhu67,The parallel - สัมผัสเพิร์ธ | LingOrm,TiwRee
r4261,https://www.readawrite.com/a/Zbhxtj,แฟน(เก่า)คนโปรด|หลิงออม,fOUR___
r4262,https://www.readawrite.com/a/Zbhyr8,คุณลิน | lingorm,zenji_
r4263,https://www.readawrite.com/a/Zbi0ug,"risky tape , lingorm",printleyern
r4266,https://www.readawrite.com/a/Zbi1de,มองหน้ากันไม่ติด | หลิงออม,แก้วใบเปล่า
r4269,https://www.readawrite.com/a/Zbi6hl,"𝐈&rsquo;𝐦 𝐲𝐨𝐮𝐫 𝐠𝐢𝐫𝐥, 𝐚𝐧𝐝 𝐈 𝐰𝐚𝐧𝐧𝐚 𝐛𝐞 𝐟𝐨𝐫𝐞𝐯𝐞𝐫 | lingorn",แม่ของออมออมเอง
r4270,https://www.readawrite.com/a/Zbi6y5,Deeply X หลิงออม | ฟรีนเบค | ฝ้ายโยโกะ,ณ เปลวเทียน
r4272,https://www.readawrite.com/a/Zbi7n9,ใจกลางกรุงกับรักแห่งบ้านนา|หลิงออม,ใจมอด
r4273,https://www.readawrite.com/a/Zbi8t2,close to you &mdash; lingorm,wishthislastforever
r4274,https://www.readawrite.com/a/Zbi9id,หน้ากากหัวใจ | หลิงออม,brice
r4276,https://www.readawrite.com/a/Zbiay3,Caffeine (LingOrm),HangerPAGE
r4280,https://www.readawrite.com/a/Zbicks,โชคชะตาฟ้าลิขิต | Ormling,"""Partnerrr"""
r4282,https://www.readawrite.com/a/Zbienf,คิดถึง คำนึง โหยหา | LingOrm,babychess
r4286,https://www.readawrite.com/a/Zbihwk,how to train your seme!,vegan tiger
r4288,https://www.readawrite.com/a/Zbil4w,7 years |หลิงออม,ลาเต้
r4292,https://www.readawrite.com/a/Zbinuw,3 months of life &mdash; lingorm,iseverythingtiming.
r4293,https://www.readawrite.com/a/Zbioh8,พ่ายมุนินทร์ | lingorm,sekiwierr
r4297,https://www.readawrite.com/a/Zbipqh,ใจสมใจ | lingorm,หมีผอมโซ
r4299,https://www.readawrite.com/a/Zbir0f,Work work work it!,LIBERATION
r4301,https://www.readawrite.com/a/Zbirj9,Just dreaming | lingorm,Jetlag
r4303,https://www.readawrite.com/a/Zbitrx,ใกล้เกินเอื้อม,bios⛰️
r4304,https://www.readawrite.com/a/Zbiud4,ห้องหอแห่งความลับ|หลิงออม|,ไก่ต้มน้ำปลาแท้
r4307,https://www.readawrite.com/a/Zbiwfl,"friend with benefits , lingorm",printleyern
r4309,https://www.readawrite.com/a/Zbj0k5,เกินเพื่อนได้ไหม ? | lingorm,กระต่ายสีชมพู
r4310,https://www.readawrite.com/a/Zbj0lc,My little dog &mdash; LingOrm,usernotfound
r4311,https://www.readawrite.com/a/Zbj16b,ไป๋หู 白狐 | lingorm,sushiba
r4313,https://www.readawrite.com/a/Zbj410,My Angel : นางฟ้าของหมาเด็ก |ORMLING,WritersQ
r4318,https://www.readawrite.com/a/Zbj74g,Secret Night | หลิงออม,WritersQ
r4319,https://www.readawrite.com/a/Zbj7ta,lily vibes &mdash; lingorm,hidaisy🦢
r4320,https://www.readawrite.com/a/Zbj8b4,Rebound (เหรอ?) | LingOrm,zailap
r4322,https://www.readawrite.com/a/Zbj8jd,Winning Streak | Lingorm,capturemoncoeur
r4323,https://www.readawrite.com/a/Zbja4q,ไอคนเย็นชา | หลิงออม,ต้มปลาใส่หม้อ
r4329,https://www.readawrite.com/a/Zbjeg5,พี่คะ!รักหนูได้มั้ย / Lingorm,เพลิงพันธ์
r4333,https://www.readawrite.com/a/Zbjgru,Fluffy Destiny🐾 | LingOrm,Serenity☁️
r4335,https://www.readawrite.com/a/Zbji53,darling|hunter : ที่รักนักล่า,เจ้าหม่น
r4338,https://www.readawrite.com/a/Zbjknn,พี่สาวคนสวย|หลิงออม,00Komu
r4339,https://www.readawrite.com/a/Zbjkuq,รักนี้แด่นายเย็นชา |lingorm,NB
r4340,https://www.readawrite.com/a/Zbjkx6,เหว่ยวิดวะ &mdash;lingorm,zinnine
r4342,https://www.readawrite.com/a/Zbjm2y,(?? Shots) Every Dog Has Her Day #หลิงออม,羊肉串
r4344,https://www.readawrite.com/a/Zbjn2o,AUNDA | Lingorm,LOCH_.
r4345,https://www.readawrite.com/a/Zbjrc6,เลขาที่รัก|หลิงออม,ฉายารถไฟ
r4348,https://www.readawrite.com/a/Zbjt0f,feelslikeimfallinginlove &mdash; lingorm,theswan
r4350,https://www.readawrite.com/a/Zbjuor,(OS) All I Want - LingOrm,mtheduck
r4351,https://www.readawrite.com/a/Zbjvna,Our,Yuuyeon
r4354,https://www.readawrite.com/a/Zbjxuw,บุหลันเคียงดาว | LingOrm,K.A
r4355,https://www.readawrite.com/a/Zbk0bn,โรสดาลิน #lingorm,คุนไข่เจียว
r4357,https://www.readawrite.com/a/Zbk4cd,Who Are You❓// หลิงออม,โลมาสีเทา__
r4359,https://www.readawrite.com/a/Zbk8d9,ไอ้กรณ์เมื่อไหร่จะมีเมีย,สายธาร
r4366,https://www.readawrite.com/a/Zbkd0l,The heart thief,Mew Laphat
r4367,https://www.readawrite.com/a/Zbkfha,Ultraviolence | lingorm,オム
r4369,https://www.readawrite.com/a/Zbkmbp,Nl - lingorm,hiImpchet
r4370,https://www.readawrite.com/a/Zbkmuc,earth&rsquo;s &mdash; lingorm,Ggreenpepper
r4371,https://www.readawrite.com/a/Zbkphd,ไทป์หมาเด็ก |lingorm,flwer
r4373,https://www.readawrite.com/a/Zbkqfn,มัธยม | หลิงออม,sunsetofdrm
r4374,https://www.readawrite.com/a/Zbkr49,เพื่อนกันกี่โมง? |ออมหลิง,ไรท์คนดี.
r4376,https://www.readawrite.com/a/Zbkrv4,Dark Triad : (lingorm),ปอเป็ดขี้เหร่
r4379,https://www.readawrite.com/a/Zbkxq0,Rain wedding - lingorm,everythingislove
r4382,https://www.readawrite.com/a/Zbl4bi,หลี่เหล่ากง老公 - ormling,zebingzetpoli
r4385,https://www.readawrite.com/a/Zbl8gt,#เสี่ยวหลงเธอ| LingOrm,Cyunie
r4388,https://www.readawrite.com/a/Zblabk,อ้ายมันบ้านนอก,บักม๋า
r4390,https://www.readawrite.com/a/Zblfj3,"smile at this shitty life , lingorm",printleyern
r4391,https://www.readawrite.com/a/Zblh8o,DIE IN YOUR ARMS l LingOrm,Safezone it me
r4392,https://www.readawrite.com/a/Zblhoj,รักวุ่นวุ่นของยัยตัวแสบ,หวานออกขม
r4394,https://www.readawrite.com/a/Zblihd,รปภ(ที่รัก)|LINGORM,แล้วแต่อารมณ์พาปัย
r4404,https://www.readawrite.com/a/Zblr7l,หัวใจธราธร | lingorm,เจ้าปลาวาฬน้อย🐳
r4406,https://www.readawrite.com/a/Zblttd,"pasutha , lingorm",printleyern
r4407,https://www.readawrite.com/a/Zblunj,คุณธาวัลย์ ของ จอมขวัญ💐 | lingorm,หยดน้ำบนดวงจันทร์
r4409,https://www.readawrite.com/a/Zblxtf,ไหนว่าจะอยู่ด้วยกันอีก 20 ปีไง [LingOrm],สามดอกจิก
r4410,https://www.readawrite.com/a/Zblyig,Bad girl /; หลิงออม,ariari
r4413,https://www.readawrite.com/a/Zbm3o7,Decathect | lingorm,okayokay
r4414,https://www.readawrite.com/a/Zbm5kc,มังกรร้ายตามหารัก,ค่ำคืนแห่งรัตติกาล
r4416,https://www.readawrite.com/a/Zbm8br,You and U (LingOrm),HangerPAGE
r4418,https://www.readawrite.com/a/Zbmb4b,พี่พัตปกพี่มอสเป - lingorm,matissue
r4424,https://www.readawrite.com/a/Zbmejp,พญาหงส์ของเฟยจู,ตรีศูล
r4427,https://www.readawrite.com/a/Zbmfog,ม่านฟ้าเพียงดาว|ormling,ดาวเน็ปจูน
r4428,https://www.readawrite.com/a/Zbmfxu,A5(A five)|lingorm&times;praewlene&times;faymay&times;viewjune&times;freenbecky&times;milklove,ปลานีโม่น้ำจืด
r4429,https://www.readawrite.com/a/Zbmgm8,can i fix this ? - lingorm,shadow of tears
r4430,https://www.readawrite.com/a/Zbmgyl,รามายณะ | lingorm,beyoue
r4433,https://www.readawrite.com/a/Zbmhm0,ex-,vegan tiger
r4437,https://www.readawrite.com/a/Zbmlui,appropriate time| lingorm,yourmidnightthing
r4438,https://www.readawrite.com/a/Zbmnqg,Pantier Queen of tears | LingOrm,ไม้เมืองหนาว
r4440,https://www.readawrite.com/a/Zbmtvo,feel time &mdash;lingorm,zinnine
r4445,https://www.readawrite.com/a/Zbmvtq,Lilith | LingOrm,LensRT.
r4447,https://www.readawrite.com/a/Zbmwqt,Love from the stars.,Gavyn.
r4450,https://www.readawrite.com/a/Zbn35v,Playlist for  |  ormling,Anryny&eacute;
r4451,https://www.readawrite.com/a/Zbn3jw,THE GOD l LingOrm,Safezone it me
r4454,https://www.readawrite.com/a/Zbn6vg,"dr. north , lingorm",printleyern
r4458,https://www.readawrite.com/a/Zbn9ue,แฟนเก่าคนโปรด|หลิงออม,หนอนเน่าชาเขียว💚🌱
r4466,https://www.readawrite.com/a/Zbngts,ภีมพิภัทร&mdash; lingorm,nonyymx.ook
r4467,https://www.readawrite.com/a/Zbnixa,Promise Love เรื่องรักกั้นเวลา #คุณอ้อน หลิงออม,Paiitsu
r4469,https://www.readawrite.com/a/Zbnjsn,ยัยผีตัวร้ายกับหมอผีเย็นชา [Lingorm],ไม้สีอุ่น
r4470,https://www.readawrite.com/a/Zbnkaa,คืนละแสนสอง &mdash; lingorm,lingorm kwang
r4474,https://www.readawrite.com/a/Zbnlvg,มณีแดง❤️&zwj;🔥,กาเบล
r4476,https://www.readawrite.com/a/Zbnnie,The Secret of Love / ลุ้นหัวใจยัยแฟนเกิร์ล - LingOrm,PeachPloy
r4477,https://www.readawrite.com/a/Zbnp27,จำเลยหัวใจ - LingOrm,My Apollo
r4481,https://www.readawrite.com/a/Zbnq9r,แม่ครู วรินทร์ | lingorm,บ้อก บ้อกกกกก
r4483,https://www.readawrite.com/a/Zbnuni,When Flowers Bloom and Leaves Fall | LingOrm,pastelle
r4484,https://www.readawrite.com/a/Zbnvkb,เสียงรักในคลื่นวิทยุ | LingOrm,ชาญณรินทร์ เขียวรุ่งเพ็ชร์
r4485,https://www.readawrite.com/a/Zbnwp9,หนูขอโทษ,Paint 🎨
r4487,https://www.readawrite.com/a/Zbnxrg,rose|หลิงออม,Lakkhana
r4489,https://www.readawrite.com/a/Zbo1xw,อุ้มบุญลูกมาเฟีย|lingorm,meen nichakun🤍
r4492,https://www.readawrite.com/a/Zbo3kc,just a few of us (lingorm),growinthes
r4496,https://www.readawrite.com/a/Zbo78b,My Girl - lingorm,Londyngel
r4503,https://www.readawrite.com/a/Zbof67,Don&rsquo;t touch ma girl! | lingorm,youmakemyheartquake
r4505,https://www.readawrite.com/a/Zboht1,หงส์สยบมังกร | lingorm,SIWA
r4506,https://www.readawrite.com/a/Zboidm,Veenus l Lingorm,JAOGAEMSALAPAO
r4508,https://www.readawrite.com/a/Zboixb,ฉายดาว,Paint 🎨
r4510,https://www.readawrite.com/a/Zbor05,คลังเรื่องสั้นตามใจฉัน,16race
r4511,https://www.readawrite.com/a/Zborp4,ฝาแฝดคนละฟาก​ #lingorm,Pem^^
r4515,https://www.readawrite.com/a/Zboxvk,พี่น้อง แบบใด?,กระสอบศิลป์
r4517,https://www.readawrite.com/a/Zbp2ct,ออมอินฮัฟเฟิลพัฟ #Lingorm,Namjaiii
r4519,https://www.readawrite.com/a/Zbp3je,ปริมพรีมภัช - ormling,zebingzetpoli
r4520,https://www.readawrite.com/a/Zbp6y2,Girl friend l lingorm,SIWA
r4521,https://www.readawrite.com/a/Zbp76l,ขอรักได้มั๊ย - lingorm,ไทยทีหวานน้อย
r4526,https://www.readawrite.com/a/Zbphu0,guntawan : หลิงออม,bluefishgus
r4527,https://www.readawrite.com/a/Zbpic9,พิชิตหัวใจ ยัยมาเฟีย,แมวส้มขี้ดื้อ
r4528,https://www.readawrite.com/a/Zbpkh9,Aortic aneurysm ; lingorm,ร่มสีฟ้าทะเล
r4529,https://www.readawrite.com/a/Zbpkqd,obsessed KITA | lingorm,beyoue
r4530,https://www.readawrite.com/a/Zbpl3i,First sign | Lingorm,มะแมว
r4532,https://www.readawrite.com/a/Zbpogc,the grace era &mdash; lingorm,overtherainbow
r4533,https://www.readawrite.com/a/Zbpom8,knock knock ! who's there? | lingorm,theov
r4534,https://www.readawrite.com/a/Zbpqbu,รสหวาน🍬|lingorm,เกือบจะผกามาศ
r4536,https://www.readawrite.com/a/Zbpuqg,[AU] Only You [LingOrm],mewki_mimi
r4537,https://www.readawrite.com/a/Zbpv5g,เราสองสามคน #lingorm,มาดามดึ๊ก
r4539,https://www.readawrite.com/a/Zbpvqo,แม่ทูลหัวของหนูเป็นมาเฟีย | LingOrm,หยดน้ำบนดวงจันทร์
r4540,https://www.readawrite.com/a/Zbpxm8,ปิ้งรัก...นักออกแบบ | lingorm,Oxygen (มองไม่เห็นแต่ขาดไม่ได้) 🌞
r4541,https://www.readawrite.com/a/Zbpyj6,destinyofpp | lingorm,zenji_
r4542,https://www.readawrite.com/a/Zbpymi,อยู่ในทุกชาติภพ | #lingorm,เรือร้างที่ยังมีลมหายใจ
r4544,https://www.readawrite.com/a/Zbq1lv,cold september - lingorm,octours
r4545,https://www.readawrite.com/a/Zbq2wc,situationship | ormling,junotwoda
r4547,https://www.readawrite.com/a/Zbq4k4,25% &bull; lingorm,khonprod
r4548,https://www.readawrite.com/a/Zbq4px,ป๊ะป๊าขา💜,xpxx
r4549,https://www.readawrite.com/a/Zbq574,อีกครั้ง(ภาค2)​ #lingorm,Nika^^
r4550,https://www.readawrite.com/a/Zbq5a2,ด้วยแรงอธิษฐาน #หลิงออม,อินทนนท์
r4553,https://www.readawrite.com/a/Zbq62y,ใจสั่งให้รัก LingOrm,Permission denied
r4555,https://www.readawrite.com/a/Zbq6ii,hey boss ! or bossy ? | lingorm,theov
r4556,https://www.readawrite.com/a/Zbq6ra,การผจญภัยผ่านหน้าจอ|lingorm,อัญชันบลู
r4561,https://www.readawrite.com/a/Zbqdg2,รักหนูเถอะนะ|หลิงออม,ᴋᴏᴏᴋᴋɪᴋ
r4562,https://www.readawrite.com/a/Zbqdml,สิ่งสำคัญสุดท้ายที่เหลือไว้ให้ | หลิงออม,sunflowerSunday
r4564,https://www.readawrite.com/a/Zbqe13,Sasi | LingOrm,yok6kao
r4565,https://www.readawrite.com/a/Zbqfa5,เจ้าพ่อแห่งรัตติกาล | lingorm,ดาวเด่น🌟
r4566,https://www.readawrite.com/a/Zbqfbd,อย่ากันจะดีกว่าไหม คุณคิม/ lingorm,Phanida
r4568,https://www.readawrite.com/a/Zbqg3e,C&eacute;u | LingOrm,yok6kao
r4569,https://www.readawrite.com/a/Zbqgfm,แม่นาย#หลิงออม,Sasitorn​94
r4570,https://www.readawrite.com/a/Zbqgic,Lawyer's Love l คุณทนายคนโปรด,Safezone it me
r4577,https://www.readawrite.com/a/Zbqjxs,คำถาม?,Sasitorn​94
r4578,https://www.readawrite.com/a/Zbqktn,BEATRICE - ormling,brooklynbaby.
r4579,https://www.readawrite.com/a/Zbqlgw,Rainmin|lingorm,zenji_
r4580,https://www.readawrite.com/a/Zbqn6p,Onl𝘺you𝐌ultiverse | ไอร่าตะวัน,ชงเจ้ม
r4582,https://www.readawrite.com/a/Zbqpyb,เจ้าความรัก,สีเทา
r4596,https://www.readawrite.com/a/Zbr1k5,นักสืบพ่ายรัก - Lingorm,MWM
r4597,https://www.readawrite.com/a/Zbr40r,พุดดาวสะหวัน | LingOrm,Chariotbluu
r4599,https://www.readawrite.com/a/Zbr5w6,เจ้านายคะ | Lingorm,อินทนิล
r4601,https://www.readawrite.com/a/Zbr6fq,(sf) all My life | lingorm,หมาแดง
r4604,https://www.readawrite.com/a/Zbr7ix,พี่สาวที่ออฟฟิศ|LingOrm,mongkoldee
r4606,https://www.readawrite.com/a/Zbrelr,ทฤษฎีจีบพี่คนสวย|lingorm,ธนิสรณ์
r4609,https://www.readawrite.com/a/Zbri01,คุณคนโปรด | หลิงออม,WritersQ
r4610,https://www.readawrite.com/a/Zbrim4,vandle (lingorm),growinthes
r4613,https://www.readawrite.com/a/Zbrjwn,กับดักเสน่หา/หลิงออม,ประภัทร
r4615,https://www.readawrite.com/a/Zbrlrq,dok.fah.mah.wat,vegan tiger
r4616,https://www.readawrite.com/a/Zbrlsg,Heart and Soul | lingorm,หมาแดง
r4621,https://www.readawrite.com/a/Zbrrbf,โซ่ตรึงใจ,คุณเจิ้ง
r4622,https://www.readawrite.com/a/Zbrs6o,ศศิธร l lingorm,SIWA
r4623,https://www.readawrite.com/a/Zbrtm4,Same old love. | Lingorm,Namjaiii
r4624,https://www.readawrite.com/a/Zbrurr,ex-gf shouldn't do this | lingorm,junotwoda
r4626,https://www.readawrite.com/a/Zbrv8c,พี่เฟยน้องซิน | ormling,KwongLong
r4627,https://www.readawrite.com/a/Zbrvny,Heal your heart &mdash; lingorm,คุนเฉิน
r4631,https://www.readawrite.com/a/Zbs1wk,The revolve|หลิงออม ฝ้ายโย,Revorob
r4632,https://www.readawrite.com/a/Zbs217,แซวลู้ลี่พู่ละจูไลปูซูรี้ละอูไซรูเซ่าลู่ (แล้วพี่จะไปรู้อะไรเล่า),ปธาดา
r4634,https://www.readawrite.com/a/Zbs4dm,second chance &mdash; lingorm,16race
r4636,https://www.readawrite.com/a/Zbs5jd,น้องเพ่ยพี่อิน | LingOrm,KwongLong
r4637,https://www.readawrite.com/a/Zbs71c,forest for love &mdash; ormling,theswan
r4638,https://www.readawrite.com/a/Zbs7yo,THE RED WORD ┇LingOrm,Safezone it me
r4639,https://www.readawrite.com/a/Zbs8gx,รักลุ้นบ้าน|lingorm,Anchan Blue
r4641,https://www.readawrite.com/a/Zbsbhd,2098 - lingorm,เสือเป็นแมว
r4642,https://www.readawrite.com/a/Zbsbp6,[SF] The Last Assignment #หลิงออม #ดลอลอ,ไลก้า24
r4643,https://www.readawrite.com/a/Zbsdd9,[OS] Crazy,StormMoody🌪
r4644,https://www.readawrite.com/a/Zbsdkx,พิษร้าย พ่ายรัก | ormling,เจ้าปลาวาฬน้อย🐳
r4645,https://www.readawrite.com/a/Zbsg2x,นายหน้าสวย - lingorm,butterfly11
r4647,https://www.readawrite.com/a/Zbsia4,Start : อีกครั้ง l LingOrm,Kun TuamTiam
r4649,https://www.readawrite.com/a/Zbsn2d,กอดอุ่น ; lingorm,คุนหมี่ 🍜
r4650,https://www.readawrite.com/a/Zbsom8,Invitation - LingOrm,นอนเถิดชาวไทย
r4652,https://www.readawrite.com/a/Zbsp9g,ธีร์ภากร:lingorm,มิถุนาหน้าร้อนหรือหน้าฝน
r4655,https://www.readawrite.com/a/Zbsqju,𝘿𝙄𝙁𝙁! ดิฟดิหมอ,ชงเจ้ม
r4657,https://www.readawrite.com/a/Zbsrde,ความทรงจำ...[หลิงออม],เจ้ากล้วย🍌🦈
r4658,https://www.readawrite.com/a/Zbst16,เป็นมั้ย (LingOrm),muster.
r4659,https://www.readawrite.com/a/Zbstpx,Again อีกกี่ครั้งก็รักเธอ : lingorm,ปอเป็ดขี้เหร่
r4661,https://www.readawrite.com/a/Zbsv6m,ลินเธอร์ | lingorm,qirlsam
r4664,https://www.readawrite.com/a/Zbsy01,แม่บอกให้มองบวก l Lingorm,เจ้าเป็ดของชินจัง
r4667,https://www.readawrite.com/a/Zbt1aq,อมันดารภัคตรา - ormling,zebingzetpoli
r4668,https://www.readawrite.com/a/Zbt4o9,just you | lingorm,pradujdao
r4670,https://www.readawrite.com/a/Zbt5d7,รักต้องคุม|LingOrm,PeachPloy
r4671,https://www.readawrite.com/a/Zbt60p,Twentysomethings #20sts,LIBERATION
r4673,https://www.readawrite.com/a/Zbt7oi,2014 | lingorm,PWRN
r4674,https://www.readawrite.com/a/Zbt7vj,ทุกเช้าวันเสาร์ | LingOrm,-ดาวเสาร์-
r4675,https://www.readawrite.com/a/Zbt9wq,คำสัญญา ข้ามิเชื่อ! |Ling Orm,B_owling.
r4676,https://www.readawrite.com/a/Zbtcih,แมวมันดื้อ |Lingorm,บ้อกแบ้ก
r4679,https://www.readawrite.com/a/Zbtebx,☁️🌿ทิวากับทอฝัน🌿☁️,น้องหมูเด้งง
r4686,https://www.readawrite.com/a/Zbtjvr,I'm ok | lingorm,no_idea
r4690,https://www.readawrite.com/a/Zbtmfd,NiCotine'/ Ormling,memory'ss
r4691,https://www.readawrite.com/a/Zbto3n,เติมรักให้เต็มบบ | Lingorm,แจวเรือจะไปไหนวะ
r4694,https://www.readawrite.com/a/Zbtsaq,you r mine,justmenyou
r4696,https://www.readawrite.com/a/Zbttf0,คนโปรด - lingorm,เจแปนก้อน
r4697,https://www.readawrite.com/a/Zbtuee,เชลยหัวใจ | หลิงออม,เจ้าดวงเดือน.
r4699,https://www.readawrite.com/a/Zbtwtr,คู่กรณีที่รัก | LingOrm,Brightpolar
r4703,https://www.readawrite.com/a/Zbu0bw,lingorm | พี่ลินน้องเอิง,Juicy.
r4704,https://www.readawrite.com/a/Zbu291,ให้รักนำทาง | lingorm,aelthamrai
r4706,https://www.readawrite.com/a/Zbu4xg,คุณหมอคะรชาขอจีบ||หลิงออม,มีรัก
r4707,https://www.readawrite.com/a/Zbu6l5,เพื่อน[หลิงออม],เจ้ากล้วย🍌🦈
r4709,https://www.readawrite.com/a/Zbu7xy,Love u my (star)fish | lingorm,Over 85 / Hour
r4714,https://www.readawrite.com/a/Zbuf5b,ภาวะสิ้นยินดี | LingOrm,หมีผอมโซ
r4715,https://www.readawrite.com/a/Zbug08,"you know you love me, xoxo &mdash; lingorm",krystalgay
r4716,https://www.readawrite.com/a/Zbugwq,บริษัทกรณ์ควองสามัคคีไม่จำกัด[LINGORM],ดวงดาวสีนิล
r4717,https://www.readawrite.com/a/Zbuis1,แต่งแค่ในนาม #lingorm,Pem^^
r4718,https://www.readawrite.com/a/Zbujbh,ศมานันท์ | lingorm,SIWA
r4721,https://www.readawrite.com/a/Zbunex,Chauffer (LingOrm),HangerPAGE
r4722,https://www.readawrite.com/a/Zbuobq,เพียงเธอยูเรนัส | lingorm,"""Partnerrr"""
r4723,https://www.readawrite.com/a/Zbup6d,My girlfriend,k.chonticha
r4725,https://www.readawrite.com/a/Zbuple,lingorm | (os),uuelbeb
r4726,https://www.readawrite.com/a/Zburgn,Invaluable you | lingorm,SamuSama
r4734,https://www.readawrite.com/a/Zbv188,ผิดที่ผิดทาง|อันดาลูกแก้ว,APIN.N.N
r4737,https://www.readawrite.com/a/Zbv3fq,เจ้าสาวกำมะลอ | Lingorm,โบ้บ้อกแบ้ก
r4738,https://www.readawrite.com/a/Zbv3g0,ใครบอกว่าเราจีบ|not just friends,Panita
r4739,https://www.readawrite.com/a/Zbv4t6,หงส์ตัดมังกร |lingorm,𝑅𝑢𝑏𝑦𝑠𝑖𝑎𐙚
r4743,https://www.readawrite.com/a/Zbv810,your best choice | #lingorm,cb &mdash;
r4744,https://www.readawrite.com/a/Zbv9s4,"""ใจกลางกรุง""|หลิงออม",ใจมอด
r4745,https://www.readawrite.com/a/Zbv9so,Room in the Deep [ LingOrm ],ไรท์เตอร์เถื่อน
r4746,https://www.readawrite.com/a/Zbv9xo,รุ่นพี่ที่เคยชอบ/หลิงออม,chonnipha379
r4754,https://www.readawrite.com/a/Zbviq3,Don't You Know? #พราวพิชา | LingOrm,moon's flower
r4755,https://www.readawrite.com/a/Zbvjqx,800km/h | LingOrm,ThanVa
r4759,https://www.readawrite.com/a/Zbvm1h,you =me Lingorm,อิฐหิน​ปูนทราย
r4761,https://www.readawrite.com/a/Zbvo7k,พี่หมอสนใจมีแฟนเป็นดาราไหมคะ,lin_x
r4763,https://www.readawrite.com/a/Zbvrfc,the always is mine #lingorm,imsxrinnnn.
r4767,https://www.readawrite.com/a/Zbvuh1,คุณแมวดำ | LingOrm,โกโก้หวานน้อย
r4768,https://www.readawrite.com/a/Zbvw2y,ซ่อนกลิ่น&mdash; lingorm,glacier_s
r4769,https://www.readawrite.com/a/Zbvy3d,อันนักเลงชายสี่หมี่เรื่อง!|Lingorm,สายธาร
r4770,https://www.readawrite.com/a/Zbvyk8,found and lost (lingorm),growinthes
r4771,https://www.readawrite.com/a/Zbw0d3,ข้ามเส้นรัก | lingorm,CTM_LO
r4772,https://www.readawrite.com/a/Zbw22v,เหนือฟ้าของเยว่อัน | LingOrm,KwongLong
r4774,https://www.readawrite.com/a/Zbw2r2,รักแรกและรักสุดท้าย,ชาเขียว
r4784,https://www.readawrite.com/a/Zbw59k,AE - Media | lingorm,Bossking
r4785,https://www.readawrite.com/a/Zbw6a5,[Mountain] ขุนเขาทั้ง5,My Charon
r4791,https://www.readawrite.com/a/Zbwc72,สดุดรักยัยเด็กดื้อ |lingorm,ก๊อตจิตัวน้อย
r4792,https://www.readawrite.com/a/Zbwcbo,Ficคุณพิเศษ - OrmLing,Bi9bow
r4796,https://www.readawrite.com/a/Zbwgwf,married,pai
r4797,https://www.readawrite.com/a/Zbwh92,ถ่านไฟเก่า |หลิงออม,เจ้าปลาวาฬน้อย🐳
r4798,https://www.readawrite.com/a/Zbwhha,Fear to Lo[i]ve | LingOrm,MeiMeTangKa
r4800,https://www.readawrite.com/a/Zbwj3m,Libido en &Eacute;veil,หลิมขุม
r4801,https://www.readawrite.com/a/Zbwjam,เอ็นดูคุณรอง - ormling,zebingzetpoli
r4806,https://www.readawrite.com/a/Zbwtph,หนึ่งในผู้หญิง(one of the girls)🦋 | lingorm,lili__
r4807,https://www.readawrite.com/a/Zbwtx3,First love ( lingorm ),kaiexsa
r4810,https://www.readawrite.com/a/Zbww86,พี่จะรับรักหนูได้ยัง/หลิงออม,Yok
r4813,https://www.readawrite.com/a/Zbwyub,Step by Step |lingorm,parapluie
r4818,https://www.readawrite.com/a/Zbx7mn,เรื่องเล่าของอารัณย์ : lingorm,ปอเป็ดขี้เหร่
r4819,https://www.readawrite.com/a/Zbx7ve,Serendipity | lingorm,กระเบนยิ้ม:)
r4820,https://www.readawrite.com/a/Zbx86t,Whispers of the Sky |lingorm,windandwild
r4823,https://www.readawrite.com/a/Zbxae2,สัญญานะ...[หลิงออม],เจ้ากล้วย🍌🦈
r4829,https://www.readawrite.com/a/Zbxkqa,narcissist | lingorm,1016hz
r4830,https://www.readawrite.com/a/Zbxm2r,Her| Lingorm,White Rose ˚ ༘
r4835,https://www.readawrite.com/a/Zbxqss,ยัยเด็กบ้า | หลิงออม,.PUNCH.
r4838,https://www.readawrite.com/a/Zbxs6p,One Shot |all GL fanfiction,Akra51
r4839,https://www.readawrite.com/a/Zbxveu,ocean queen | lingorm,băob&egrave;i
r4840,https://www.readawrite.com/a/Zbxwgx,Take your time | lingorm,beyoue
r4842,https://www.readawrite.com/a/Zbxx5w,PLEASE JUST PASS BY. | lingorm,Librax
r4844,https://www.readawrite.com/a/Zbxxht,เพราะโชคชะตากำหนดให้เรามาเจอกัน,เจ้ากระต่ายน้อย
r4845,https://www.readawrite.com/a/Zbxxyu,หนึ่งเดียวคือเธอ | หลิงออม,fzzhcwx
r4846,https://www.readawrite.com/a/Zbxywk,My Re-Girl (Regal),demra
r4848,https://www.readawrite.com/a/Zby2gm,รักสามเศร้า เราสามคน|lingorm,chotika
r4849,https://www.readawrite.com/a/Zby3dk,รักลับ ลวง ใจ,คุณพระอาทิตย์ขี้อาย
r4855,https://www.readawrite.com/a/Zby9wl,เจ็บเท่าไหร่ถึงจะพอ,J_alone&hearts;
r4856,https://www.readawrite.com/a/Zbyanw,[เรียลออฟาเก้] ดาราสาวกับผู้บ่าวฮ่องกง lingorm,HCN
r4866,https://www.readawrite.com/a/Zbyn62,รอยยิ้มของหนู[หลิงออม],เจ้ากล้วย🍌🦈
r4867,https://www.readawrite.com/a/Zbyoof,ห้องแชท #inori ดุจคำอธิษฐาน (หลิงออม),inori.bar
r4868,https://www.readawrite.com/a/Zbyosq,#inori ดุจคำอธิษฐาน | lingorm,inori.bar
r4871,https://www.readawrite.com/a/Zbypia,เงาใจใต้แสงดาว | หลิงออม,WritersQ
r4872,https://www.readawrite.com/a/Zbypm4,lost in translation &mdash; lingorm,inthelateautumn
r4873,https://www.readawrite.com/a/Zbyqhg,ชีวิตติด(lolli)pop &mdash; lingorm,rosieonyou
r4874,https://www.readawrite.com/a/Zbyqkt,(L.) intoxicated - lingorm,backtothatsummer
r4878,https://www.readawrite.com/a/Zbytkg,กูไม่ชอบเด็ก!!! | lingorm,"""Partnerrr"""
r4881,https://www.readawrite.com/a/Zbyyv4,How much - LingOrm,Yourname
r4882,https://www.readawrite.com/a/Zbyyxb,หมาเจา | lingorm,theov
r4883,https://www.readawrite.com/a/Zc00hx,หมอกอิงดาว - lingorm,ดอกไม้แห่งสายฝน
r4885,https://www.readawrite.com/a/Zc0177,คำสาป|หลิงออม,ไดโน พาร์คเองงัย:^
r4886,https://www.readawrite.com/a/Zc02qu,สัมผัส|แห่งคำขอ (Whispers of a Request) *LingOrm,ศูนย์เจ็ดพฤจิ
r4887,https://www.readawrite.com/a/Zc03uo,เจ้าแม่นาคี |ormling,เจ้าปลาวาฬน้อย🐳
r4888,https://www.readawrite.com/a/Zc04rw,มัมหมีพี่ต้นอ้อ | ormling,K.A
r4894,https://www.readawrite.com/a/Zc0941,Princess. | LingOrm,くろねこ.
r4899,https://www.readawrite.com/a/Zc0dok,เฌอลิน | orm​ling​,ดาวเน็ปจูน
r4900,https://www.readawrite.com/a/Zc0ds1,ระรินดาลัน - Lingorm,MWM
r4904,https://www.readawrite.com/a/Zc0gpw,Favorite&mdash; Lingorm,Donna_lee;3
r4905,https://www.readawrite.com/a/Zc0kuu,ไอ้ม๋าแก่โง่ |Lingorm,ก๊องแก๊ง
r4915,https://www.readawrite.com/a/Zc0s70,Candy On my Lip #หลิงออม,NARA 9
r4917,https://www.readawrite.com/a/Zc0w4r,you will be my girlfriend! |ormling,บ้อกแบ้ก
r4921,https://www.readawrite.com/a/Zc150m,She look like the girl in my dream | Lingorm,มืออ่อนๆที่แต่งไม่ได้เรื่อง
r4922,https://www.readawrite.com/a/Zc15c7,จำเลย(รัก) |lingorm,𝑅𝑢𝑏𝑦𝑠𝑖𝑎𐙚
r4924,https://www.readawrite.com/a/Zc15y8,นางเอกก็ต้องคู่กับนางเอกสิถึงจะถูก | หลิงออม,โกโก้หวานน้อย
r4927,https://www.readawrite.com/a/Zc17v2,Plastic Love : Friday Night Plans,ชาวบ้านแปด
r4928,https://www.readawrite.com/a/Zc19n7,Iridescent &mdash; lingorm,Estherthecat
r4931,https://www.readawrite.com/a/Zc1a54,เจ้าขา | LingOrm,SJ🪽
r4933,https://www.readawrite.com/a/Zc1c3t,ESPRESSO &ndash; (หลิงออม),i3ananastory (fan fic)
r4934,https://www.readawrite.com/a/Zc1cib,OS | Raguel &mdash; Lingorm,kkKwong
r4936,https://www.readawrite.com/a/Zc1d7m,เพ้นท์พีช - ormling,polizebing
r4948,https://www.readawrite.com/a/Zc1lb5,LA girl | หลิงออม,ปากกาหมึกศึ
r4949,https://www.readawrite.com/a/Zc1lg1,แค่คนธรรมดา-หลิงออม,ไรท์เด้ออ
r4952,https://www.readawrite.com/a/Zc1o85,2bark | lingorm,fungir
r4953,https://www.readawrite.com/a/Zc1odb,นางตัวแสบของฉัน | หลิงออม,marceleiei
r4958,https://www.readawrite.com/a/Zc1r8i,Sunshine | lingorm,Wink00k
r4962,https://www.readawrite.com/a/Zc1teg,เพลิงนางฟ้า | หลิงออม,fzzhcwx
r4965,https://www.readawrite.com/a/Zc1v9d,Love Story|หลิงออม,mormeen.m
r4967,https://www.readawrite.com/a/Zc1wtw,I'll Never Change | LingOrm,Brightpolar
r4968,https://www.readawrite.com/a/Zc1x3f,Make You Mine | LingOrm,Brightpolar
r4969,https://www.readawrite.com/a/Zc1yob,ถ้าชาติหน้ามีจริงขอให้ได้คู่กันอีก-หลิงออม,ไรท์เด้ออ
r4972,https://www.readawrite.com/a/Zc260k,ploypailin|lingorm,ilovekaitod
r4973,https://www.readawrite.com/a/Zc270t,หลินเม่ย|lingorm,ith
r4974,https://www.readawrite.com/a/Zc281r,อย่ามาจับ | LingOrm,Wad-sap
r4975,https://www.readawrite.com/a/Zc2a02,this or that &mdash; lingorm,Ggreenpepper
r4977,https://www.readawrite.com/a/Zc2c1g,เมียเก็บลูกมาเฟีย | หลิงออม,WritersQ
r4981,https://www.readawrite.com/a/Zc2f14,Olivia &mdash; lingorm,P.chh
r4984,https://www.readawrite.com/a/Zc2gld,Lylarine | LingOrm,whoisp
r4987,https://www.readawrite.com/a/Zc2iuy,TIME LIFE,MONSTERSEA
r4988,https://www.readawrite.com/a/Zc2jle,pueblo | lingorm,คุนไข่เจียว
r4989,https://www.readawrite.com/a/Zc2jqa,The world is round  |  Lingorm,NT
r4990,https://www.readawrite.com/a/Zc2jvv,ใจซ่อนรัก|หลิงออม,Dayfarin
r4991,https://www.readawrite.com/a/Zc2k5e,cherish &mdash; lingorm,yu&egrave;t&iacute;ng
r4994,https://www.readawrite.com/a/Zc2n77,E 57th st. #ถนนที่57  | LingOrm,HHapploid
r4996,https://www.readawrite.com/a/Zc2puj,นางฟ้ามาเฟีย  lingorm,Step
r4999,https://www.readawrite.com/a/Zc2vkn,ฟิคสั้นหลิงออม,ขี้เกลีดเขียน
r5002,https://www.readawrite.com/a/Zc2w7n,Love you forever | lingorm,mmximg_
r5005,https://www.readawrite.com/a/Zc2yyw,ทิชา ─ Lingorm,นกฮูก 🦉
r5008,https://www.readawrite.com/a/Zc30j3,ไอ้เด็ก! #lingorm,ei_ei
r5012,https://www.readawrite.com/a/Zc35t0,Fortissimo|Lingorm,aonsinee
r5017,https://www.readawrite.com/a/Zc3bmr,🐱หวง​ You're mine.🐱 #lingorm,otaomelet
r5018,https://www.readawrite.com/a/Zc3c1t,labyrinthine,ช่อดอกไม้สีคราม
r5019,https://www.readawrite.com/a/Zc3c75,VooDoo | Lingorm,g-saw
r5021,https://www.readawrite.com/a/Zc3dnm,รักแรก/หลิงออม,Pam
r5023,https://www.readawrite.com/a/Zc3f3q,จอมขวัญ - LingOrm,My Apollo
r5025,https://www.readawrite.com/a/Zc3f8b,โบโบ้ |lingorm,_Marry.me
r5026,https://www.readawrite.com/a/Zc3gk7,แอบรัก hidden love | lingorm,Omakase.
r5031,https://www.readawrite.com/a/Zc3nlp,พรี่มันหร่อ ┇LingOrm,Safezone it me
r5032,https://www.readawrite.com/a/Zc3o9k,ลิขิตสวรรค์ในแดนนรก | lingorm,P.phlox.x
r5034,https://www.readawrite.com/a/Zc3q3m,onlyfan - ormling,matissue
r5039,https://www.readawrite.com/a/Zc3ual,You are mine|LingOrm,สตอเบอรี่ชีสเค้ก🎀
r5042,https://www.readawrite.com/a/Zc3y9u,แฟนเก่า(ไม่แท้)​|หลิงออม,penraimairu
r5044,https://www.readawrite.com/a/Zc40f8,What's your type? | lingorm,GenP
r5047,https://www.readawrite.com/a/Zc4460,Make You Mine / lingorm,แค่แมวตัวหนึ่งที่นิสัยเหมือนจิ้งจอก
r5049,https://www.readawrite.com/a/Zc4516,Dream | lingorm,sunsetofdrm
r5050,https://www.readawrite.com/a/Zc45uk,ตุลย์นิทรา (lingorm),growinthes
r5051,https://www.readawrite.com/a/Zc47wu,รักใหม่ครั้งนี้ขอโชคชะตาชี้ทาง,Ichigo
r5052,https://www.readawrite.com/a/Zc47xc,friend | lingorm,lin_x
r5053,https://www.readawrite.com/a/Zc48d1,เล่ห์นาคา|lingorm,ลิขิตเงา.
r5055,https://www.readawrite.com/a/Zc49t0,เพียงรักเดียว,lin_x
r5058,https://www.readawrite.com/a/Zc4ay6,คนสวยอย่าดุ|ormling,Pitchaya
r5059,https://www.readawrite.com/a/Zc4bhv,beyond the horizon - lingorm,octours
r5060,https://www.readawrite.com/a/Zc4ckt,wave to you ;) | lingorm,mooninlight
r5062,https://www.readawrite.com/a/Zc4ew7,ดาวเคราะห์ | หลิงออม,fzzhcwx
r5064,https://www.readawrite.com/a/Zc4fs0,sibling &mdash; lingorm,renzq.
r5065,https://www.readawrite.com/a/Zc4ivm,lily of valley |lingOrm,00Komu
r5067,https://www.readawrite.com/a/Zc4kdy,maybe &mdash; lingorm,devp
r5071,https://www.readawrite.com/a/Zc4mf0,รัญชิดา | Lingorm,White Rose ˚ ༘
r5075,https://www.readawrite.com/a/Zc4sa1,MyMonday| lingorm,per.427
r5077,https://www.readawrite.com/a/Zc4srf,05.30 PM. | lingorm,เจี๊ยกกกก
r5080,https://www.readawrite.com/a/Zc4v5q,ดอกไม้สีขาว|หลิงออม,กุ๊กๆกู๋วววว
r5084,https://www.readawrite.com/a/Zc4xep,พรันน์เเฮ่ 2711,คุณเฌ
r5088,https://www.readawrite.com/a/Zc4y79,loop *,turtle_brown
r5089,https://www.readawrite.com/a/Zc4yo0,ธีร์เจ้าขา :lingorm,Peony_
r5090,https://www.readawrite.com/a/Zc50hn,คนของเบ้บ|ling&times;orm,ไดโน พาร์คเองงัย:^
r5092,https://www.readawrite.com/a/Zc53ix,Victor|Lingorm,izzy.yy
r5093,https://www.readawrite.com/a/Zc53rm,MY LOVE,ทิศน้อย
r5094,https://www.readawrite.com/a/Zc57cw,ณ เวลานั้น,รอยยิ้ม
r5095,https://www.readawrite.com/a/Zc58t6,หมอกจางจาง:Lingorm,Hunterja
r5096,https://www.readawrite.com/a/Zc5aws,Rain in the sky|lingorm,sky🌷
r5099,https://www.readawrite.com/a/Zc5jm9,love trap กับดักรักลวง &mdash; lingorm,yoursforever
r5100,https://www.readawrite.com/a/Zc5lqi,ปริ้นท์เพ้นท์ &mdash;lingorm,RKRRK
r5101,https://www.readawrite.com/a/Zc5myc,กัณต์ลภัส | lingorm,pchcy
r5104,https://www.readawrite.com/a/Zc5oxu,Be With You | ormling,เจ้าปลาวาฬน้อย🐳
r5107,https://www.readawrite.com/a/Zc5v4k,Constant Love | lingorm,Mr.UncleBear
r5108,https://www.readawrite.com/a/Zc60y0,lost jigsaw | lingorm,dimple:)
r5109,https://www.readawrite.com/a/Zc61d5,นาคารอรัก|lingorm,Lucky
r5113,https://www.readawrite.com/a/Zc645i,ศศิชา | ormling,SIWA
r5114,https://www.readawrite.com/a/Zc647c,ระวังสิ้นสุดทางเพื่อน!!!!!,เพื่อนสุดที่รักแต่ระวังสิ้นสุดทางเพื่อน!!!
r5115,https://www.readawrite.com/a/Zc64nf,สถาปนิก|หลิงออม,คนดอย
r5119,https://www.readawrite.com/a/Zc675w,หลิงเฟยรักอาลิน | lingorm,ลมหนาวที่พัดผ่าน
r5120,https://www.readawrite.com/a/Zc69pm,เมื่อความรักกำลังก่อตัว,คืนที่สามสิบแปด
r5122,https://www.readawrite.com/a/Zc6ayj,สวยชิบหายชิบหายมีเมีย||lingorm,love you too baby
r5123,https://www.readawrite.com/a/Zc6bsf,ลายมังกร🐉,ฟิคช่างฝัน
r5124,https://www.readawrite.com/a/Zc6bt3,แค่พี่น้อง |หลิงออม,พิมคนที่ง่วงๆ
r5125,https://www.readawrite.com/a/Zc6fcq,DESIGN FOR YOU | LINGORM,KrH
r5126,https://www.readawrite.com/a/Zc6h4w,การแอบรักใครในกลุ่มเพื่อน,วายYY
r5127,https://www.readawrite.com/a/Zc6iwp,If I die | lingorm,นายผักกาด
r5128,https://www.readawrite.com/a/Zc6md7,My first love | หลิงออม,เจ้าโกลเดน
r5130,https://www.readawrite.com/a/Zc6mss,พระลักษณ์เว้ย!!||lingorm,แอคนี้ชอบนอกใจคู่ชิปป
r5132,https://www.readawrite.com/a/Zc6ooj,fairy puppy | lingorm,แม่เจ้าประคุณ
r5134,https://www.readawrite.com/a/Zc6pvt,พระรอง,Kimyou
r5142,https://www.readawrite.com/a/Zc6vkq,Friend Zone| LingOrm💜,ลาเต้
r5143,https://www.readawrite.com/a/Zc6vmp,เฟยเพียง | lingorm,นุ่มนวล
r5145,https://www.readawrite.com/a/Zc6w5k,หนังสือเล่มโปรด | lingorm,Remember rain
r5148,https://www.readawrite.com/a/Zc70kj,lover rock  &mdash;  lingorm,baerued
r5149,https://www.readawrite.com/a/Zc7153,รักจำยอม |lingorm,sxmer
r5150,https://www.readawrite.com/a/Zc718v,ทางเดียวที่จะรัก (onewaytolove) |lingorm,beloveinhouse
r5154,https://www.readawrite.com/a/Zc74cv,รักเธอมากกว่าเพลง|Lingorm💜,บ้อกแบ้ก
r5159,https://www.readawrite.com/a/Zc75x5,ผูกพันธ์|limgorm,คุณพัชญ์
r5161,https://www.readawrite.com/a/Zc77xv,Camellia | LingOrm,ไข่ ทรง เครื่อง
r5163,https://www.readawrite.com/a/Zc7byq,ม่านเมษา | lingorm,รักวันจันทร์
r5167,https://www.readawrite.com/a/Zc7cgf,ว่าด้วยรักครั้งนี้ | lingorm,pea
r5172,https://www.readawrite.com/a/Zc7h3w,kon por ka tern| lingorm,ก๊องแก๊ง
r5173,https://www.readawrite.com/a/Zc7iqk,คุณหนู|หลิงออม,เจ้กุดรีวิวบ้าน
r5174,https://www.readawrite.com/a/Zc7jsv,A Home For A House | lingorm,at sunshine
r5177,https://www.readawrite.com/a/Zc7p1s,น้องข้าวตัง|lingorm,Remember rain
r5179,https://www.readawrite.com/a/Zc7qtc,คุณหมอคนสวย | หลิงออม,P.
r5180,https://www.readawrite.com/a/Zc7r8l,เก็บรักบนดอย ; ออมหลิง,หนมครกย่าง
r5185,https://www.readawrite.com/a/Zc8490,แฟนเก่าคนโปรด - Live without you | LingOrm,MeiMeTangKa
r5188,https://www.readawrite.com/a/Zc85ig,เพียงรัก The Just love | Lingorm,เต๋าน้อยยิ้มหวาน
r5189,https://www.readawrite.com/a/Zc87eg,ซีซ่าร์สลัด | lingorm,firstgirl.
r5190,https://www.readawrite.com/a/Zc89b8,SEX - lingorm,hiImpchet
r5193,https://www.readawrite.com/a/Zc8ek2,พีร์ธาชญาภัค - ormling,polizebing
r5194,https://www.readawrite.com/a/Zc8fim,เล่ห์เสน่หา | LingOrm,tang29
r5196,https://www.readawrite.com/a/Zc8gvt,ตำรวจสาวกับลูกเจ้าสัว|LingOrm,Dayfarin
r5198,https://www.readawrite.com/a/Zc8ibo,fall in love with you - lingorm,pploveLO
r5201,https://www.readawrite.com/a/Zc8mk6,play girl - เพนกวินกินไร,เพนกวินกินไร
r5202,https://www.readawrite.com/a/Zc8nh1,Style,ชามอย
r5206,https://www.readawrite.com/a/Zc8od3,ดื้อนักนะ ( My baby),เพื่อชีวิตใหม่
r5209,https://www.readawrite.com/a/Zc8tp7,กลับมาได้มั้ย | หลิงออม,P.
r5210,https://www.readawrite.com/a/Zc8uow,รักข้ามภพ,pzaenx.10
r5216,https://www.readawrite.com/a/Zc97rf,eyes of wolves | ormling,sea and mountains
r5220,https://www.readawrite.com/a/Zc9d93,รักเก่า,ชาเขียว
r5221,https://www.readawrite.com/a/Zc9e02,MARIPOSA,โกลเด้นสีดำ
r5224,https://www.readawrite.com/a/Zc9fo0,less sweet good health | lingorm,beforemoonaftersun
r5226,https://www.readawrite.com/a/Zc9hx4,innocence &mdash; lingorm,brandythesix
r5229,https://www.readawrite.com/a/Zc9kj2,YOUR PUPPY|LINGORM,sxmer
r5234,https://www.readawrite.com/a/Zc9pdy,พบรัก | lingorm,Aheye Ahi Ahu
r5235,https://www.readawrite.com/a/Zc9q5h,สายลมพ่ายรัก #หลิงออม,Grass Jelly Brown Sugar
r5237,https://www.readawrite.com/a/Zc9sd0,โพ้นทะเล|lingorm,ต้าวกุ้งทอดดด
r5241,https://www.readawrite.com/a/Zc9wfe,Darling&bull;Pasta &mdash;Ormling,GoodTuesday
r5245,https://www.readawrite.com/a/Zca2dl,ผู้พิพากษา |lingorm &sup1;⁸,Pan_08
r5246,https://www.readawrite.com/a/Zca3va,飛宇 | หลิงออม,เจ้าปลาวาฬน้อย🐳
r5247,https://www.readawrite.com/a/Zca409,WEDDING | lingorm,january_.
r5250,https://www.readawrite.com/a/Zca6f3,how to fall back in love in 10 days |lingorm,ytd.oncemore
r5253,https://www.readawrite.com/a/Zcab5l,In the end | LingOrm,muchan
r5254,https://www.readawrite.com/a/Zcabkj,เตี๋ยวจองคิว,ฟออินอ
r5255,https://www.readawrite.com/a/Zcac17,หนึ่งเดียว | Lingorm,roseate
r5256,https://www.readawrite.com/a/Zcacrd,complicated | Lingorm.,ฉันรักตัวเองตอนที่มีเธอ
r5260,https://www.readawrite.com/a/Zcaexl,รอคอย (Lingorm),สบายสุข
r5263,https://www.readawrite.com/a/Zcaiyq,น้องคนนั้นอ่ะ พี่ชอบ - lingorm,เจ้าคนมอม
r5267,https://www.readawrite.com/a/Zcal0c,คุณผีสาวไฮโซกับซุปตาร์ตัวจี๊ด,นิ้วพิมพ์
r5268,https://www.readawrite.com/a/Zcaldc,The Galaxy ┇LingOrm,Safezone it me
r5272,https://www.readawrite.com/a/Zcap6e,ฟ้าลิขิตรัก​ #ormling,ei_ei
r5274,https://www.readawrite.com/a/Zcarls,ภรรยาของฉันพูดไม่ได้ (lingorm ),มาริษา
r5275,https://www.readawrite.com/a/Zcaswt,fastidious - lingorm,nightmareq
r5277,https://www.readawrite.com/a/Zcavcj,kuy| lingorm,แอคนี้ชอบนอกใจคู่ชิปป
r5278,https://www.readawrite.com/a/Zcawu0,เพลงรักในใจ (เฟยอิน),youka
r5289,https://www.readawrite.com/a/Zcbav7,ป่าน|หลิงออม,LAKKHANA
r5290,https://www.readawrite.com/a/Zcbeq4,เขตไทบ้าน - lingorm,chatuychuyta
r5292,https://www.readawrite.com/a/Zcbfbw,Favorite Ex | lingorm,urfavgirl
r5293,https://www.readawrite.com/a/Zcbg1v,ด้ายแดง | *lingorm,นายกานต์ .
r5295,https://www.readawrite.com/a/Zcbh45,รักนี้..คิวปิดจัดให้,ค่ำคืนแห่งรัตติกาล
r5299,https://www.readawrite.com/a/Zcbjym,พี่คนนั้น  》》 LingOrm,gommychu
r5303,https://www.readawrite.com/a/Zcblyb,พยัคฆ์เมฆา | lingorm หลิงออม,xinwoo
r5304,https://www.readawrite.com/a/Zcblyc,give love |lingorm-fayeYo,หมาแก่
r5307,https://www.readawrite.com/a/Zcbpgl,คุณหมอขอพ่ายรัก|หลิงออม,อยากเเต่ง!!
r5316,https://www.readawrite.com/a/Zcbx6b,คืนลวงหลอก ในม่านหมอกแห่งความกลัว[หลิงออม),m l n
r5318,https://www.readawrite.com/a/Zcc32g,พี่หมอ - Ling Orm,K.Phee
r5319,https://www.readawrite.com/a/Zcc3ql,รุ่นพี่ปากดีกับรุ่นน้องปากร้าย|lingorm,คูณควองงง🐶✒️
r5321,https://www.readawrite.com/a/Zcc4m4,บ้านพี่พาย | LingOrm,bdenrren
r5325,https://www.readawrite.com/a/Zcc6l9,เพียงเธอคนเดียวตลอดไป,Maximize✨
r5326,https://www.readawrite.com/a/Zcc6t0,float love|OrmLing,นายหนมต้ม(LINGORM)
r5328,https://www.readawrite.com/a/Zcc9ke,"It's destiny, right? | LingOrm",REGEnSuu
r5330,https://www.readawrite.com/a/Zccb3p,เหนือน้ำกับพระพาย | LingOrm,KwongLong
r5331,https://www.readawrite.com/a/Zccc1x,เหนือตะวันสายฝน | LingOrm,KwongLong
r5335,https://www.readawrite.com/a/Zccgpc,echo (lingorm),ควันบุหรี่สีรุ้ง
r5338,https://www.readawrite.com/a/Zccj3l,โชคชะตากำหนดให้เราได้พบกัน แต่ไม่ได้กำหนดให้เราได้รักกัน,เขียนชะตาด้วยดวงดาว
r5340,https://www.readawrite.com/a/Zcck45,mommy |lingorm,lingormm
r5342,https://www.readawrite.com/a/Zcckr0,puppies world |Denisemim,ยืนกินไก่หน้าเซเว่น
r5346,https://www.readawrite.com/a/Zccqou,หนีรักมาพักดอย | LingOrm,-ดาวเสาร์-
r5352,https://www.readawrite.com/a/Zccurp,รักรุนแรง | แฮนอาย x หลิงออม x ฟรีนเบค,วาฬสีทอง
r5356,https://www.readawrite.com/a/Zccvco,lost jigsaw - lingorm,"AichaKhio,"
r5357,https://www.readawrite.com/a/Zccvw3,ดวงใจประธาน|lingorm,lingormm
r5358,https://www.readawrite.com/a/Zccwfj,แล้วเราจะได้พบกันอีก | lingorm,chudjen
r5362,https://www.readawrite.com/a/Zcd3ke,玉藻 (ทามาโมะ) | lingOrm,แต่งเฉพาะกิจ
r5364,https://www.readawrite.com/a/Zcd7o1,Student Council President? | lingorm,p&rsquo;suJa
r5366,https://www.readawrite.com/a/Zcd9nx,Welcome home | LingOrm,Arata
r5370,https://www.readawrite.com/a/Zcde0y,Loop | lingorm,รักวันจันทร์
r5376,https://www.readawrite.com/a/Zcdj6m,แค่เพื่อน | lingorm,midnightdose
r5377,https://www.readawrite.com/a/Zcdk3h,รุกแท้(จริงหรอ?) | ormling,สมร้อนนน
r5379,https://www.readawrite.com/a/Zcdo74,ภวิษนิภา : lingorm,มิถุนาหน้าร้อนหรือหน้าฝน
r5380,https://www.readawrite.com/a/Zcdpku,𝘽𝙚𝙡𝙤𝙫𝙚𝙙 𝙢𝙪𝙨𝙞𝙘𝙞𝙖𝙣 |lingorm,หนมจีบ
r5381,https://www.readawrite.com/a/Zcdrcb,What Is Love? | LingOrm,Brightpolar
r5382,https://www.readawrite.com/a/Zcdt9e,มือที่สาม| lingorm,เจ้าปลาวาฬน้อย🐳
r5384,https://www.readawrite.com/a/Zcduxi,ลมเพลมพัด &mdash; lingorm,Khun butter
r5388,https://www.readawrite.com/a/Zce3i2,ขวัญธิวา | Lingorm,Donna_lee;3
r5389,https://www.readawrite.com/a/Zce3sn,Why | LingOrm,MeriBarbie
r5391,https://www.readawrite.com/a/Zce6cd,Paper heart|lingorm,ilovekaitod
r5393,https://www.readawrite.com/a/Zce6hd,รักข้ามพบ|LingOrm,นิดหน่อย
r5394,https://www.readawrite.com/a/Zce8c6,กันคับ #lingorm,babyrosiee
r5395,https://www.readawrite.com/a/Zceaks,Balance | lingorm,Navysho
r5396,https://www.readawrite.com/a/Zceb2d,ลมหนาว | lingorm (กำลังรีไรท์),midnightdose
r5399,https://www.readawrite.com/a/Zcej94,ขอโทษค้าบ|หลิงออม,วัชรา
r5400,https://www.readawrite.com/a/Zcejii,คามสุขในใจ|หลิงออม,ไอกู๊ดชอบกินชานม🧋🧋
r5401,https://www.readawrite.com/a/Zcejp1,เจ้าที่รัก | LingOrm,4.27cm
r5404,https://www.readawrite.com/a/Zceor2,ดวงใจอาทิตยา,ppct
r5407,https://www.readawrite.com/a/Zceqg9,เขมจุฑา|lingorm,ผีเสื้อ
r5410,https://www.readawrite.com/a/Zceswm,หทัยกุลนิภา #lingorm,P.p3sb
r5411,https://www.readawrite.com/a/Zcetc9,พุสาวคับ l Lingorm,เจ้าเป็ดของชินจัง
r5412,https://www.readawrite.com/a/Zceuaw,my cake | ormling,จักรวาลสีทะเล
r5416,https://www.readawrite.com/a/Zcevjl,red flag |LingOrm,soartosky
r5417,https://www.readawrite.com/a/Zcevjs,Lost star of Aquila,Mrpotter327
r5419,https://www.readawrite.com/a/Zcewr4,หนูชอบพี่นะคะ(หลิงออม),คิดเกินรุ่นพี่
r5420,https://www.readawrite.com/a/Zceynk,upside down; กาลครั้งนั้น ฉันตกหลุมรัก,Arwen
r5421,https://www.readawrite.com/a/Zcf06g,หัวใจกวิน #lingorm,สามธันวา
r5427,https://www.readawrite.com/a/Zcf3go,วาสนาเรา,lingorm kwong
r5428,https://www.readawrite.com/a/Zcf52f,รุ่นพี่|LingOrm,PeachPloy
r5429,https://www.readawrite.com/a/Zcf5v1,Longing to Grow | lingorm [one shot],Navysho
r5431,https://www.readawrite.com/a/Zcf641,See you too late | lingorm,oook
r5432,https://www.readawrite.com/a/Zcf64g,ครั้งสุดท้ายที่บอกรัก | หลิงออม,moonegnfa_38
r5440,https://www.readawrite.com/a/Zcfac2,นีรณัชชา | orm &times; ling,11XXVII
r5454,https://www.readawrite.com/a/Zcfhxa,โสมทานตะวัน | หลิงออม,แอลพี
r5456,https://www.readawrite.com/a/Zcfm9b,หมาเด็ก,4zchx_.
r5457,https://www.readawrite.com/a/Zcfq28,Chat Talk anonymously | lingorm,S_khuntxwan
r5458,https://www.readawrite.com/a/Zcfqhq,Strawberry cheesecake | lingorm,Cheeselover
r5459,https://www.readawrite.com/a/Zcfr99,ชาติภพนิรันดร์,ฟออินอ
r5462,https://www.readawrite.com/a/Zcfsyu,พระนครก็แค่ปากซอย | lingorm,วามิล
r5463,https://www.readawrite.com/a/Zcftgs,Shadow of Mafia [lingorm],aelthamrai
r5467,https://www.readawrite.com/a/Zcfwv2,supremetwolife &mdash; lingorm,brandythesix
r5472,https://www.readawrite.com/a/Zcg2j5,Love? |Lingorm,PP.
r5473,https://www.readawrite.com/a/Zcg35m,น้อง | หลิงออม,fzzhcwx
r5475,https://www.readawrite.com/a/Zcg5np,วิเศษไม่พิเศษ,Dialy_Me
r5476,https://www.readawrite.com/a/Zcg5uw,Deadline | คืนราตรีชี้เป็นชี้ตาย,แก้วใบเปล่า
r5478,https://www.readawrite.com/a/Zcg6n0,It&rsquo;s you | หลิงออม,snail milk
r5483,https://www.readawrite.com/a/Zcga9v,Reborn to Love /LingOrm (ฟรี),Monday22
r5484,https://www.readawrite.com/a/Zcgaiu,ปิดตำนานไอ้เจีย||lingorm,lingormm
r5486,https://www.readawrite.com/a/Zcgbsv,แฟนเก่า|Lingorm,PP.
r5487,https://www.readawrite.com/a/Zcgd7q,My roommate | Lingorm,โบ้บ้อกแบ้ก
r5488,https://www.readawrite.com/a/Zcgfck,เฟยหลิน / lingorm,january_.
r5489,https://www.readawrite.com/a/Zcgg4j,i like her - ormling,t
r5493,https://www.readawrite.com/a/Zcgj55,&mdash; Hallucinations # lingorm,crying over
r5494,https://www.readawrite.com/a/Zcgjqo,rain&rsquo;s melodies | lingorm (rainverse),ยิบเอ็ด
r5495,https://www.readawrite.com/a/Zcgmld,ช่วงเวลา |lingorm,ไรท์ท์ท์ IT IS YOU.
r5497,https://www.readawrite.com/a/Zcgn1i,optimal choice l Lingorm,พื้นที่เล็ก:)เล็ก
r5498,https://www.readawrite.com/a/Zcgrxk,Boss babe - Ormling,MWM
r5504,https://www.readawrite.com/a/Zcgxxp,พร้อมพบรัก | lingorm,"""Partnerrr"""
r5506,https://www.readawrite.com/a/Zcgyt4,หมัดแลกรัก​ | lingorm,ei_ei
r5508,https://www.readawrite.com/a/Zch16n,ใจเกี่ยวใจ ..lingorm..,ออกัส96
r5510,https://www.readawrite.com/a/Zch2xi,แต่งให้เธอ|lingorm,lingormm
r5514,https://www.readawrite.com/a/Zch73j,ถ่านไฟเก่า.|หลิงออม,หลิงหลิง ควองงง~~~ หลิงออม
r5515,https://www.readawrite.com/a/Zch7cn,ลูกป๊า l lingorm,Mha-Jong ranger's
r5516,https://www.readawrite.com/a/Zch7cr,นายอำเภอ ー Lingorm,นกฮูก 🦉
r5518,https://www.readawrite.com/a/Zch8dd,ที่รักของพี่หยุดทีได้ไหม | หลิงออม,Kxn mekh
r5521,https://www.readawrite.com/a/Zchaaf,Sunshine in My Quiet World - lingorm,WithLove007
r5522,https://www.readawrite.com/a/Zchaig,Ficพี่ผู้ใหญ่ - OrmLing,Bi9bow
r5523,https://www.readawrite.com/a/Zchcv6,ครูพี่เวหา|lingorm,lingormm
r5525,https://www.readawrite.com/a/Zche9r,แม่ทูลหัว | หลิงออม,JจะฟังILLSLICK
r5527,https://www.readawrite.com/a/Zchei5,cut for u &mdash; lingorm,rosieonyou
r5529,https://www.readawrite.com/a/Zchg8j,"work hard, luv harder &mdash; lingorm",sky.oflove
r5530,https://www.readawrite.com/a/Zchg9m,พบภักดิ์|lingorm,เดซี่สีน้ำเงิน;)
r5531,https://www.readawrite.com/a/Zchh5m,จนกว่าจะได้รักกัน | lingorm,อินทนนท์
r5533,https://www.readawrite.com/a/Zchi4y,เจ้าคุณ - #lingorm,sunsun._
r5534,https://www.readawrite.com/a/Zchjd7,Non Negotiable | lingorm,Mr.chor
r5536,https://www.readawrite.com/a/Zcho9r,trouble blue | lingorm,💛
r5539,https://www.readawrite.com/a/Zchto6,อกเกือบหักแอบรักคุณสามี| หลิงออม,เจ้าปลาวาฬน้อย🐳
r5540,https://www.readawrite.com/a/Zchtuo,นางในฝัน | lingorm,ตะวันใต้แสงเทียน💫
r5543,https://www.readawrite.com/a/Zchvew,คนข้างบ้าน| Lingorm [END],คุณเป็นหนึ่ง.
r5544,https://www.readawrite.com/a/Zchx2v,ภรรยาบอส? |lingorm,lingormm
r5545,https://www.readawrite.com/a/Zchx8a,เป็นอมตะ,คิดเกินรุ่นพี่
r5550,https://www.readawrite.com/a/Zci6p1,ไทป์หมาแก่ | lingorm,midnightdose
r5551,https://www.readawrite.com/a/Zci78q,แอบชอบ|lingorm,yes I'm here
r5553,https://www.readawrite.com/a/Zci7f0,My dear Husband-Lingorm,"moon"": )"""
r5554,https://www.readawrite.com/a/Zci7fr,POV  ✿ | Lingorm,White Rose ˚ ༘
r5556,https://www.readawrite.com/a/Zci7lx,나는 단지 당신을 좋아합니다 |lingorm,อยากมีแฟนชื่อคองค่ะ!!
r5558,https://www.readawrite.com/a/Zci98i,Loop | lingorm,ต้าวกุ้งทอดดด
r5563,https://www.readawrite.com/a/Zciauq,อ้ายคินณ์ ; lingorm💜,ลาเต้
r5564,https://www.readawrite.com/a/Zcichg,REVISION | LingOrm,Kissme0
r5568,https://www.readawrite.com/a/Zcie2a,ไม่เดียงสา - ormling,bemybabyboy
r5569,https://www.readawrite.com/a/Zcie4y,พลิกล็อคที่หัวใจ - ormling,bemybabyboy
r5573,https://www.readawrite.com/a/Zcighl,รับเลี้ยงบ้อกแบ้ก | lingorm,naphatyy
r5574,https://www.readawrite.com/a/Zcigtu,"400,000 |Lingorm",REGEnSuu
r5575,https://www.readawrite.com/a/Zcih5d,เกี้ยวดาหลา | lingorm,Lady why?
r5576,https://www.readawrite.com/a/Zcijg5,อศิรปรีดา:lingorm,มิถุนาหน้าร้อนหรือหน้าฝน
r5579,https://www.readawrite.com/a/Zcillc,ร่างที่ 2 ของแฟนสาว | หลิงออม,WritersQ
r5580,https://www.readawrite.com/a/Zcimnu,Nicha | LingOrm,Yourname
r5581,https://www.readawrite.com/a/Zcio4j,Love&times;Hate เกลียดยังไงให้ได้รัก [LINGORM],Paiitsu
r5582,https://www.readawrite.com/a/Zcipdo,1หมื่นชั่วโมง |ormling,𝑅𝑢𝑏𝑦𝑠𝑖𝑎𐙚
r5585,https://www.readawrite.com/a/Zciy9n,Awake.|lingorm,ไรท์ท์ท์ IT IS YOU.
r5589,https://www.readawrite.com/a/Zcjb1t,คล้องใจมาเฟียฮ่องกง | lingorm,ʙ.ᴘɪsᴄᴇs♓
r5591,https://www.readawrite.com/a/Zcjdrn,แฟน(เก่า)คนโปรด/หลิงออม,pimwipa/readAwriteMeb
r5592,https://www.readawrite.com/a/Zcjesv,crown of love | lingorm,ith
r5594,https://www.readawrite.com/a/Zcjftn,Smile of the heart | lingorm,28Oneday
r5597,https://www.readawrite.com/a/Zcjgls,Letter to your next partner | lingorm,สวารอฟสกี้
r5606,https://www.readawrite.com/a/Zcjqk0,เด็กกว่าแล้วไง???/หลิงออม,pimwipa/readAwriteMeb
r5608,https://www.readawrite.com/a/Zcjtwo,แฟนเก่า.|หลิงออม,pimwipa/readAwriteMeb
r5609,https://www.readawrite.com/a/Zcju2a,SUN | MOON,OO^^OO
r5615,https://www.readawrite.com/a/Zck57v,จอมขวัญ,chon12_3
r5617,https://www.readawrite.com/a/Zck72u,"Love, obstacles, power, the heart",jkks
r5620,https://www.readawrite.com/a/Zckawo,มายด์บีกันต์ | lingorm,เจ้าสีฝุ่น
r5625,https://www.readawrite.com/a/Zcke0w,ภาพสุดท้าย,pxx//ra
r5627,https://www.readawrite.com/a/Zckfl8,ผึ้งต่อยหงส์| lingorm,mars6
r5630,https://www.readawrite.com/a/Zckh8c,สัจจะ | lingorm,NK_RSJN_
r5631,https://www.readawrite.com/a/Zckhic,เส้นขนานที่บรรจบด้วยหัวใจ-lingorm,ไร้วาสนา
r5633,https://www.readawrite.com/a/Zckk26,แสนวิวาห์,คืนที่สามสิบแปด
r5634,https://www.readawrite.com/a/Zckkfq,เล่ห์ ลวง รัก Taeny&amp;lingorm,mini_taeng
r5636,https://www.readawrite.com/a/Zckksv,Snap | LingOrm,as.always
r5638,https://www.readawrite.com/a/Zcklmk,สยบนิชา | Lingorm,Tira
r5639,https://www.readawrite.com/a/Zckn1v,IRIS YOU &bull; LINGORM,AlwaysSleep
r5640,https://www.readawrite.com/a/Zcko1y,รักแรกของเรา|หลิงออม,หมูปิ้งย่างกั๊บ🥱🥮
r5641,https://www.readawrite.com/a/Zckof2,After midnight| Lingorm,"hey, just wanna say Hi"
r5642,https://www.readawrite.com/a/Zckr7p,i love you 9 เศษ 3 ส่วน 4 |lingorm,หอมแก้มหน่อย
r5643,https://www.readawrite.com/a/Zckrkl,วาสนามิอาจกั้น | Lingorm,himinn
r5644,https://www.readawrite.com/a/Zckrv9,เมืองอีสาน |lingorm,lingormm
r5645,https://www.readawrite.com/a/Zckskn,ในกล่องข้อความ นั้นมีคำว่ารัก💖 หลิง&amp;amp;ออม,munanana🤏🏻
r5646,https://www.readawrite.com/a/Zckt1w,bus stop | lingorm,Voyezvous
r5648,https://www.readawrite.com/a/Zcktyu,72 ชั่วโมงต่อจากนี้ พี่ยกให้เธอหมดเลย,เขียนชะตาด้วยดวงดาว
r5649,https://www.readawrite.com/a/Zckv8k,Sky Shines l lingorm,Wink00k
r5650,https://www.readawrite.com/a/Zckvor,อ้อมกอด | หลิงออม,nammchahappy
r5657,https://www.readawrite.com/a/Zcl4m9,หนึ่งดวงใจ,:llaxc
r5668,https://www.readawrite.com/a/Zclegx,WAR | lingorm,Babytigerz.
r5669,https://www.readawrite.com/a/Zcles1,autumn breeze | lingorm,sunkwong
r5672,https://www.readawrite.com/a/Zclim9,Friend|Lingorm,PP.
r5675,https://www.readawrite.com/a/Zcllwx,หนึ่งวิ | lingorm,ชีสปูอัด
r5680,https://www.readawrite.com/a/Zclqi1,"""หลงรักหมูเด้ง""",เสือน้อยเอวา
r5686,https://www.readawrite.com/a/Zclu7o,ผมรักเจ้ก้อย | lingorm,บุษฯลฯ
r5692,https://www.readawrite.com/a/Zcm2jq,ลิ้นกับฟัน | LingOrm,Kxn mekh
r5693,https://www.readawrite.com/a/Zcm49o,Perfume - Lingorm,คุณเทียน
r5695,https://www.readawrite.com/a/Zcm8bh,Don&rsquo;t be thai tea to me |lingorm,_Marry.me
r5701,https://www.readawrite.com/a/Zcmcr7,ONLY YOU |LING&amp;ORM,SKYBOOK🌌
r5702,https://www.readawrite.com/a/Zcmdnv,24/7 &ndash; lingorm,allfornothing
r5703,https://www.readawrite.com/a/Zcmegl,ดารา| lingorm,เส้นเล็กนำ้ตก
r5706,https://www.readawrite.com/a/Zcmjud,มธุรสโลกันตร์ | lingorm,เจ้าปลาวาฬน้อย🐳
r5707,https://www.readawrite.com/a/Zcml83,เพื่อนเล่นไม่เล่นเพื่อน|หลิงออม,pimwipa/readAwriteMeb
r5708,https://www.readawrite.com/a/Zcmlgh,ใจกลางอิตาลี &ndash; lingorm,godfereb
r5709,https://www.readawrite.com/a/Zcmn32,Familiar Strangers | ormling,สมร้อนนน
r5711,https://www.readawrite.com/a/Zcmnww,ซ้อจีนของเบ๊บ &mdash; lingorm,theswan
r5712,https://www.readawrite.com/a/Zcmq4q,กันต์ธีภัทร,คืนที่สามสิบแปด
r5713,https://www.readawrite.com/a/Zcmsfc,มาเฟืยกับเเก๊งสาวสวย|หลิงออม,ติดลิเก
r5714,https://www.readawrite.com/a/Zcmshe,กรณ์|lingorm,n!cotin
r5715,https://www.readawrite.com/a/Zcmsun,Mi amor | lingorm,ภูเขาเอเวอเรตต์
r5718,https://www.readawrite.com/a/Zcmu5n,Design your destiny ; LingOrm,SoS_08
r5719,https://www.readawrite.com/a/Zcmuk7,รักโกรธ - Lingorm,คุณเทียน
r5721,https://www.readawrite.com/a/Zcmvcd,ปวดเฮ้ดกลุ้มฮ้าด|lingorm,lingormm
r5724,https://www.readawrite.com/a/Zcmwa4,สุขมันล้นขอระบายเป็นฟิคสั้นค่ะ | หลิงออม,bdenrren
r5729,https://www.readawrite.com/a/Zcn2u4,คุณหมอมาเฟีย - LingOrm,yoos&eacute;
r5730,https://www.readawrite.com/a/Zcn4df,โลกทั้งใบ |Lingorm,นิยายวันชิวชิว
r5732,https://www.readawrite.com/a/Zcn69m,Hydrangea |LingOrm,นายหนมต้ม(LINGORM)
r5737,https://www.readawrite.com/a/Zcn970,อย่าปล่อยมือ...[หลิงออม],เจ้ากล้วย🍌🦈
r5740,https://www.readawrite.com/a/Zcnahy,แข่งก่อนจากลา |หลิงออม,A_.
r5741,https://www.readawrite.com/a/Zcndnb,โชคชะตาพลัดพราก | Lingorm,Aheye Ahi Ahu
r5742,https://www.readawrite.com/a/Zcngby,ข้ามันลูกทุ่ง |lingorm,lingormm
r5743,https://www.readawrite.com/a/Zcniik,Through the love,That feel
r5744,https://www.readawrite.com/a/Zcnjee,กมลพิสุทธิ์ || pure love,Kira🌞
r5750,https://www.readawrite.com/a/Zcnrbn,เจ้านายที่รัก | lingorm,อินทนนท์
r5751,https://www.readawrite.com/a/Zcnspp,ไอ่ลูกหมา // หลิงออม,โลมาสีเทา__
r5752,https://www.readawrite.com/a/Zcnt2g,"""Love Rival : รักหรือคู่แข่ง"" [หลิงออม]",เสือน้อยเอวา
r5758,https://www.readawrite.com/a/Zcnwyf,Unsaid Words|lingorm*,ศูนย์เจ็ดพฤจิ
r5762,https://www.readawrite.com/a/Zcnyf3,SleeplesS | LingOrm,MilnerLee
r5768,https://www.readawrite.com/a/Zco4x6,เหม่ยหลิง(美鈴)| Lingorm,roseate
r5771,https://www.readawrite.com/a/Zco7fr,peony | lingorm,I&rsquo;m okay I&rsquo;m fine
r5773,https://www.readawrite.com/a/Zco9pg,โลกของเจบี,ณ ที่แห่งหนึ่ง
r5776,https://www.readawrite.com/a/Zcodb1,คืนธารา - หลิงออม,me🐢
r5778,https://www.readawrite.com/a/Zcofvp,เลขาคนโปรด🤍|LINGORM,DeerJi
r5780,https://www.readawrite.com/a/Zcoh7l,เธอในมุมมืด และเขาในแสงสี|lingorm,loveme
r5781,https://www.readawrite.com/a/Zcohv4,อรินทร์อัญญา | lingorm,คุณพระของคุณ
r5787,https://www.readawrite.com/a/Zcoo18,รักชีวิตให้กลัวเมีย,ชาเขียว
r5789,https://www.readawrite.com/a/Zcoooj,Hate turned to love #หลิงออม,คุรารีน
r5792,https://www.readawrite.com/a/Zcos3r,แพทย์ศาสตร์|หลิงออม,radar245.m17
r5793,https://www.readawrite.com/a/Zcos52,เจ้าของดวงใจของน้ำฟ้า|ling orm,king
r5796,https://www.readawrite.com/a/Zcou0w,หน้าที่กับหัวใจ,มาม่าหรือดราม่า
r5797,https://www.readawrite.com/a/Zcoueu,พราววิภา | lingorm,n!cotin
r5799,https://www.readawrite.com/a/Zcp08l,Daddy&mdash;lingorm(Omegaverse),chxnitx
r5802,https://www.readawrite.com/a/Zcp3da,Time#หลิงออม,Sasitorn​94
r5803,https://www.readawrite.com/a/Zcp3jm,There'snothingtoworryabout &mdash; lingorm,jacrazymak
r5809,https://www.readawrite.com/a/Zcp6st,รักหมาแล้วรักหมอหมาด้วยได้ไหม?,aishiteruyo
r5815,https://www.readawrite.com/a/Zcpa9b,Always Find You... LingOrm,Permission denied
r5820,https://www.readawrite.com/a/Zcpcxt,ปรารถนาแห่งรัก (lingorm),korbua
r5823,https://www.readawrite.com/a/Zcphxd,ใจซ่อนรัก/หลิงออม,ฉันไม่ได้รักคุณ
r5832,https://www.readawrite.com/a/Zcpqae,Midnight | lingorm,TRIGGERs
r5833,https://www.readawrite.com/a/Zcpqcu,Just You | lingorm,แมวส้ม
r5834,https://www.readawrite.com/a/Zcpqe3,Project Sapphic 01 [LingOrm],wawa_wa26
r5838,https://www.readawrite.com/a/Zcptwc,1127/38 - 427sqm. | lingorm,Interista
r5839,https://www.readawrite.com/a/Zcpubx,October&rsquo;s love | lingorm,wawa_wa26
r5843,https://www.readawrite.com/a/Zcpw3i,Onlyfans &mdash; lingorm,don'tseekattentionwithme
r5845,https://www.readawrite.com/a/Zcpwu7,อีกสักกี่ครั้ง | lingorm,อินทนนท์
r5850,https://www.readawrite.com/a/Zcpyej,รักนี้คือเธอ​ | This love is you,ei_ei
r5855,https://www.readawrite.com/a/Zcq1h6,FurrNing - Ormling,MWM
r5857,https://www.readawrite.com/a/Zcq37e,เขมรวินทร์ | Lingorm,Donna_lee;3
r5859,https://www.readawrite.com/a/Zcq6eb,First Love &mdash; ( :  Lingorm  ),Mahal kita.
r5861,https://www.readawrite.com/a/Zcq9lc,นนอิง|lingorm,zenji_
r5862,https://www.readawrite.com/a/Zcq9ln,friend zone|LingOrm,SPAY
r5866,https://www.readawrite.com/a/Zcqe4i,ออฟฟิศนี้มีรัก(ลับ) | Lingorm,ต้นหลิว
r5868,https://www.readawrite.com/a/Zcqgij,What ever begins also ends. | Lingorm,REGEnSuu
r5874,https://www.readawrite.com/a/Zcqlif,ไอริสเตอะมอ - ormling,"AichaKhio,"
r5875,https://www.readawrite.com/a/Zcqm49,ทูนหัว,chon12_3
r5877,https://www.readawrite.com/a/Zcqn38,น้องรหัสของฉันคือเธอ | lingorm,เจ้าโกลเดน
r5878,https://www.readawrite.com/a/Zcqnf2,เรื่อง (รัก) ของเรา | LingOrm,ขนนกฟินิกซ์
r5879,https://www.readawrite.com/a/Zcqnkh,สรัลชนา l lingorm,SIWA
r5882,https://www.readawrite.com/a/Zcqtlg,khunploykhaaa &mdash; lingorm,คุณผีไออุ่น
r5883,https://www.readawrite.com/a/Zcquhc,ภูธรเด้อหล่า | lingorm,ซาแลม
r5884,https://www.readawrite.com/a/Zcqv0o,รักเธอผู้เดียว | หลิงออม,ออมน้อย
r5885,https://www.readawrite.com/a/Zcqx11,(os/sf) christmas or kiss me playlist - lingorm,ITSN0TC4T
r5887,https://www.readawrite.com/a/Zcqxct,บ้านขนม | LingOrm,mindmory
r5890,https://www.readawrite.com/a/Zcr46a,ครัวซองต์ใกล้ฉัน | lingorm,สวารอฟสกี้
r5892,https://www.readawrite.com/a/Zcr7dd,คุณเอื้องฟ้า | Lingorm,Bonus numnim
r5893,https://www.readawrite.com/a/Zcr8hq,ชลินทร์พิญญา | lingorm,คุณพระของคุณ
r5895,https://www.readawrite.com/a/Zcr9ko,แฟนเก่า|จูเนียร์เฟรนด์,Acare. ♡
r5897,https://www.readawrite.com/a/Zcrdml,เพียงธารา | ling &times; orm,11XXVII
r5901,https://www.readawrite.com/a/Zcrh84,ใจรัก |lingorm,เขียนไปเรื่อย1999
r5903,https://www.readawrite.com/a/Zcrij5,Other Half,ผู้เสพศิลปะด้านความสัมพันธ์
r5904,https://www.readawrite.com/a/Zcrmea,delulu with no negative aura just sigma and cringe | lingorm,at sunshine
r5906,https://www.readawrite.com/a/Zcrq88,บางเวลา|Lingorm,Hunterja
r5910,https://www.readawrite.com/a/Zcrvjd,รุ่นน้อง | lingorm,sookfer
r5911,https://www.readawrite.com/a/Zcrvru,กัณต์เฟยเซียน - ormling,polizebing
r5916,https://www.readawrite.com/a/Zcryqd,หลงรักสเตรทจะเจ็บสักแค่ไหน | Lingorm,pp
r5918,https://www.readawrite.com/a/Zcs3xa,สาวปริศนาในวันคริสต์มาส(Christmas day),หมั่นโถตัวม่วงง
r5923,https://www.readawrite.com/a/Zcs6xv,Worksheet | lingorm,kritsana
r5925,https://www.readawrite.com/a/Zcs7p8,ลูกเพื่อนแม่ | Lingorm,iดาวว
r5926,https://www.readawrite.com/a/Zcs7to,ดาวพันแสง | Lingorm,อินทนนท์
r5929,https://www.readawrite.com/a/Zcs9yt,พัดพา |Lingorm,ก๊องแก๊ง
r5931,https://www.readawrite.com/a/Zcsc96,Dear guitarist | lingorm,icezyyyy
r5932,https://www.readawrite.com/a/Zcscoi,พี่สาวข้างบ้าน|lingorm,Pink Tiger
r5933,https://www.readawrite.com/a/Zcsdxc,แม่เลี้ยงคนดี | ormling,นิคเนส
r5936,https://www.readawrite.com/a/Zcsf9v,About when ?  |lingorm,windandwild
r5940,https://www.readawrite.com/a/Zcsjle,locker no.16 | lingorm,C.cat
r5945,https://www.readawrite.com/a/Zcssis,จางหาย|LingOrm,เจ้าความรัก💜
r5946,https://www.readawrite.com/a/Zcst30,รักลวง | ormling,เจ้าปลาวาฬน้อย 🐳
r5947,https://www.readawrite.com/a/Zcstd3,กฤตชญาอัญฌิการ์ | lingorm,JK.WY
r5948,https://www.readawrite.com/a/Zcsth7,นรินน์...ที่รัก,Kun im
r5949,https://www.readawrite.com/a/Zcstpa,อาถรรพ์โรงเรียนใหม่ | LingOrm,KhunJinjerr
r5950,https://www.readawrite.com/a/Zcstvp,(os) Hearts Aflutter | OrmLing,itsnir9
r5951,https://www.readawrite.com/a/Zcstx1,ตะวันหน้าหนาว - lingorm,someo_ne
r5955,https://www.readawrite.com/a/Zct0rh,หมาเด็ก | Lingorm,iดาวว
r5956,https://www.readawrite.com/a/Zct1p3,เสี้ยวทรงจำ,ไรท์ผัก
r5959,https://www.readawrite.com/a/Zct35d,Change | Lingorm,WcB
r5961,https://www.readawrite.com/a/Zct6ug,ไม่รู้ก็ต้องรู้ละว่า... | lingorm,mewzim
r5963,https://www.readawrite.com/a/Zct839,Starlit Love|LingOrm,The Nightt
r5964,https://www.readawrite.com/a/Zctaf2,First Love | lingorm,gamara
r5965,https://www.readawrite.com/a/Zctak2,คนโปรด | LingOrm,brice
r5966,https://www.readawrite.com/a/Zctb8q,star-crossed &mdash; lingorm,เพียวมัทฉะลาเต้
r5967,https://www.readawrite.com/a/Zctbit,VS | Lingorm,White Rose ˚ ༘
r5968,https://www.readawrite.com/a/Zctbp1,I will teach you. Elise | Lingorm,Namjaiii
r5969,https://www.readawrite.com/a/Zctc40,Revenge //lingorm ❣️,ไม่บอกละกัน
r5970,https://www.readawrite.com/a/Zctcy5,รักนิรันดร์🕊️|Lingorm,เจ้าความรัก💜
r5973,https://www.readawrite.com/a/Zcthrn,Casanova Trap,WingadiumLeviosa
r5974,https://www.readawrite.com/a/Zcthyb,(os) One step closer | OrmLing,itsnir9
r5976,https://www.readawrite.com/a/Zctkxe,ความลับที่รัก|lingorm,GbKp🐶🐻&zwj;❄️
r5978,https://www.readawrite.com/a/Zctmko,โลกหมุนมาให้เจอ|LingOrm,ic_e
r5981,https://www.readawrite.com/a/Zctp7i,secret s! สืบลับจับรัก | lingorm,อันใด
r5982,https://www.readawrite.com/a/Zctpc9,หลงรักสาวเหนือ | lingorm,TK.
r5983,https://www.readawrite.com/a/Zctq12,Old Love - LINGORM,My Apollo
r5986,https://www.readawrite.com/a/Zctqek,โอบอุ้ม|LingOrm,ไรท์จะเข้าไร่
r5989,https://www.readawrite.com/a/Zctu0w,คู่หมั้นที่เกลียด&hellip;แต่ดันรัก | Lingorm,สมร้อนนน
r5990,https://www.readawrite.com/a/Zctum0,One day |Ling Orm,ไรท์กินหวาน .
r5998,https://www.readawrite.com/a/Zcty29,ร้านหนังสือสีบลู | #lingorm,healing.zero%
r6002,https://www.readawrite.com/a/Zcu1gd,เฟย์ลีน |lingorm,Jaycee
r6003,https://www.readawrite.com/a/Zcu3br,Honey | orm​ling​,ดาวเน็ปจูน
r6008,https://www.readawrite.com/a/Zcu6vx,รักของคุณกสิกา|lingorm,อยากมีแฟนชื่อคองค่ะ!!
r6010,https://www.readawrite.com/a/Zcu8du,สีเทียนควันหลง|LINGORM,月亮!
r6011,https://www.readawrite.com/a/Zcu98b,คุณพิชญ์ภิรินทร์|lingorm,ฮ้อบมั้ยคุณพรี่
r6013,https://www.readawrite.com/a/Zcuajl,เฉินหลิง (ling orm) มี E-book,ปราณรวีร์
r6014,https://www.readawrite.com/a/Zcuasq,If could be you.| lingorm,STOPPED
r6019,https://www.readawrite.com/a/Zcuglx,ป่วนรักของหลิงกับออม,ไอ่เมม
r6020,https://www.readawrite.com/a/Zcuhg1,ผู้สาวบ้านไร่กับหวานใจไฮโซ #LingOrm,a little b
r6022,https://www.readawrite.com/a/Zcuj2b,#ก้อคืองี้นะแม่,windandwild
r6025,https://www.readawrite.com/a/Zcunri,Western Moon  #Lingorm,Mahal kita.
r6027,https://www.readawrite.com/a/Zcuq8o,เจี๋ยลี่ | lingorm,xesetin
r6031,https://www.readawrite.com/a/Zcuv8f,คุณหญิง,นายกินไข่
r6032,https://www.readawrite.com/a/Zcuwrc,สายธารฤดูร้อน |ormling,อินทนนท์
r6037,https://www.readawrite.com/a/Zcv239,when the sun refuses to shine &mdash; lingorm,16race
r6038,https://www.readawrite.com/a/Zcv2v2,ไม่รักไม่ต้อง | lingorm,"""Partnerrr"""
r6047,https://www.readawrite.com/a/Zcv9c6,youandiwillseegoodthingtogether | lingorm,janearly
r6055,https://www.readawrite.com/a/Zcvj4v,My Lucky Star : โชคชะตาของธารดาว | LingOrm,4.27cm
r6056,https://www.readawrite.com/a/Zcvl94,mistress | lingorm,babyoud.
r6059,https://www.readawrite.com/a/Zcvlbo,Geminine,FourteenFifteen
r6060,https://www.readawrite.com/a/Zcvmsp,os * | lingorm,jialinday
r6065,https://www.readawrite.com/a/Zcvr87,คือเธอเองหรอ,Biwty2554
r6066,https://www.readawrite.com/a/Zcvsti,ผัวพี่กรณ์|Ormling,สายธาร
r6067,https://www.readawrite.com/a/Zcvu2b,รักในเงามืด | Lingorm,ส้มชุน
r6069,https://www.readawrite.com/a/Zcvx5a,คุณอรัญญา,Snowbear ❄🐻🐰
r6070,https://www.readawrite.com/a/Zcvxaq,You are the giver | Lingorm,Phruetsaphaa.a
r6071,https://www.readawrite.com/a/Zcvy1n,Stalker | lingorm,g-saw
r6072,https://www.readawrite.com/a/Zcvysr,ไอ้หมาเด็กกับพี่คนสวย,นกหวีดเองงง
r6073,https://www.readawrite.com/a/Zcvyu1,พิทักษ์หัวใจยัยซุปตาร์ | lingorm,เจ้าปลาวาฬน้อย 🐳
r6074,https://www.readawrite.com/a/Zcvyv0,Love Delivery | LingOrm,Brightpolar
r6076,https://www.readawrite.com/a/Zcw05n,รักนี้ผีผลัก | lingorm,sunsetwithyouundervanillasky
r6077,https://www.readawrite.com/a/Zcw0ha,รักบ่าวกาฬสินธุ์🍃|Lingorm,เจ้าความรัก💜
r6079,https://www.readawrite.com/a/Zcw1e0,LingOrm | ถ้าเธอเป็นเข็มฉันจะเป็นด้าย ถ้าเธอเป็นไฟฉันจะเป็นน้ำ(มัน) Needle And Thread,JSforFunandFanFic
r6083,https://www.readawrite.com/a/Zcw7ip,รักไม่ได้|LINGORM,月亮!
r6088,https://www.readawrite.com/a/Zcw9em,She could never be me - Lingorm,sunday09
r6089,https://www.readawrite.com/a/Zcwa2u,หลิงออม (LingOrm) | Only You (fanfic) | Thai Ver.,SogeumWon
r6091,https://www.readawrite.com/a/Zcwban,Please - LingOrm,มีทิชชู่ไหม
r6094,https://www.readawrite.com/a/Zcwgqp,คุณกาแฟ☕ | Lingorm,P
r6095,https://www.readawrite.com/a/Zcwhcn,Valentine's Day 💖🌹|Lingorm,DeerJi
r6096,https://www.readawrite.com/a/Zcwhrr,Keep Wonder | Ormling,yoongk
r6100,https://www.readawrite.com/a/Zcwk8h,มังกรซ่อนหงส์ | lingorm,𝑅𝑢𝑏𝑦𝑠𝑖𝑎𐙚
r6101,https://www.readawrite.com/a/Zcwkg3,วิธีจีบพาย [How to] | lingorm,haribooo
r6102,https://www.readawrite.com/a/Zcwl8d,รองคนโปรด | Ling-Orm,Khun Phak
r6104,https://www.readawrite.com/a/Zcwmgv,A Promise of Tomorrow #LingOrm,lapat
r6105,https://www.readawrite.com/a/Zcwmpn,ไผลักไก่กู!!! | lingorm,ปลาไร้สี
r6108,https://www.readawrite.com/a/Zcwoeu,คุณนักสืบที่รัก | lingorm,KhunDodai
r6115,https://www.readawrite.com/a/Zcwu8k,138 Beats per Minute | จังหวะของหัวใจ,BlueJ 🐦🌈
r6117,https://www.readawrite.com/a/Zcwws2,หนีร้อนมาพบรัก | Lingorm,อินทนนท์
r6121,https://www.readawrite.com/a/Zcx430,ร่มจากฟ้า | LingOrm,soshitaroz
r6127,https://www.readawrite.com/a/Zcxbdr,ศิลาจินดา | lingorm,snail milk
r6128,https://www.readawrite.com/a/Zcxc1p,ปลายรักแค่เอื้อมมือ,ข้าวเกรียบ
r6129,https://www.readawrite.com/a/Zcxdit,กว่าจะมีเธอ | LingOrm,makersan
r6135,https://www.readawrite.com/a/Zcxhx0,เธอเป็นประธานชมรม #หลิงออม,00s
r6137,https://www.readawrite.com/a/Zcxkem,Prodpran | Lingorm,prodxs_
r6138,https://www.readawrite.com/a/Zcxkyx,cool kids don&rsquo;t cry &mdash; ormling,ttrueblue
r6142,https://www.readawrite.com/a/Zcxob7,OK Deal  |  ormling,คุณน้าทำไม่ถึง
r6145,https://www.readawrite.com/a/Zcxrye,🍃รักริมรั้ว🌸 |Lingorm,ใจหนึ่ง
r6146,https://www.readawrite.com/a/Zcxtl3,โซฟาซาติน | ormling,GoodTuesday
r6149,https://www.readawrite.com/a/Zcxup7,#กานต์ไม่แต่ง | ormling,Voyezvous
r6150,https://www.readawrite.com/a/Zcxvxu,ที่รักคะ | ormling,จักรวาลสีทะเล
r6151,https://www.readawrite.com/a/Zcxwtu,คัท! ไม่ผ่านค่ะ  - Ormling,MWM
r6153,https://www.readawrite.com/a/Zcxxgd,เจียอยากได้อะไรคะ - Lingorm,MWM
r6156,https://www.readawrite.com/a/Zcy0vp,あなただけ|lingorm,WINNERS S.
r6157,https://www.readawrite.com/a/Zcy0xl,Emergency  love | Lingorm,กันยาหน้าฝน
r6159,https://www.readawrite.com/a/Zcy42e,ความรักในวัยเรียน:หลิง ออม,ก๊าบก๊าบ
r6160,https://www.readawrite.com/a/Zcy5ea,Spirit of Love ― lingorm,เพลงรัก^^
r6163,https://www.readawrite.com/a/Zcy6bv,แค่ได้รัก...ก็พอ,เขียนชะตาด้วยดวงดาว
r6166,https://www.readawrite.com/a/Zcy8e8,สามีตีตรา | Lingorm,t
r6167,https://www.readawrite.com/a/Zcy8en,No more fighting! | lingorm,Navysho
r6168,https://www.readawrite.com/a/Zcy8rr,If you want | LingOrm,เกี๊ยวแห้ง
r6169,https://www.readawrite.com/a/Zcyamb,love with heart|lingorm,lingormm
r6171,https://www.readawrite.com/a/Zcyd93,พิชญาภา - Lingorm,แด๊ดดี้ที่ไม่ได้แปลว่าพ่อ*-*
r6173,https://www.readawrite.com/a/Zcyhka,รักแรก | lingorm,อิอิ
r6176,https://www.readawrite.com/a/Zcyj0n,รัญชิดา |Lingorm,Donna_lee;3
r6179,https://www.readawrite.com/a/Zcykfd,Why PieSun ? - lingorm,Dinsohaa-i
r6181,https://www.readawrite.com/a/Zcymwk,พู่กันฝันดี,B25
r6183,https://www.readawrite.com/a/Zcyoai,Shutter of love  l Lingorm,Valletta
r6190,https://www.readawrite.com/a/Zcyu3q,Fill up|lingorm,lingkwong
r6196,https://www.readawrite.com/a/Zcyyl6,เพทาย | lingorm,ศูนย์เจ็ดพฤจิ
r6200,https://www.readawrite.com/a/Zd00v0,Anyarintuabin| LingOrm,mindmory
r6212,https://www.readawrite.com/a/Zd06er,I found you บุคคลสูญหาย (Lingorm),Ferrary_ff
r6214,https://www.readawrite.com/a/Zd08a4,peem to pie - lingorm,rocket b.
r6216,https://www.readawrite.com/a/Zd0ase,ระหว่างเราสามคน |lingorm,อินทนนท์
r6217,https://www.readawrite.com/a/Zd0aud,ย้อนเวลา|หลิงออม,เอลินกลัวมนุษย์เมีย👽💫
r6222,https://www.readawrite.com/a/Zd0gdb,พี่ไรเดอร์คนนั้น &mdash; lingorm,GGKANW
r6226,https://www.readawrite.com/a/Zd0mnw,Sugar mommy | LingOrm,โบ้บ้อกแบ้ก
r6230,https://www.readawrite.com/a/Zd0nt2,ลมเปลี่ยนทิศ | lingorm,เจ้าปลาวาฬน้อย 🐳
r6231,https://www.readawrite.com/a/Zd0o1p,Kimhun | Lingorm,superkaiped
r6234,https://www.readawrite.com/a/Zd0p9p,เพื่อนเล่นไม่เล่นเพื่อน | Lingorm 🐶,Nina
r6237,https://www.readawrite.com/a/Zd0rin,31วัน|หลิงออม,n. nnn
r6241,https://www.readawrite.com/a/Zd0wm4,ราชันย์มังกร | lingorm,古龍
r6243,https://www.readawrite.com/a/Zd0yrk,เหนือนาย | ormling,S_khuntxwan
r6245,https://www.readawrite.com/a/Zd104v,ทานตะวันกับทินกร🌻☀️|LingOrm,เจ้าความรัก💜
r6247,https://www.readawrite.com/a/Zd10k8,ดวงใจภพตะวัน | LingOrm,makersan
r6249,https://www.readawrite.com/a/Zd126m,เธอมันลูกคุณหนู,น้องหนูเดียร์
r6250,https://www.readawrite.com/a/Zd12b3,คนของหัวใจ|lingorm,lovelyone
r6251,https://www.readawrite.com/a/Zd130l,ON AIR | lingorm,ptheeditor
r6253,https://www.readawrite.com/a/Zd15yn,Now that we don't talk|lingorm,ilovekaitod
r6258,https://www.readawrite.com/a/Zd1bld,D(r)ink Draw Drip | lingorm,TRIGGERs
r6264,https://www.readawrite.com/a/Zd1ky7,รอยรัก | Lingorm,good
r6267,https://www.readawrite.com/a/Zd1r67,The king of Gia,northern
r6273,https://www.readawrite.com/a/Zd1wbw,รักของเรา//หลิงออม,กุกๆไม่มีไรทะจะจุบๆ
r6279,https://www.readawrite.com/a/Zd20wg,Today is Monday - lingorm,merlune.
r6283,https://www.readawrite.com/a/Zd24wg,หัวใจเสเพล ormling,เจ้าปลาวาฬน้อย 🐳
r6287,https://www.readawrite.com/a/Zd2cca,ปีใหม่เริ่มต้นใหม่กับคนเก่า | lingorm​,ปลาไร้สี
r6288,https://www.readawrite.com/a/Zd2iw8,Way to love | Lingorm,urfavgirl
r6289,https://www.readawrite.com/a/Zd2j3v,friend or fan,northern
r6290,https://www.readawrite.com/a/Zd2ko0,AUADA LIN |Lingorm,ᴏ ʀ ᴍ ᴇ ʟ ᴇ ᴛ .
r6294,https://www.readawrite.com/a/Zd2pq6,after the rain (หลังหยาดฝน) l ormling,depianis
r6297,https://www.readawrite.com/a/Zd2srp,5 CM | lingorm,ゴロゴロ โกโระโกโระ
r6299,https://www.readawrite.com/a/Zd2tah,เส้นคู่ขนาน|lingorm,คุณลี่เฟย
r6301,https://www.readawrite.com/a/Zd2tv6,zero two one - lingorm,littlek
r6302,https://www.readawrite.com/a/Zd2utt,นักร้องที่รัก - lingorm,นายกานต์ .
r6303,https://www.readawrite.com/a/Zd2w0c,ฟ้าฝากรัก | lingorm,อินทนนท์
r6308,https://www.readawrite.com/a/Zd31x9,you me|ling orm,농찹
r6311,https://www.readawrite.com/a/Zd36ta,5 DAYS-LINGORM,SIWA
r6316,https://www.readawrite.com/a/Zd3ccu,พีรนันท์ - ormling,bemybabyboy
r6317,https://www.readawrite.com/a/Zd3cd7,Orange sky |Lingorm (จบ),mu mu si
r6321,https://www.readawrite.com/a/Zd3eyj,คู่จิ้นชีเสิร์ฟ #คู่นี้เรียลออฟาเก้ | Lingorm,173cm.
r6322,https://www.readawrite.com/a/Zd3f2g,ขวัญใจพี่สาวติวเตอร์ | lingorm,Holmes
r6323,https://www.readawrite.com/a/Zd3ff2,ฉันไม่ชอบยัยนี่! ( #หลิงออม #ออมหลิง ),JL
r6324,https://www.readawrite.com/a/Zd3fub,dew drops | Lingorm,forandairst
r6326,https://www.readawrite.com/a/Zd3hwk,Baby Shine | LingOrm,REGEnSuu
r6328,https://www.readawrite.com/a/Zd3k7b,พิชชาณริณ | lingorm,คุณพระของคุณ
r6329,https://www.readawrite.com/a/Zd3kts,อสรพิษสาว | lingorm,古龍
r6330,https://www.readawrite.com/a/Zd3kug,คาสิโน - lingorm,เส้นเล็กนำ้ตก
r6335,https://www.readawrite.com/a/Zd3mfe,I found you | LINGORM,ลาเต้
r6341,https://www.readawrite.com/a/Zd3rcn,Watsana Chaofa |Lingorm,คุนการันต์
r6343,https://www.readawrite.com/a/Zd3shy,Lightening You  | lingorm,novemberno9
r6345,https://www.readawrite.com/a/Zd3t63,kindness is hot | lingorm,okayokay
r6348,https://www.readawrite.com/a/Zd3u5k,eternal sunshine &mdash; lingorm,boktothebak
r6349,https://www.readawrite.com/a/Zd3ull,คู่นี้ยังไงนะ Lingorm |หลิงออม,ถิงจุใจ
r6353,https://www.readawrite.com/a/Zd41fu,แฟนเก่า[หลิงออม],เจ้ากล้วย🍌🦈
r6354,https://www.readawrite.com/a/Zd41na,Forbidden Love|lingorm,Lingorm
r6360,https://www.readawrite.com/a/Zd48y2,malii | lingorm,คุนเฉิน
r6362,https://www.readawrite.com/a/Zd49xs,ลมหายใจในโลกคู่ขนาน | lingorm,SiChompoo
r6363,https://www.readawrite.com/a/Zd4a34,ทดลองแลกรัก | lingorm,วามิล
r6364,https://www.readawrite.com/a/Zd4amu,อิงไม่รัก | หลิงออม,double six
r6366,https://www.readawrite.com/a/Zd4e06,รักแรก|หลิงออม,Mook
r6367,https://www.readawrite.com/a/Zd4edi,Untold | Lingorm,ฉันไม่ใช่แมวอ้วน
r6369,https://www.readawrite.com/a/Zd4haw,คำสร้อยกรุฑา |lingorm,เจ้าปลาวาฬน้อย 🐳
r6370,https://www.readawrite.com/a/Zd4hq7,ยัยเด็ก,Supha_wadee
r6374,https://www.readawrite.com/a/Zd4p7s,Love at first sight|LingOrm,ลี่พู่
r6375,https://www.readawrite.com/a/Zd4pda,อชิทราภา : lingorm,มิถุนาหน้าร้อนหรือหน้าฝน
r6377,https://www.readawrite.com/a/Zd4rrt,อย่าลืมรักผมนะครับสุดที่รัก-หลิง ออม,ลูกหมาน่ารัก
r6378,https://www.readawrite.com/a/Zd4t3m,รักแรกพบ [หลิงออม&amp;ไทยเน็ก],หลิงออมที่รัก
r6379,https://www.readawrite.com/a/Zd4ta0,ยินดีที่ได้รู้จัก | หลิงออม💜,ลาเต้
r6380,https://www.readawrite.com/a/Zd4tak,เล่นเป็นตาย,OO^^OO
r6381,https://www.readawrite.com/a/Zd4u9a,I'm ghost na | Lingorm,iดาวว
r6382,https://www.readawrite.com/a/Zd4uik,ลงใต้ | lingorm,youth
r6383,https://www.readawrite.com/a/Zd4wd5,Warin-ing &mdash; lingorm,P.chh
r6384,https://www.readawrite.com/a/Zd4xb0,ยัยตัวแสบของทนาย🐰|Lingorm,บะหมี่เหลืองไม่ใส่เส้น🍝
r6386,https://www.readawrite.com/a/Zd51u6,รอรักㅣหลิงออม LingOrm,Louboutin c
r6391,https://www.readawrite.com/a/Zd55g3,บอสสุดสวย |lingorm,นํ้าผึ่งหวาน
r6394,https://www.readawrite.com/a/Zd5b0f,DADDY | lingorm,b l u e  b e l l
r6395,https://www.readawrite.com/a/Zd5bks,เสน่ห์นาง | lingorm,Alan B.
r6397,https://www.readawrite.com/a/Zd5ck8,นักเลงคีย์บอร์ด,M3D
r6398,https://www.readawrite.com/a/Zd5de9,Ca'mila and Ucha |lingorm,Mu pink
r6399,https://www.readawrite.com/a/Zd5ek2,ครูฝึกสอนในวันนั้น สู่แฟนในวันนี้|หลิงออม,หลิงออม
r6400,https://www.readawrite.com/a/Zd5in1,ดาราสาว|lingorm,คุณนาย
r6401,https://www.readawrite.com/a/Zd5jba,ไวน์ขาว -LingOrm,ititta
r6402,https://www.readawrite.com/a/Zd5jnl,takeyoutothemoon &mdash; lingorm,urs
r6403,https://www.readawrite.com/a/Zd5lew,อัญชิสา #lingorm,คุณนอนอ
r6404,https://www.readawrite.com/a/Zd5lhf,บ้านทุ่ง~,ลี่ครัช
r6406,https://www.readawrite.com/a/Zd5m6v,how to flirt &mdash; lingorm,junotwoda
r6407,https://www.readawrite.com/a/Zd5m96,คะบอส? | lingorm,ไม่รู้จะแต่งอะไร
r6410,https://www.readawrite.com/a/Zd5mw1,we met at the wrong time | lingorm,urapocalypse
r6411,https://www.readawrite.com/a/Zd5nwt,0 - 100|หลิงออม,TIKkk.
r6413,https://www.readawrite.com/a/Zd5pu8,แรกพบ,ชอบกินชาไทย
r6414,https://www.readawrite.com/a/Zd5spw,รักคุณเข้าอีกแล้ว|หลิงออม,🦮🐕&zwj;🦺
r6418,https://www.readawrite.com/a/Zd5vtn,พบเจอคุณแล้ว | lingorm,p&rsquo;suJa
r6421,https://www.readawrite.com/a/Zd5y4o,ควันธูปอัยย์ลิน - ormling,polizebing
r6422,https://www.readawrite.com/a/Zd5y86,You gonna love me? | LingOrm,DNA9
r6426,https://www.readawrite.com/a/Zd64rq,Always be mine | LingOrm,MilnerLee
r6427,https://www.readawrite.com/a/Zd64x7,Top of the class|lingorm,ต้าวกุ้งทอดดด
r6437,https://www.readawrite.com/a/Zd6enm,(Os)BUNPEACH| lingorm,𝑅𝑢𝑏𝑦𝑠𝑖𝑎𐙚
r6439,https://www.readawrite.com/a/Zd6f18,มังกรเทียมหงส์ |lingorm,อินทนนท์
r6441,https://www.readawrite.com/a/Zd6hjn,ภารกิจรัก​ | lingorm,ei_ei
r6442,https://www.readawrite.com/a/Zd6io2,𝐒𝐞𝐥𝐞𝐧𝐨𝐩𝐡𝐢𝐥𝐞 ตกหลุมรักพระจันทร์,ฤดูกาฬ
r6444,https://www.readawrite.com/a/Zd6oq9,The Unfading Echo | Ormling,Toujours
r6447,https://www.readawrite.com/a/Zd6py8,รภิรดา,นิด้าสุดสวย
r6449,https://www.readawrite.com/a/Zd6qbf,หมอกสีส้ม - Ormling,nisaxx
r6450,https://www.readawrite.com/a/Zd6qcm,ไข่ตุ๋น | lingorm,คุนเฉิน
r6453,https://www.readawrite.com/a/Zd6s89,คงดีถ้าเป็นเขา (Desire) - lingorm,"AichaKhio,"
r6457,https://www.readawrite.com/a/Zd6xig,ลํ้าเส้น|LingOrm,บ้านสายรุ้ง
r6459,https://www.readawrite.com/a/Zd709s,FEILONG |Lingorm,หอมฉุย
r6461,https://www.readawrite.com/a/Zd70tp,Business love | lingorm,ith
r6462,https://www.readawrite.com/a/Zd720r,รักสีเลือด (Vampires),T Francis
r6463,https://www.readawrite.com/a/Zd7338,ครั้งนึงเคยแอบชอบ (แอบรัก) - Lingorm,Jin-Gee
r6464,https://www.readawrite.com/a/Zd74ix,Can you love me?,แมวดำ
r6465,https://www.readawrite.com/a/Zd74o4,ไม้เอก|หลิงออม,เพอรี่ชอบกินชาเขียว
r6471,https://www.readawrite.com/a/Zd78sl,เพราะใจไม่เคยจาก,bella rose
r6473,https://www.readawrite.com/a/Zd7ee4,คุณฉัตร| lingorm,February
r6476,https://www.readawrite.com/a/Zd7gs5,วาววา ไม่เคยผิดดด!!! อย่ามาแก่บ้าน้ำลาย | lingorm,ขีดเส้นใต้ด้วยปากกาแดง
r6480,https://www.readawrite.com/a/Zd7mdj,ความรักที่เสียไปแล้ว&mdash;lingorm,K._.G
r6481,https://www.readawrite.com/a/Zd7nde,เด็กเลี้ยงคุณอัน|lingorm,Pitchaya
r6487,https://www.readawrite.com/a/Zd7v8m,หยดหินลงนํ้า|หลิงออม|,00A☀️
r6491,https://www.readawrite.com/a/Zd7xky,เกมนี้พี่คุมเอง,A.
r6493,https://www.readawrite.com/a/Zd7yup,ใต้เงาราชวงศ์ - LingOrm,yoos&eacute;
r6495,https://www.readawrite.com/a/Zd82ve,I'm sorry | Lingorm,คุนเตอร์
r6496,https://www.readawrite.com/a/Zd8348,พิทักษ์รัก [lingorm],คุณดอกทิวลิปสีขาว
r6497,https://www.readawrite.com/a/Zd83a7,ลภัสนัญญา | lingorm,babyoud.
r6502,https://www.readawrite.com/a/Zd86us,จินดาภัทร์_อันดามัน|LINGORM,KANYA_00
r6503,https://www.readawrite.com/a/Zd874p,ให้รักนำทาง LingOrm,K.Phee
r6505,https://www.readawrite.com/a/Zd87dc,my bodyguard. | LingOrm,คุนลี่ซัง
r6508,https://www.readawrite.com/a/Zd88ly,เจียระไน ; lingorm💜,ลาเต้
r6512,https://www.readawrite.com/a/Zd8ddk,น้องงงงง / 1 /หลิงออม,I&rsquo;m may
r6516,https://www.readawrite.com/a/Zd8hsv,สะดุดรักคุณบอดี้การ์ด  l หลิงออม,ไรท์แปลกๆ
r6521,https://www.readawrite.com/a/Zd8kfh,รอรักจากลิขิตฟ้า [LingOrm],ปอเป็ดขี้เหร่
r6522,https://www.readawrite.com/a/Zd8ku4,Jiejie|lingorm,ilovekaitod
r6525,https://www.readawrite.com/a/Zd8n9r,Just to love - lingorm,gskhrvkau
r6526,https://www.readawrite.com/a/Zd8o52,Turn love | lingorm,พี่เป้นหลิงออมค่ะหนู
r6527,https://www.readawrite.com/a/Zd8obf,Darling | lingorm,Kornnaphatkubb
r6528,https://www.readawrite.com/a/Zd8ogb,Kind | Lingorm,เองิเดสกะ
r6531,https://www.readawrite.com/a/Zd8uen,Sorry ขอโทษได้มั้ยเล่า | LingOrm,RetireDuck
r6535,https://www.readawrite.com/a/Zd8vts,Engraved Love - LINGORM,My Apollo
r6536,https://www.readawrite.com/a/Zd8wi6,Please love | Lingorm,ปลายปากกาคุณซี
r6538,https://www.readawrite.com/a/Zd8yis,Crazy in love | lingorm,คุนซัน :)
r6539,https://www.readawrite.com/a/Zd90vk,ชนไม่ชน? |LingOrm,"hey, just wanna say Hi"
r6540,https://www.readawrite.com/a/Zd9177,Lingorm รักนี้ชีเสิร์ฟ,OILPS
r6554,https://www.readawrite.com/a/Zd9cuk,น้ำมันพลาย-หลิงออม,หัวใจสีชมพูวว🤟🏻🩷
r6555,https://www.readawrite.com/a/Zd9e52,เสียงหัวใจในสายฝน//lingorm,คาปิบาร่าเจ้าโกลเด้น
r6556,https://www.readawrite.com/a/Zd9eop,Winther-lingorm,Bearly
r6564,https://www.readawrite.com/a/Zd9gmm,Fallin / lingorm,27%&bull;
r6565,https://www.readawrite.com/a/Zd9inq,ปลายฟ้ายังมีตะวัน(Last sky of sunshine)-หลิงออม,SoloLifeMonster
r6568,https://www.readawrite.com/a/Zd9knf,Meri_Kirin,Meri_Kirin
r6569,https://www.readawrite.com/a/Zd9mbf,เมื่อใจเรามีเพียงกัน Iing / orm,ออ มอ กอ.
r6571,https://www.readawrite.com/a/Zd9rjc,Fate&rsquo;s Guard / LingOrm,PeachPloy
r6572,https://www.readawrite.com/a/Zd9sd0,ล้มแชมป์ 🏆 (Lingorm),justforfin
r6573,https://www.readawrite.com/a/Zd9sf2,mosin nagant | lingorm,sunflower.
r6576,https://www.readawrite.com/a/Zd9vql,return | lingorm,thingthing
r6577,https://www.readawrite.com/a/Zd9vr5,myheartstopper|mindjo,lolynotlonly
r6578,https://www.readawrite.com/a/Zd9vwq,คุณกร - OrmLing,Jin-Gee
r6581,https://www.readawrite.com/a/Zda01b,Rain|Ormling,pk
r6582,https://www.readawrite.com/a/Zda0eq,วาเลนไทน์นี่พี่ให้ดอกไม้:หลิง ออม,ก๊าบก๊าบ
r6583,https://www.readawrite.com/a/Zda0ib,สู้ไหวป่ะ|LINGORM,WATASHII.
r6584,https://www.readawrite.com/a/Zda1cq,เสน่ห์กลิ่นเกสร&sup1;|หลิงออม,Mu pink
r6588,https://www.readawrite.com/a/Zda2xj,Make my wish come true | lingorm,thesombrero
r6589,https://www.readawrite.com/a/Zda3c5,ลื้อรักเก่า-Lingoom,มันม่วงง🍠
r6593,https://www.readawrite.com/a/Zda6ns,"เพียงดาวเดียวในจักรวาล One Star , One Universe |lingorm",คุณหน่องเจี๊ยบ
r6595,https://www.readawrite.com/a/Zda84j,เก้อป้ะล่ะ : ormling,เอ็นทึ
r6596,https://www.readawrite.com/a/Zda850,จันทร์เจ้า|Lingorm,Hunterja
r6601,https://www.readawrite.com/a/Zdaciy,ตัวแม่จะแคร์เพื่อ - lingorm,imēm&eacute;
r6603,https://www.readawrite.com/a/Zdahvf,เธอจะเป็นคนแรกของพี่และคนสุดท้าย ( หลิงออม ),เกวลิน
r6609,https://www.readawrite.com/a/Zdap5m,ความแค้นมาพร้อมกับความรัก (หลิงออม)💜,konraphat 💜
r6612,https://www.readawrite.com/a/Zdauje,ที่รักยาหยี - LingOrm,Miu .
r6614,https://www.readawrite.com/a/Zdaw4h,See you tomorrow | LingOrm,myself_pp
r6622,https://www.readawrite.com/a/Zdb569,เธอคือซาตาน (หลิงออม),konraphat 💜
r6624,https://www.readawrite.com/a/Zdb63w,ศรัณภัค | ling &times; orm,11XXVII
r6625,https://www.readawrite.com/a/Zdb668,Ex-change l Lingorm,อินทนิล
r6630,https://www.readawrite.com/a/Zdb9k4,นักกีต้าคนโปรด | ormLing,yuparat
r6631,https://www.readawrite.com/a/Zdb9qa,รักฉันเท่าที่เธออยากจะรัก | lingorm |หลิงออม ( ฟรี ก่อนจบ),โลมาสีเทา__
r6635,https://www.readawrite.com/a/Zdbd1w,ทานตะวัน | Lingorm,Donna_lee;3
r6636,https://www.readawrite.com/a/Zdbe4c,Ice queen | lingorm,คุณครัช
r6637,https://www.readawrite.com/a/Zdbekl,พบรัก,มามี๊ป้กโกะ
r6638,https://www.readawrite.com/a/Zdbell,She's a single mom. | lingorm,Number22.
r6639,https://www.readawrite.com/a/Zdbf3k,เลิกได้ไหม?| lingorm,KhunDodai
r6642,https://www.readawrite.com/a/Zdbgce,100% - LingOrm,Juliet
r6646,https://www.readawrite.com/a/Zdbj4e,#คิมแพร : When you say please.,ชาวบ้านแปด
r6647,https://www.readawrite.com/a/Zdbk2x,ขอเธอมาจากเจ้าแม่ | LingOrm,DNA9
r6648,https://www.readawrite.com/a/Zdbl5j,Golden Retriever,Paiitsu
r6649,https://www.readawrite.com/a/Zdbna9,Bass part | lingorm,Catywonder.KS
r6652,https://www.readawrite.com/a/Zdbotm,"Love is love, that's it | [LingormxNamtanfilm]",Cherryontop
r6654,https://www.readawrite.com/a/Zdbrlb,Lin loves daddy | lingorm,Bonus numnim
r6656,https://www.readawrite.com/a/Zdbt7j,มักอ้ายร้านชำ | lingorm,GundamX9
r6657,https://www.readawrite.com/a/Zdbuhp,Keep silent | lingorm,sunsetwithyouundervanillasky
r6659,https://www.readawrite.com/a/Zdbwee,"Don't Grow up, It's a Trap (LingOrm) | lingorm",bdenrren
r6665,https://www.readawrite.com/a/Zdbyic,A Love to Remember [lingorm],ยัยหนู
r6666,https://www.readawrite.com/a/Zdc2b4,MY DAER KEEN (1) | lingorm,คุณครัช
r6667,https://www.readawrite.com/a/Zdc39u,Beyond the Spotlight | LingOrm,cashiyzzz
r6673,https://www.readawrite.com/a/Zdc8dk,Wasted | Lingorm,dalahdarling
r6675,https://www.readawrite.com/a/Zdca3o,พราวนภา // lingorm,นายไข่ต้ม
r6678,https://www.readawrite.com/a/Zdcat2,เพื่อนไม่เล่นเพื่อน(หลิงออม),BAlbua
r6681,https://www.readawrite.com/a/Zdcg9o,"Our Song"".OS |lingorm",hiittoday 12&deg;
r6683,https://www.readawrite.com/a/Zdcjkb,My puppy |Lingorm,Cxllme Chk
r6685,https://www.readawrite.com/a/Zdckya,Sunnysweet | ormling,tmchance
r6686,https://www.readawrite.com/a/Zdcmqh,ฮักเจ้าหลาย - Lingorm,K.Phee
r6687,https://www.readawrite.com/a/Zdcmwm,หลงกาฝาก,อาเซียนร่วมใจ
r6692,https://www.readawrite.com/a/Zdcqka,ไอ้ซึนหยุดดิ๊ | lingorm,Interista
r6695,https://www.readawrite.com/a/Zdcrwo,น้องคนงามปากร้าย - Lingorm,MWM
r6697,https://www.readawrite.com/a/Zdcsr0,House No.27/5 | lingorm,bOwan
r6700,https://www.readawrite.com/a/Zdcw3a,in my heart | หลิงออม os/sf,fzzhcwx
r6701,https://www.readawrite.com/a/Zdcx7m,แด่เธอ,EN
r6703,https://www.readawrite.com/a/Zdcxxl,Sparksofsummer | Ormling,itsnir9
r6706,https://www.readawrite.com/a/Zdd163,เพียงรัก|Just Love (lingorm),MANOGENGG
r6708,https://www.readawrite.com/a/Zdd1i3,Nebula Nights&ndash;lingorm,ศูนย์เจ็ดพฤจิ
r6709,https://www.readawrite.com/a/Zdd3ww,เศษความรัก,r_1122
r6720,https://www.readawrite.com/a/Zdddb9,ปาฏิหาริย์กล้องแห่งรัก | Lingorm,จางมิน
r6724,https://www.readawrite.com/a/Zddj9t,เธอคนนั้น|Lingorm,Yakkinkaopunn
r6725,https://www.readawrite.com/a/Zddk0i,ตีสาม &mdash; OrmLing,itsnir9
r6727,https://www.readawrite.com/a/Zddpwu,Phattharaphin | Lingorm,Khunsanny.
r6729,https://www.readawrite.com/a/Zddqvb,"coffee first, work later | ormling",badhabits
r6731,https://www.readawrite.com/a/Zddrx1,วิภาวดี|หลิงออม,シゼンキ
r6732,https://www.readawrite.com/a/Zdds7a,เจ้าหนี้ที่รัก-lingorm,เม้ววว
r6735,https://www.readawrite.com/a/Zddsr5,DYNASTY  | LINGORM,ssxmmqrr
r6739,https://www.readawrite.com/a/Zddw89,(OS) ธัญญ์พี &mdash; Ormling,itsnir9
r6740,https://www.readawrite.com/a/Zddwoc,Why?| lingorm,หมาเด้นที่จริงใจ
r6741,https://www.readawrite.com/a/Zddxcf,เจ้านายเจ้าอารมณ์ (LingOrm),something.
r6742,https://www.readawrite.com/a/Zddxe3,The Flower's Palette | lingorm,アジサイ
r6744,https://www.readawrite.com/a/Zddxyd,plengrak's ─ ormling,callmeaing_.
r6746,https://www.readawrite.com/a/Zddysu,บัลลังก์รักลูกสาวเจ้าพ่อ | หลิงออม,WritersQ
r6747,https://www.readawrite.com/a/Zde094,Loop(ฉันจึงวนกลับมา)|หลิงออม,หมาน้อยลอยน้อยลอยคอ
r6749,https://www.readawrite.com/a/Zde1fr,เดือนหลงฟ้า #LingOrm,Purple_RoseSS
r6750,https://www.readawrite.com/a/Zde1n2,Lost star #หลิงออม,ลาร์มัว
r6752,https://www.readawrite.com/a/Zde28g,#หมวยโซคิ​วต์​  |Lingorm/ormling,อิฐหิน​ปูนทราย
r6754,https://www.readawrite.com/a/Zde7uc,คนโปรดน้องอิงค์ &mdash; lingorm,keep cool .
r6757,https://www.readawrite.com/a/Zde9ag,แผนรัก เกมลวงใจ ฉบับ #OrmLing,Lesbaby
r6760,https://www.readawrite.com/a/Zdebv7,n.aran | lingorm,augboi
r6762,https://www.readawrite.com/a/Zdec9t,ไทบ้านกับผู้สาวสัตวฮึ,NongLa
r6764,https://www.readawrite.com/a/Zdedvf,พันธะราชัน | lingorm,khuntien
r6765,https://www.readawrite.com/a/Zdeem5,please  #lingorm,It&rsquo;s meeeeee
r6768,https://www.readawrite.com/a/Zdefvt,บังเอิญรัก / lingorm,หมูแคระน้อย
r6769,https://www.readawrite.com/a/Zdehaa,ชงเข้ม - LingOrm,yoos&eacute;
r6772,https://www.readawrite.com/a/Zdekkm,"The price of""FRME"" |OrmLing",KankanSang
r6774,https://www.readawrite.com/a/Zdemg5,ทิชา | lingorm,ei_ei
r6775,https://www.readawrite.com/a/Zdemx5,จากกรุงสู่ไร่ | lingorm,KhunDodai
r6776,https://www.readawrite.com/a/Zdenrb,THE CAGE [LingOrm],sakurabloom
r6777,https://www.readawrite.com/a/Zdeo1t,เลี้ยงได้ไหมนะ,ไส้กรอกนมชีส
r6778,https://www.readawrite.com/a/Zdeo4m,จังหวะของหัวใจ | lingorm,คุนซัน :)
r6781,https://www.readawrite.com/a/Zdeq1m,รักร้าย กว่า จะรัก | lingorm,Catywonder.KS
r6783,https://www.readawrite.com/a/Zder63,#ปลื้มไม่ปลื้ม! &mdash; OrmLing,itsnir9
r6785,https://www.readawrite.com/a/Zderrk,หลงเฟย|Lingorm,บ้อกแบ้กออมเล็ต🐶
r6786,https://www.readawrite.com/a/Zderu9,ทิรากรรณา lingorm,คุณพระของคุณ
r6787,https://www.readawrite.com/a/Zdet72,คลั่งรัก #หลิงออม,Cry baby
r6790,https://www.readawrite.com/a/Zdevpv,หกโมงห้านาที | LingOrm,KunRak
r6793,https://www.readawrite.com/a/Zdexvr,รักเริ่มต้น,r_1122
r6794,https://www.readawrite.com/a/Zdf2l7,Get it Now l LingOrm [Rainverse],Nippon-G
r6795,https://www.readawrite.com/a/Zdf3gi,นักเรียนคนโปรด|หลิงออม,..
r6798,https://www.readawrite.com/a/Zdf5ea,พี่หมอรับรักคนแก่หน่อยค่ะ(guys) | lingorm,ไข่เจียวของออมเล็ต
r6801,https://www.readawrite.com/a/Zdf9k4,"(os) play, lingorm",tomaก้อน
r6805,https://www.readawrite.com/a/Zdfcnu,Love to play tricks/ lingorm,หมูแคระน้อย
r6808,https://www.readawrite.com/a/Zdfd8m,Ch&eacute;rir | lingorm,feb4you
r6809,https://www.readawrite.com/a/Zdfdcn,แอบชอบรุ่นพี่ |lingorm,Stock up
r6814,https://www.readawrite.com/a/Zdfef9,คุณหนูไอรีน - LingOrm,K.Phee
r6815,https://www.readawrite.com/a/Zdfefa,กลแค้นลวงใจ,เหลือใจจริงๆ
r6818,https://www.readawrite.com/a/Zdfi1i,เทวาภพ,น้องจันฉาบ
r6822,https://www.readawrite.com/a/Zdfojm,คุณหนูปากร้ายกับบอดี้การ์ดเย็นชา (หลิงออม),konraphat 💜
r6824,https://www.readawrite.com/a/Zdfqjw,Bake with Luv │ lingorm,wawa_wa26
r6828,https://www.readawrite.com/a/Zdfu46,Heart Numbers  #ormling,จะกระโชกโหกหากทำไมอะบี๋!!
r6829,https://www.readawrite.com/a/Zdfujo,fallingformyprotector &mdash; Ormling,itsnir9
r6831,https://www.readawrite.com/a/Zdg140,"""อุ่นรักในถ้วยกาแฟ""|ORMLING",KankanSang
r6835,https://www.readawrite.com/a/Zdg5q5,Love impression..🫶🏻💕 | หลิงออม,Graceee.G
r6836,https://www.readawrite.com/a/Zdg6mr,dderrl | ormling,augboi
r6837,https://www.readawrite.com/a/Zdg758,พบรักในความต่าง | LINGORM,timeforsomefun
r6840,https://www.readawrite.com/a/Zdg7m6,(OS) JustOneDay &mdash; Ormling,itsnir9
r6844,https://www.readawrite.com/a/Zdgcgs,Almost Something | LingOrm,Wine Vodka
r6846,https://www.readawrite.com/a/Zdgdim,Brown Secret Bag.,Brown Secret Bag.
r6853,https://www.readawrite.com/a/Zdggkg,เจนลดา - lingorm,mutterpic
r6859,https://www.readawrite.com/a/Zdgjcu,Just the two of us|LingOrm,LaVa Yu
r6862,https://www.readawrite.com/a/Zdgmep,My Dame | lingorm,Chocolatelover
r6863,https://www.readawrite.com/a/Zdgmfm,stop it! (lingorm),littlek
r6864,https://www.readawrite.com/a/Zdgn6h,สุดท้ายก็ต้องรักเธอ - lingorm,lemon132
r6866,https://www.readawrite.com/a/Zdgnl3,My lips like sugar | Lingorm,urfavgirl
r6868,https://www.readawrite.com/a/Zdgp3i,ใต้เงาตะวัน | lingorm,PotatoCheese
r6869,https://www.readawrite.com/a/Zdgql2,Pet,Paiitsu
r6877,https://www.readawrite.com/a/Zdh0vr,TUA BIN | LINGORM,หญิงแกร่งแห่งพลูโต
r6881,https://www.readawrite.com/a/Zdh2ab,Heaven | Lingorm,White Rose ˚ ༘
r6883,https://www.readawrite.com/a/Zdh3ga,หงส์เหนือบัลลังก์|LingOrm,kbooo
r6884,https://www.readawrite.com/a/Zdh41q,"สภานักเรียน||poohpavel,LingOrm",นกหวีดเองงง
r6885,https://www.readawrite.com/a/Zdh4jb,ลิขิตรัก | lingorm,M.
r6889,https://www.readawrite.com/a/Zdh6pp,มนต์รักอีสาน|หลิงออม,แอปเปิ้ลนิวตัน🍎
r6890,https://www.readawrite.com/a/Zdh744,พันธนาการหัวใจ - lingorm,lemon132
r6891,https://www.readawrite.com/a/Zdh81e,วาฬ 52hz | lingorm,beloveinhouse
r6893,https://www.readawrite.com/a/Zdhaif,"ถ้าหาก....""If"" : LingOrm",CrisWang
r6896,https://www.readawrite.com/a/Zdhdps,จีบมั้ย? | Lingorm,nihongyun
r6898,https://www.readawrite.com/a/Zdhe2j,สามพี่น้องแห่งขุนเขา | lingorm,ei_ei
r6904,https://www.readawrite.com/a/Zdhgod,เลี่ยงหลิน | LingOrm,RezkeDzii
r6906,https://www.readawrite.com/a/Zdhhwr,[END] willyouwhyme | lingorm,เรือร้างที่ยังมีลมหายใจ
r6910,https://www.readawrite.com/a/Zdhk2b,อลันนรินท์ | หลิงออม,puimekisfluffyclouds
r6912,https://www.readawrite.com/a/Zdhkog,DRAK,Lamas
r6915,https://www.readawrite.com/a/Zdhn6a,อั่น ผ.อ ครับ อั่น | lingorm,คุณนาย
r6917,https://www.readawrite.com/a/Zdhp4w,😋🤏🏻|lingorm,Loser but cool
r6918,https://www.readawrite.com/a/Zdhpdg,กูไม่ชอบอีนั่น - lingorm,ENOLA.97
r6919,https://www.readawrite.com/a/Zdhray,สกายอยากมีดาว|ormling,เจ้าแว่นน้อย
r6920,https://www.readawrite.com/a/Zdhsm8,(SF/OF) THE COZY CORNER |LINGORM,SUSUM
r6922,https://www.readawrite.com/a/Zdhurj,จะดุไปไหนอ่ะพี่,ยกค
r6923,https://www.readawrite.com/a/Zdhwff,อาทิตย์อัสดง   | LINGORM,เต๋าน้อยยิ้มหวาน
r6924,https://www.readawrite.com/a/Zdhwuy,เมียจำเป็น l Lingorm l หลิงออม,ไรท์แปลกๆ
r6926,https://www.readawrite.com/a/Zdhybx,เมียแต่ง - ormling,bemybabyboy
r6927,https://www.readawrite.com/a/Zdi0bj,That&rsquo;s my girl &mdash; Lingorm,everythingislove
r6932,https://www.readawrite.com/a/Zdi1s6,AUTISTIC |LINGORM,สายฝน🌧️ความรัก☺️
r6936,https://www.readawrite.com/a/Zdi5xw,Be my favorite cloud☁️,cloudypastelsky
r6942,https://www.readawrite.com/a/Zdidvy,when we meet again,JRPTN
r6947,https://www.readawrite.com/a/Zdigu0,อาจารย์ขามาเป็นเเฟนหนูได้มั้ย,love
r6948,https://www.readawrite.com/a/Zdihb2,รักของหนู คือพี่นะรู้มั้ย?                    (my first love),bella rose
r6949,https://www.readawrite.com/a/Zdihhp,Sugar Mama | lingorm,ทิวลิป
r6951,https://www.readawrite.com/a/Zdiinv,เมื่อหัวใจเข้าเกียร์P,คืนที่สามสิบแปด
r6952,https://www.readawrite.com/a/Zdiix7,แฟนประธาน[หลิงออม],ต้นมะกอก
r6955,https://www.readawrite.com/a/Zdikka,Echoes of you &mdash; OrmLing,itsnir9
r6958,https://www.readawrite.com/a/Zdio85,อคิราห์ | LingOrm,JaoOie
r6959,https://www.readawrite.com/a/Zdipjm,ล้มแชมป์ | Lingorm x 4eve,mj
r6962,https://www.readawrite.com/a/Zdir9x,ข้ามเส้น | LingOrm,nobi.x
r6965,https://www.readawrite.com/a/Zdiu42,แค่จะกอดยังทำไม่ได้ | lingorm,Kachaphetx
r6968,https://www.readawrite.com/a/Zdiumh,labyrinth | lingorm,theov
r6970,https://www.readawrite.com/a/Zdiw0x,ภรินธารา(forget me not)| lingorm,𝑅𝑢𝑏𝑦𝑠𝑖𝑎𐙚
r6978,https://www.readawrite.com/a/Zdj1o0,โก๋มาเอง | ormling / bamyada,จุ้บเร้กของมัมหมี
r6983,https://www.readawrite.com/a/Zdj9aq,Annaphat | lingorm,นับหนึ่งถึงพัน
r6986,https://www.readawrite.com/a/Zdjbeg,complique | ormling,Peach blossom.00K
r6988,https://www.readawrite.com/a/Zdjbiv,Twin benefits | Lingorm,28Oneday
r6989,https://www.readawrite.com/a/Zdjbyo,(OS) The 12th Floors &mdash; OrmLing,itsnir9
r6999,https://www.readawrite.com/a/Zdjldo,Ghost ป่ะคะ? l LingOrm,Arata
r7000,https://www.readawrite.com/a/Zdjlvj,เพื่อนร่วมห้อง |LingOrm,ROSSAKON ZX.
r7001,https://www.readawrite.com/a/Zdjn47,แต่งมั้ง ..แต่งมั้ย? LingOrm,ฟาเฟิน
r7005,https://www.readawrite.com/a/Zdjpjv,Just the Two of Us | lingorm,Mr.UncleBear
r7006,https://www.readawrite.com/a/Zdjptq,secret love ; หลิงออม,ลาเต้
r7007,https://www.readawrite.com/a/Zdjqt6,หัวใจแห่งผืนดิน | lingorm,ดาวเด่น🌟
r7008,https://www.readawrite.com/a/Zdjr4d,แค้นนี้ต้องชำระ|LingOrm,หมาสีเทา
r7011,https://www.readawrite.com/a/Zdjx0p,นครดารา | LingOrm,แว๊กแก๊ก
r7013,https://www.readawrite.com/a/Zdjyir,Bloom Again,Mheegi
r7016,https://www.readawrite.com/a/Zdk0vi,ตำนานเทพเจ้าเทียนตี้ | lingorm,snail milk
r7017,https://www.readawrite.com/a/Zdk1xe,"race , q | lingorm",deway t.
r7018,https://www.readawrite.com/a/Zdk1yv,เจ้าสาวเฉพาะกิจ | lingorm,องศาที่ 21
r7024,https://www.readawrite.com/a/Zdk770,พันธะวิวาห์ | lingorm,เจ้าปลาวาฬน้อย 🐳
r7026,https://www.readawrite.com/a/Zdk8lf,แล้วเราจะได้รักกันตอนไหน - lingorm,lemon132
r7028,https://www.readawrite.com/a/Zdk93r,สิ้นแสงจันทร์|หลิงออม,มันม่วงง🍠
r7033,https://www.readawrite.com/a/Zdkba2,Have a good girl | lingorm,Jjjjjjjj
r7038,https://www.readawrite.com/a/Zdklo9,นวลจันทร์ | lingorm,Over 85 / Hour
r7040,https://www.readawrite.com/a/Zdkm1k,Again (LingOrm),สายลมทางใต้
r7042,https://www.readawrite.com/a/Zdknci,(OS) เปรมจำนน &mdash; Ormling,itsnir9
r7049,https://www.readawrite.com/a/Zdksfs,reclaim &mdash; lingorm,Bonus numnim
r7050,https://www.readawrite.com/a/Zdkt1m,แรงรักแรงแค้น l LingOrm l หลิงออม,ไรท์แปลกๆ
r7052,https://www.readawrite.com/a/Zdktkj,Artemis | lingorm,คุนซัน :)
r7055,https://www.readawrite.com/a/Zdl0wa,คุณเลขา(ของ)คนโปรด,ไม่พู๊ดดดดดด
r7058,https://www.readawrite.com/a/Zdl2a8,แบร์พรีม | lingorm,คุณกวน
r7060,https://www.readawrite.com/a/Zdl2vi,ติณณ์ณภัทร  | Lingorm,Daisymn
r7062,https://www.readawrite.com/a/Zdl4sg,Chocolate pleat | lingorm ft.chocolate2025,midnightdose
r7063,https://www.readawrite.com/a/Zdl5rq,(OS) Secret chats &mdash; Ormling,itsnir9
r7064,https://www.readawrite.com/a/Zdl5sf,Tom Yum Goong | หลิงออม,เสี้ยวตะวัน
r7069,https://www.readawrite.com/a/Zdl7nf,ผมหล่อนะครับ | MakiPlainuam LingOrm,M❤️P
r7078,https://www.readawrite.com/a/Zdlbob,[END] Lumi&egrave;re of Hearts : so into you &ndash; #LOHLO (หลิงออม),i3ananastory (fan fic)
r7079,https://www.readawrite.com/a/Zdlbtd,แล้วแต่พี่ - Lingorm,prerakarn
r7085,https://www.readawrite.com/a/Zdlk78,ไม่ได้อยากเป็นแค่น้องซะหน่อย | LingOrm,แมวมากัส
r7090,https://www.readawrite.com/a/Zdlo0f,(One Shot)รักไม่สิ้นสุด | LingOrm,Nippon-G
r7093,https://www.readawrite.com/a/Zdlqy9,God&rsquo;s Gambit | LingOrm,DNA9
r7094,https://www.readawrite.com/a/Zdlr18,ขวัญใจ ||หลิงออม,excellent news
r7095,https://www.readawrite.com/a/Zdlufy,Daddy | lingorm,ทิวลิป
r7097,https://www.readawrite.com/a/Zdlvax,ชาตินี้แหละฉันจะหยุดรักเธอ | LingOrm,lucid
r7099,https://www.readawrite.com/a/Zdly8m,RIVAL | FREEN BECKY,TOTORO
r7101,https://www.readawrite.com/a/Zdm0w3,Parallel lines of love | LingOrm,เบญจาเอง
r7102,https://www.readawrite.com/a/Zdm13k,In Your Embrace &ndash; อ้อมกอดของเธอ|OrmLing,KankanSang
r7103,https://www.readawrite.com/a/Zdm165,Espresso,Hazel-nut
r7104,https://www.readawrite.com/a/Zdm4qa,ไหนบอกว่า -Lingorm,llacwam
r7105,https://www.readawrite.com/a/Zdm5ic,ณ ทรินชา : lingorm,iloveyoulovewelove
r7106,https://www.readawrite.com/a/Zdm62a,กลับมาเพื่อบอกลา. | LINGORM,mj
r7108,https://www.readawrite.com/a/Zdm6vh,รักซ่อนเร้น - lingorm,lemon132
r7109,https://www.readawrite.com/a/Zdm77x,วนกลับมาเพื่อจากลา,เขียนจนเมื่อยมือ
r7111,https://www.readawrite.com/a/Zdm7gf,MAKE UP / LINGORM,ปลาดาว ม้าน้ำ
r7112,https://www.readawrite.com/a/Zdm856,เป้ยนับเก้า &ndash; lingorm,allfornothing
r7113,https://www.readawrite.com/a/Zdm85o,รักแรกพบ | หลิงออม,ดวงดาวที่ส่องสว่างยามค่ำคืน
r7114,https://www.readawrite.com/a/Zdm8fx,โอบกอด|Lingorm,bella rose
r7121,https://www.readawrite.com/a/Zdmdh7,คู่กัด,อ้ายบ่อยากเชื่อสายตา
r7124,https://www.readawrite.com/a/Zdmevg,เอาอเมริกาโน่น้ำผึ้ง ไม่หวานแก้วนึงค่ะ,Lunar eclipse
r7126,https://www.readawrite.com/a/Zdmgij,อย่าร้ายอยากรัก | Lingorm,ปลายปากกาคุณซี
r7128,https://www.readawrite.com/a/Zdmhqa,Amnesia*,fabulation
r7130,https://www.readawrite.com/a/Zdmkai,ฟ้าสีคราม - Lingorm,K.Phee
r7133,https://www.readawrite.com/a/Zdmmub,เล่นของสูง | หลิงออม,ดวงดาวที่ส่องสว่างยามค่ำคืน
r7135,https://www.readawrite.com/a/Zdmo3q,ภพ - lingorm,Helarum
r7136,https://www.readawrite.com/a/Zdmpea,ขอบฟ้ายังมีเมฆ [ lingorm ],ศรีเลิศ
r7138,https://www.readawrite.com/a/Zdmql8,หนึ่งเดือนที่ต้องรอด LingOrm,แอบรัก
r7141,https://www.readawrite.com/a/Zdmuux,นักร้อง | หลิงออม,Monday
r7148,https://www.readawrite.com/a/Zdn1lc,ชอบเหมือนกัน  | lingorm,แฟนฟิค lingorm
r7149,https://www.readawrite.com/a/Zdn2d4,วาฬ 52Hz. | LingOrm,แมวมากัส
r7151,https://www.readawrite.com/a/Zdn2pp,(OS) นทีรักเธอ &mdash; Ormling,itsnir9
r7156,https://www.readawrite.com/a/Zdn41q,พบรัก | ormling,จักรวาลสีทะเล
r7159,https://www.readawrite.com/a/Zdn5p8,`Tinเด๋อ : lingorm,ariari
r7160,https://www.readawrite.com/a/Zdn5sf,standby flight #Lingorm,drown_salmon
r7161,https://www.readawrite.com/a/Zdnant,นักเลงที่รัก(ormling),หมาวัด สวยสัส
r7162,https://www.readawrite.com/a/Zdnbcj,ไอพี่ไฝ กับ ยัยเต้าหู้หน้าจืด/หลิงออม,I&rsquo;m may
r7163,https://www.readawrite.com/a/Zdnbqc,แผนรักมัดใจพี่ - lingorm,lemon132
r7165,https://www.readawrite.com/a/Zdnco7,keep u in heart heart &mdash; lingorm,นิงชา
r7166,https://www.readawrite.com/a/Zdndhd,The Past | Lingorm,WcB
r7170,https://www.readawrite.com/a/Zdng8h,เพียงตะวัน | lingorm,คุณผีไออุ่น
r7172,https://www.readawrite.com/a/Zdngpj,Love is like a butterfly,สีฝุ่น
r7174,https://www.readawrite.com/a/Zdngt4,The Past Of Love - LINGORM,My Apollo
r7182,https://www.readawrite.com/a/Zdnkgv,รักสุดท้าย - lingorm,lemon132
r7183,https://www.readawrite.com/a/Zdnm7y,รับรักได้ยัง|LINGORM,ลีญาเองงง
r7189,https://www.readawrite.com/a/Zdnqdi,Life Coach | LingOrm,PeachPloy
r7190,https://www.readawrite.com/a/Zdnqgp,ลูกแม่ค้า | หลิงออม,snail milk
r7193,https://www.readawrite.com/a/Zdnt9f,หลิงออม,🦋야다🍥
r7195,https://www.readawrite.com/a/Zdnu5x,ถูกรัก/โดยน้องคนหนึ่ง,หลิงออม
r7196,https://www.readawrite.com/a/Zdnuho,3324 | lingorm,คะน้าหมูกรอบไข่ดาวไม่พริก
r7197,https://www.readawrite.com/a/Zdnw2e,It&rsquo;s up to you. // lingorm,Mitsui_14
r7198,https://www.readawrite.com/a/Zdnw4b,เบญจมาศในม่านหมอก | lingorm,are you the moon4
r7200,https://www.readawrite.com/a/Zdnwom,แค่พี่ค่ะแม่ | LingOrm,BRB_Siri
r7202,https://www.readawrite.com/a/Zdnyde,วาริน&amp;นินิน,Gred4
r7205,https://www.readawrite.com/a/Zdo3i8,พี่ลี Red flag | LingOrm,WISH WANT
r7207,https://www.readawrite.com/a/Zdo6hq,Sugar mummy/Lingorm,Lucky
r7208,https://www.readawrite.com/a/Zdoa49,nadia | lingorm,ส้มจ๋วย
r7209,https://www.readawrite.com/a/Zdob73,หัวแถว | LingOrm,Hecate(เฮคาเต)
r7213,https://www.readawrite.com/a/Zdods2,Valentina | LingOrm,427
r7216,https://www.readawrite.com/a/Zdofqh,Work(ไร้)Balance | LingOrm,Pencil and Eraser
r7220,https://www.readawrite.com/a/Zdokd1,ต้นปีจะรัก | Lingorm,โรโบคาร์ โพลี่
r7221,https://www.readawrite.com/a/Zdokdn,The Ocean's Storm of Love | LingOrm,REGEnSuu
r7225,https://www.readawrite.com/a/Zdooau,ไม่เป็นไรเลย | Lingorm,r.r
r7226,https://www.readawrite.com/a/Zdopbu,ทะลุไปต่างโลกกับเทอขา l Lingorm,ABUbrosUNI
r7228,https://www.readawrite.com/a/Zdoq0m,Paintlove | Lingorm,ไข่เจียวของออมเล็ต
r7229,https://www.readawrite.com/a/Zdoqk9,Diamond Vow  | lingorm,The long
r7233,https://www.readawrite.com/a/Zdouyd,บอดี้การ์ด/ของคุณหนู,หลิงออม
r7235,https://www.readawrite.com/a/Zdoy6d,friend? | lingorm,ffassaii
r7240,https://www.readawrite.com/a/Zdp2xp,แอบรักให้เธอรู้ - (This girl is mine)| lingorm,ทองม้วน
r7245,https://www.readawrite.com/a/Zdp7en,mouthtomouth | LingOrm,Hazel-nut
r7249,https://www.readawrite.com/a/Zdpc1x,Rosarin ; lingorm,Aronong
r7252,https://www.readawrite.com/a/Zdpd7r,เลขาทูลหัว-lingorm,_mint.sr
r7254,https://www.readawrite.com/a/Zdpejk,(OS) First Love l Ormling,nuna
r7255,https://www.readawrite.com/a/Zdpht7,หมอรวี|lingorm,ไอ่น้องสี่
r7257,https://www.readawrite.com/a/Zdpif5,queen - lingorm,Bettyivy
r7260,https://www.readawrite.com/a/Zdpkf3,Cats Caf&eacute; 🐱,CATSLAYER
r7262,https://www.readawrite.com/a/Zdpnke,ทับทิมเคียงจันทร์|LingOrm,อาชาสีเงิน
r7267,https://www.readawrite.com/a/Zdprp7,ศิลปินคนโปรด,แมวแคะร้องอุอิอา
r7268,https://www.readawrite.com/a/Zdpsjs,youandiwillseegoodthingtogether｜lingorm｜中文翻译,tunnnner
r7272,https://www.readawrite.com/a/Zdpxyg,ปฏิเสธไม่ไหว - lingorm,butterfly11
r7275,https://www.readawrite.com/a/Zdq0o0,สลับตัววุ่นมาลุ้นรัก | หลิงออม,WritersQ
r7279,https://www.readawrite.com/a/Zdq3rs,แฟนจ๋า... Lingorm,แล้วแต่ชอบ ไม่ชอบก็แล้วแต่
r7280,https://www.readawrite.com/a/Zdq5nm,กำกับรักซีอีโอร้าย // LingOrm,นายไข่ต้ม
r7281,https://www.readawrite.com/a/Zdqant,ทิฆัมพร (หลิง-ออม),Read2
r7282,https://www.readawrite.com/a/Zdqb35,"Sissy, She Says (น้องกระเทย) ormling",อัลฟ่า
r7284,https://www.readawrite.com/a/Zdqbxs,ผ้าแพรชอบเธอ|lingorm,ต้าวกุ้งทอดดด
r7293,https://www.readawrite.com/a/Zdqgsk,บัลลังก์หงส์ | Lingorm,White Rose ˚ ༘
r7294,https://www.readawrite.com/a/Zdqhsa,กูเกลียดมึง|เดมิ้ม,หิวชานม
r7298,https://www.readawrite.com/a/Zdqn3h,naniya | lingorm (omegaverse),sushiba
r7299,https://www.readawrite.com/a/Zdqoxe,จะตามหาให้เจอ...คนในฝัน,เขียนชะตาด้วยดวงดาว
r7302,https://www.readawrite.com/a/Zdqs9f,Baby tee | lingorm,MasterPiece
r7303,https://www.readawrite.com/a/Zdqsxl,ถ่านไฟเก่า,ชัญ
r7305,https://www.readawrite.com/a/Zdqu8n,หลิงออม,ปตก
r7306,https://www.readawrite.com/a/Zdquty,'ONLY' - (LingOrm),หมาโต
r7308,https://www.readawrite.com/a/Zdqw69,ก๋วยเตี๋ยวซอย...รัก|lingorm,apichaya
r7309,https://www.readawrite.com/a/Zdqxim,โลกของฉันคือเธอ,เจ๊น้ำตก
r7312,https://www.readawrite.com/a/Zdqysp,ลมหายใจสุดท้ายของเรา,ปลายหมึกพู่กัน
r7314,https://www.readawrite.com/a/Zdr2lu,ท่านรองระเบียบ|lingorm,เมฆสีทอง
r7315,https://www.readawrite.com/a/Zdr2nn,ขอบคุณเขา ที่ทิ้งเธอไป /ling orm/หลิงออม,I&rsquo;m may
r7316,https://www.readawrite.com/a/Zdr57m,สืบคดีลับจับฆาตกร|LINGORM,อ่านไม่รู้เรื่อง
r7321,https://www.readawrite.com/a/Zdraul,สะใภ้กาฬสินธุ์-Lingorm/ENGLOT,มีใจ
r7322,https://www.readawrite.com/a/Zdrb15,ข้อความรูปยิ้ม-LINGORM,พระอาทิตย์ในตอนกลางคืน
r7323,https://www.readawrite.com/a/Zdrb5i,Janine&rsquo;s ppy &mdash; Ormling,itsnir9
r7324,https://www.readawrite.com/a/Zdrb72,kimhun,เจี่ยเฟ่ยสุดเกรียน
r7329,https://www.readawrite.com/a/Zdrfr8,คู่หมั้น | LingOrm,Lookchin_lc
r7331,https://www.readawrite.com/a/Zdri5i,รมณ์รัมภา | Lingorm,Donna_lee;3
r7332,https://www.readawrite.com/a/Zdriet,หมอมินอย่าดุ | lingorm,peperpan
r7335,https://www.readawrite.com/a/Zdrmjn,อีเจ๊! |Lingorm,ณัฐกฤตา-_-
r7337,https://www.readawrite.com/a/Zdrnxd,#อาจารย์รุจี [lingorm],ณ เปลวเทียน
r7339,https://www.readawrite.com/a/Zdrp23,สาวเมืองกรุง  หนุ่มบ้านนอก,เวชา
r7353,https://www.readawrite.com/a/Zds4to,ยอมเพราะรัก | lingorm,แฟนฟิค lingorm
r7355,https://www.readawrite.com/a/Zds53j,from spite to spark -lingorm,เติมแก๊สหน่อยพี่
r7356,https://www.readawrite.com/a/Zds5w2,ผู้บ่าวเฒ่ากับสาววัยทีน|lingorm,บอกบอกเองค๊บ
r7357,https://www.readawrite.com/a/Zds6qp,desert | LingOrm,serendipity_
r7360,https://www.readawrite.com/a/Zds9s5,ไอ้หลงกับองค์หญิง #lingorm #seulrene,youread_ iwrite
r7364,https://www.readawrite.com/a/Zdsbr6,นาบีไวน์| lingorm,𝑅𝑢𝑏𝑦𝑠𝑖𝑎𐙚
r7365,https://www.readawrite.com/a/Zdscs7,Haven | lingorm,หลังฝน
r7368,https://www.readawrite.com/a/Zdsese,ปุยเมฆ | lingorm,ทิวลิป
r7371,https://www.readawrite.com/a/Zdsfdi,หย่ากัน|lingorm,lingorm
r7372,https://www.readawrite.com/a/Zdsfiw,เงาซ่อนรัก#หลิงออม,Grass Jelly Brown Sugar
r7373,https://www.readawrite.com/a/Zdsfse,ต๋า | lingorm,P.p3sb
r7374,https://www.readawrite.com/a/Zdsgg3,"7,500 | lingorm",888
r7376,https://www.readawrite.com/a/Zdsh69,คู่หมั้น-lingorm,ภูหินเมือง
r7378,https://www.readawrite.com/a/Zdsi9c,Whatever It Takes - LingOrm,KUNNSHIRANN
r7380,https://www.readawrite.com/a/Zdsil6,สวัสดีค่ะเราชื่อ....[หลิงออม],เจ้ากล้วย🍌🦈
r7386,https://www.readawrite.com/a/Zdskp8,l Secretly in love you|หลิงออม,นุชจรินทร์💗💗
r7389,https://www.readawrite.com/a/Zdslqt,Sisterhood - LingOrm,Juliet
r7392,https://www.readawrite.com/a/Zdsn27,มาตรา1547 | LingOrm,Blueberry&rsquo;
r7396,https://www.readawrite.com/a/Zdsoyf,ตีกันเสร็จเมื่อไรบอกด้วย(OS)|LINGORM,😑
r7397,https://www.readawrite.com/a/Zdspsj,ใจภักดิ์/lingorm,27%&bull;
r7402,https://www.readawrite.com/a/Zdsv4a,Mha dek | Lingorm,ค้างคาวตกนรก
r7403,https://www.readawrite.com/a/Zdt0ym,Returning | Lingorm,Boo-oo
r7406,https://www.readawrite.com/a/Zdt6y6,เพียงรัก | Lingorm,Nina
r7407,https://www.readawrite.com/a/Zdt759,มิ่งหล้าพาขวัญ | lingorm,PotatoCheese
r7408,https://www.readawrite.com/a/Zdt8am,จะเป็นคุณจริงดิ? | lingorm,ง่วงง.02
r7414,https://www.readawrite.com/a/Zdtbba,แฟนเก่าคนโปรด|lingorm,Moonnice
r7415,https://www.readawrite.com/a/Zdtbdn,ปรารถนารักลูกศัตรู | LingOrm,JaoOie
r7421,https://www.readawrite.com/a/Zdtih1,เมื่อหัวใจพ่ายรัก | lingorm,ดาววีนัส
r7425,https://www.readawrite.com/a/Zdtl8w,lilium &mdash; lingorm,allfornothing
r7426,https://www.readawrite.com/a/Zdtm8r,My Love | Lingorm,เศร้าด้ายจายยยย;/
r7427,https://www.readawrite.com/a/Zdto3b,มังกรกลัวหงส์(ormling),หมาวัด สวยสัส
r7428,https://www.readawrite.com/a/Zdtq6c,กลเกมรัก|หลิงออม,Mormeen.mm
r7430,https://www.readawrite.com/a/Zdtqr8,The Crown | Lingorm,คุนซัน :)
r7432,https://www.readawrite.com/a/Zdtrbk,Can&rsquo;t love anymore(รักไม่ไหว),Jonathan 🫅🏻
r7434,https://www.readawrite.com/a/Zdtrnb,สภาสุดที่รัก|อิงล็อด|หลิงออม|ฝ้ายโย,เจ้าดาวน้อย🌟💞
r7440,https://www.readawrite.com/a/Zdtyti,พรมลิขิตพามาเจอกัน | Lingorm,หมาโบ้ฮับบ&gt;&lt;
r7441,https://www.readawrite.com/a/Zdu09b,Bad love Bad lawer,ZE191
r7443,https://www.readawrite.com/a/Zdu1u3,Rhythm of the Heart - lorginm,0_zimmx
r7445,https://www.readawrite.com/a/Zdu3w4,D-journey |lingorm,ชากู้แลนด์
r7453,https://www.readawrite.com/a/Zdu9t8,ด้านมืดมาเฟีย-lingorm,L&iquest;
r7454,https://www.readawrite.com/a/Zdualg,Your season|LingOrm,Blossomblooming
r7455,https://www.readawrite.com/a/Zduani,วงจรรัก |lingorm,baithanya
r7458,https://www.readawrite.com/a/Zdue45,โฉมงามกับเจ้าหญิงอสูร | LingOrm,__cil0axq
r7461,https://www.readawrite.com/a/Zduhn1,บ้านไร่กรุ่นไอรัก  | lingorm,Step
r7463,https://www.readawrite.com/a/Zduk0a,ของของข้า,Jeepoom
r7465,https://www.readawrite.com/a/Zdukay,Baby tee | lingorm,MasterPiece
r7467,https://www.readawrite.com/a/Zdumg5,ข้อความรูปยิ้ม-LingOrm,พระจันทร์ในเวลากลางวัน🌕
r7468,https://www.readawrite.com/a/Zdune5,ซ่อนเธอไว้ในเพลง - OrmLing,Miu .
r7470,https://www.readawrite.com/a/Zduovl,คุณผู้ช่วย#หลิงออม,Sasitorn​94
r7472,https://www.readawrite.com/a/Zduoyk,Bǎob&egrave;i &mdash; lingorm,P.chh
r7474,https://www.readawrite.com/a/Zdus01,เจ๋งโปรด,มิ้กกี้
r7476,https://www.readawrite.com/a/Zdusvt,อีคุณบอส #หลิงออม,นาเดียขี้แตก
r7480,https://www.readawrite.com/a/Zduv2l,รักนายบอดี้การ์ด | Lingorm,Black Rose
r7484,https://www.readawrite.com/a/Zduxs1,ผัวเด็กของพะแพง,หมาโป้🐶
r7486,https://www.readawrite.com/a/Zdv1m3,Drift Queen | Lingorm,White Rose ˚ ༘
r7493,https://www.readawrite.com/a/Zdv541,ไปอยู่ไหนมา|lingorm,คุณ👁️
r7494,https://www.readawrite.com/a/Zdv59l,สะใภ้กาฬสินธุ์ | Lingorm,Boo-oo
r7496,https://www.readawrite.com/a/Zdv5d0,cheer (who?) | lingorm,p28
r7499,https://www.readawrite.com/a/Zdv7m5,ทางเดินของหัวใจ | LingOrm,__cil0axq
r7500,https://www.readawrite.com/a/Zdv7on,ผกามาศ | lingorm,ยามฝนพร่างพราย
r7502,https://www.readawrite.com/a/Zdv81r,คู่จิ้นหน้ากล้อง | lingorm,เมฆสีทอง
r7504,https://www.readawrite.com/a/Zdv8lo,หลิงออม,asia
r7507,https://www.readawrite.com/a/Zdv9yk,เอวา|lingorm,lovelyone
r7510,https://www.readawrite.com/a/Zdvbwi,เรนิตา | lingorm,หมีผอมโซ
r7514,https://www.readawrite.com/a/Zdvfn0,Noise Next Door | lingorm,hvnzen
r7515,https://www.readawrite.com/a/Zdviaq,รักแรกพบ | ormling,biochem
r7516,https://www.readawrite.com/a/Zdvih3,prettiest to me,biochem
r7517,https://www.readawrite.com/a/Zdvijb,โหลดรัก 99% |lingorm,Taohu-Tod
r7518,https://www.readawrite.com/a/Zdvipl,ภูเขาเคียงดาว-LingOrm,คิริบถ
r7520,https://www.readawrite.com/a/Zdvjrl,ฉันได้เธอมาจากฟ้า|ormling,ปลาหมอทOด
r7522,https://www.readawrite.com/a/Zdvm5l,น้ำเต้าหู้น่ารัก พนักงานแบงค์หน้าจืด | LingOrm,yok6kao
r7527,https://www.readawrite.com/a/Zdvpi4,ความรักของลี่หลิน - LingOrm,K.Phee
r7531,https://www.readawrite.com/a/Zdvrgm,นับหนึ่งถึงหัวใจ | lingorm,เอ็นทึ
r7533,https://www.readawrite.com/a/Zdvsde,you're my Omega Queen #หลิงออม [ รวม ],Kagemi_937
r7534,https://www.readawrite.com/a/Zdvvas,My Design ️รักต้องออกแบบ | lingorm,เต๋าน้อยยิ้มหวาน
r7535,https://www.readawrite.com/a/Zdvw2u,Touch me |Lingorm,mu mu si
r7538,https://www.readawrite.com/a/Zdvyfl,180 Days. | LingOrm,แมวมากัส
r7539,https://www.readawrite.com/a/Zdw0df,ตุลย์ |Lingorm,DIDO
r7542,https://www.readawrite.com/a/Zdw147,My story luv | Lingormbam 3P,Steakley
r7546,https://www.readawrite.com/a/Zdw3me,ร่างคุณฝันผมรับผิดชอบเอง@lingorm,Love | lingOrm
r7550,https://www.readawrite.com/a/Zdw5bs,hola mami - lingorm,mellope
r7551,https://www.readawrite.com/a/Zdw5i4,พี่รักเธอ รักที่สุดในโลกเลย | ormling,Kun K.
r7553,https://www.readawrite.com/a/Zdw5pc,unis | lingorm,Ari El
r7558,https://www.readawrite.com/a/Zdwc54,ใต้แสงพระจันทร์อันสงบ | lingorm,fc ook-orm
r7562,https://www.readawrite.com/a/Zdwg0d,เด็กกระโปก|lingorm,ส้มแข่วแมวเปด
r7563,https://www.readawrite.com/a/Zdwgni,เหมยหลิน | lingorm,catislove
r7565,https://www.readawrite.com/a/Zdwhd2,แมวน้อยมีเจ้าของ! [ หลิง x ออม ],เลิฟๆอาเนียดาเมียน!
r7567,https://www.readawrite.com/a/Zdwjbi,(รักต้องห้าม) |หลิงออม,someone
r7569,https://www.readawrite.com/a/Zdwm5i,The Bodyguard // LingOrm,นายไข่ต้ม
r7570,https://www.readawrite.com/a/Zdwmou,นิรันดร์ l lingorm,คุณทาส&rsquo;
r7572,https://www.readawrite.com/a/Zdwmyd,Red Room |LingOrm,nobi.x
r7574,https://www.readawrite.com/a/Zdwoa7,Beby dog | lingorm,ทิวลิป
r7580,https://www.readawrite.com/a/Zdwt25,Mommy | lingorm,ทิพติยา
r7590,https://www.readawrite.com/a/Zdx0ef,มึงจะอะไรกับแฟนเก่าคนนี้นักหนาวะ,miki
r7591,https://www.readawrite.com/a/Zdx0k5,เอื้อมคว้า | lingorm,Chichx_
r7592,https://www.readawrite.com/a/Zdx1g9,Just a blaze | lingorm,SamuSama
r7593,https://www.readawrite.com/a/Zdx2qe,ใต้เงามังกร|Lingorm,KRISANA.
r7594,https://www.readawrite.com/a/Zdx3iw,Fianc&eacute;e | Lingorm [END],คุณเป็นหนึ่ง.
r7596,https://www.readawrite.com/a/Zdx4sw,ครูอิ้งกับครูไทยจะรักกัน|รี่ดิว&amp;หลิงออม(Rydew&amp;Lingorm),จันทราศ
r7598,https://www.readawrite.com/a/Zdx6er,อุทยาน | lingorm,ป้อคิงหยังฮาบานิเห้ย
r7599,https://www.readawrite.com/a/Zdx762,ใต้เมฆแดนมังกร /LingOrm,คุณชายสีชอล์ค
r7605,https://www.readawrite.com/a/Zdxafq,เพื่อนเล่นไม่เล่นเพื่อน,หมูอู้ดๆ
r7611,https://www.readawrite.com/a/Zdxbr1,Guard My Heart | lingorm,khuntien
r7612,https://www.readawrite.com/a/Zdxdcv,ภัทร|lingorm,บอกบอกเองค๊บ
r7616,https://www.readawrite.com/a/Zdxj4r,ฟ้าใหม่| Lingorm,Boo-oo
r7617,https://www.readawrite.com/a/Zdxjav,Rich | LingOrm,Alden Ray
r7618,https://www.readawrite.com/a/Zdxk72,เพื่อนเล่นไม่เล่นเพื่อน [Ling Orm],NEW YEAR
r7620,https://www.readawrite.com/a/Zdxnwt,[The Throne] บัลลังก์หงส์ - LINGORM,My Apollo
r7621,https://www.readawrite.com/a/Zdxp35,สีไม้|lingorm,T~A🌊
r7624,https://www.readawrite.com/a/Zdxsei,The Two of Us | Ling Orm,อัจจิมา
r7628,https://www.readawrite.com/a/Zdxvxi,Until the rainbow comes - LingOrm,Nanami Run
r7633,https://www.readawrite.com/a/Zdxxmj,รวมมิตรรวมมิจ - Short fic | LingOrm,WISH WANT
r7636,https://www.readawrite.com/a/Zdy0em,เฟยหลิว | lingorm,ei_ei
r7638,https://www.readawrite.com/a/Zdy1ab,"8,705notfarfromme | lingorm",wilgrace
r7640,https://www.readawrite.com/a/Zdy2ne,มาเฟียที่รัก | หลิงออม,butter
r7643,https://www.readawrite.com/a/Zdy4t5,im here ( all time ) | lingorm,khunnhun
r7646,https://www.readawrite.com/a/Zdy5ih,คุณคนเดียว | Lingorm,เสียงสะล้อ
r7649,https://www.readawrite.com/a/Zdy7o6,ไม่ต้องการ|lingorm,โกลเด้นน้อย🐶
r7650,https://www.readawrite.com/a/Zdyac1,จพซฮ | Lingorm,P_J
r7651,https://www.readawrite.com/a/Zdyb3s,ของขวัญ | lingorm,Febz🍁
r7657,https://www.readawrite.com/a/Zdyegl,แค่เพื่อนนะ|หลิงออม,ข้าวโพดคั่ว
r7659,https://www.readawrite.com/a/Zdyerc,I JUDGE U | LingOrm,BRB_Siri
r7660,https://www.readawrite.com/a/Zdyf7w,ปลายทาง | LingOrm,ขนนกฟินิกซ์
r7667,https://www.readawrite.com/a/Zdyihs,ที่รัก|หลิงออม,เลิฟหลิงออม💗
r7668,https://www.readawrite.com/a/Zdyij1,วาดฝันพิมพ์จันทร์ | lingorm,Safe_heart💜
r7669,https://www.readawrite.com/a/Zdyiwp,- how much i love u | lingorm,rolypoly-
r7670,https://www.readawrite.com/a/Zdyj8x,รุ่นน้อง | หลิงหลิงออม,ลินจั๊กๆ~
r7671,https://www.readawrite.com/a/Zdykv9,อิงวรากรณ์ | ormling,รัตติกาลนที
r7681,https://www.readawrite.com/a/Zdyvg5,เพชรพราวมีผัวเป็นโจร,หมาโป้🐶
r7689,https://www.readawrite.com/a/Ze020j,lady girl |lingorm,ไปเรื่อยละเกอเก้อ
r7697,https://www.readawrite.com/a/Ze051t,พี่หมออย่ากดดัน..,Night Day
r7698,https://www.readawrite.com/a/Ze055u,Stepparent | lingorm,古龍
r7706,https://www.readawrite.com/a/Ze0b28,Khun bei 🐶| Lingorm,bella rose
r7715,https://www.readawrite.com/a/Ze0gbp,note |หลิงออม,kettarr
r7719,https://www.readawrite.com/a/Ze0hyu,ภารกิจลับของนางแบบ - LingOrm,Groofy
r7723,https://www.readawrite.com/a/Ze0ilq,ดอกไม้ของหัวใจ|หลิงออม,Mormeen.mm
r7730,https://www.readawrite.com/a/Ze0poq,นายในแชท | LingOrm,She&amp;Her
r7737,https://www.readawrite.com/a/Ze0wnc,ยกเว้นคุณ,-ไม่อยากมีชีวิตที่ยืนยาว-
r7738,https://www.readawrite.com/a/Ze0wx2,รักวุ่นวาย| หลิงออม🫶🏻😄,เลิฟยูคุณ🫶🏻&hearts;️
r7741,https://www.readawrite.com/a/Ze11cx,เพลงพิณ,เป็ดดำ
r7742,https://www.readawrite.com/a/Ze11os,second - relationship | LINGORM,keep00k
r7744,https://www.readawrite.com/a/Ze138p,OS | needy &mdash; lingorm,allfornothing
r7745,https://www.readawrite.com/a/Ze13n9,Throne of Love รักทวงบัลลังก์ | Lingorm,Valletta
r7746,https://www.readawrite.com/a/Ze14uy,Breakdown,CATSLAYER
r7747,https://www.readawrite.com/a/Ze151a,Perfect love ชิ้นส่วนที่สมบูรณ์,เราต่างกัน
r7749,https://www.readawrite.com/a/Ze166g,คุณไสยต้องรัก|หลิงออม|,Sxppxnxt
r7750,https://www.readawrite.com/a/Ze167m,ความรักระหว่างเรา我們之間的愛|LingOrm,TUKIMARU
r7757,https://www.readawrite.com/a/Ze1dyg,Please love - lingorm,ลาต้า
r7761,https://www.readawrite.com/a/Ze1htt,``มัธยมปลาย``|Lingorm,มัมหมีเจ้าเบค
r7763,https://www.readawrite.com/a/Ze1ikl,กินแซ่บบ่ | LingOrm,Lynx_nor
r7764,https://www.readawrite.com/a/Ze1iku,บทสรุปสุดท้าย | LINGORM,Vranut.
r7765,https://www.readawrite.com/a/Ze1jk6,ไร้เสียงดั่งศิลา,คืนที่สามสิบแปด
r7773,https://www.readawrite.com/a/Ze1nrx,สุทธิลักขณ์ | OrmLing,Justname_it
r7774,https://www.readawrite.com/a/Ze1o24,หัวใจฉันมอบให้เธอ | หลิงออม,ig.anilwrite_official
r7775,https://www.readawrite.com/a/Ze1o5k,ซ่อนเธอไว้ในเพลง - LingOrm,yoos&eacute;
r7780,https://www.readawrite.com/a/Ze1stp,คุณหนูใจร้าย |lingorm,stopth
r7786,https://www.readawrite.com/a/Ze1w5r,หวานอม ขมกลืน - ormling,bemybabyboy
r7787,https://www.readawrite.com/a/Ze1wf1,Chiell | lingorm,starpan
r7789,https://www.readawrite.com/a/Ze1x76,bodyguard|lingorm,บักออมเล็ต
r7790,https://www.readawrite.com/a/Ze1xfy,The Story Goes Like This | LingOrm MilkLove NamtanFlim EmiBonnie,i3ananastory
r7792,https://www.readawrite.com/a/Ze20vo,All That I Know | LingOrm,moonlightU.
r7797,https://www.readawrite.com/a/Ze235j,พชพพ - lingorm,esmusep
r7798,https://www.readawrite.com/a/Ze23tm,ฉันเป็นแค่เด็กเสิร์ฟร้านกาแฟ | หลิงออม,เลิฟไรท์
r7799,https://www.readawrite.com/a/Ze2589,ทะเลที่ห่างเหิน | Lingorm,yuparat
r7803,https://www.readawrite.com/a/Ze27ve,ผ้าไหมไม่ชอบเธอ| lingorm,ต้าวกุ้งทอดดด
r7804,https://www.readawrite.com/a/Ze282m,อาจารย์ซื่อรัก | lingorm,Fuse
r7805,https://www.readawrite.com/a/Ze28iq,หวนคืน | LingOrm,I'm J🍑
r7806,https://www.readawrite.com/a/Ze28nq,เธอจะเป็นคนเดียวที่พี่รัก | lingorm,ง่วงง.02
r7809,https://www.readawrite.com/a/Ze2cby,มาเฟียที่รัก|หลิงออม,อ้ายมีบ่เรียนจบแล้วโว้ย
r7813,https://www.readawrite.com/a/Ze2gle,กฎข้อที่สามของตู้ล็อกเกอร์ (lingorm / หลิงออม),Ferrary_ff
r7818,https://www.readawrite.com/a/Ze2ibl,วิวาห์จอมปลอม,yarinda
r7819,https://www.readawrite.com/a/Ze2icw,กานต์ปัถย์ | LingOrm,Nippon-G
r7820,https://www.readawrite.com/a/Ze2jck,That person|lingorm,ลงสมุด
r7821,https://www.readawrite.com/a/Ze2jw5,รักที่ไม่ใช่ของเรา,แมวเป้งตัวโปรด
r7823,https://www.readawrite.com/a/Ze2m8b,your baby|lingorm♡,แอคนี้พ.ชรับรัก
r7824,https://www.readawrite.com/a/Ze2mci,แฟนกันวันเดย์ | หลิงออม,เลิฟยูคุณ🫶🏻&hearts;️
r7829,https://www.readawrite.com/a/Ze2r9n,จันทราเลือด | lingorm,Auralune.
r7832,https://www.readawrite.com/a/Ze2t9v,นักศึกษาสุดซน(Lingorm),หมาวัด สวยสัส
r7834,https://www.readawrite.com/a/Ze2v5f,45plus45 &mdash; lingorm,theswan
r7837,https://www.readawrite.com/a/Ze2xw1,The vast forest - lingorm,khonprod
r7838,https://www.readawrite.com/a/Ze3067,MARLIN | LINGORM,ssxmmqrr
r7841,https://www.readawrite.com/a/Ze32w2,ใครมันจะดีเท่าเธอ|รี่ดิว&amp;หลิงออม(Rydew&amp;lingorm),จันทราศ
r7845,https://www.readawrite.com/a/Ze36te,I wanna be your &gt;lingorm&lt;,ท้องฟ้าสีเทา
r7848,https://www.readawrite.com/a/Ze3a57,นครดารา | lingorm,jaszaj
r7852,https://www.readawrite.com/a/Ze3b7d,ทานตะวันของซัน| LingOrm,สายธาร
r7853,https://www.readawrite.com/a/Ze3d80,ร่างกายผิดแปลกไป | lingorm |เรื่องสั้น,PAST&bull;
r7858,https://www.readawrite.com/a/Ze3ktm,"""When We Met Again"" |ORMLING",KankanSang
r7863,https://www.readawrite.com/a/Ze3sne,1995 | lingorm,"""Partnerrr"""
r7865,https://www.readawrite.com/a/Ze3t8d,หลิงหลิง/ออม,ชอ.ชม
r7866,https://www.readawrite.com/a/Ze3vvq,ศิลปินที่เธอชอบขอเป็นฉันได้มั้ย,หมาโป้🐶
r7868,https://www.readawrite.com/a/Ze3xx4,In every move 🏘️ | OrmLing,Ryuusei~*
r7870,https://www.readawrite.com/a/Ze3yq5,ยัยพี่|lingorm,ลีญางายยยย
r7873,https://www.readawrite.com/a/Ze417j,เจ้าสาวไร่องุ่น | Lingorm,khunmouk
r7878,https://www.readawrite.com/a/Ze45y5,Your lady of.. |ormling,หมึกสีคราม
r7888,https://www.readawrite.com/a/Ze4dbm,คำสัญญา | lingorm,ง่วงง.02
r7892,https://www.readawrite.com/a/Ze4fua,Holdhands/หลิงออม,sunmoon
r7893,https://www.readawrite.com/a/Ze4g6w,(All) black ไม่ได้ชอบสีดำ #หลิงออม,สีเขียวแบบมัจฉะที่ตามหา
r7894,https://www.readawrite.com/a/Ze4hjc,ท่านหญิงห้องแถว,Mr.chor
r7895,https://www.readawrite.com/a/Ze4k4l,ภาคิน | Lingorm,ดิวชอบเพ้อเจ้อ
r7899,https://www.readawrite.com/a/Ze4mig,Beneath the Silver Veil (ใต้ผ้าคลุมสีเงิน) /LingOrm,นายดินสอ
r7900,https://www.readawrite.com/a/Ze4ocj,เนื้อคู่ | lingorm,M
r7907,https://www.readawrite.com/a/Ze4vhu,จะร้ายหรือจะรัก|ormling,Ramita 🧸
r7910,https://www.readawrite.com/a/Ze4yjl,เพียง1|lingorm,ตอนสุดท้ายนิยายรัก
r7911,https://www.readawrite.com/a/Ze4ym6,หลิงออม/ยูริ,โอ๋เกี้ยวดิว้าา
r7914,https://www.readawrite.com/a/Ze56f1,เสิร์ฟรัก | LingOrm,ขนนกฟินิกซ์
r7920,https://www.readawrite.com/a/Ze59bm,Just for you | lingorm,PotatoCheese
r7929,https://www.readawrite.com/a/Ze5ltu,ผมคือหมาเด็ก // หลิงออม,I am Tak.
r7930,https://www.readawrite.com/a/Ze5m85,ศิรา-lingorm,_mint.sr
r7933,https://www.readawrite.com/a/Ze5qbc,จีบก่อนผิดมั้ย | lingorm,MQZXX
r7934,https://www.readawrite.com/a/Ze5r5f,บ่าวกาฬสิน&amp;สาวเมืองกรุง,ปลาทูเน่า
r7938,https://www.readawrite.com/a/Ze5s4v,ไม่มีไรไม่ต้องอ่าน,lingorm💜
r7939,https://www.readawrite.com/a/Ze5t1y,วัตถุรักที่โบราณ|รี่ดิว&amp;หลิงออม(Rydew&amp;lingorm),จันทราศ
r7941,https://www.readawrite.com/a/Ze5uqx,หล่อเลยไอม๋าบอล | lingorm,KhunDodai
r7947,https://www.readawrite.com/a/Ze5w3p,พี่จ๋ามม | lingorm,marinxnc
r7949,https://www.readawrite.com/a/Ze5wum,นักบอล|Lingorm,lingorm
r7952,https://www.readawrite.com/a/Ze5xx4,นปโปะทำไร|หลิงออม,ฟิคใกล้ฉัน
r7953,https://www.readawrite.com/a/Ze5y47,Fourth year senior|lingorm,บักอ๋อม
r7956,https://www.readawrite.com/a/Ze5yws,บุปผาโอสถ | lingorm,yaki
r7959,https://www.readawrite.com/a/Ze615n,มาเฟียคลั่งรัก,Grizzly bear
r7962,https://www.readawrite.com/a/Ze62tm,เหมยหลิน (美琳) | Lingorm,superkaiped
r7963,https://www.readawrite.com/a/Ze661s,คุณลี่หลิน ( Ormling ),คุณปันปัน
r7970,https://www.readawrite.com/a/Ze6br5,Lowkey | Lingorm,White Rose ˚ ༘
r7973,https://www.readawrite.com/a/Ze6dbx,คุณหนูขี้เมากับเจ้าของบริษัท/หลิงออม,ไรท์อยู่ทุกด้อม
r7974,https://www.readawrite.com/a/Ze6dli,คนสวยขาของโกวเด้นน้อย | lingorm,cloudsad :)
r7975,https://www.readawrite.com/a/Ze6dp7,บังเอิญหรือตั้งใจ | LINGORM,เจ้าวอเทอร์
r7980,https://www.readawrite.com/a/Ze6i4l,มากกว่ารัก|lingorm,นาฏถา
r7981,https://www.readawrite.com/a/Ze6iof,ใบว่าน | Lingorm,Luna Nightfall
r7986,https://www.readawrite.com/a/Ze6o8y,เด็กคอมก็มีหัวใจนะ|LingOrm,Smile
r7989,https://www.readawrite.com/a/Ze6pr2,poisonrosie | lingorm ( END ),MOODLY
r7993,https://www.readawrite.com/a/Ze6x98,sirena | lingorm,ttiam
r7995,https://www.readawrite.com/a/Ze72gc,เพราะเราคู่กัน,หลิงออม&gt;3
r7996,https://www.readawrite.com/a/Ze72u4,ป๋ายทำไร | LingOrm,โชคดีมีชัยโชคชัยมีวัวได้โชครัวๆขอให้มีแฟน
r8002,https://www.readawrite.com/a/Ze74sx,Fourth Year Love|หลิงออม,รินน้ำผึ้ง
r8010,https://www.readawrite.com/a/Ze79uw,แอบรักนักโป้ย../lingorm,ไอหู้
r8012,https://www.readawrite.com/a/Ze7afk,|เส้นด้าย|Lingorm,อเล็ก
r8014,https://www.readawrite.com/a/Ze7apx,The Bloodline | Lingorm,คุนซัน :)
r8015,https://www.readawrite.com/a/Ze7atq,Modeling killer - lingorm,shadow of tears
r8016,https://www.readawrite.com/a/Ze7csf,เราจะได้รักกันมั้ย / lingorm,win
r8019,https://www.readawrite.com/a/Ze7er2,เพื่อน/lingorm,I&rsquo;m may
r8021,https://www.readawrite.com/a/Ze7gmn,น้ำตาสีรุ้ง | lingorm,KimmiCrush
r8027,https://www.readawrite.com/a/Ze7jfi,เก็บเธอไว้ในความทรงจำ | lingorm,ง่วงง.02
r8034,https://www.readawrite.com/a/Ze7ovo,อยู่ดี ๆ ก็เป็นพ่อ | lingorm,Luvinly ⌛️
r8037,https://www.readawrite.com/a/Ze7r8b,ไม่เป็นรอง,จ้าวเกี๊ยว
r8038,https://www.readawrite.com/a/Ze7rtn,Girl of the year - lingorm,ฮานามิทอด
r8042,https://www.readawrite.com/a/Ze7t9a,พราวด์นลิน | หลิงออม,brice
r8043,https://www.readawrite.com/a/Ze7un6,เพียงไม่ชอบพี่โป &amp;mdash; lingorm,🦮
r8052,https://www.readawrite.com/a/Ze85hs,ท้องฟ้าที่สวยงาม,Px.mui
r8053,https://www.readawrite.com/a/Ze85o8,"Love baby , Lingorm",21Julyy;
r8058,https://www.readawrite.com/a/Ze88ew,Mom dear~ | lingorm,ดวงดาวที่พร่างพราว⭐💫
r8059,https://www.readawrite.com/a/Ze88hq,วินด์จัสมิน | lingorm,SUMMER.LINGORM
r8060,https://www.readawrite.com/a/Ze89dv,Puppy | lingorm,古龍
r8061,https://www.readawrite.com/a/Ze8ag9,พี่อิ๊งค์วาเลนไทน์| lingorm,ต้าวกุ้งทอดดด
r8062,https://www.readawrite.com/a/Ze8b8d,ในวันที่สายเกินไป | lingorm,xsoblack
r8063,https://www.readawrite.com/a/Ze8d1a,YONGKIN | ORMLING,WINWIN♡
r8067,https://www.readawrite.com/a/Ze8eih,Same Here | LingOrm,Pencil and Eraser
r8069,https://www.readawrite.com/a/Ze8gra,อินวาด| LingOrm,ith
r8070,https://www.readawrite.com/a/Ze8jdb,กู้เฉินเย่ |lingorm,M_ramita zx
r8075,https://www.readawrite.com/a/Ze8ls8,กลีบลำดวนยามราตรี | หลิงออม,พิพัฒน์
r8076,https://www.readawrite.com/a/Ze8mj6,ภิณภัสร์ -lingorm,phukorn
r8078,https://www.readawrite.com/a/Ze8npl,ครอบครัว(หลิงออม),Nichda
r8080,https://www.readawrite.com/a/Ze8o7v,นักธุรกิจไฟแรงกับนักศึกษา,มัมหมีหลิงออม
r8087,https://www.readawrite.com/a/Ze8sqh,เด็กข้างบ้าน | lingorm,ชาเย็นหวานร้อย
r8093,https://www.readawrite.com/a/Ze8t4d,เบญชญานันต์ - lingorm,mutterpic
r8094,https://www.readawrite.com/a/Ze8tej,อาศิรดา | Lingorm,JanessJane
r8097,https://www.readawrite.com/a/Ze8w9v,Forever is not real./หลิงออม,sunmoon
r8100,https://www.readawrite.com/a/Ze8yr7,เส้นทางที่แยกจากกัน | LingOrm,musicbilsss.🪼
r8101,https://www.readawrite.com/a/Ze8ysh,Khun Than | lingorm,KwongLong
r8103,https://www.readawrite.com/a/Ze9095,ท้องฟ้า | LINGORM,timeforsomefun
r8106,https://www.readawrite.com/a/Ze90hk,เด็กดื้อของพี่หมอ|หลิงออม,Theory
r8110,https://www.readawrite.com/a/Ze933g,ปะป๊าลูกติด@lingorm,Love | lingOrm
r8111,https://www.readawrite.com/a/Ze93b9,แฟนเก่าคนโปรด|lingorm,P.lane🌻
r8113,https://www.readawrite.com/a/Ze93un,Purelove | Ormling,MWM
r8114,https://www.readawrite.com/a/Ze93wf,อิงห้ามรัก | หลิงออม,fzzhcwx
r8115,https://www.readawrite.com/a/Ze94fk,หลิงออม,รักในนิยาย
r8117,https://www.readawrite.com/a/Ze94u6,รักสุดท้าย - OrmLing,K.Phee
r8120,https://www.readawrite.com/a/Ze97e5,ทนายความ | หลิงออม,LingOm
r8121,https://www.readawrite.com/a/Ze97t0,rival - LingOrm,Miu .
r8125,https://www.readawrite.com/a/Ze9bb2,เพื่อนงงอะ |lingorm,ปลาทูอ้วน
r8128,https://www.readawrite.com/a/Ze9e46,ภักดีไม่มีวันลืม | lingorm,mewzim
r8132,https://www.readawrite.com/a/Ze9hwc,Lust For Life | Lingorm,Phabpear
r8133,https://www.readawrite.com/a/Ze9jax,หมาเด็กพี่พรีม|lingorm,แชปาน
r8135,https://www.readawrite.com/a/Ze9kjg,Xīngxīng | LingOrm,yok6kao
r8136,https://www.readawrite.com/a/Ze9kkp,เพราะรักเรามันยากเกิน|หลิงออม,อ๊ะห์(ขนม)
r8138,https://www.readawrite.com/a/Ze9l8x,Gossip | lingorm,Over 85 / Hour
r8144,https://www.readawrite.com/a/Ze9ojj,ไอ่ม๋าส้ม | lingorm,kun_korn
r8145,https://www.readawrite.com/a/Ze9qgk,อยู่โรงเรียนห้ามรู้จักเรา//lingorm,ไรท์อยู่ทุกด้อม
r8147,https://www.readawrite.com/a/Ze9qqh,ฟ้า|Lingorm,สายฝน🌧️ความรัก☺️
r8151,https://www.readawrite.com/a/Ze9rws,จอมขวัญ|lingorm,บอกบอกเองค๊บ
r8152,https://www.readawrite.com/a/Ze9snq,ทะเลาะนัก รักซะเลยไหม | LingOrm,JaoOie
r8154,https://www.readawrite.com/a/Ze9w2f,บังเอิญพบกันอีกครั้ง| Lingorm,หมาโบ้ฮับบ&gt;&lt;
r8158,https://www.readawrite.com/a/Ze9wbm,คุณผีที่รัก | LingOrm,TKR_Lo
r8159,https://www.readawrite.com/a/Ze9woe,summer love : เพราะรักมันเร่าร้อน | lingorm,WritersQ
r8160,https://www.readawrite.com/a/Ze9x95,Still You | LingOrm,moonlightU.
r8163,https://www.readawrite.com/a/Ze9xqo,ไอ่เด่ก,เก
r8165,https://www.readawrite.com/a/Ze9ynp,ในคืนที่เธอร้องไห้ ฉันอยู่ตรงนั้น|lingorm,loveme
r8166,https://www.readawrite.com/a/Ze9yr6,ชอบคาเฟ่หรือชอบแม่ค้าขายคาเฟ่,SHI.TT
r8171,https://www.readawrite.com/a/Zea16w,ลลิน | OrmLing,ฉลามเผ็ด
r8176,https://www.readawrite.com/a/Zea3ng,"Back to you | lingorm , milklove",kankanit
r8177,https://www.readawrite.com/a/Zea3s2,Arthit,tammada.
r8178,https://www.readawrite.com/a/Zea3u0,อย่ามั่นให้มาก | lingorm,กุกกุ่กกุ้กกุ๊กกุ๋ก
r8185,https://www.readawrite.com/a/Zea92l,กลับมาเถอะ |lingOrm,stopth
r8186,https://www.readawrite.com/a/Zea945,Sea somewhere | LingOrm,Lynx_nor
r8190,https://www.readawrite.com/a/Zeabrm,Trinity Hearts - ลับจ้างรัก(เธอ) | lingorm,นายเดส
r8191,https://www.readawrite.com/a/Zeacc7,Phases | lingorm,whentherainfall
r8193,https://www.readawrite.com/a/Zead8k,Chanel &mdash; ormling,Handbag
r8194,https://www.readawrite.com/a/Zeadd6,มหาลัยซอมบี้ (lingorm)(ormling),ข้าวผัดสมองมด
r8197,https://www.readawrite.com/a/Zeahfy,อธิฐานรัก|หลิงออม,loading....
r8199,https://www.readawrite.com/a/Zeai98,ฟาร์มรัก &ndash; lingorm,Yello&rsquo;w
r8200,https://www.readawrite.com/a/Zeak9u,Last December // Lingorm,นายไข่ต้ม
r8201,https://www.readawrite.com/a/Zeakdp,ลูกพีช | Lingorm,คุณเจ้าจันทร์ฯ
r8205,https://www.readawrite.com/a/Zeale8,Between us | Lingorm,จะแต่งให้จบแล้ว
r8208,https://www.readawrite.com/a/Zeamsn,W A I T ┇LingOrm,Safezone it me
r8211,https://www.readawrite.com/a/Zeaqhi,กิว | lingorm,ทิวลิป
r8212,https://www.readawrite.com/a/Zeaqi7,นิว | lingorm,ทิวลิป
r8213,https://www.readawrite.com/a/Zeaqmm,เพราะเธอคือของฉัน|lingorm,ᴘ ʀ ɪ ɴ ᴄ ᴀ s s
r8215,https://www.readawrite.com/a/Zeaqve,(รัก) ยังอยู่ในใจ,เซล่า ดาร์เลเน่
r8218,https://www.readawrite.com/a/Zeas87,She is cute W// Ormling,ออมเหมียว
r8219,https://www.readawrite.com/a/Zeas8e,พี่คับๆใจผมสั่น,จี๊ดพี่ไม่เล่นคับ
r8228,https://www.readawrite.com/a/Zeavvk,ยอมเพราะรัก |lingorm,thainex
r8229,https://www.readawrite.com/a/Zeawnj,พักนี้พี่ดวงตกปะ l LingOrm,ดอกด้าย...
r8235,https://www.readawrite.com/a/Zeb19a,พี่หลิงรักน้องออมมั้ย//หลิงออม💞,loveyoueiei&gt;&lt;
r8243,https://www.readawrite.com/a/Zeb6hw,หลิงออม,พอรอบอ
r8244,https://www.readawrite.com/a/Zeb7xx,ตะวันโอบกอดดวงดาว | lingorm,Over 85 / Hour
r8247,https://www.readawrite.com/a/Zeb8w6,แผลใจ | lingorm,xsoblack
r8250,https://www.readawrite.com/a/Zebf2k,หลิงออม,หมาโกเด้น
r8256,https://www.readawrite.com/a/Zebn3n,อดีตย้อนอดีต | lingorm,นิชาภัทร
r8257,https://www.readawrite.com/a/Zebnvx,เด็กติดแฟน|LingOrm,ติดแฟนแล้วไง|lingOrm
r8261,https://www.readawrite.com/a/Zebqbl,นิสา |lingorm,idorrnorr_
r8267,https://www.readawrite.com/a/Zebs95,กระซิบรักบันลือโลก|LingOrm,เร็นนน
r8268,https://www.readawrite.com/a/Zebsmm,Dear you | lingorm,for&gt;u too.
r8272,https://www.readawrite.com/a/Zebw55,#ช่างอินเตอร์ | lingorm,khunnhun
r8276,https://www.readawrite.com/a/Zec0ns,เมฆ หมอก..แห่งรัก​ /LingOrm,คุณชายสีชอล์ค
r8284,https://www.readawrite.com/a/Zec5k0,รักเราต้องใช้เวลา | lingorm.,Timrabbit
r8288,https://www.readawrite.com/a/Zec8gk,ใต้เงาไม้ | lingorm,Khunfar~~
r8291,https://www.readawrite.com/a/Zecat0,น้องเงือก | Lingorm,มะแมว
r8295,https://www.readawrite.com/a/Zecddi,Leo|lingorm,อเล็ก
r8296,https://www.readawrite.com/a/Zecdm2,เติบโตด้วยรัก |lingorm,น้องเซชอบแต่ง
r8298,https://www.readawrite.com/a/Zecf3q,Make it sweeter  | #พี่ลันกะวี Lingorm,ใต้หมวกของแฮทเทอร์
r8299,https://www.readawrite.com/a/Zecf4u,shu! keep quiet &ndash; lingorm,mellope
r8301,https://www.readawrite.com/a/Zecg20,เห็นผมติ๋มจะจิ้มผมเฉย | LingOrm,โบ้บ้อกแบ้ก
r8302,https://www.readawrite.com/a/Zechac,เนิร์ดหน้าโง่ |Lingorm,Pitchaya
r8304,https://www.readawrite.com/a/Zeci41,My Safe Zone |lingorm,ᴘ ʀ ɪ ɴ ᴄ ᴀ s s
r8305,https://www.readawrite.com/a/Zeci9q,ไม่มีอะไรที่เป็นไปไม่ได้ (Ormling),Nungdiew
r8308,https://www.readawrite.com/a/Zecjw8,แค่เพื่อนกัน | lingorm,Over 85 / Hour
r8311,https://www.readawrite.com/a/Zecmu7,so far so good (ซีซั่น2),กวีสีน้ำเงิน
r8312,https://www.readawrite.com/a/Zecnbp,ศิรดา|lingorm,Orchid:3
r8314,https://www.readawrite.com/a/Zecnr9,keep us low | lingorm,chsngthquiet_
r8321,https://www.readawrite.com/a/Zecsjm,Who? (LingOrm),ไอหู้
r8323,https://www.readawrite.com/a/Zect0o,แพงฮัก|Lingorm,Lingorm
r8329,https://www.readawrite.com/a/Zecvw4,เมียเด็ก|lingorm,lingorm
r8332,https://www.readawrite.com/a/Zecxwv,没有感情的 | ormling,NB
r8335,https://www.readawrite.com/a/Zecyin,เฟียลี่หลิน &mdash; lingorm,Bonus numnim
r8336,https://www.readawrite.com/a/Zecyp2,ฝนแรกกับใครบางคน,อะไรหว่าาา
r8338,https://www.readawrite.com/a/Zed0v7,พี่-น้อง (พ่อง) [LingOrm/FUTA],Paiitsu96
r8339,https://www.readawrite.com/a/Zed1nl,all night | Lingorm,Lingorm
r8342,https://www.readawrite.com/a/Zed457,my dead soulmate | lingorm,จิ้งจอกก้อน
r8350,https://www.readawrite.com/a/Zedbhn,1 short - มุกมัจฉา [LingOrm],ไป๋จิ้ง (˶&oline;᷄ ⁻̫ &oline;᷅˵)
r8352,https://www.readawrite.com/a/Zedcbu,หลิงออม,รักในนิยาย
r8356,https://www.readawrite.com/a/Zedha1,โน้ตใบเล็ก&mdash;lingorm,00kk
r8358,https://www.readawrite.com/a/Zedj42,"yes, chef! | lingorm",loveurprettyeyes
r8359,https://www.readawrite.com/a/Zedj5f,haidenyear | lingorm,Lingorm
r8360,https://www.readawrite.com/a/Zedjar,ธารธาริณ | lingorm,กุกกุ่กกุ้กกุ๊กกุ๋ก
r8362,https://www.readawrite.com/a/Zedjn5,Almost Her | LingOrm,ginngerr
r8365,https://www.readawrite.com/a/Zednqi,Two Towers | lingorm,Evaren65
r8366,https://www.readawrite.com/a/Zednrd,วริศรา | lingorm,รัตติกาลนที
r8367,https://www.readawrite.com/a/Zednt3,พี่น้องคนละตระกูล//หลิงออม,ไรท์อยู่ทุกด้อม
r8370,https://www.readawrite.com/a/Zedoln,Before the last light #Lingorm,arti.s (in the room)
r8374,https://www.readawrite.com/a/Zedpp6,ณภัทรริน | lingorm (short fic),คุณครัช
r8375,https://www.readawrite.com/a/Zedpxe,Sky of Flowers | LingOrm,REGEnSuu
r8376,https://www.readawrite.com/a/Zedq1r,not your 'Partner' (maybe i am) ㅡ ling x orm,rockettotheplanet
r8377,https://www.readawrite.com/a/Zedrn5,มาเฟียที่1ในใจเธอ/หลิงออม,อิอิ123
r8380,https://www.readawrite.com/a/Zedu5k,Lifetime | lingorm,khuntien
r8381,https://www.readawrite.com/a/Zedx6w,หมาแก่ Vs แมวเด็ก,อาเซียนร่วมใจ
r8384,https://www.readawrite.com/a/Zedyni,ในวันที่เราหากันไม่เจอ   เธอโปรดจงเชื่อมั่น-Lingorm  (ยังไม่แก้คำผิดค่ะ),หากฉันจะขอพร
r8386,https://www.readawrite.com/a/Zee1xm,รุ่นน้องที่รัก|Lingorm,สาววาย
r8388,https://www.readawrite.com/a/Zee34j,Not That Girl Anymore | LingOrm,ปลานิลย่าง
r8389,https://www.readawrite.com/a/Zee394,เล่นของ | Lingorm,Luna Nightfall
r8393,https://www.readawrite.com/a/Zee65p,คุณนายของพี่ | Lingorm,tulips
r8397,https://www.readawrite.com/a/Zee9k8,พรมลิขิตของเราสองคน | lingorm,Olive 🖋️.
r8398,https://www.readawrite.com/a/Zee9os,กลิ่นพัชชุดาญ์ | lingorm,21Julyy;
r8400,https://www.readawrite.com/a/Zeec22,Who lost to whom |lingorm,Siclean n
r8403,https://www.readawrite.com/a/Zeed2p,เกินเลย | OrmLing,WINWIN♡
r8405,https://www.readawrite.com/a/Zeedc1,ลดาวัลย์ไม่ชอบเด็ก |Lingorm,iดาวว
r8406,https://www.readawrite.com/a/Zeedia,Secret of love | lingorm,xinwoo
r8407,https://www.readawrite.com/a/Zeee35,ร้อยเล่ห์รัก | Lingorm,เทียมตะวัน
r8410,https://www.readawrite.com/a/Zeeibv,วานีร | lingorm,กุกกุ่กกุ้กกุ๊กกุ๋ก
r8412,https://www.readawrite.com/a/Zeejdd,พี่เห็นไอไข่เจียวเค้ามั้ย,someday sameone
r8413,https://www.readawrite.com/a/Zeejph,200 days of love diary | LingOrm,Ira
r8414,https://www.readawrite.com/a/Zeejs2,อ้ายบ่แม่นหมอแต่รักษาใจเจ้าได้เด้อ l lingorm,khunkan_kp
r8416,https://www.readawrite.com/a/Zeel6u,มุกมัจใจ [LingOrm],ไป๋จิ้ง (˶&oline;᷄ ⁻̫ &oline;᷅˵)
r8418,https://www.readawrite.com/a/Zeelrf,อย่าต้มไก่พี่ !! |lingorm,cream
r8419,https://www.readawrite.com/a/Zeeme6,Love  me | lingorm,Easter_
r8420,https://www.readawrite.com/a/Zeemlg,You Are My Dawn | lingorm,-ชื่อที่ให้คนอื่นเห็น-
r8421,https://www.readawrite.com/a/Zeeniy,I believe in destiny | LingOrm,myself_pp
r8422,https://www.readawrite.com/a/Zeeode,wonderlens &mdash; ormling (เขียนใหม่),jomkaen
r8424,https://www.readawrite.com/a/Zeeuw9,Can i flirt - lingorm,Oceancolour
r8430,https://www.readawrite.com/a/Zeeyw5,หลิงออม,ปตก
r8433,https://www.readawrite.com/a/Zef07d,Friday | lingorm,Peekorn
r8434,https://www.readawrite.com/a/Zef26u,น้องอิง|lingorm,เดซี่สีน้ำเงิน:)
r8438,https://www.readawrite.com/a/Zef4if,หลักสูตรฉบับเร่งรัก | lingorm,primaryone.
r8439,https://www.readawrite.com/a/Zef5hp,เธอขา~|lingorm,เดซี่สีน้ำเงิน:)
r8440,https://www.readawrite.com/a/Zef5pe,เฌอริลิณญ์,ณธีณ์เธียร
r8441,https://www.readawrite.com/a/Zef5vn,The Veil of Nightfall | LingOrm,soshitaroz
r8442,https://www.readawrite.com/a/Zef6jg,จดหมายจากดาวดวงสุดท้าย | lingorm,JanessJane
r8443,https://www.readawrite.com/a/Zef6vh,ลี่หลินซ้อขอโทษ|LingOrm,Natnicha_pp
r8444,https://www.readawrite.com/a/Zef74y,ซ่อนเธอไว้ในเพลง os | lingorm,hybxphaa
r8446,https://www.readawrite.com/a/Zef8wq,รักซ่อนเร้น|หลิงออม,Boon.
r8448,https://www.readawrite.com/a/Zef9wt,Her Last Prayer | LingOrm,Blueberry&rsquo;
r8453,https://www.readawrite.com/a/Zefbb9,Stable | LingOrm,as.always
r8455,https://www.readawrite.com/a/Zefcyk,ถ้าหลิงออมเป็นแฟนกัน1วัน|lingorm,thainex
r8464,https://www.readawrite.com/a/Zefkjg,วินไหม | Lingorm,mini★
r8466,https://www.readawrite.com/a/Zefl0h,Vivian | LingOrm,Yourname
r8472,https://www.readawrite.com/a/Zefq49,จนนิรันดร์ (Forever) | lingorm,วินนี่นอทวิน
r8474,https://www.readawrite.com/a/Zefrnp,แม่ค้า |lingorm,thainex
r8476,https://www.readawrite.com/a/Zefsws,Tn | LingOrm,reviewww
r8480,https://www.readawrite.com/a/Zefvy9,พี่หมอคนสวย//หลิงหลิงออม,y_lady
r8481,https://www.readawrite.com/a/Zefwad,นักประดาน้ำสาวกับนางเงือกสุดสวย       (หลิงออม),Ikooop
r8483,https://www.readawrite.com/a/Zefwvt,สาวบ้านไร่หัวใจคุณหนู/หลิงออม,sunmoon
r8484,https://www.readawrite.com/a/Zefx3j,Who ? (LingOrm),HangerPAGE
r8487,https://www.readawrite.com/a/Zefyle,ลูกหนี้ที่รัก | lingorm,Over 85 / Hour
r8489,https://www.readawrite.com/a/Zeg0ui,Julie chanel | lingorm,P.p3sb
r8490,https://www.readawrite.com/a/Zeg2hm,ไอ้เด็กซนของพี่(ormling),หมาวัด สวยสัส
r8491,https://www.readawrite.com/a/Zeg4u1,3แสบ |หลิงออม,Chalinee_
r8492,https://www.readawrite.com/a/Zeg519,SAKI is typing ... (LingOrm),mistletoe.
r8494,https://www.readawrite.com/a/Zeg5eb,เธอเหมือนดั่งโลกใบใหม่ | lingorm,moongod_yt
r8495,https://www.readawrite.com/a/Zeg5ur,มึงอยู่ในกำมือกู,0o0 go
r8501,https://www.readawrite.com/a/Zeg7nn,Loop|Lingorm,กระต่ายอ้วง🐰
r8502,https://www.readawrite.com/a/Zeg7t3,ฝากเกียร์ไว้ในใจเธอ,บุคคลขี้เกียจ
r8505,https://www.readawrite.com/a/Zeg9on,เส้นสายที่ไม่ควรข้าม,กุหลาบนักเขียน
r8511,https://www.readawrite.com/a/Zegeru,Design Love | LingOrm,- Mixed Blood -
r8514,https://www.readawrite.com/a/Zegitc,หลิงออม,Emmy
r8516,https://www.readawrite.com/a/Zegjmt,In the Pages of Us | lingorm,Fhundee
r8523,https://www.readawrite.com/a/Zegtsl,รอยรัก|LingOrm,เมษาวรินทณ์
r8526,https://www.readawrite.com/a/Zegv2f,กิตติธารา| Lingorm,โอมจงอิน
r8527,https://www.readawrite.com/a/Zegvlp,Waterbound | Lingorm,คุนซัน :)
r8529,https://www.readawrite.com/a/Zegwyv,CLONE คนละโคลน|LINGORM,รชาต์
r8532,https://www.readawrite.com/a/Zeh0an,รักพี่หลงพี่ | lingorm,yori
r8533,https://www.readawrite.com/a/Zeh0n0,เพลงรักจากฉัน : Lingorm,ชาวบ้านแปด
r8535,https://www.readawrite.com/a/Zeh26v,My rabbit -Lingorm,ลูกหมาน่ารัก
r8540,https://www.readawrite.com/a/Zeh5ku,รฤกรัก,dryu
r8542,https://www.readawrite.com/a/Zeh5o4,- Everywhere - [LingOrm],pqmnx
r8546,https://www.readawrite.com/a/Zeh8sv,เราชอบพี่ |Lingorm,reviewww
r8548,https://www.readawrite.com/a/Zeh9l9,หลิงออม,หลิงออม
r8549,https://www.readawrite.com/a/Zeh9qt,เด็ก Ent-(d) [lingorm/FUTA],Paiitsu96
r8554,https://www.readawrite.com/a/Zehbfx,HusbandLutin | lingorm,MasterPiece
r8556,https://www.readawrite.com/a/Zehcht,เด็กดื้อของพี่หมอ,นิชช
r8560,https://www.readawrite.com/a/Zehfr8,Game l Lingorm,Wongga
r8564,https://www.readawrite.com/a/Zehhan,เธอผู้เดียว|lingorm,รักหลิงที่สุ้บบ
r8567,https://www.readawrite.com/a/Zehhnq,แค่พี่สาว...อย่ายั่วได้มั้ย | LingOrm,ดอกฝิ่น กลิ่นเธอ
r8569,https://www.readawrite.com/a/Zehjix,โลกอีกใบที่มีเธอ | หลิงออม,คุณเฟยหมิง
r8570,https://www.readawrite.com/a/Zehl37,แมวส้มของมะลิ #lingorm,คุณป้าบ้านถัดไป
r8573,https://www.readawrite.com/a/Zehm43,หอมกลิ่นรักกลางไร่ชา,Honeyblush
r8574,https://www.readawrite.com/a/Zehmpc,Black Cat - lingorm,อันใด
r8577,https://www.readawrite.com/a/Zehqay,Missing and caring again | LingOrm,Ira
r8590,https://www.readawrite.com/a/Zehuqq,Stepdaughter | lingorm,"""Partnerrr"""
r8592,https://www.readawrite.com/a/Zehutq,#น้องเม,เชเช่
r8596,https://www.readawrite.com/a/Zehxca,Handlebars | Lingorm,songsongseejed
r8600,https://www.readawrite.com/a/Zei238,บอดี้การ์ดที่รัก | lingorm,Jaa' Ploy'
r8602,https://www.readawrite.com/a/Zei2se,ดาวบริวาร &ndash; หลิงออม,yori
r8603,https://www.readawrite.com/a/Zei4lh,พี่สำคัญกว่าเกม ;ormling,Fur
r8604,https://www.readawrite.com/a/Zei4lm,When the Silence Breaks #lingorm OMEGAVERSE,KarenSnow
r8605,https://www.readawrite.com/a/Zei4ms,คุณหมอกับคนไข้ของเขา l lingorm,ไรท์ด้อมม่วง💜
r8606,https://www.readawrite.com/a/Zei5f2,listen to me |Lingorm,Fang_ez
r8608,https://www.readawrite.com/a/Zei62w,สิบนิ้ว,dryu
r8613,https://www.readawrite.com/a/Zei6rs,คุณหมอของหนู(หลิง&amp;ออม),ฟอ ฟองเบียร์🍻
r8620,https://www.readawrite.com/a/Zeic1g,"รักเพศเดียวกันไม่สำคัญแค่รักกันก็พอ/หลิงออม,ริวมีน",อยากแต่งก็แต่ง
r8621,https://www.readawrite.com/a/Zeicbo,My Ghost Girlfriend |Lingorm,bella rose
r8623,https://www.readawrite.com/a/Zeicpl,OS - วิธีเอาใจพี่คนสวยฉบับเมะลูกหมา [OrmLing],It depends~*
r8627,https://www.readawrite.com/a/Zeih54,ล้างความทรงจำ|Ling Om,ยีราฟคอยาววว อิอิ
r8629,https://www.readawrite.com/a/Zeij0u,Farfei | Lingorm,min_moon:-)
r8631,https://www.readawrite.com/a/Zeil9l,เหนือใจ|lingorm,E_rth
r8635,https://www.readawrite.com/a/Zeimqw,Frame | LingOrm,beyondanything
r8636,https://www.readawrite.com/a/Zeimrm,"สับสนทางเพศ , lingorm",พุดน้อย poodnoi
r8638,https://www.readawrite.com/a/Zeipa1,For you |Lingorm,fun entertainment
r8642,https://www.readawrite.com/a/Zeisoi,ฉันและเธอและเธอ(Lingorm),varin
r8647,https://www.readawrite.com/a/Zej082,โปรดถนุถนอม|Lingorm,Google
r8648,https://www.readawrite.com/a/Zej0or,ไม่ใช่แฟน...แต่แทนได้ทุกคืน | LingOrm,ดอกฝิ่น กลิ่นเธอ
r8649,https://www.readawrite.com/a/Zej31u,โรงแรมรัตติกาล #lingorm,KarenSnow
r8650,https://www.readawrite.com/a/Zej43w,รักอย่างเดียวคงไม่พอ |lingorm,อาริกาโต
r8651,https://www.readawrite.com/a/Zej442,ร้านดอกไม้|เดมิ้ม,หิวชานม
r8652,https://www.readawrite.com/a/Zej4ao,ความรักวัยเรียน.หลิงออม,🌈🪼
r8656,https://www.readawrite.com/a/Zej5tg,รักสามเศร้า,oing oing oing
r8663,https://www.readawrite.com/a/Zej9rl,แสงแดดยามเช้า | lingorm,ก๋วยจั๊บ
r8664,https://www.readawrite.com/a/Zej9uw,Psychopath | lingorm,yaki
r8665,https://www.readawrite.com/a/Zejbg1,น้องอย่าซิ่ง | lingorm,Over 85 / Hour
r8672,https://www.readawrite.com/a/Zejdve,รักเสมอ|หลิงออม,{MR} &hearts;กู!ข้าว♪
r8673,https://www.readawrite.com/a/Zeje1p,Anastassia | Lingorm,Bena
r8676,https://www.readawrite.com/a/Zejfe1,mommy |lingorm,January_13
r8677,https://www.readawrite.com/a/Zejg2r,แค่มาอยู่ไม่ใช่จะรักสักหน่อย | lingorm,cloudsad :)
r8684,https://www.readawrite.com/a/Zejl99,รัก&hellip;ไม่ได้ออกแบบ [Love is not designed],ดาวกระดาษ.
r8688,https://www.readawrite.com/a/Zejm6l,รักในพันธะ - lingorm,lemon132
r8690,https://www.readawrite.com/a/Zejn7e,กฏของตระกูลหลง | หลิงออม,lingorm💓
r8693,https://www.readawrite.com/a/Zejoy9,Bodyguard Addiction - lingorm,"AichaKhio,"
r8696,https://www.readawrite.com/a/Zejq0h,กชกานต์🪷|lingorm,🙂&zwj;↕️
r8703,https://www.readawrite.com/a/Zejtwr,โลกคู่ขนาน  ( ภารกิจลับ สัมผัสหัวใจ [4] ) | Lingorm,ซันควิก
r8706,https://www.readawrite.com/a/Zejxc7,LOVE &ndash; lingorm,thestar
r8708,https://www.readawrite.com/a/Zejynl,หลิงออม,ภีมไทย
r8711,https://www.readawrite.com/a/Zek1mk,หลิงออม,รักที่โรแมนติก
r8712,https://www.readawrite.com/a/Zek21r,อบอุ่น ♡ | lingorm,ปล่อยจอยย~
r8713,https://www.readawrite.com/a/Zek2qq,ในวันที่ใจยังไม่พร้อม | LingOrm,เมษาวรินทณ์
r8714,https://www.readawrite.com/a/Zek2r0,psycho | lingorm,kun_korn
r8715,https://www.readawrite.com/a/Zek3hr,ภพรักกับนางฟ้า/หลิงออม,wow234
r8719,https://www.readawrite.com/a/Zek6ga,My Love -  Lingorm,ลาต้า
r8721,https://www.readawrite.com/a/Zek96o,ฟ้ามีตะวัน (Ormling),Nungdiew
r8723,https://www.readawrite.com/a/Zek9od,Lawless Love |lingorm,eqxarn
r8724,https://www.readawrite.com/a/Zekaeb,Leo|lingorm,ชาไทยหวานร้อยยี่สิบ
r8726,https://www.readawrite.com/a/Zekb48,มัชเฌมันตรา | LingOrm,Brightpolar
r8727,https://www.readawrite.com/a/Zekbgq,Daddy | lingorm,ทำำไมพ่อจำหนูไม่ได้....
r8728,https://www.readawrite.com/a/Zekc8n,คนใจร้าย|ormling|ฟรี,wan_284
r8731,https://www.readawrite.com/a/Zekdev,คุณแวมไพร์ |lingorm,ei_ei
r8733,https://www.readawrite.com/a/Zekdum,แค่พี่น้อง|Lingorm,_zxnai.p.22
r8736,https://www.readawrite.com/a/Zekfcn,นิศากร | lingorm,T
r8737,https://www.readawrite.com/a/Zekg1p,The Current of Us หัวใจสายธาร | LingOrm,moonlightU.
r8741,https://www.readawrite.com/a/Zekgu3,when did we fall out of love | lingorm,หมาบาว
r8742,https://www.readawrite.com/a/Zekhoo,นันท์นภัส|ormling,January_13
r8743,https://www.readawrite.com/a/Zekhqq,เงาของหัวใจ | LingOrm,เมษาวรินทณ์
r8744,https://www.readawrite.com/a/Zeki3t,Enzo | LingOrm,โอมจงอิน
r8751,https://www.readawrite.com/a/Zekn6d,ความลับแห่งบ้านเงาจันทร์ &ndash; LingOrm [บรรยาย],KUNNSHIRANN
r8754,https://www.readawrite.com/a/Zeknpt,office|lingorm &sup1;⁸,Pan_08
r8760,https://www.readawrite.com/a/Zeks4w,คนจั่งเฮา,Black fruit
r8766,https://www.readawrite.com/a/Zekxg3,วอนให้ตัวฉันคืนมา | EYESDONUT,@donutpx
r8768,https://www.readawrite.com/a/Zekypn,คุณหนูของผม|หลิงออม,สายลมที่พัดผ่าน
r8773,https://www.readawrite.com/a/Zel7is,หนีรักมาพบเธอ &ndash; lingorm,Pearly.
r8774,https://www.readawrite.com/a/Zel8lb,ความทรงจำ | lingorm,หลิงออมมม
r8775,https://www.readawrite.com/a/Zel8nr,4 ทิวากรวงศ์ | lingorm,Over 85 / Hour
r8778,https://www.readawrite.com/a/Zelacv,ไอ้พี่ประธานขี้ฟ้อง|Lingorm,Ramita 🧸
r8779,https://www.readawrite.com/a/Zelb2e,My sugar daddy | lingorm,Nocturnal
r8780,https://www.readawrite.com/a/Zelc2o,หลิงออม,รักหลิงออม
r8782,https://www.readawrite.com/a/Zelcg6,Dinotrex|lingorm,ยามฝนพร่างพราย
r8783,https://www.readawrite.com/a/Zelcgw,เจ้าความรัก ormling,melody my boo
r8784,https://www.readawrite.com/a/Zelcx4,Skyblue - Lingorm,min_moon:-)
r8788,https://www.readawrite.com/a/Zelg72,Dancing In Red,microjj
r8790,https://www.readawrite.com/a/Zelgl5,first love |lingorm,P.
r8793,https://www.readawrite.com/a/Zelj8m,Forbidden Tides: คลื่นปรารถนาต้องห้าม︱lingorm,NaNiLyn
r8795,https://www.readawrite.com/a/Zelltq,พระเมะหรือจะสู้ยอดพีระเมะ// lingorm,ไรท์ด้อมม่วง💜
r8806,https://www.readawrite.com/a/Zelwgg,กินเด็กเป็นอมตะ//หลิง|ออม,น้ำหอมมที่ไม่หอม
r8807,https://www.readawrite.com/a/Zelx5w,คุณลีที่รัก|หลิงออม,cat9life
r8812,https://www.readawrite.com/a/Zely0p,ความสุขที่เจ็บปวด | lingorm,เสือโลโล่
r8814,https://www.readawrite.com/a/Zem0b3,โปรเจ็กต์ (ลับ) ฟาร์มรัก | lingorm,ARDENSKYFALL
r8815,https://www.readawrite.com/a/Zem0y2,กรณ์อยู่ตรงนี้ - lingorm,lemon132
r8819,https://www.readawrite.com/a/Zem2r7,จะประกาศศึกกับพี่หรอจ๊ะ | lingorm,แมวใต้สมุด
r8820,https://www.readawrite.com/a/Zem2xn,Seasons of You |ormling,iwannabeyourx
r8824,https://www.readawrite.com/a/Zem4v3,เรื่องราวความรักของนักกีฬาสาว​ | Orm​Ling,ฉลามจะกัดหัว
r8826,https://www.readawrite.com/a/Zem5cu,รักลับ | lingorm,KhunKritti
r8828,https://www.readawrite.com/a/Zem8mo,ระยะพอดี | LingOrm,soartosky
r8830,https://www.readawrite.com/a/Zem9vj,A Garden in Her Heart | Lingorm,takemypink
r8833,https://www.readawrite.com/a/Zembu7,ฝันในป่า &mdash; lingorm,gonchasai
r8834,https://www.readawrite.com/a/Zemc7x,Lips  on Lips | LingOrm,JulyApril54
r8835,https://www.readawrite.com/a/Zemcfs,Frangipani (หลิงออม),คุณดอกรัก
r8836,https://www.readawrite.com/a/Zemd3x,Glimpse of us |lingOrm,merphat
r8838,https://www.readawrite.com/a/Zemdws,ท่านประธานกับสุดที่รัก,I LOVE LINGORM
r8839,https://www.readawrite.com/a/Zemefj,เราก็แค่น้องของเธอ,mike31
r8849,https://www.readawrite.com/a/Zemjem,โชคชะตา| lingorm,ชาไทยหวานร้อยยี่สิบ
r8851,https://www.readawrite.com/a/Zemkkm,เพราะรักจึงลาก่อน,มือใหม่หัดเขียน
r8853,https://www.readawrite.com/a/Zemkuq,โปรเจกต์ลับกับไอดอลต้องห้าม-Lingorm,หากฉันจะขอพร
r8857,https://www.readawrite.com/a/Zemn5y,ago ex | lingorm,augboi
r8859,https://www.readawrite.com/a/Zemoou,Fallen angel | lingorm,Over 85 / Hour
r8862,https://www.readawrite.com/a/Zemq1p,I give you my love back (lingorm),กระผมเป็นสาววาย
r8865,https://www.readawrite.com/a/Zems4y,Silent Heartbeat | lingorm,Lumireve
r8868,https://www.readawrite.com/a/Zemt5v,น่านฟ้าดาริณ |LingOrm,ออกัส96
r8869,https://www.readawrite.com/a/Zemtgn,นภัสเพลงรัก|ORMLING,JAY_TER_zz
r8870,https://www.readawrite.com/a/Zemti7,Sugar baby - lingorm,JLO
r8871,https://www.readawrite.com/a/Zemudo,Alexandra&nbsp;| lingorm,ศรีเลิศ
r8875,https://www.readawrite.com/a/Zemxwk,The Other Half | Lingorm,คุนซัน :)
r8878,https://www.readawrite.com/a/Zen03i,ตัวแม่แพ้ทรงติ๋ม | lingorm,july
r8879,https://www.readawrite.com/a/Zen0rh,แสงที่ปลายทาง,นายเวย์
r8884,https://www.readawrite.com/a/Zen3sk,ร้อยอักษร,Lizard
r8888,https://www.readawrite.com/a/Zen5b3,บอสคะ | OrmLing,nepharius
r8894,https://www.readawrite.com/a/Zen9dk,สะใภ้หนองแขม - lingorm,babyluny ion
r8897,https://www.readawrite.com/a/Zenc10,unworthy | lingorm,Timrabbit
r8898,https://www.readawrite.com/a/Zendk7,"In Quiet, I Found You | LingOrm",Lumireve
r8900,https://www.readawrite.com/a/Zenfhv,แม่ของลูกฉันคือเธอ | LingOrm,เมษาวรินทณ์
r8901,https://www.readawrite.com/a/Zenflf,ไม่มีสถานะ,Iced.cappucino
r8906,https://www.readawrite.com/a/Zenn3k,รักกันดีตีกัน(ห้าม)ตาย | LingOrm,soshitaroz
r8910,https://www.readawrite.com/a/Zenp28,ศึกรัก E-BIDDING (MINI SERIES),กระสอบศิลป์
r8912,https://www.readawrite.com/a/Zenpeg,เทวานารากุล | Thai GL,yyayakzm
r8919,https://www.readawrite.com/a/Zenv15,รักนะคะ เด็กดื้อ | lingorm,ไทยทีหวานน้อย
r8921,https://www.readawrite.com/a/Zenw02,วาดไว้ | lingorm,กุกกุ่กกุ้กกุ๊กกุ๋ก
r8923,https://www.readawrite.com/a/Zenwlx,ภัทรพรีม | lingorm,Ayo_LO
r8924,https://www.readawrite.com/a/Zenx77,เธอคือใครในความทรงจำฉัน? | Lingorm,รี้ดมอมเมาไรท์มอมแมม
r8927,https://www.readawrite.com/a/Zeo02e,นางรองไร้บท ขอตอนจบใหม่ใกล้ฉัน | LingOrm,lucid
r8928,https://www.readawrite.com/a/Zeo0bb,akhirah| lingorm,louaticha
r8931,https://www.readawrite.com/a/Zeo220,club|lingorm,meen nichakun🤍
r8935,https://www.readawrite.com/a/Zeo37c,One Night Stand,แมวส้มขี้ดื้อ
r8936,https://www.readawrite.com/a/Zeo4fj,The Fake Date: Contract to Heartbeat,Minty Moon
r8943,https://www.readawrite.com/a/Zeo8ns,เด็กข้างบ้าน-LingOrm,ไอหู้
r8946,https://www.readawrite.com/a/Zeob6h,รักนี้เพื่อเธอ,อึ่งไข่  หมูยอ
r8947,https://www.readawrite.com/a/Zeoc0y,perfect love|lingorm,bbohjfbowwi
r8948,https://www.readawrite.com/a/Zeocmd,เฟิ่งหลงหงส์คู่มังกร,Meri_Kirin
r8949,https://www.readawrite.com/a/Zeod2x,Far side of the sun ตะวันข้างแรม,cxxkiecutter
r8950,https://www.readawrite.com/a/Zeod43,เหตุเกิดจากแผ่นดินไหว|หลิงออม,ว3
r8951,https://www.readawrite.com/a/Zeodjy,My Ghost Girlfriend 2 |Lingorm,bella rose
r8952,https://www.readawrite.com/a/Zeoedc,my fault &mdash;lingorm,RKRRK
r8953,https://www.readawrite.com/a/Zeoeps,รักนี้เพื่อเธอ,อึ่งไข่  หมูยอ
r8955,https://www.readawrite.com/a/Zeofr3,ช็อปสีฝุ่นกอดอุ่นนะคะ |lingorm,มุมุเย้
r8957,https://www.readawrite.com/a/Zeohgn,คุณหมอ,Pai_Rueai
r8961,https://www.readawrite.com/a/Zeok1c,Memoria in Abyssum|LingOrm,GOLDEN HOUR✎
r8964,https://www.readawrite.com/a/Zeon2i,รักพังๆกับสาวไฮโซ|หลิงออม,p_punch pit
r8969,https://www.readawrite.com/a/Zeoqiu,My Sugar Mommy | lingorm,Nocturnal
r8970,https://www.readawrite.com/a/Zeoqpf,ธราเคียงดารากา |ormling,𝑅𝑢𝑏𝑦𝑠𝑖𝑎𐙚
r8974,https://www.readawrite.com/a/Zeot2l,My darling | LingOrm,คุนลี่ซัง
r8976,https://www.readawrite.com/a/Zeou56,for you | Lingorm,roseate
r8977,https://www.readawrite.com/a/Zeou8q,คุณสามีที่(ไม่)รัก | Ormling,mini_taeng
r8979,https://www.readawrite.com/a/Zeoujk,พัณณ์ดาราย | lingorm,แสงอาทิตย์🪐
r8982,https://www.readawrite.com/a/Zeowpd,ไม่ได้อยากเป็นแค่เพื่อน.,kaaxxn
r8987,https://www.readawrite.com/a/Zep1rl,เพื่อนสนิท.|lingorm,ไม่กินเผ็ด
r8990,https://www.readawrite.com/a/Zep2t9,หลิงออม,kamyaphat
r8992,https://www.readawrite.com/a/Zep3i1,เจ้าธารพิงรัก|ORMLING,JAY_TER_zz
r8996,https://www.readawrite.com/a/Zep4xt,พบเจอ | lingorm,bbohjfbowwi
r8998,https://www.readawrite.com/a/Zep6we,Just the right time | หลิงออม,U-Verse
r9004,https://www.readawrite.com/a/Zep8ij,เชี่ยวหลาน #หลิงออม,LastWriter
r9005,https://www.readawrite.com/a/Zep8in,ก่อนตาย | lingorm,농찹
r9010,https://www.readawrite.com/a/Zepal7,ร้ายซ่อนรัก(Lingorm),หมาวัด สวยสัส
r9012,https://www.readawrite.com/a/Zepauy,ซ่อนรัก | lingorm,sin diwa
r9017,https://www.readawrite.com/a/Zepe6i,he&rsquo;rs jai | ormling,cigarettes after six
r9018,https://www.readawrite.com/a/Zepeiu,ส่งเพลงนี้ไปจีบเธอ | lingorm,Over 85 / Hour
r9019,https://www.readawrite.com/a/Zepeov,ex | ormling,loser
r9021,https://www.readawrite.com/a/Zepgdd,รักสามเศร้า//หลิงออม,ขวัญชนก
r9024,https://www.readawrite.com/a/Zepiom,ไวน์,PCY_1102
r9026,https://www.readawrite.com/a/Zepj8u,Saturn | lingorm,หลังฝน
r9031,https://www.readawrite.com/a/Zeple7,เหตุเกิดจากความ&hellip; ormling,melody my boo
r9038,https://www.readawrite.com/a/Zeprrc,วิวาห์(ไม่)รัก|lingorm,ภูเขา
r9040,https://www.readawrite.com/a/Zepsuu,เพื่อน!| LingOrm,viv2
r9042,https://www.readawrite.com/a/Zepuui,Deal or Desire ? | หลิงออม,U-Verse
r9047,https://www.readawrite.com/a/Zepxmn,คำสัญญาข้อสุดท้าย | lingorm,น้องเซชอบแต่ง
r9049,https://www.readawrite.com/a/Zepy2r,Home is a person | LingOrm,RogerRose 💐
r9050,https://www.readawrite.com/a/Zepy5w,A Corner for You | LingOrm,minusmar
r9053,https://www.readawrite.com/a/Zepyyb,หนี้หัวใจ | LingOrm,โบ้บ้อกแบ้ก
r9055,https://www.readawrite.com/a/Zeq1rb,เพ่ยเพ่ย - lingorm,fxsxi._ff
r9056,https://www.readawrite.com/a/Zeq20q,เซเรนหลิงอัน|ORMLING,JAY_TER_zz
r9057,https://www.readawrite.com/a/Zeq34g,แค่ไม่ได้รัก #lingorm,KSR
r9058,https://www.readawrite.com/a/Zeq3g8,ครูขวัญกับเจ้านา |Lingorm,bella rose
r9059,https://www.readawrite.com/a/Zeq3ma,แฟนหมอ/หลิงออม,หลิงออม
r9061,https://www.readawrite.com/a/Zeq51g,Never-ending love | Lingorm,KhunY
r9062,https://www.readawrite.com/a/Zeq56r,นาคี | Lingorm,ᴏʀᴍᴋᴏɴɢツ
r9063,https://www.readawrite.com/a/Zeq5id,ตัวแสบของครู/Lingorm,y/n
r9064,https://www.readawrite.com/a/Zeq5l4,คุณ​นายไร่องุ่น | LingOrm,Just​^T
r9070,https://www.readawrite.com/a/Zeq8uj,MY HOME,Sunflower
r9071,https://www.readawrite.com/a/Zeqaei,(Flame) ยิ่งรักยิ่งร้าย | lingorm,แวแว้แวแว้
r9072,https://www.readawrite.com/a/Zeqatj,คูเปอร์เองคั้บบ|lingorm,๑ศตวรรษ&deg;
r9076,https://www.readawrite.com/a/Zeqc3g,ไม่ได้ชอบจ้า(Lingorm),wimonwan 🍒
r9078,https://www.readawrite.com/a/Zeqd43,น้องจั๋งพันวา | ormling,Omu-raisu.
r9080,https://www.readawrite.com/a/Zeqdo5,นักเรียนคนนี้สภาขอเตือน | lingOrm,คนหลอ
r9086,https://www.readawrite.com/a/Zeqfq3,my denden | lingorm,borbor
r9087,https://www.readawrite.com/a/Zeqg1w,พลอยณลิน|lingorm,ᴘ ʀ ɪ ɴ ᴄ ᴀ s s
r9090,https://www.readawrite.com/a/Zeqjl1,Soft Chaos | lingorm,peperpan
r9092,https://www.readawrite.com/a/Zeqkra,ดารินพราวมุก|lingorm,chotika
r9093,https://www.readawrite.com/a/Zeql45,อะไรก็ได้ที่เป็นเธอ | Lingorm,หมาโบ้ฮับบ&gt;&lt;
r9095,https://www.readawrite.com/a/Zeqlyp,Charmed | Lingorm,Donna_lee;3
r9098,https://www.readawrite.com/a/Zeqn5q,coincidence or fate &mdash; ormling,𝒎𝒂𝒕𝒄𝒉𝒂𐙚
r9101,https://www.readawrite.com/a/Zeqouf,เจ้าของม๋า|หลิงออม,ชอบกินเจเซลม่อนแบบอร่อยๆ
r9103,https://www.readawrite.com/a/Zeqpl4,POUR ME YOUR NAME | OrmLing,howsweetyouare
r9104,https://www.readawrite.com/a/Zeqpm6,你是我的 | Lingorm,ปลายหมึกพู่กัน
r9106,https://www.readawrite.com/a/Zeqpu5,จำไว้ด้วย lingorm,อย่านะ!
r9108,https://www.readawrite.com/a/Zeqqmm,มากกว่าที่รัก | LingOrm,HiEND
r9110,https://www.readawrite.com/a/Zeqrvt,กระบี่เทพทะลุมิติ หัวใจข้ามภพ​ /LingOrm,คุณชายสีชอล์ค
r9111,https://www.readawrite.com/a/Zeqsbe,หลี่เฟยไม่ใช่ของเล่น | LingOrm,แมวมากัส
r9113,https://www.readawrite.com/a/Zeqteh,Only &ldquo;P&rdquo;,only-P
r9114,https://www.readawrite.com/a/Zequao,Under | LingOrm,ม๋าแบ้ก
r9115,https://www.readawrite.com/a/Zequbr,สักวันเธอจะรักฉัน | lingorm,ดาววีนัส
r9117,https://www.readawrite.com/a/Zeqvb9,ลีลาวดี |หลิงออม,loading....
r9121,https://www.readawrite.com/a/Zeqx84,บอสคะ หนูไม่ได้อ่อย! [LINGORM] มีE-book,ปราณรวีร์
r9126,https://www.readawrite.com/a/Zeqy4b,HELLO? |LINGORM,KankanSang
r9138,https://www.readawrite.com/a/Zer37u,ดวงใจ | Lingorm,Lingorm
r9144,https://www.readawrite.com/a/Zer64e,KornKan |lingorm,P_J
r9145,https://www.readawrite.com/a/Zer6f6,กลิ่นของเธอ คือคำสาปของฉัน | LingOrm,เมษาวรินทณ์
r9148,https://www.readawrite.com/a/Zer8h2,บุคคลภายนอกห้ามยุ่ง | lingorm,ยูไอเลิฟ
r9149,https://www.readawrite.com/a/Zer8he,เธอเท่านั้น/หลิงออม,ที่ใฝ่ฝัน
r9154,https://www.readawrite.com/a/Zerbid,รักร้ายของคนเย็นชาling|orm,จะแต่งฟิค
r9155,https://www.readawrite.com/a/Zerc08,มือปืนที่รัก|Lingorm,lingorm'm'm'm
r9156,https://www.readawrite.com/a/Zercjg,Narinthicha | Lingorm,♡ ꒰ Sky of little Blue ꒱ ♪
r9158,https://www.readawrite.com/a/Zerf3h,เศษรักมาเฟีย | lingorm,888
r9159,https://www.readawrite.com/a/Zerffw,คาเฟ่สื่อรัก - LingOrm,Toast._.isgoingtomelting.
r9160,https://www.readawrite.com/a/Zerffy,คุณสาของหนู,ruy
r9161,https://www.readawrite.com/a/Zergqj,นาทีที่เลย...คำว่ารัก | lingorm,ArisAwrite
r9163,https://www.readawrite.com/a/Zerhnb,กลิ่นบุหงาในราตรี | lingorm,เราเองปลาส้ม
r9166,https://www.readawrite.com/a/Zerin6,แสตมป์หมิว|lingorm,ต้าวกุ้งทอดดด
r9167,https://www.readawrite.com/a/Zerind,คืนใจ|Lingorm,หากฉันจะขอพร
r9170,https://www.readawrite.com/a/Zerj4d,cruel | lingorm,yuparat
r9171,https://www.readawrite.com/a/Zerktl,แค่เรา&hellip;ไม่ได้รักกัน l lingorm,abc
r9172,https://www.readawrite.com/a/Zerl26,Lost jigsaw | lingorm,moon🌙x🦋
r9174,https://www.readawrite.com/a/Zerlm5,tontawan / lingorm,kun.zhang
r9175,https://www.readawrite.com/a/Zerlp8,Queen | LingOrm,Yourname
r9180,https://www.readawrite.com/a/Zernag,Until My Heart Stops (Lingorm),bella rose
r9182,https://www.readawrite.com/a/Zero86,การแก้แค้น|lingorm,yes I'm here
r9185,https://www.readawrite.com/a/Zerr37,I love my job ใช้หน้าที่ในทางที่ชอบ,17doz.ears
r9187,https://www.readawrite.com/a/Zerswj,ยอมเพราะรัก&sup2; | Lingorm,แฟนฟิค lingorm
r9191,https://www.readawrite.com/a/Zervtw,Just Friends | lingorm,phan_nipa
r9192,https://www.readawrite.com/a/Zervx7,เพื่อนเก่าเริ่มต้นสถานะใหม่...,Lookpud.  angjaaa😝
r9193,https://www.readawrite.com/a/Zerwlj,เจ้พรีม | lingorm,RunRose
r9195,https://www.readawrite.com/a/Zerxij,สนามนี้มีแค่เธอ-lingorm,tyme zero
r9196,https://www.readawrite.com/a/Zes0fq,tinepreem| lingorm,คุนเฉิน
r9197,https://www.readawrite.com/a/Zes13j,&sup1;คู่หมั้น | lingorm,ราล์ฟ
r9198,https://www.readawrite.com/a/Zes2i9,Q' Carla| lingorm,ก๊องแก๊ง
r9199,https://www.readawrite.com/a/Zes2nj,นานแค่ไหนฉันก็รักเธอ [หลิงออม],เจ้าแมวจอมยุ่ง
r9201,https://www.readawrite.com/a/Zes4k4,notyourcloset | lingorm,oces
r9202,https://www.readawrite.com/a/Zes620,หมาแก่|Lingorm,เหยี่ยวหลังเขา
r9206,https://www.readawrite.com/a/Zes8pw,ทาสรักคุณหนู,เหยี่ยวหลังเขา
r9208,https://www.readawrite.com/a/Zesa4x,ใจยังรัก|lingorm,ไม่กินเผ็ด
r9209,https://www.readawrite.com/a/Zesa8t,I like you|lingorm,vavzaix
r9213,https://www.readawrite.com/a/Zesfg3,ladaing | lingorm,BIutonlyyou_Icehotsb21
r9215,https://www.readawrite.com/a/Zesgmd,กว่าจะรู้&hellip; | Lingorm,WcB
r9216,https://www.readawrite.com/a/Zesgwn,ที่รักของครู/Lingorm,y/n
r9217,https://www.readawrite.com/a/Zesh0y,Waited for you | lingorm,หยดน้ำค้าง
r9222,https://www.readawrite.com/a/Zeslby,รุ่นพี่ปี 4 | หลิง ออม,""" ขี้แอคกับสาวฮอต """
r9224,https://www.readawrite.com/a/Zesmqw,Mommy? [lingorm],น้ำตาลรสหวาน
r9225,https://www.readawrite.com/a/Zesmr5,White flag | lingorm,26 dec
r9227,https://www.readawrite.com/a/Zesowf,Moscato|ormling,GoodTuesday
r9231,https://www.readawrite.com/a/Zessns,เจ้านายตกหลุมรัก|หลิงออม,ยูริ
r9232,https://www.readawrite.com/a/Zessvn,Under the President&rsquo;s Rules | lingorm,คุณกวน
r9234,https://www.readawrite.com/a/Zestqh,เลาะท่ง | หลิง ออม,ป่ะ เลาะท่ง
r9235,https://www.readawrite.com/a/Zestyd,อ้าวเห้ย | lingorm,ลาเต้
r9239,https://www.readawrite.com/a/Zesukn,My type |lingorm,Bunny_jupiter
r9247,https://www.readawrite.com/a/Zet0p2,just for u - ormling,rolypoly-
r9248,https://www.readawrite.com/a/Zet0su,X | lingorm &sup1;⁸,Pan_08
r9250,https://www.readawrite.com/a/Zet4ga,สายใยรัก ระหว่างเรา,Ag&aacute;phea
r9251,https://www.readawrite.com/a/Zet4oy,Young Wild &amp; Free &mdash; Lingorm,tipsyrosie
r9254,https://www.readawrite.com/a/Zet5qt,My Gift| lingorm,หิวข้าว😵&zwj;💫
r9256,https://www.readawrite.com/a/Zet676,สิ้นสุดทางเพื่อน,เพลง1212
r9257,https://www.readawrite.com/a/Zet6jk,หลิงออม,รักในนิยาย
r9258,https://www.readawrite.com/a/Zet70h,ตระกูลวาทิราษ|Lingorm,ยูริ
r9261,https://www.readawrite.com/a/Zet7qq,บทที่ไม่มีวันตีพิมพ์ | Lingorm,คนหล่อครับ
r9263,https://www.readawrite.com/a/Zet8dx,เธอคือภรรยาของฉัน|Lingorm,PIuto
r9264,https://www.readawrite.com/a/Zet9ck,ส้มรักไม่ปรุงแต่ง,Aelira
r9268,https://www.readawrite.com/a/Zetb33,ซีโน่อัญญา|ORMLING,JAY_TER_zz
r9269,https://www.readawrite.com/a/Zetbdk,เขานอกใจเราอีกแล้ว/ Lingorm,y/n
r9270,https://www.readawrite.com/a/Zetbuv,ศึกสายเลือด | LingOrm,JaoOie
r9271,https://www.readawrite.com/a/Zetci0,ห้องที่สี่|หลิงออม,loading....
r9274,https://www.readawrite.com/a/Zetewu,Thank you and sorry | lingorm,kkaznlyrt
r9275,https://www.readawrite.com/a/Zetfpa,รักนอกสายเลือด | Lingorm,Luna Nightfall
r9281,https://www.readawrite.com/a/Zetimw,two | lingorm,jenjii
r9284,https://www.readawrite.com/a/Zetkbm,อยากให้ทุกคนมีแมวเด็กเป็นของตัวเอง | LINGORM,Number22.
r9285,https://www.readawrite.com/a/Zetkgb,หลิงออมจอมพลัง,BEUS
r9288,https://www.readawrite.com/a/Zetmgq,White Cat | อันดา x ลูกแก้ว,MAFIA
r9291,https://www.readawrite.com/a/Zetp2w,ชู้รัก ชูรส | lingorm,ArisAwrite
r9293,https://www.readawrite.com/a/Zetq0y,ทำไมเธอน่ารักจังค่ะ:Lingorm,PIuto
r9294,https://www.readawrite.com/a/Zetq43,Love you in school age  | lingorm,ออม.🧠
r9295,https://www.readawrite.com/a/Zetr7c,เด็กบ้านนอก|หลิงออม,ยูริ
r9296,https://www.readawrite.com/a/Zetro3,เพราะเราเป็นคู่กัน,หลิงออม
r9297,https://www.readawrite.com/a/Zetsys,Eternal love | lingorm,ไม่ได้พากพิงถึงศิลปินนะคั้บบอ่านเพื่อความหนุกหนานน
r9300,https://www.readawrite.com/a/Zetto4,Chance | lingorm,Over 85 / Hour
r9302,https://www.readawrite.com/a/Zetupi,PP.ghen | lingorm,"""Partnerrr"""
r9303,https://www.readawrite.com/a/Zetur2,รถไฟแห่งความทรงจำ|LingOrm,GOLDEN HOUR✎
r9305,https://www.readawrite.com/a/Zetvwy,ปลายทางของคำว่ารัก | Lingorm,Boom_m
r9307,https://www.readawrite.com/a/Zetx5p,ประธาน - Ling orm,แต่งทุกแนว.★
r9308,https://www.readawrite.com/a/Zetx83,พี่ไม่ขออะไรมาก,A&nbsp;&ne; B
r9310,https://www.readawrite.com/a/Zetyg7,พี่ยังรักเธอเหมือนเดิมนะ |Lingorm,y/n
r9311,https://www.readawrite.com/a/Zetyyr,น่านน้ำ |Lingorm,คุณลี่~
r9313,https://www.readawrite.com/a/Zeu0rs,Crossing the Line - lingorm,imim.
r9314,https://www.readawrite.com/a/Zeu201,Diary | LingOrm,ตะวันขึ้นทิศใต้
r9315,https://www.readawrite.com/a/Zeu2mf,joopajoob &ndash; ormling,hundredoutoften
r9316,https://www.readawrite.com/a/Zeu33h,Episode| lingorm,Puppygoodday.
r9317,https://www.readawrite.com/a/Zeu41a,peiing | lingorm,augboi
r9318,https://www.readawrite.com/a/Zeu4vd,พบรัก|lingorm,เจ้าหญิงดอกไม้💐
r9321,https://www.readawrite.com/a/Zeu5p3,งานวันเกิด|หลิงออม,Ling Orm
r9322,https://www.readawrite.com/a/Zeu6cp,ภาร์ม ภีรวัตร|lingorm,แฮมเสตอร์
r9327,https://www.readawrite.com/a/Zeu7eg,คุณหญิงของแสนรัก,คืนที่สามสิบแปด
r9328,https://www.readawrite.com/a/Zeu7f8,สวรรค์ที่รัก|Lingorm,คุณลี่~
r9331,https://www.readawrite.com/a/Zeubw3,ขโมยหัวใจ-LingOrm,ภาสินี9075
r9332,https://www.readawrite.com/a/Zeubxi,พ่อหมอ | lingorm,Jaa' Ploy'
r9334,https://www.readawrite.com/a/Zeud78,Superstar Mafia|ซุปตาร์มาเฟีย,เจ้าหม่น
r9337,https://www.readawrite.com/a/Zeueuh,Amore mio | Lingorm,ภูเขาเอเวอเรตต์
r9339,https://www.readawrite.com/a/Zeug4d,มีรักต้องประกาศ | Lingorm,Pawpinkk
r9341,https://www.readawrite.com/a/Zeuhsa,สอนภาษารัก |lingorm,คุนไข่ตุ๋น
r9342,https://www.readawrite.com/a/Zeui9r,ยัยคุณหนูที่รัก|Lingorm,เฟยเทียน
r9344,https://www.readawrite.com/a/Zeuk1n,บ่วงรักสัญญาเช่า-Lingorm,หากฉันจะขอพร
r9347,https://www.readawrite.com/a/Zeuo8v,Emergency ; Lingorm,mildmintt
r9351,https://www.readawrite.com/a/Zeuq0t,Love or Hate ก็ใจมันเลือกแล้ว|LingOrm,กุหลาบซ่อนเงา
r9352,https://www.readawrite.com/a/Zeurgi,ไฟในเงา | lingorm,khuntien
r9355,https://www.readawrite.com/a/Zeuskf,Baby 3 time : รักนี้กลิ่นนมผง | หลิงออม,WritersQ
r9357,https://www.readawrite.com/a/Zeusvx,different seasons|LINGORM,ลมเดือนหก
r9360,https://www.readawrite.com/a/Zeuu2p,เรารักกันได้ไงอ่ะ | หลิงออม,huh....1
r9362,https://www.readawrite.com/a/Zeuvov,คุณหมอคะ |Lingorm,Queen 🫵🏻
r9364,https://www.readawrite.com/a/Zeuw94,ห้วงเวลากลับตาลปัตร | lingaom,มุมุเย้
r9365,https://www.readawrite.com/a/Zeuwau,"30 Days 6 Million , lingorm",พุดน้อย poodnoi
r9369,https://www.readawrite.com/a/Zeuy55,ลูกคุณหนู - LingOrm,K.Phee
r9371,https://www.readawrite.com/a/Zeuyn9,พีคจะจีบ [LINGORM : FUTA],Paiitsu96
r9373,https://www.readawrite.com/a/Zev0p1,ร่มใบนี้มีไว้ให้หนูคนเดียว |  lingorm,ร่มในใจ
r9375,https://www.readawrite.com/a/Zev0yc,เมียผมมสวยจะตายย|หลิงออม,ฟ้าใส
r9379,https://www.readawrite.com/a/Zev2br,เพลงรัก | lingorm (Omegaverse),Daisyy.
r9380,https://www.readawrite.com/a/Zev2fq,ไม่เคยคิดว่าจะเปิดใจ | LingOrm,เมษาวรินทณ์
r9381,https://www.readawrite.com/a/Zev34u,หลิงหรือออม,หลิงออม
r9382,https://www.readawrite.com/a/Zev3hw,เรย์ศิภัทร - lingorm,mutterpic
r9383,https://www.readawrite.com/a/Zev4dd,นีรา&amp;ลำไพ |หลิงออม,Maipan_69
r9385,https://www.readawrite.com/a/Zev5xh,เจ้าของไนท์คลับกับสาวขี้วีน | lingorm,HOPE.
r9393,https://www.readawrite.com/a/Zevadk,#อโรชาดา - lingorm,POCKET
r9395,https://www.readawrite.com/a/Zevbb3,La Noche | LingOrm,soshitaroz
r9396,https://www.readawrite.com/a/Zevc5h,Amada l Lingorm,Wongga
r9397,https://www.readawrite.com/a/Zevcv4,ข้างเธอไม่ใช่ฉัน | Lingorm,khunmouk
r9398,https://www.readawrite.com/a/Zevd1i,เจษญาดา &mdash; ormling,itsnir9
r9399,https://www.readawrite.com/a/Zevdvr,คุณสามีที่รัก |หลิงออม,myself_pp
r9400,https://www.readawrite.com/a/Zevf14,Secret Love - LINGORM,My Apollo
r9401,https://www.readawrite.com/a/Zevf2v,รักสุดคั่วของฉันและเธอ!,นักเขียนในเงามืด
r9402,https://www.readawrite.com/a/Zevfg8,Moonbound ผูกใจไว้ด้วยจันทร์| LingOrm,moonlightU.
r9405,https://www.readawrite.com/a/Zevguh,พี่พายขอร้องอย่าทำตัวกร้าวใจ(ภาควัยรุ่น),ขอร้อยได้ล้าน
r9406,https://www.readawrite.com/a/Zevhli,Before I Forgot You #ก่อนที่ฉันจะลืมเธอ l LingOrm,Chaowanphut
r9410,https://www.readawrite.com/a/Zevkkm,เราชอบพี่ |Lingorm,y/n
r9413,https://www.readawrite.com/a/Zevm5g,teacher&lsquo;s pet |Lingorm,ยกค
r9414,https://www.readawrite.com/a/Zevox8,รักเธอนะ | lingorm,Ling Orm.....
r9415,https://www.readawrite.com/a/Zevp0f,ตราประทับของอัลฟ่า | LingOrm,เมษาวรินทณ์
r9416,https://www.readawrite.com/a/Zevp84,ข้างอลิสมีณภัทรเสมอ|OrmLing,อยากกินไก่
r9417,https://www.readawrite.com/a/Zevpcs,(OS) Naughty Cat &mdash; ormling,itsnir9
r9420,https://www.readawrite.com/a/Zevq6j,เด็กช่าง&hellip; | LingOrm,- Mixed Blood -
r9426,https://www.readawrite.com/a/Zevt7i,พี่คิดจะจริงใจกับเราบ้างปะ|Lingorm,y/n
r9431,https://www.readawrite.com/a/Zevyct,เพื่อนรัก|lingorm,lingorm
r9432,https://www.readawrite.com/a/Zevyix,เจ้านายสุดที่(ลับ) l lingorm,มมซม.
r9435,https://www.readawrite.com/a/Zew06r,สุ่ม|ormling,ผมชื่อไพโรจน์ฮะห์
r9439,https://www.readawrite.com/a/Zew1ck,drafting situations,เสพจิ้นเกินขนาดจนโอเว่อร์โดส
r9445,https://www.readawrite.com/a/Zew2e3,ฉันรักเธอ,Sunflower 🌻
r9449,https://www.readawrite.com/a/Zew55m,ละครโรบอก,Tammy(Thanchanok)
r9450,https://www.readawrite.com/a/Zew561,เฟยหลงอัยย์ - lingorm,louaticha
r9452,https://www.readawrite.com/a/Zew7g1,the dagger and the rose | lingorm,จิ้งจอกก้อน
r9459,https://www.readawrite.com/a/Zewa25,แพ้พ่ายสารวัตรนักเรียน&hellip;#LingOrm,พระจันทร์ในเวลากลางวัน🌕
r9460,https://www.readawrite.com/a/Zewa6v,อาจารย์ธีร์วา|LINGORM,secret
r9461,https://www.readawrite.com/a/Zewb1d,หลิงหลิงคลอว,หลิงออม
r9465,https://www.readawrite.com/a/Zewdky,Hi ! Do(g)c | rydew,SkyeBloom
r9469,https://www.readawrite.com/a/Zewfi4,แสงดาวของอันอัน | Lingorm,ท้องฟ้าเวลากลางคืน
r9472,https://www.readawrite.com/a/Zewgxy,ปัณณ์กุลนันท์ | ormling,ยี่สิบสามตุลา
r9473,https://www.readawrite.com/a/Zewh79,แค่เพียงสบตา |LINGORM,คุณปลาดาว🪸
r9477,https://www.readawrite.com/a/Zewlt3,น้องข้างบ้าน | Lingorm,AKSL
r9479,https://www.readawrite.com/a/Zewm3t,Spy falls in love with you | LingOrm,สายลม
r9481,https://www.readawrite.com/a/Zewmvf,ลดาอัคคี | Lingorm,tulips
r9482,https://www.readawrite.com/a/Zewnhm,สะใภ้ตระกูลอัศวเดช,keppk😆😆
r9486,https://www.readawrite.com/a/Zewqmx,ลังเลใจ|lingorm,kardos
r9487,https://www.readawrite.com/a/Zewqrp,คนแปลกหน้าที่คุ้นเคย|lingorm,prikjeask
r9489,https://www.readawrite.com/a/Zewru3,พ่อบ้านใจ(ไม่)กล้า|lingorm,wan_284
r9491,https://www.readawrite.com/a/Zews5k,[มี E-Book] มัชเฌมันตรา (Rain Wedding),Brightpolar
r9492,https://www.readawrite.com/a/Zewt2p,คุณแฟนเด็ก | lingorm,L_O
r9495,https://www.readawrite.com/a/Zewx1f,Nostalgia|OrmLing,Cherry Blossom✿
r9496,https://www.readawrite.com/a/Zewy91,ปะป๊าวาริน | lingorm,ArisAwrite
r9497,https://www.readawrite.com/a/Zex0ms,คัทนี้ที่รัก! - lingorm,เจ้าหญิงดอกไม้💐
r9498,https://www.readawrite.com/a/Zex1pn,เหมียวแพน |Lingorm,โอมจงอิน
r9499,https://www.readawrite.com/a/Zex1qh,นิสิตคนโปรด | LingOrm,เมษาวรินทณ์
r9501,https://www.readawrite.com/a/Zex33f,ซอลเชอรีน | ormling,ยี่สิบสามตุลา
r9504,https://www.readawrite.com/a/Zex6ka,Hope you love me in Peace | lingorm,SamuSama
r9512,https://www.readawrite.com/a/Zexdlx,คิณณ์ณภัทร,คุณวงศ์
r9513,https://www.readawrite.com/a/Zexeam,(OS) ประดับดาวพราวตะวัน | lingorm,ยิบเอ็ด
r9517,https://www.readawrite.com/a/Zexf8j,เหนือฟ้า | lingorm,kun_korn
r9518,https://www.readawrite.com/a/Zexf9n,น่านฟ้า | lingorm,kun_korn
r9520,https://www.readawrite.com/a/Zexgwy,พันดาว|LingOrm,นิยายวันชิวชิว
r9521,https://www.readawrite.com/a/Zexhhn,เกมของสายเลือด|lingorm,meen nichakun🤍
r9525,https://www.readawrite.com/a/Zexkkl,Love has to wait | Lingorm,fc ook-orm
r9528,https://www.readawrite.com/a/Zexm5r,น้องเหินฟ้าพี่นับดาว | lingorm,stopth
r9532,https://www.readawrite.com/a/Zexorb,may be the next life | lingorm,poyb
r9533,https://www.readawrite.com/a/Zexpok,The Ex-Files | LingOrm,Zyro lune
r9534,https://www.readawrite.com/a/Zexr4b,จีนท้อ | Lingorm,Mėu
r9535,https://www.readawrite.com/a/Zexsci,Ma Boss | LingOrm,ก้านหอมสองแท่ง
r9536,https://www.readawrite.com/a/Zexsen,Just you  | lingorm,หมูแคระน้อย
r9539,https://www.readawrite.com/a/Zey0eg,Ray of Kirin แสงสว่างของคีริน l Lingorm,Galuboiy
r9541,https://www.readawrite.com/a/Zey0ta,sasipim | lingorm,คุณผีไออุ่น
r9542,https://www.readawrite.com/a/Zey109,แทนคุณ | lingorm,กรณ์ลภัส
r9543,https://www.readawrite.com/a/Zey13y,พี่รักทิศนะ|lingorm,wan
r9544,https://www.readawrite.com/a/Zey1ws,ทิวเขา|LingOrm,Venus.🐶
r9546,https://www.readawrite.com/a/Zey2eb,วาสิตาระบายรัก(ษ์) [LINGORM/FUTA],Paiitsu96
r9549,https://www.readawrite.com/a/Zey4sk,56% | lingorm,jk.
r9550,https://www.readawrite.com/a/Zey565,(os)blind | lingorm,𝑅𝑢𝑏𝑦𝑠𝑖𝑎𐙚
r9551,https://www.readawrite.com/a/Zey5co,รักนี้มีสัญญา | Lingorm,k'LeeO
r9552,https://www.readawrite.com/a/Zey5rl,What&rsquo;s love?,My dark side 🌚
r9555,https://www.readawrite.com/a/Zey84a,The Last Reaper |Lingorm,bella rose
r9559,https://www.readawrite.com/a/Zeyfa9,อย่าดื้อสิคะคนสวย|Lingorm,y/n
r9560,https://www.readawrite.com/a/Zeyfbc,แค่นี้ก็จบ,ｌｉｎｇｏｒｍ
r9562,https://www.readawrite.com/a/Zeyh5a,ลมเหนือ| lingorm,NAMO
r9563,https://www.readawrite.com/a/Zeyi6u,ดวงใจ |lingorm,T_T🌻
r9564,https://www.readawrite.com/a/Zeyiac,โอบกาญจน์,ชงเจ้ม
r9566,https://www.readawrite.com/a/Zeyj2t,เมียจำยอม | LingOrm,ดอกฝิ่น กลิ่นเธอ
r9569,https://www.readawrite.com/a/Zeymf7,พี่ของพี่ | หลิง x ออม |,สิ้น
r9571,https://www.readawrite.com/a/Zeymt5,Season change | Lingorm,บะลั่กกั่ก
r9572,https://www.readawrite.com/a/Zeyn7k,ล้างแค้น|OrmLing,lidekauan^^
r9574,https://www.readawrite.com/a/Zeyon7,Open Heart | Lingorm,bella rose
r9575,https://www.readawrite.com/a/Zeyoq4,เราดังไปด้วยกันนะ|Lingorm,y/n
r9577,https://www.readawrite.com/a/Zeyq6v,ไอรินกรุ่นรัก | lingorm,ArisAwrite
r9582,https://www.readawrite.com/a/Zeysn9,| Cinnamon girl |,Weather 🌧️
r9590,https://www.readawrite.com/a/Zf009q,สักวัน&hellip;(เดี๋ยวก็ลืม) | lingorm,short story
r9593,https://www.readawrite.com/a/Zf0137,&ldquo;หนึ่งครั้งจากฉันถึงเธอ&rdquo; |lingorm,Convallaria_majalis
r9599,https://www.readawrite.com/a/Zf03ui,ไม่อยากเป็นแค่น้อง | LingOrm,เมษาวรินทณ์
r9600,https://www.readawrite.com/a/Zf0581,เทรนเนอร์ | lingorm &sup1;⁸,Pan_08
r9601,https://www.readawrite.com/a/Zf05rq,Fan club or Fan krab | Lingorm,urfavgirl
r9603,https://www.readawrite.com/a/Zf067d,พี่ หลิง  หนี แฟน ไป เที่ยว,หลิงออม
r9611,https://www.readawrite.com/a/Zf0ad4,พี่ปี2ห้ามรักน้องปี1:หลิงออม,ก๊าบก๊าบ
r9615,https://www.readawrite.com/a/Zf0ehf,แอบครบกัน|Lingorm,ไอหน้ากาก
r9621,https://www.readawrite.com/a/Zf0hk0,Schat - lingorm,sandyMorn
r9624,https://www.readawrite.com/a/Zf0ji8,สายรักราชวงศ์ | lingorm,ith
r9625,https://www.readawrite.com/a/Zf0jlx,ex-change(wish) | lingorm,rolypoly-
r9626,https://www.readawrite.com/a/Zf0k9x,คนซึน,ตะวัน
r9627,https://www.readawrite.com/a/Zf0knm,Servant's daughter | lingorm,Over 85 / Hour
r9628,https://www.readawrite.com/a/Zf0kvt,Hot Nerdy? | lingorm,snail milk
r9630,https://www.readawrite.com/a/Zf0ll0,มาเฟียฮ่องกง/หลิงออม,ทานตะวัน🌻
r9632,https://www.readawrite.com/a/Zf0mcg,สภาวะจำยอม | lingorm,KhunKritti
r9634,https://www.readawrite.com/a/Zf0ns4,ร้ายนักรักลูกมาเฟีย|หลิงออม,แมวน้อย🐱
r9635,https://www.readawrite.com/a/Zf0nvd,Matcha Crush เด็กมันจีบ - lingorm,JLO
r9638,https://www.readawrite.com/a/Zf0oo4,เธอมีเขา | lingorm,หมูแคระน้อย
r9640,https://www.readawrite.com/a/Zf0r12,สดุดรักพี่สาวข้างบ้าน | ออมหลิง,นักล่าไร้เงา
r9647,https://www.readawrite.com/a/Zf0vdk,Toxic Love | lingorm,k'LeeO
r9655,https://www.readawrite.com/a/Zf122j,ตกหลุมรักนายใจร้าย - lingorm,butterfly11
r9658,https://www.readawrite.com/a/Zf14b0,School of Love |lingorm,Pan_08
r9660,https://www.readawrite.com/a/Zf15ne,หลิงออม|luv,น้อวภัทส
r9661,https://www.readawrite.com/a/Zf16kj,Glimpse of Us,moxn :)
r9664,https://www.readawrite.com/a/Zf18df,ไอ่เด็กอ้วนนี่ชื่อถ้วยฟู | lingorm,khunkhun_4
r9667,https://www.readawrite.com/a/Zf1aie,blue! | lingorm,celeste25
r9669,https://www.readawrite.com/a/Zf1bfo,Sun | LingOrm,Yourname
r9670,https://www.readawrite.com/a/Zf1byt,รักแลก|LINGORM,secret
r9672,https://www.readawrite.com/a/Zf1cj0,คุณรองขจิตภัสร์  | ormling,ยี่สิบสามตุลา
r9673,https://www.readawrite.com/a/Zf1dxp,ร้ายก็รัก - ormling,bemybabyboy
r9678,https://www.readawrite.com/a/Zf1fx1,แด่เธอผู้เป็นที่รัก &sbquo; lingorm,แด่เธอ
r9680,https://www.readawrite.com/a/Zf1i92,How toหัวใจหวั่นไหว(หลิงออม),фокус:з
r9682,https://www.readawrite.com/a/Zf1ie1,"Sweet Dreams, Stranger",พายุฤดู
r9683,https://www.readawrite.com/a/Zf1ii7,สาวรับใช้ | LingOrm,ทำไมครูชอบสั่งการบ้าน
r9685,https://www.readawrite.com/a/Zf1juf,สัญญาณ | LingOrm,Seren Lune
r9686,https://www.readawrite.com/a/Zf1ka3,620 horsepower &mdash; lingorm,underp
r9688,https://www.readawrite.com/a/Zf1ms1,K_Queen | Lingorm,Khuncarrot
r9690,https://www.readawrite.com/a/Zf1pj5,เธอมันก็ดีแต่ปาก | Lingorm,Mix heart
r9691,https://www.readawrite.com/a/Zf1poj,ผ.อ.ที่รัก&amp;เลขาที่รัก| หลิงออมxอิงล็อต,tomei
r9692,https://www.readawrite.com/a/Zf1qeh,"30,000 ft | lingorm | 中文翻译",tunnnner
r9694,https://www.readawrite.com/a/Zf1rcf,[จบ] สู่นรกคนเป็น 1 | lingorm,เรือร้างที่ยังมีลมหายใจ
r9695,https://www.readawrite.com/a/Zf1sjt,เลขาส่วนตัว | Lingorm,K.Chali01
r9696,https://www.readawrite.com/a/Zf1tg6,Love you |หลิงออม,ไฟฟ้าาา
r9698,https://www.readawrite.com/a/Zf1vh0,ที่รักของป๋ม|Lingorm,y/n
r9700,https://www.readawrite.com/a/Zf1x2c,love|lingorm,Hellboy
r9707,https://www.readawrite.com/a/Zf20pg,A Page a Day for Her|Lingorm,หากฉันจะขอพร
r9708,https://www.readawrite.com/a/Zf22vt,พบรัก|หลิงออม,Ling🤍orm
r9709,https://www.readawrite.com/a/Zf22wr,ยัยซื่อบื่อเอ้ย:หลิงออม,เจนสุดา
r9712,https://www.readawrite.com/a/Zf25g2,See You Again - LINGORM,My Apollo
r9717,https://www.readawrite.com/a/Zf27qu,"it's you, babe - lingorm",jflower
r9721,https://www.readawrite.com/a/Zf28bn,อ้อมกอดของนภา | LingOrm,ฮั่นฮั่น
r9723,https://www.readawrite.com/a/Zf2ak6,"She's Totally My Vibe (But Like, A Lawyer?) &mdash; lingorm",Lin&eacute;a Script
r9727,https://www.readawrite.com/a/Zf2br9,หน้าต่างบานหนึ่ง:หลิงออม,เจนสุดา
r9728,https://www.readawrite.com/a/Zf2bwh,ดอกม่วง-หลิงออม,เจี่ยเฟ่ย
r9730,https://www.readawrite.com/a/Zf2cel,ธรณีนี่นี้เธอครอง,ZE191
r9733,https://www.readawrite.com/a/Zf2cys,ใกล้เกินกว่าจะพูดว่ารัก | lingorm,จิงจุ้งสะดุ้งน้ำ
r9734,https://www.readawrite.com/a/Zf2e4x,Stat! My Heart Skipped a Beat &mdash; lingorm,Lin&eacute;a Script
r9737,https://www.readawrite.com/a/Zf2hc7,Black Destiny,Marmali
r9738,https://www.readawrite.com/a/Zf2i5d,#เพื่อนรักห้ามรัก | Lingorm,ice._love
r9741,https://www.readawrite.com/a/Zf2jk1,อย่าปากดี|หลิงออม,Ling🤍orm
r9742,https://www.readawrite.com/a/Zf2ks3,แฟนรุ่นน้อง/หลิงออม,หลิงออม
r9745,https://www.readawrite.com/a/Zf2m4n,กวนดีนัก เดี๋ยวรักแม่งซะเลย | lingorm,KhunDodai
r9747,https://www.readawrite.com/a/Zf2o0w,Thereisnoloveinthisroom | Lingorm,dormitory manager.
r9749,https://www.readawrite.com/a/Zf2pff,rhythm of life เพราะจังหวะชีวิตที่ไม่เท่ากัน |ormling,ทนิมทจัย
r9752,https://www.readawrite.com/a/Zf2rss,ครูฝึกสอน | lingorm,คนดีศรีเสม็ด
r9753,https://www.readawrite.com/a/Zf2s42,บ้านคุณฉัตรทิชา | ormling,ยี่สิบสามตุลา
r9757,https://www.readawrite.com/a/Zf2t3k,หากชาติหน้ามีจริง |LingOrm,linganguuu
r9758,https://www.readawrite.com/a/Zf2tqb,คุณคือภารกิจ|Ling Orm Inglot Freebeck,อัจจิมา
r9760,https://www.readawrite.com/a/Zf2usg,อินทกรณ์ - LingOrm,K.Phee
r9761,https://www.readawrite.com/a/Zf2w3t,ดวงใจ - lingorm,depianis
r9763,https://www.readawrite.com/a/Zf2w7m,อินทรากรณ์ - LingOrm,K.Phee
r9766,https://www.readawrite.com/a/Zf2xn9,หมาเด้กครั่งรักพี่คนสวย | lingorm,แอลแต่งนิยายยูริ
r9771,https://www.readawrite.com/a/Zf348u,งดเที่ยวคาเฟ่|lingorm,มุงึกมะงึก
r9774,https://www.readawrite.com/a/Zf377g,100% | lingorm,Tichao
r9775,https://www.readawrite.com/a/Zf38l7,good music for bad days | lingorm - 9779,mistletoe.
r9776,https://www.readawrite.com/a/Zf392y,Reverie | LingOrm,DNA9
r9784,https://www.readawrite.com/a/Zf3gbn,COWORKERS | lingorm,12:00 下午
r9786,https://www.readawrite.com/a/Zf3hrl,วิศวะรักเด็ก | lingorm,Luvinly ⌛️
r9787,https://www.readawrite.com/a/Zf3jh0,พันธะผูกใจ LingOrm (ท้องได้),Winja
r9788,https://www.readawrite.com/a/Zf3jm9,WARA (ภายในจาน) | Lingorm,capturemoncoeur
r9790,https://www.readawrite.com/a/Zf3l3o,หลิงออม|lingorm,Ppraww
r9791,https://www.readawrite.com/a/Zf3l3u,patuuq &mdash; ormling,itsnir9
r9792,https://www.readawrite.com/a/Zf3ld4,ของเล่นใหม่(it my)|lingorm,ryrai
r9794,https://www.readawrite.com/a/Zf3mrn,Perfect fifth | LingOrm,La maiSonJ
r9797,https://www.readawrite.com/a/Zf3rhy,มั่งมี 888 | LingOrm,iwannashare.
r9799,https://www.readawrite.com/a/Zf3so0,KornAyelin |Ormling,Lunther&aacute;
r9805,https://www.readawrite.com/a/Zf3y7f,m&eacute;i guān xi &mdash; #สวัสดีค่ะพี่เม่ย,16race
r9808,https://www.readawrite.com/a/Zf41xh,เธอกลับมา: lingorm,ลักษกรณ์
r9809,https://www.readawrite.com/a/Zf42d5,Mystery Bartender l Lingorm,AongsaNuea
r9813,https://www.readawrite.com/a/Zf45on,Always missing you | lingorm,yuparat
r9814,https://www.readawrite.com/a/Zf46tn,เกล็ดแห่งคำสาบาน / LingOrm,จันทร์นาคินทร์
r9815,https://www.readawrite.com/a/Zf47m8,คีย์ | lingorm,Kun wila
r9817,https://www.readawrite.com/a/Zf49hb,แฟนเก่า|หลิงออม,Lingorm👍🏻
r9818,https://www.readawrite.com/a/Zf49ue,Queen&amp;amp:Lily|LingOrm,Lucifer
r9820,https://www.readawrite.com/a/Zf4b16,การพบเจอ,สมหมายสมยศ
r9821,https://www.readawrite.com/a/Zf4bt9,Lingling|Aom Kornpat,haahkwi://ddd.yuiojoo.cpl/redApoljegxklj
r9823,https://www.readawrite.com/a/Zf4cmk,ใจอ่อนให้เราหน่อยไม่ได้หรอคะ|Lingorm,y/n
r9826,https://www.readawrite.com/a/Zf4eho,The Space ระหว่างเรา - lingorm,JLO
r9827,https://www.readawrite.com/a/Zf4f1a,สะใภ้กาฬสินธุ์ |lingorm,คุนไข่ตุ๋น
r9829,https://www.readawrite.com/a/Zf4fvx,ผัวเด็ก | Lingorm,จุ๋ยเองครับ
r9830,https://www.readawrite.com/a/Zf4hkv,doing now,ลมหมอก
r9832,https://www.readawrite.com/a/Zf4hyh,คุณทหารเรือที่รัก | LingOrm,makersan
r9833,https://www.readawrite.com/a/Zf4i76,Hidden |lingorm,Thanks for
r9834,https://www.readawrite.com/a/Zf4iu0,มีคนคุม|Lingorm,ไอหน้ากาก
r9835,https://www.readawrite.com/a/Zf4iwj,จากอริ มาเป็นเมียได้ไงวะ| LINGORM,Tee rak
r9836,https://www.readawrite.com/a/Zf4iwv,ฤดูใบไม้ผลิ &mdash; lingorm,baithanya
r9839,https://www.readawrite.com/a/Zf4mtr,ภารกิจปกป้องคือประเทศ ภารกิจหัวใจคือเธอ | หลิงออม,K โพแทสเซียม
r9841,https://www.readawrite.com/a/Zf4ont,ผมวิดวะเธอบัญชี | lingorm (Omegaverse),ใต้ฝุ่น:p
r9843,https://www.readawrite.com/a/Zf4us5,รักนิรันดร์,เจ็บเพราะรัก
r9844,https://www.readawrite.com/a/Zf4vj3,Whispers of Love | Lingorm,I&rsquo;m ok Not ok
r9845,https://www.readawrite.com/a/Zf4xjn,บอดี้การ์ดกับดาราสาว|lingorm,tmgxi
r9848,https://www.readawrite.com/a/Zf51aj,ฉันให้โอกาสคุณ | lingorm,yuparat
r9849,https://www.readawrite.com/a/Zf51bs,กลับมารักกัน (หลิง&amp;amp;ออม),550
r9854,https://www.readawrite.com/a/Zf54yp,Soldier x Doctor | lingorm (Omegaverse),ใต้ฝุ่น:p
r9857,https://www.readawrite.com/a/Zf56u3,ซาตานที่รัก_LingOrm,ไอหู้
r9862,https://www.readawrite.com/a/Zf5dkx,TUTOR101 | Lingorm,Hazely
r9863,https://www.readawrite.com/a/Zf5ewu,ห้อง 319 | LingOrm,goldenatl
r9864,https://www.readawrite.com/a/Zf5gmj,ปิงหลงซี | lingom,Seraphina .
r9865,https://www.readawrite.com/a/Zf5gsw,Marine | Lingorm,GUGU
r9868,https://www.readawrite.com/a/Zf5j0n,Green Tea &amp; Honey || Lingorm,millionplaces
r9869,https://www.readawrite.com/a/Zf5jaw,Muted Heart | LingOrm,Zyro lune
r9871,https://www.readawrite.com/a/Zf5l7s,เพื่อนเธอ | lingorm,T T
r9874,https://www.readawrite.com/a/Zf5lsc,บอดี้การ์ด และ คุณหนู,สีขาว
r9875,https://www.readawrite.com/a/Zf5mmw,แม่ทูนหัว &mdash; Lingorm,โบ้บ้อกแบ้ก
r9876,https://www.readawrite.com/a/Zf5nkf,Hope for tomorrow | lingorm (omegaverse),Fharaoh
r9877,https://www.readawrite.com/a/Zf5o2i,Beautiful in white? &mdash; lingorm,rosieonyou
r9878,https://www.readawrite.com/a/Zf5opn,Try loving - lingorm,mungkod
r9880,https://www.readawrite.com/a/Zf5qcr,แอบรักรุ่นน้อง,สีขาว
r9884,https://www.readawrite.com/a/Zf5u8w,Naughty Green Flag | LingOrm,RogerRose 💐
r9885,https://www.readawrite.com/a/Zf5uf1,Destiny of Flowers in the Mirror,Ash Serene
r9888,https://www.readawrite.com/a/Zf5xqg,รักนี้มีแค่เธอ//หลิงออม,รักนี้มีแค่เธอ//หลิงออม
r9893,https://www.readawrite.com/a/Zf641d,ดวงใจนที | lingorm,khuntien
r9896,https://www.readawrite.com/a/Zf64wh,The secret |Lingorm|,mayrinn.
r9900,https://www.readawrite.com/a/Zf6786,คุณหมอกัญญาวีร์,Chann.lt
r9902,https://www.readawrite.com/a/Zf67s8,Meen | lingorm,Kun wila
r9903,https://www.readawrite.com/a/Zf6802,รัก (ไม่) ตามสูตร วิศวะกับครู |lingorm,โกลเด้นของเธอ
r9907,https://www.readawrite.com/a/Zf6amq,เพลงโปรดของมีน - LingOrm,My Apollo
r9909,https://www.readawrite.com/a/Zf6ari,เริ่มจากแค้น | lingorm,Ayo_LO
r9911,https://www.readawrite.com/a/Zf6bgf,suanamin | ormling,Lyrique
r9912,https://www.readawrite.com/a/Zf6cxj,921 | lingorm,youmakemyheartquake
r9913,https://www.readawrite.com/a/Zf6drv,Love is pain |Lingorm,tidxp.
r9917,https://www.readawrite.com/a/Zf6ek6,อัญญาศิริ - OrmLing,K.Phee
r9918,https://www.readawrite.com/a/Zf6fn5,First Love | Lingorm,JEZEBEL1
r9920,https://www.readawrite.com/a/Zf6fyc,Make me,คืนที่สามสิบแปด
r9921,https://www.readawrite.com/a/Zf6g9i,veronica &mdash; lingorm (omegaverse),Maisie-s
r9922,https://www.readawrite.com/a/Zf6h73,คาถารักสะกดผี,Ash Serene
r9923,https://www.readawrite.com/a/Zf6hl0,Bittersweet - OrmLing,Nanami Run
r9924,https://www.readawrite.com/a/Zf6i6r,คิดว่าจะลืม | LingOrm,inmak
r9925,https://www.readawrite.com/a/Zf6ilo,พิงใจ|LINGORM,secret
r9929,https://www.readawrite.com/a/Zf6nfo,"รักนะคะคุณมาเฟีย|Lingorm,Englot,Freenbeck",สมุทรเมฆานภาลัย (คุณสมุทร)
r9936,https://www.readawrite.com/a/Zf6pnj,พ่ายรักน้องเพื่อน|Lingorm,กินเส้นไม่ผัก.
r9939,https://www.readawrite.com/a/Zf6r91,กลับมาเป็นเหมือนเดิมได้ไหม,หลิงออม
r9942,https://www.readawrite.com/a/Zf6rot,ฝากไว้ในเงาเลือด |Lingorm,bella rose
r9943,https://www.readawrite.com/a/Zf6t26,ดอกไม้พลาสติก,C C
r9945,https://www.readawrite.com/a/Zf6v0j,ปรับเกรด4เพื่อเข้าโรงเรียนที่ฝัน|ormling,ยูริ
r9947,https://www.readawrite.com/a/Zf6ve6,Instagram | lingorm,ArisAwrite
r9949,https://www.readawrite.com/a/Zf6w8t,เราก็เป็นเพื่อนกันมานานแล้วนะ,หลิงออม
r9950,https://www.readawrite.com/a/Zf6wkk,แมวน้อยมิลค์|LingOrm,ฮาปลาเปลี้ยว
r9954,https://www.readawrite.com/a/Zf72ya,นี่เจ๊เองค่ะหล่อน | LingOrm,บุ้งบิ้ง
r9955,https://www.readawrite.com/a/Zf749b,คิดถึงให้หนำใจ | lingorm,LO520
r9961,https://www.readawrite.com/a/Zf7892,ไอ้เด็กบ้า(หลิงออม),ฟรินนนนนเกินนนน
r9964,https://www.readawrite.com/a/Zf78tv,น้องสุดที่รัก,ฟรินนนนนเกินนนน
r9965,https://www.readawrite.com/a/Zf7a51,เพียงรัก | LingOrm (short fic),Yourname
r9967,https://www.readawrite.com/a/Zf7bsc,โครตน่ารัก(หลิงออม),โครตน่ารักอะ
r9970,https://www.readawrite.com/a/Zf7dv2,by accident | lingorm,น้องขิงยังไม่โต
r9972,https://www.readawrite.com/a/Zf7f29,คนโปรดของลิน |LingOrm,Krystal
r9973,https://www.readawrite.com/a/Zf7g37,"Bite Me, Babe | LingOrm",moonlightU.
r9975,https://www.readawrite.com/a/Zf7gjt,พ่อครู | lingorm (Omegaverse),ใต้ฝุ่น:p
r9976,https://www.readawrite.com/a/Zf7glh,Morning soon | หลิงออม,test note
r9977,https://www.readawrite.com/a/Zf7hju,characteristics of a good puppy - ormling,tinymuffy
r9978,https://www.readawrite.com/a/Zf7i5k,ร้านสะดวกรัก24ชม.|lingorm|,เจ้าชายนายขนมต้ม
r9979,https://www.readawrite.com/a/Zf7irs,enemy | LingOrm,july9th
r9992,https://www.readawrite.com/a/Zf7qen,หลงรักมาเฟีย,รัตนาภรณ์  mato
r9995,https://www.readawrite.com/a/Zf7seu,รินลดา | lingorm,snail milk
r9998,https://www.readawrite.com/a/Zf7tfg,แผนร้ายแผนรัก | LingOrm,Haru
r9999,https://www.readawrite.com/a/Zf7tim,Our Colliding Hours - LingOrm,ฮานึล
r10001,https://www.readawrite.com/a/Zf7ueq,แพ้รัก | lingorm,tmgxi
r10003,https://www.readawrite.com/a/Zf7vje,สอนพี่รักหน่อย |LingOrm,privatemind
r10010,https://www.readawrite.com/a/Zf7xug,ลิขิตฟ้าปรปักษ์รัก|หลิงออม,Asherxz
r10012,https://www.readawrite.com/a/Zf7yy8,รักของเรา|หลิงออม,ไนท์ไง
r10013,https://www.readawrite.com/a/Zf80o2,ร้านบะหมี่เกี๊ยวซอ | LingOrm,คุณอาเจ
r10015,https://www.readawrite.com/a/Zf814a,ภาพวาด/ lingorm,ทิวลิปภูเขา
r10019,https://www.readawrite.com/a/Zf82do,ย้อนเวลารัก | lingorm,lin_x
r10020,https://www.readawrite.com/a/Zf82sk,Tell you for...  | lingorm,โกโก้ชอบกินชาเย็นหวานร้อย
r10026,https://www.readawrite.com/a/Zf85d5,พบฮัก|LingOrm,อิอิอุอะ
r10028,https://www.readawrite.com/a/Zf85rq,หลงรักสาวมหาลัย,รักบัส
r10031,https://www.readawrite.com/a/Zf86dk,The Queen&rsquo;s Chemistry l LingOrm (Omegaverse),Chaowanphut
r10032,https://www.readawrite.com/a/Zf86dm,เมษาอันยา,Lile
r10035,https://www.readawrite.com/a/Zf87oi,บอกกี่ครั้งแล้ว |lingorm,SATANG_24
r10036,https://www.readawrite.com/a/Zf88hh,Avida l Lingorm,Wongga
r10037,https://www.readawrite.com/a/Zf88ut,โรงเรียนสุดเฮี้ยน|lingorm,นทีที่แปลว่าเวลา
r10043,https://www.readawrite.com/a/Zf8blu,Under the mask | lingorm,Over 85 / Hour
r10044,https://www.readawrite.com/a/Zf8c5q,OS | #เปรมไม่แต่ง &ndash; lingorm,hidaisy🦢
r10049,https://www.readawrite.com/a/Zf8dxa,ชาติที่แล้วไม่ได้รัก ชาตินี้พี่ต้องได้รัก | LingOrm,-ดาวเสาร์-
r10051,https://www.readawrite.com/a/Zf8g1b,แผลเก่า | lingorm,ℕ𝔼𝕎 𝔻𝔸𝕐 ♡
r10052,https://www.readawrite.com/a/Zf8g8i,ปุณณรัก|LingOrm,ตอนสุดท้ายนิยายรัก
r10053,https://www.readawrite.com/a/Zf8hgw,possessed by aran - lingorm,mellope
r10057,https://www.readawrite.com/a/Zf8m5a,ซ่อนรักใต้ใบชา | หลิงออม,เสี้ยวตะวัน
r10061,https://www.readawrite.com/a/Zf8nyl,พี่คนสวย-ormling,jokkeysarans
r10062,https://www.readawrite.com/a/Zf8orx,รินไวน์ | LingOrm,บุคคลทั่วไป
r10068,https://www.readawrite.com/a/Zf8xgk,Dear My Idol |Lingorm,bella rose
r10069,https://www.readawrite.com/a/Zf8xr8,เขียนถึงคุณ Lingorm,The little tulip
r10071,https://www.readawrite.com/a/Zf92mp,หลิงออมตอนเจอกันครั้งแรก #wlw,kantida.xi0
r10073,https://www.readawrite.com/a/Zf92xh,นภัสศิริ | ormling,ยี่สิบสามตุลา
r10074,https://www.readawrite.com/a/Zf9319,สะใภ้ลี่หลิน|lingorm|媳婦李琳,เหม่ยซาน梅山
r10078,https://www.readawrite.com/a/Zf95vh,หลิงออม,kantida.xi0
r10080,https://www.readawrite.com/a/Zf96ua,38DAYS | LingOrm,วาเลนไทน์เดือนเก้า
r10082,https://www.readawrite.com/a/Zf98gh,ฟ้าประทานให้เธอมารัก,กล้องม่วง
r10083,https://www.readawrite.com/a/Zf98jy,พี่ปลากัดป่ะ - ormling,"AichaKhio,"
r10085,https://www.readawrite.com/a/Zf99kn,แค่เพื่อนรัก [Lingorm],เจ้ากล้วย🍌🦈
r10087,https://www.readawrite.com/a/Zf99xr,Because of you | LingOrm,RogerRose 💐
r10089,https://www.readawrite.com/a/Zf9c5j,แอบรักรุ่นน้อง,..
r10090,https://www.readawrite.com/a/Zf9c5v,เพื่อนไม่เล่นเพื่่อน|หลิงออม,Ling🤍orm
r10091,https://www.readawrite.com/a/Zf9e21,.,Irin&bull;~&bull;
r10095,https://www.readawrite.com/a/Zf9h7t,เริ่มจากหลิงออม แล้วกลายเป็นเธอ,Nisa_war
r10098,https://www.readawrite.com/a/Zf9i9m,ใจซ่อนรัก//หลิงออม//,Lingorm👍🏻
r10100,https://www.readawrite.com/a/Zf9jhx,รักของเราหรือของฉันคนเดียว | lingorm,chumpla
r10108,https://www.readawrite.com/a/Zf9mwc,วิงวอน |lingorm,T_ser
r10110,https://www.readawrite.com/a/Zf9n8r,ห้วงธาราแห่งรัก,ppct
r10112,https://www.readawrite.com/a/Zf9nf0,Whispers Over Whiskey | lingorm,piengrukarenx
r10113,https://www.readawrite.com/a/Zf9nli,อลิสรินท์ | Lingorm,tulips
r10114,https://www.readawrite.com/a/Zf9oie,ธี(รัก)ษ์เจ้าขา,TN46
r10115,https://www.readawrite.com/a/Zf9ovw,ลูกหนี้ แทนี่,วายร้าย
r10119,https://www.readawrite.com/a/Zf9u3p,Unscripted Love | LingOrm,StepUndertheSky
r10128,https://www.readawrite.com/a/Zfa06j,Steel Heart | lingorm,Minazuka
r10129,https://www.readawrite.com/a/Zfa0p8,ทางเลือก | lingorm,KhunKritti
r10134,https://www.readawrite.com/a/Zfa5pj,ฝืนหัวใจไม่ให้รัก หลิงออม,สาม น.
r10140,https://www.readawrite.com/a/Zfa7wr,อัญญารัตน์ - LingOrm,K.Phee
r10142,https://www.readawrite.com/a/Zfa8l1,อาริตา | Ormling,เบญจาเอง
r10143,https://www.readawrite.com/a/Zfa9se,fleur d&rsquo;Eiffel &mdash; ormling,พิเศษสุด
r10148,https://www.readawrite.com/a/Zfac0f,Bad boss | lingorm,Pan_08
r10149,https://www.readawrite.com/a/Zfacde,แฝด|หลิงออม,supa(พิมพ์ผิดบ้างขออภัยนะคะ)
r10151,https://www.readawrite.com/a/Zfady9,สายลับนักรัก |  lingorm x 1,lingorm x 1
r10152,https://www.readawrite.com/a/Zfae6o,ลูกคุณหนูเอาแต่ใจ | ormling,ยูไอเลิฟ
r10154,https://www.readawrite.com/a/Zfafip,our time will come [Lingorm],justforfin
r10156,https://www.readawrite.com/a/Zfagns,ชีวิตนี้มีแค่ดวงดาวที่ปลอบโยน|LingOrm,เพียงนิดเดียว
r10162,https://www.readawrite.com/a/Zfajsv,คุณหมอครับมีรักมาเสิร์ฟ | Lingorm,เบญจาเอง
r10164,https://www.readawrite.com/a/Zfaknu,พรมลิขิต|lingorm,A.O
r10167,https://www.readawrite.com/a/Zfamf0,พันวา | LingOrm (short fic),Yourname
r10171,https://www.readawrite.com/a/Zfaomb,1st and last love &mdash; lingorm,ach1ra6a
r10174,https://www.readawrite.com/a/Zfaqu4,Heart&rsquo;s Resonance | lingorm,khuntien
r10179,https://www.readawrite.com/a/Zfaseq,Cielo | LingOrm,xBio7
r10182,https://www.readawrite.com/a/Zfavq9,See you somewhere|lingorm,meen nichakun🤍
r10183,https://www.readawrite.com/a/Zfavqy,肯 หลิน | Lingorm,นามปากกา:เจ้ากบ
r10184,https://www.readawrite.com/a/Zfaw94,คุณนับอนันตกาล | ormling,ยี่สิบสามตุลา
r10185,https://www.readawrite.com/a/Zfawoo,ออมของพี่หลิงหลิง//,นาย อักศรศาตร์
r10186,https://www.readawrite.com/a/Zfawqn,fallin in love | lingorm,diorlyn &lt;3
r10187,https://www.readawrite.com/a/Zfawu2,ออมของพี่หลิงหลิง//,อักศรศาสตร์
r10189,https://www.readawrite.com/a/Zfaxhw,ภัทรศกรณ์ |lingorm,คีรีย์
r10190,https://www.readawrite.com/a/Zfaxvb,พันไมล์ปุณยวีร์ | lingorm,Littleclouds
r10191,https://www.readawrite.com/a/Zfb040,พิมพ์ณดา| LINGORM,ตะวันฉาย
r10196,https://www.readawrite.com/a/Zfb2lb,ชั้นที่ 13 | lingorm,Pinkdolphin
r10197,https://www.readawrite.com/a/Zfb3fh,พ่ายรักนางบำเรอ |Lingorm,กินเส้นไม่ผัก.
r10204,https://www.readawrite.com/a/Zfb9lt,นางบำเรอ | lingorm,ledy  kaa
r10205,https://www.readawrite.com/a/Zfb9p5,วาสนารัก,Kanthrakron
r10208,https://www.readawrite.com/a/Zfbca5,คดีนี้เพื่อเธอ | Lingorm,หูกระต่ายสีชมพู
r10209,https://www.readawrite.com/a/Zfbebn,ฟาร์มรัก|Lingorm,เจ้าหมูตัวนิ่ม
r10211,https://www.readawrite.com/a/Zfbfue,Smile | lingorm,เราเองปลาส้ม
r10212,https://www.readawrite.com/a/Zfbfv6,Kill To Love|Lingorm,bella rose
r10216,https://www.readawrite.com/a/Zfbhs3,บนดอยคอยรัก ; lingorm,navie
r10219,https://www.readawrite.com/a/Zfbijp,"Love or not, you'll know soon.|lingorm",ฮารุ-คุง
r10222,https://www.readawrite.com/a/Zfbkjd,พิมพ์สุภา | lingorm,เจ้าใจรัก
r10227,https://www.readawrite.com/a/Zfbp52,The 10-Year Theory | LingOrm,ktb.x9
r10228,https://www.readawrite.com/a/Zfbpd4,การกลับมาของเธอ | lingorm,Mee7045
r10231,https://www.readawrite.com/a/Zfbqir,นาฏวัติ |หลิงออม,ทีทีเอง
r10236,https://www.readawrite.com/a/Zfbu89,แฟนเดย์ แฟนกันวันเดียว(?) [Lingorm/FUTA],Paiitsu96
r10237,https://www.readawrite.com/a/Zfbuk6,ห้องลับหมายเลข 18 | lingorm &sup1;⁸,Pan_08
r10241,https://www.readawrite.com/a/Zfby4l,แค่เธอกับกาแฟแก้วเดียว | lingorm,ไม่เอาจะเอาชาเย็นน!
r10242,https://www.readawrite.com/a/Zfbysr,ที่รัก(ลับ) | LingOrm,Yourname
r10245,https://www.readawrite.com/a/Zfc2gw,แม่ของลูก/หลิงออม,ซื่อไม่ซ้ำจำไม่ได้
r10249,https://www.readawrite.com/a/Zfc4s9,Immune to Love|LingOrm,privatemind
r10250,https://www.readawrite.com/a/Zfc4x1,Above the sky and ocean | lingorm,thesombrero
r10252,https://www.readawrite.com/a/Zfc66d,Good girl &mdash; lingorm,Y_phyne★
r10253,https://www.readawrite.com/a/Zfc6lq,มหาสมุทร | ormling,เพอรี่ชอบกินชาเขียว
r10254,https://www.readawrite.com/a/Zfc7lx,หนินจะรักพี่อันตลอดไป | หลิงออม,Eva zzz
r10258,https://www.readawrite.com/a/Zfc9h8,lose |Lingorm,mu mu si
r10262,https://www.readawrite.com/a/Zfcfef,ไม่ได้ลืม - lingorm,JLO
r10265,https://www.readawrite.com/a/Zfcj3i,รักนี้ขอได้มั้ย,เอยงัยคะ
r10271,https://www.readawrite.com/a/Zfclol,Behind the lens | Lingorm,คุนซัน :)
r10272,https://www.readawrite.com/a/Zfclpc,สามีในสมรส| lingorm,𝑅𝑢𝑏𝑦𝑠𝑖𝑎𐙚
r10274,https://www.readawrite.com/a/Zfclyn,"""your""",T__
r10276,https://www.readawrite.com/a/Zfcqr4,รัก(ต้อง)ห้าม | OrmLing,Bluesand
r10277,https://www.readawrite.com/a/Zfcr1h,The Floral Keeper &mdash; lingorm,ศูนย์เจ็ดพฤจิ
r10279,https://www.readawrite.com/a/Zfcs86,หลิงออม,Return of Love
r10280,https://www.readawrite.com/a/Zfcsex,ธีร์ออกัส,lingorm
r10281,https://www.readawrite.com/a/Zfctkr,คุณหลิงที่รัก,Yingtai
r10282,https://www.readawrite.com/a/Zfcu06,GIRLFRIEND | Lingorm,Jjjjjjjj
r10285,https://www.readawrite.com/a/Zfcw7j,Don't Tell My Sis! | LINGORM,howsweetyouare
r10288,https://www.readawrite.com/a/Zfcx5n,ศศินาลิน &mdash; lingorm,Violet.AvaBliss.
r10292,https://www.readawrite.com/a/Zfcyrx,Consent | ormling,บะลั่กกั่ก
r10294,https://www.readawrite.com/a/Zfd1x9,คีรินคีรัน | LingOrm,jxaxr
r10300,https://www.readawrite.com/a/Zfd5b3,หมาเด่ก - Ormling,หมาแต่งฟิค(ไม่จบ)ชิกเก้น
r10306,https://www.readawrite.com/a/Zfd7ri,โปรดรักด่วน|หลิงออม,ไอซ์
r10307,https://www.readawrite.com/a/Zfd7x9,เกิดใหม่มาจีบอาจารย์พี่หลิน l Lingorm,ABUbrosUNI
r10308,https://www.readawrite.com/a/Zfd8vq,ไม่มีเธออีกแล้ว | lingorm,yuparat
r10311,https://www.readawrite.com/a/Zfda6m,(นิลาอันหอมมักถูกชิม) [lingorm/futa],yo
r10315,https://www.readawrite.com/a/Zfdc9c,the photographs | Lingorm,onething
r10321,https://www.readawrite.com/a/Zfdh0d,I&rsquo;m Ok//not Ok | LingOrm,JaoOie
r10322,https://www.readawrite.com/a/Zfdidu,Good Green : เค้าไม่กินผัก l LingOrm,Kun TuamTiam
r10324,https://www.readawrite.com/a/Zfdj4u,พรทฝ - lingorm,esmusep
r10325,https://www.readawrite.com/a/Zfdj8d,กลิ่นฝนในไร่ใจ|Lingorm,เจ้าหมูตัวนิ่ม
r10326,https://www.readawrite.com/a/Zfdjbl,Please come back - lingorm,mungkod
r10328,https://www.readawrite.com/a/Zfdk1d,home : หลิงออม,myself_pp
r10331,https://www.readawrite.com/a/Zfdmdk,หวานใจคนสวย[หลิงออม],ไรท์ไม่เถียง
r10335,https://www.readawrite.com/a/Zfdnhk,หลงรักเด็กนิเทศ!!//วินพรีม,วินพรีม
r10343,https://www.readawrite.com/a/Zfdrre,วีนาลิน | lingorm,ดาววีนัส
r10346,https://www.readawrite.com/a/Zfdscq,แฟนกระเทย | lingorm,ledy  kaa
r10350,https://www.readawrite.com/a/Zfdvvw,Fade | Lingorm,afternoonfridae
r10359,https://www.readawrite.com/a/Zfe46e,22floors &mdash; lingorm,Blue hydrangea🩵
r10360,https://www.readawrite.com/a/Zfe4bu,พี่คือไอดอลส่วนหนูแค่|Ling Om.,เสือกเรื่องของกูมึงต่อยกับกูมั้ยล่ะ
r10362,https://www.readawrite.com/a/Zfe4s5,คลินิกหัวใจ...คุณครูของหมอ,Minnie_point
r10363,https://www.readawrite.com/a/Zfe520,นภัสรลักษณ์,I love you ling ling ❤️❤️
r10365,https://www.readawrite.com/a/Zfe66c,จำนนฟ้าดิน | lingorm,khuntien
r10366,https://www.readawrite.com/a/Zfe6jx,คุณคีย์ | lingorm,หยดฟ้า
r10370,https://www.readawrite.com/a/Zfe8ac,Only tonight | Lingorm,tulips
r10371,https://www.readawrite.com/a/Zfea1b,เฮียคอง//หลิงออม//,Lingorm👍🏻
r10372,https://www.readawrite.com/a/Zfea1g,จากคืนหนึ่งถึงตลอดไป - OrmLing  (Unframed Feelings),Novemburr
r10373,https://www.readawrite.com/a/Zfeb46,สายรหัสรัก...นักศึกษาฝึกหัดป่วนใจคุณหมอ,Minnie_point
r10374,https://www.readawrite.com/a/Zfeb95,เลดี้เพอร์รีน | OrmLing,นายหนมต้ม(LINGORM)
r10376,https://www.readawrite.com/a/Zfecj7,Why?|Lingorm,place
r10381,https://www.readawrite.com/a/Zfee3c,Bar boy | lingorm,Stock up
r10382,https://www.readawrite.com/a/Zfef7h,Design Mate | LingOrm,Jots
r10383,https://www.readawrite.com/a/Zfef96,art deco  |  ormling,ดาวเน็ปจูน
r10384,https://www.readawrite.com/a/Zfefw9,ลายแทงรัก...นักโบราณคดีสุดป่วนกับCEO สาว,Minnie_point
r10388,https://www.readawrite.com/a/Zfegy1,LOVE l LingOrm,RogerRose 💐
r10390,https://www.readawrite.com/a/Zfehj9,คุณหนูไฮโซกับผู้บ่าวท้องนา|Lingorm,เจ้าหมูตัวนิ่ม
r10391,https://www.readawrite.com/a/Zfei8o,last night |morning soon,test note
r10397,https://www.readawrite.com/a/Zfemls,Iris story &mdash; lingorm,hidaisy🦢
r10398,https://www.readawrite.com/a/Zfemv3,คำใบ้จากความตาย|LingOrm,kbooo
r10400,https://www.readawrite.com/a/Zfeo22,Love delivery - LingOrm,yoos&eacute;
r10402,https://www.readawrite.com/a/Zfepui,Love After Login | LingOrm,AmosOctopus
r10406,https://www.readawrite.com/a/Zfetvo,V.. Remains l Lingorm,44.1
r10409,https://www.readawrite.com/a/Zfewuk,ไม่พูด | lingorm,icutmyhair
r10412,https://www.readawrite.com/a/Zfeyyp,Status | lingorm,น้องขิงยังไม่โต
r10416,https://www.readawrite.com/a/Zff0rw,My bodyguard | lingorm,ไทยทีหวานน้อย
r10418,https://www.readawrite.com/a/Zff1qn,Do You Think I Have Forgotten?,ชากู้แลนด์
r10419,https://www.readawrite.com/a/Zff1wb,วิวาที่หนึ่งของอลิล | ormling,สาดมาโน่น โสดมานาน
r10420,https://www.readawrite.com/a/Zff335,Our Rhythm| LingOrm,ก้านหอมสองแท่ง
r10423,https://www.readawrite.com/a/Zff4xg,The next take| LingOrm,-ChocoBreeze-
r10424,https://www.readawrite.com/a/Zff5ak,อัญภัทร | lingorm,หยดน้ำค้าง
r10425,https://www.readawrite.com/a/Zff5ms,Veil of Mist in April | LingOrm,ch&acirc;og&uacute;ay
r10430,https://www.readawrite.com/a/Zff6jl,สายใยแสงจันทร์|Lingorm,หมูตุ๋นตัวนิ่ม
r10431,https://www.readawrite.com/a/Zff6n9,Destiny | lingorm,dolphins
r10436,https://www.readawrite.com/a/Zff9mb,รักของเรา   หลิงออม,ไม่รู้
r10438,https://www.readawrite.com/a/Zffaxc,สักวันเธอจะรักฉัน | lingorm,ฝากเรื่องนี้ด้วยนะคะ
r10450,https://www.readawrite.com/a/Zffh3e,puppy my mommy | LingOrm,บุ้งบิ้ง
r10452,https://www.readawrite.com/a/Zffhqg,หลินอิง | lingorm,🤓
r10453,https://www.readawrite.com/a/Zffiws,love you (หลิงออม),123
r10456,https://www.readawrite.com/a/Zffl4t,betrayed | Lingorm,LoveIsNotASin
r10457,https://www.readawrite.com/a/Zfflm1,เป็นหนึ่งของคุณเพลง &mdash; lingorm,P.chh
r10463,https://www.readawrite.com/a/Zffq6e,time|lingorm,ซ่อนกลีบเมฆ
r10467,https://www.readawrite.com/a/Zffr6f,หลงรักคุณบาริสต้า |ormling,หิวข้าว😵&zwj;💫
r10473,https://www.readawrite.com/a/Zfftq2,FWB | LingOrm,Yourname
r10479,https://www.readawrite.com/a/Zffw1n,ไอ้บ้อกแบ้ก| Lingorm,7.60%
r10480,https://www.readawrite.com/a/Zffyjm,รวิภัทร | ormling,nepharius
r10483,https://www.readawrite.com/a/Zfg0il,เคียงฟ้า เคียงดาว เคียงคุณ | lingorm,SamuSama
r10484,https://www.readawrite.com/a/Zfg0mc,กลุ่มแชทต้องห้าม|Lingorm,หมูดูดเลือด
r10485,https://www.readawrite.com/a/Zfg0nj,สบตาพบเธอ lingorm,Fern_panid
r10486,https://www.readawrite.com/a/Zfg0ou,Inanotherlife &mdash; lingorm,คุณผีไออุ่น
r10487,https://www.readawrite.com/a/Zfg0re,RayElle | Lingorm,Over 85 / Hour
r10488,https://www.readawrite.com/a/Zfg1gn,สตางค์ |lingorm,ต้าวกุ้งทอดดด
r10489,https://www.readawrite.com/a/Zfg3lb,SHELTER LOVE : LINGORM,privatemind
r10494,https://www.readawrite.com/a/Zfg7wl,Love stoy| lingorm,Wiranaphat
r10496,https://www.readawrite.com/a/Zfga1t,forced love &mdash; ormling,𝒎𝒂𝒕𝒄𝒉𝒂𐙚
r10498,https://www.readawrite.com/a/Zfgcm2,ศศิรวินทรา |lingorm,vanp-
r10500,https://www.readawrite.com/a/Zfgdno,อินทรา | ormling,หมาวัด สวยสัส
r10503,https://www.readawrite.com/a/Zfgf0t,ริมฝีปากเธอไม่เคยโกหก,E C
r10506,https://www.readawrite.com/a/Zfgfda,Love Grows Here | LingOrm,Starlit Rain
r10507,https://www.readawrite.com/a/Zfgfrj,~Whisper of Hearts~|lingorm|fanfic,~keep dreaming~
r10508,https://www.readawrite.com/a/Zfggmf,ความรักก็เหมือนมายคราฟอะ,papaya ป๊อกๆ
r10511,https://www.readawrite.com/a/Zfgiix,รัก(ยาก)ของฉัน,P@$$W0RDL0V&euro;
r10512,https://www.readawrite.com/a/Zfgj7y,รักทวงคืน | LingOrm,PeachPloy
r10513,https://www.readawrite.com/a/Zfgjxa,(OS) #onlyเฟรมพราว &mdash; ormling,itsnir9
r10515,https://www.readawrite.com/a/Zfgkji,แอคเคาท์โกลเด้น &mdash; lingorm,ม๋าเม๋ง
r10516,https://www.readawrite.com/a/Zfgkko,เล่ห์รักพันธะหัวใจ: lingorm,ลักษกรณ์
r10524,https://www.readawrite.com/a/Zfgo0o,มากกว่านี้ | lingorm,Un-anyaaa
r10528,https://www.readawrite.com/a/Zfgp2b,กลิ่นลีลาวดี|Lingorm,เจ้าหมูตัวนิ่ม
r10534,https://www.readawrite.com/a/Zfgs3v,พบเธอ | LingOrm,เศษแสง
r10535,https://www.readawrite.com/a/Zfgslx,La Belle | LingOrm,Wink00k
r10536,https://www.readawrite.com/a/Zfgsru,pyramid - lingorm [omegaverse],เรนโบว์จั้ม
r10537,https://www.readawrite.com/a/Zfgual,คุณลลิน | LingOrm,rilxo?!🤏🏻
r10538,https://www.readawrite.com/a/Zfguqa,three billion - lingorm,888
r10548,https://www.readawrite.com/a/Zfh5gy,Lucie | OrmLing,flower childish
r10555,https://www.readawrite.com/a/Zfh9lu,พี่หมอคะ | LingOrm,เมษาวรินทณ์
r10556,https://www.readawrite.com/a/Zfha9t,ขวัญลิน | lingorm,kantwir
r10559,https://www.readawrite.com/a/Zfhbju,โอ้ล่ะหนอ ไอ้แฟนเก่า [LINGORM/FUTA],Paiitsu96
r10561,https://www.readawrite.com/a/Zfhd4e,วิวาห์จำเป็น|lingorm,แฮมเสตอร์
r10566,https://www.readawrite.com/a/Zfhg1b,Promise : no - LINGORM,My Apollo
r10567,https://www.readawrite.com/a/Zfhh54,กลับมาได้ไหม - lingorm,ท้องฟ้าสีเทา
r10569,https://www.readawrite.com/a/Zfhien,ความรักวัยเด็ก,เจ้ากันเองงค่า
r10570,https://www.readawrite.com/a/Zfhif6,Serious but sensitive,คืนที่สามสิบแปด
r10577,https://www.readawrite.com/a/Zfhmuw,ก็ว่าจะไม่รักเธอ,GPT00
r10584,https://www.readawrite.com/a/Zfhu1f,ทานตะวันกับดวงอาทิตย์|Friday :),Friday :)
r10585,https://www.readawrite.com/a/Zfhu28,พี่ครับ ผมรักผี | LingOrm,Haru
r10588,https://www.readawrite.com/a/Zfhvk8,"จากนิรันทร์ถึงจันทรา ""Where Eternity Embraces Moonlight"" | Lingorm",ปลายหนาวต้นร้อน
r10589,https://www.readawrite.com/a/Zfhvvp,เสียงใจในสายลมอีสาน|Lingorm,เจ้าหมูตัวนิ่ม
r10591,https://www.readawrite.com/a/Zfhx3f,รักเปลี่ยนไป,แพทมุจ้าาา
r10592,https://www.readawrite.com/a/Zfhy5r,พี่คนนั้นใครอะ  หลิงออม,ไม่รู้
r10600,https://www.readawrite.com/a/Zfi495,ใต้เงาร้างสุนัขคือเสียงหัวใจ,นกขุนทองมาแว้ววว
r10602,https://www.readawrite.com/a/Zfi4ru,หัวใจไร้จังวะ|lingorm,รินน้ำผึ้ง
r10605,https://www.readawrite.com/a/Zfi8db,ร้ายนักนายแฟนเก่า|LingOrm,viv2
r10606,https://www.readawrite.com/a/Zfi91f,เพียงแค่ใจเราใกล้กัน,เจ็บเพราะรัก
r10614,https://www.readawrite.com/a/Zfiebo,ฉันต้องรักเธอแบบไหน | LingOrm,ปลาดาว ม้าน้ำ
r10619,https://www.readawrite.com/a/Zfiiou,รักข้ามเวลา |lingorm,เฟยเทียน
r10624,https://www.readawrite.com/a/Zfiml0,between love | Lingorm,fc ook-orm
r10625,https://www.readawrite.com/a/Zfine7,together | LingOrm,2305.05
r10629,https://www.readawrite.com/a/Zfirt4,ทิศใต้จรดรักเอย - lingorm,mutterpic
r10630,https://www.readawrite.com/a/Zfis0g,เพียงคุณ | lingorm,Lyrique
r10631,https://www.readawrite.com/a/Zfishc,คุณลูกค้าจะรับอะไรดีคะ | OrmLing,Littlefoot
r10633,https://www.readawrite.com/a/Zfit6c,I love her imperfections | Lingorm,N!ght-nie
r10635,https://www.readawrite.com/a/Zfivy0,เพราะรัก | lingorm,เสือโลโล่
r10640,https://www.readawrite.com/a/Zfixys,อัญธิกา &ndash; lingorm,oummoumm
r10645,https://www.readawrite.com/a/Zfj1w6,เปณหนึ่ง|LINGORM,เสียงสะล้อ
r10646,https://www.readawrite.com/a/Zfj223,Sour&amp;Sweet - OrmLing,Nanami Run
r10648,https://www.readawrite.com/a/Zfj2e7,แค้นรักคุณหนูเภสัช,Minnie_point
r10651,https://www.readawrite.com/a/Zfj443,อัญชยานันน์ | OrmLing,บันนานะบูคๆ
r10654,https://www.readawrite.com/a/Zfj4uk,สวยอันตราย | lingorm,ledy  kaa
r10656,https://www.readawrite.com/a/Zfj5od,รดารัน | lingorm,𝑲𝒉𝒖𝒏𝒕𝒉𝒊𝒂𝒏
r10657,https://www.readawrite.com/a/Zfj648,เพื่อนสนิท  | Ningning &times; Gisele,flower
r10661,https://www.readawrite.com/a/Zfj825,คุณเจ้าของบาร์ | ormling,ยี่สิบสามตุลา
r10664,https://www.readawrite.com/a/Zfj99c,Wine is You &mdash; lingorm,Wovenfeel
r10665,https://www.readawrite.com/a/Zfj9fy,คู่กัด | lingorm,KhunKritti
r10666,https://www.readawrite.com/a/Zfj9x3,To you... | Lingorm,ซันควิก
r10667,https://www.readawrite.com/a/Zfjae3,ม๊าเล่าให้พี่ฟังหน่อย LINGORM,ออกัส96
r10670,https://www.readawrite.com/a/Zfjced,นายท่าน | LingOrm,เศษแสง
r10675,https://www.readawrite.com/a/Zfjdlx,Whispers from the wall | LingOrm,Brownbear418
r10680,https://www.readawrite.com/a/Zfjfoc,ดั่งวาดฝันสีเทา | lingorm (omegaverse),Fharaoh
r10682,https://www.readawrite.com/a/Zfjioa,อยู่กับฉันหลังเที่ยงคืน - lingorm,JLO
r10683,https://www.readawrite.com/a/Zfjitj,"Ex, Not Over - lingorm :)",อาชาคอง
r10684,https://www.readawrite.com/a/Zfjiu0,Only on Saturdays|Lingorm,hicutie_e🐰
r10688,https://www.readawrite.com/a/Zfjk1a,สตาร์เพียง - ormling,ถ่านสีไม้
r10691,https://www.readawrite.com/a/Zfjlkd,ชลิดา | lingorm,fallow T
r10692,https://www.readawrite.com/a/Zfjm8b,เพื่อนไม่จริง - lingorm,Over 85 / Hour
r10699,https://www.readawrite.com/a/Zfjrh4,wefellinloveinmay &mdash; lingorm,urs
r10715,https://www.readawrite.com/a/Zfk4tq,คุณเอมี่ไม่ชอบเด็ก,เจ็บเพราะรัก
r10716,https://www.readawrite.com/a/Zfk5i8,Farnel &mdash; LingOrm,โบ้บ้อกแบ้ก
r10719,https://www.readawrite.com/a/Zfk6vy,ทะเลดาว | Lingorm,M966
r10722,https://www.readawrite.com/a/Zfk9ig,ตามจีบ - lingorm,mungkod
r10727,https://www.readawrite.com/a/Zfkc75,Hi-END&amp;times;LingORM,Piyewt
r10728,https://www.readawrite.com/a/Zfkcrn,ตระกูล Kwong (LingOrm),มีใจ
r10729,https://www.readawrite.com/a/Zfkdlg,แค่เพื่อนคับเพื่อน|lingorm.,ไปเรื่อยย&gt;⁠.⁠&lt;
r10733,https://www.readawrite.com/a/Zfkiat,หลิงออม,Pakawut praesomboon
r10734,https://www.readawrite.com/a/Zfkj96,หัวใจมาเฟีย &brvbar; LingOrm,นิทานดาว
r10735,https://www.readawrite.com/a/Zfkjk6,นับเก้า &mdash; lingorm,แก้มแก้มเอง:^D
r10740,https://www.readawrite.com/a/Zfkm4i,น้องอัยย์รักหม่ามี้ค่ะ | ormling,ภชน
r10749,https://www.readawrite.com/a/Zfkox4,หงษ์จันทรา - lingorm,yuparat
r10751,https://www.readawrite.com/a/Zfkqab,เจ็บที่ยังรู้สึก |Lingorm,Chinchin
r10754,https://www.readawrite.com/a/Zfks92,Mommy| lingorm (omegaverse),lingorm
r10755,https://www.readawrite.com/a/Zfksob,จอกรักใต้เงาเหมย|Lingorm,Lingorm
r10757,https://www.readawrite.com/a/Zfktdj,มีรัก | LingOrm,PenTun
r10761,https://www.readawrite.com/a/Zfkvu0,Focus on you | LingOrm,คืนที่สิบเก้า
r10762,https://www.readawrite.com/a/Zfkvui,ยัยแอนตี้แฟนตัวร้าย l Lingorm,กระสอบศิลป์
r10766,https://www.readawrite.com/a/Zfkxs4,almost | lingorm,lilyofthevalley
r10769,https://www.readawrite.com/a/Zfl1kc,ปีกรักสลับใจ,Minnie_point
r10778,https://www.readawrite.com/a/Zfl6ac,พบรัก,สมชายสายรุ้ง
r10779,https://www.readawrite.com/a/Zfl73q,หลิงออม,ลูล่า
r10782,https://www.readawrite.com/a/Zfl889,Martin | lingorm,คุณหนึ่ง
r10784,https://www.readawrite.com/a/Zfl8ld,ถึงเธออีกครั้ง |lingorm,แมวเป้า
r10785,https://www.readawrite.com/a/Zfl8ru,ยัยเศรษฐีกับมาเฟียน้อย | หลิงออม,ormkorn
r10788,https://www.readawrite.com/a/Zfl93d,แค่คุณ | lingorm,A_o___
r10800,https://www.readawrite.com/a/Zfldij,return,twintilly
r10801,https://www.readawrite.com/a/Zfldwh,LoveMeIfYouCan|lingorm,Orchid:3
r10804,https://www.readawrite.com/a/Zflh4u,Thibest &Eacute;lys&eacute;e | LingOrm,r season
r10806,https://www.readawrite.com/a/Zfliaa,Poppy Love (Lingorm),soft touch
r10808,https://www.readawrite.com/a/Zflk0g,ไม่อิน|LINGORM,secret
r10809,https://www.readawrite.com/a/Zflk5x,ลมหายใจของสองดวงจันทร์,Minnie_point
r10810,https://www.readawrite.com/a/Zflkaj,GOHAN|Lingorm|,KIRANKHUNG🐾
r10814,https://www.readawrite.com/a/Zflnkr,Serendipity | Lingorm,Donna_lee;3
r10819,https://www.readawrite.com/a/Zflqpf,หลิงออม,รักในนิยาย
r10820,https://www.readawrite.com/a/Zflr17,อิงจันทร์ | lingorm,ledy  kaa
r10822,https://www.readawrite.com/a/Zflri5,สามีในสมรส | หลิงออม,HinabeHongfei
r10824,https://www.readawrite.com/a/Zflvq3,&ldquo;เธอในเงาฝัน&rdquo; (หลิงออม),Inwardness.
r10827,https://www.readawrite.com/a/Zflws0,เพราะบังเอิญหรือพรหมลิขิต ~ LingOrm ~,NY152
r10834,https://www.readawrite.com/a/Zfm2at,รักที่ซื่อสัตย์ตลอดไป lingorm,love my sunshine
r10836,https://www.readawrite.com/a/Zfm2i2,ฝนตกที่ใจเธอ,Minnie_point
r10837,https://www.readawrite.com/a/Zfm2lp,เกินระยะปลอดภัย|Lingorm,NPPB
r10841,https://www.readawrite.com/a/Zfm3cs,Parallel Hearts | lingorm,tw.tt
r10843,https://www.readawrite.com/a/Zfm4j5,Curse - Lingorm,print_
r10848,https://www.readawrite.com/a/Zfm6j6,Toxic Love รักร้ายนะคะพี่ | Lingorm,lin_x
r10850,https://www.readawrite.com/a/Zfm7bv,เมื่อใจพิงใจ l lingorm,salmon boo
r10851,https://www.readawrite.com/a/Zfm7i1,＜____＞（）หลิงออม,ฉันคือรัก
r10855,https://www.readawrite.com/a/Zfma69,ประกายใต้เงาดาว|รี่ดิว&amp;หลิงออม(Rydew&amp;Lingorm),จันทราศ
r10858,https://www.readawrite.com/a/Zfmbpp,Trantara|lingorm,หมาเด้นซื่อบื้อ
r10862,https://www.readawrite.com/a/Zfmedh,คุณไอยริณทร์ | Lingorm,Bonus numnim
r10863,https://www.readawrite.com/a/Zfmfcr,rakjaoaoey | lingorm,คุณผีไออุ่น
r10864,https://www.readawrite.com/a/Zfmg50,ภูมิจูน|Lingorm,ไอหน้ากาก
r10871,https://www.readawrite.com/a/Zfmkbj,หลงมนต์ | หลิงออม,กินเส้นไม่ผัก.
r10877,https://www.readawrite.com/a/Zfmlse,ปักษาฤทัย|lingorm,คุแคะ
r10880,https://www.readawrite.com/a/Zfmnkk,Broken Heart | LingOrm,RogerRose 💐
r10882,https://www.readawrite.com/a/Zfmnpu,the simp | lingorm,imtheworstsimp
r10883,https://www.readawrite.com/a/Zfmntn,Special love - Lingorm,ลาต้า
r10888,https://www.readawrite.com/a/Zfmqyx,ที่รักของ(เขา)/lingorm,y/n
r10892,https://www.readawrite.com/a/Zfmtlp,คุณวาฬค่าาาา,คุณวาฬร้านชำ
r10893,https://www.readawrite.com/a/Zfmtrt,1% friends | ormling,ยี่สิบสามตุลา
r10897,https://www.readawrite.com/a/Zfmwx4,Dear mafia&yen;|Lingorm,N.⁠⑅
r10899,https://www.readawrite.com/a/Zfmyu2,แฟนฉันเป็นดารา,เจ็บเพราะรัก
r10905,https://www.readawrite.com/a/Zfn2fa,เหนือวารี|Lingorm,เจ้าหมูตัวนิ่ม
r10907,https://www.readawrite.com/a/Zfn34s,Last Time || LingOrm,jaonuuu
r10909,https://www.readawrite.com/a/Zfn3ar,Dive-LingOrm,SoulOne
r10910,https://www.readawrite.com/a/Zfn3rn,(แพรพิชญา) Stupid Cupid เกือบไม่ได้รักกันเพราะกามเทพผิดคิว / LingOrm,Novemburr
r10914,https://www.readawrite.com/a/Zfn5g3,เสน่หาวาโย|lingorm,𝔱𝔦𝔴𝔩𝔦𝔟
r10919,https://www.readawrite.com/a/Zfn6pn,Heartless Demon | LINGORM,My Apollo
r10921,https://www.readawrite.com/a/Zfn7je,เพียงเธอ,Pakawut praesomboon
r10923,https://www.readawrite.com/a/Zfn9gd,สักวันตะวันจะตามหาพระจันทร์ให้เจอ,ตะวันกับดวงดาว
r10925,https://www.readawrite.com/a/Zfn9ql,Lost sentence | Lingorm,MWM
r10926,https://www.readawrite.com/a/Zfna63,Come back to say | lingorm,Koon2
r10932,https://www.readawrite.com/a/Zfncpv,กลัวแฟน|one shot,เจ๊น้ำตก
r10937,https://www.readawrite.com/a/Zfnh5s,ไม่เก่า |lingorm,ทอม
r10938,https://www.readawrite.com/a/Zfnhlp,หลิงออม|readjeenx,china com.
r10940,https://www.readawrite.com/a/Zfnj1k,ธาราเวียนรัก [LingOrm],ปอเป็ดขี้เหร่
r10941,https://www.readawrite.com/a/Zfnjjh,พี่สาวข้างบ้าน,Celestial Moon 🌑
r10944,https://www.readawrite.com/a/Zfnkh3,lovecident | lingorm,lovetothemoonn
r10945,https://www.readawrite.com/a/Zfnktp,ทายาทภายใต้เงื่อนไข | lingorm,nayo
r10946,https://www.readawrite.com/a/Zfnlhb,คืนสู่ขวัญ | lingorm,P&rsquo;Platu
r10947,https://www.readawrite.com/a/Zfnllf,Chasing Doctor | Lingorm,tulips
r10948,https://www.readawrite.com/a/Zfnmt8,Do you still love me?/lingorm,love lingorm🩷🩷
r10949,https://www.readawrite.com/a/Zfnn5p,ถ้ากลางคืนไม่มีดาว|หลิงออม,ลลิตา.
r10950,https://www.readawrite.com/a/Zfnntm,พิมพ์ภัทรา [LingOrm],Saralin
r10951,https://www.readawrite.com/a/Zfno73,off the field - lingorm,ormkorn
r10953,https://www.readawrite.com/a/Zfnoj6,ภูนลินทร์| OrmLing,เบญจาเอง
r10957,https://www.readawrite.com/a/Zfnpml,ปลายฟ้า|lingorm,4สิงหาเธอคือใคร
r10959,https://www.readawrite.com/a/Zfnr89,คุณเทียนคะ  | lingorm,PHAKDEE.
r10961,https://www.readawrite.com/a/Zfnrum,ภูตะวัน | LingOrm,เบญจาเอง
r10964,https://www.readawrite.com/a/Zfnsq0,เลือนลาง|Lingorm,kwan0604
r10965,https://www.readawrite.com/a/Zfnstu,สายฟ้า - น้ำหนึ่ง | Lingorm,กินเส้นไม่ผัก.
r10968,https://www.readawrite.com/a/Zfntbr,นทีโอบจันทร์ (ormling),วาฟเฟิล
r10970,https://www.readawrite.com/a/Zfnuim,my love angel| lingorm,I am สาววาย
r10971,https://www.readawrite.com/a/Zfnunf,foryou|Lingorm,HinabeHongfei
r10972,https://www.readawrite.com/a/Zfnutm,Jameejai | Lingorm,M966
r10974,https://www.readawrite.com/a/Zfnvd2,มิลินขออ้อน [LINGORM/Futa],Paiitsu96
r10976,https://www.readawrite.com/a/Zfnwtt,คู่แข่ง,Lizard
r10978,https://www.readawrite.com/a/Zfnyj0,เวรกรรม | lingorm,carrxtcapp_
r10980,https://www.readawrite.com/a/Zfo1ev,เจ้าของบริษัท|ormling,อิอิอุอะ
r10984,https://www.readawrite.com/a/Zfo375,รักต้องบำบัด|Lingorm,หากฉันจะขอพร
r10990,https://www.readawrite.com/a/Zfo889,Eris |หลิงออม,myself_pp
r10991,https://www.readawrite.com/a/Zfo9rl,teach | lingorm,iceliketoeat;-;
r10993,https://www.readawrite.com/a/Zfodep,แสงไฟจากบ้านเธอ | LINGORM,คูนใส่แว่น
r11001,https://www.readawrite.com/a/Zfoi6i,สามี - lingorm,ฮ่องเต้เอง
r11003,https://www.readawrite.com/a/Zfojau,ปากแข็งอะ|หลิงออม,Lingorm👍🏻
r11007,https://www.readawrite.com/a/Zfolnd,มาเฟียกับคุณหมอ - Lingorm,ไข่เจียวออมเล็ต^^
r11009,https://www.readawrite.com/a/Zfomjy,สู่นรกคนเป็น 2 | lingorm,เรือร้างที่ยังมีลมหายใจ
r11011,https://www.readawrite.com/a/Zfootn,นนบม - lingorm,esmusep
r11012,https://www.readawrite.com/a/Zfoq44,บ้านไร่อินทุกานต์ |Lingorm,_Tulip🌷
r11013,https://www.readawrite.com/a/Zfoqok,เด็กมหาลัยกับพี่สาววัยทำงาน,poosayja
r11016,https://www.readawrite.com/a/Zforyq,Non negotiable｜LingOrm｜中文翻譯,lizzie_red
r11018,https://www.readawrite.com/a/Zfotjs,ค่าเช่านี้จ่ายด้วยใจ | lingorm,ธิกาล
r11019,https://www.readawrite.com/a/Zfov6h,2000&rsquo;s |lingorm,Jibchagl
r11020,https://www.readawrite.com/a/Zfovrv,เพื่อนไม่รัก - lingorm,butterfly11
r11021,https://www.readawrite.com/a/Zfovy1,พบเพื่อจาก | lingorm,Pirun print
r11022,https://www.readawrite.com/a/Zfowkf,รักติดแท็กเพื่อน | lingorm,Wiranaphat
r11024,https://www.readawrite.com/a/Zfoxbo,รักในหน้าที่ |LingOrm,เมษาวรินทณ์
r11026,https://www.readawrite.com/a/Zfoxhu,ปรากฏการณ์รัก-lingorm,Hoku💫
r11027,https://www.readawrite.com/a/Zfoxiq,ให้ฮักนำพา,เจ็บเพราะรัก
r11031,https://www.readawrite.com/a/Zfp16t,เสียงของเธอ&hellip;คือโลกของฉัน (Whisper of My World),0437
r11034,https://www.readawrite.com/a/Zfp50l,เราเชื่อมโยงกัน(lingorm),ccg
r11037,https://www.readawrite.com/a/Zfp6qu,ความรักตลอดไปที่มีจริง|LingOrm,NATCHA_TOOT
r11038,https://www.readawrite.com/a/Zfp8vq,เพลงรัก || Lingorm,millionplaces
r11040,https://www.readawrite.com/a/Zfp947,นิชา || Lingorm,millionplaces
r11044,https://www.readawrite.com/a/Zfpckf,Indypatcha - Lingorm,mungkod
r11047,https://www.readawrite.com/a/Zfpd1t,กันต์ริภัทร | lingrom,ทิพติยา
r11049,https://www.readawrite.com/a/Zfphct,ปาริฉัตร | lingorm,lluviaa
r11058,https://www.readawrite.com/a/Zfpojg,สายตานั้นมีแค่เธอ.,Mr.missing
r11059,https://www.readawrite.com/a/Zfpprg,OnZone | LingOrm (SF),REGEnSuu
r11063,https://www.readawrite.com/a/Zfpt3s,ธารนรินทร์ / lingorm,ฺBBaer
r11065,https://www.readawrite.com/a/Zfptfc,เธอน่ะทิ้งเรา|หลิงออม,ชนัญชิดา
r11066,https://www.readawrite.com/a/Zfptgc,my one and only (ormling),gxht
r11070,https://www.readawrite.com/a/Zfpv68,รักต้องแย่ง,JจะฟังILLSLICK
r11073,https://www.readawrite.com/a/Zfpw6o,รักลับ - lingorm,JLO
r11074,https://www.readawrite.com/a/Zfpw7i,ในวันที่ฟ้ามืดครึ้มยังคงมีเธอเป็นแสงสว่าง|Lingorm,๑ศตวรรษ&deg;
r11083,https://www.readawrite.com/a/Zfq08e,You or u &mdash; lingorm,B baii eiei
r11084,https://www.readawrite.com/a/Zfq0w9,อรพิชญ์ | LingOrm,คุณอาเจ
r11087,https://www.readawrite.com/a/Zfq2fs,ปดิวรัดา | lingorm,khuntien
r11091,https://www.readawrite.com/a/Zfq3b4,ยั่วรัก CEO สาวพันล้าน [Lingorm],ปราณรวีร์
r11092,https://www.readawrite.com/a/Zfq3pm,โปรดฟ้า | LingOrm,KwongLong
r11094,https://www.readawrite.com/a/Zfq4km,ฝัน | lingorm,Kira moon
r11096,https://www.readawrite.com/a/Zfq533,ประธารนักเรียนปากแข็ง|lingorm,lingorm ♡
r11099,https://www.readawrite.com/a/Zfq681,สายนํ้าเชี่ยว|lingorm,หย๋องหยอง✌🏻
r11102,https://www.readawrite.com/a/Zfq6kl,fwb - lingorm,salmon boo
r11105,https://www.readawrite.com/a/Zfq8nj,When you smile - Lingorm,ไออ้วม
r11108,https://www.readawrite.com/a/Zfqbl6,Santa | ormling,Jibchagl
r11110,https://www.readawrite.com/a/Zfqcxv,The last one &ndash; lingorm,Tantisan
r11120,https://www.readawrite.com/a/Zfqi3r,พี่รัม | lingorm,ต้าวกุ้งทอดดด
r11123,https://www.readawrite.com/a/Zfqkfv,คาสโนว่าที่รัก || Lingorm,M966
r11124,https://www.readawrite.com/a/Zfqloi,AGAIN | LINGORM,วาเลนไทน์เดือนเก้า
r11133,https://www.readawrite.com/a/Zfqr35,ประธานสุดที่เลิฟกับเลขาสุดที่รัก lingOrm,Piyewt
r11135,https://www.readawrite.com/a/Zfqrt2,02.59น. กับหล่อนผู้นั้นที่มาก่อนร้านปิด,kunjirach
r11137,https://www.readawrite.com/a/Zfqtbs,คุณเฟยเหม่ยหลิน| lingorm,คุณณภัส
r11142,https://www.readawrite.com/a/Zfqy2w,โรงเรียนนี้มีอยู่ว่า | lingorm,หมูปิ้งชอบกินไก่
r11143,https://www.readawrite.com/a/Zfqy61,นิรันดร์,จูดี้🪶
r11144,https://www.readawrite.com/a/Zfqyxg,Omert&agrave; [LingOrm],HangerPAGE
r11145,https://www.readawrite.com/a/Zfr0nc,ลมรัก : LingOrm,Kvanguard
r11146,https://www.readawrite.com/a/Zfr1cr,ศรินญาดา | lingorm,ภชน
r11148,https://www.readawrite.com/a/Zfr1qr,ฟ้ารักพ่อ | LingOrm,Yourname
r11154,https://www.readawrite.com/a/Zfr8u8,อย่าดื้อได้ไหม,หลิงออม
r11155,https://www.readawrite.com/a/Zfr9hj,(มากกว่า)...เพื่อน,วนิลาสกาย
r11157,https://www.readawrite.com/a/Zfra7u,remember me? | lingorm,Interista
r11159,https://www.readawrite.com/a/Zfraqo,ไอเด็กคิ้วปิง - lingorm,"AichaKhio,"
r11162,https://www.readawrite.com/a/Zfrdr8,命運公式 (Destiny Formula),Laksanari
r11167,https://www.readawrite.com/a/Zfrhrv,น้ำมันพรายพ่อครู  หลิง|ออม,ไร้หัวใจ.
r11176,https://www.readawrite.com/a/Zfrnwu,21 กรกฎา | LingOrm,เมษาวรินทณ์
r11179,https://www.readawrite.com/a/Zfrouw,30 million | lingorm,ไทยทีหวานน้อย
r11182,https://www.readawrite.com/a/Zfrqw6,นับหนึ่งปลายฟ้า (หลิงออม),UMR3007
r11195,https://www.readawrite.com/a/Zfs0dp,นักกีฬาที่รัก,Bellis perennis
r11196,https://www.readawrite.com/a/Zfs1gr,เพื่อน(ไม่)รัก | LingOam,ฮ่องเต้เอง
r11201,https://www.readawrite.com/a/Zfs35r,รักแรก...คือเธอ|หลิงออม,Hjs_1930
r11204,https://www.readawrite.com/a/Zfs4b9,ยอม | Lingorm,ไออ้วม
r11209,https://www.readawrite.com/a/Zfs7xd,เธอคนนี้สเน่หา #LINGORM,YOK JIN
r11210,https://www.readawrite.com/a/Zfs8pj,จากเพื่อนสู่รัก,หยาไง #หลิงออม
r11215,https://www.readawrite.com/a/Zfsahs,หลิงออม,หญิงรักหญิง
r11216,https://www.readawrite.com/a/Zfsbx6,หลงกลิ่นต้องจันทร์ | lingorm,qer
r11217,https://www.readawrite.com/a/Zfsc6i,The night we met | LingOrm,minusmar
r11219,https://www.readawrite.com/a/Zfsfxw,ท่านประธานคะ #LINGORM,JAKKYYL
r11227,https://www.readawrite.com/a/Zfsjk6,ติดใจน้องเพื่อน|หลิง&amp;ออม,Bo Tan
r11229,https://www.readawrite.com/a/Zfsk1b,พี่สาวคนสวยชอบดูการ์ตูนมั้ย?|lingorm,หมาเน่าเป็นเกย์
r11230,https://www.readawrite.com/a/Zfsm5w,แค้นรักพันปี |Lingorm,คุณเจลลี่ปุ้ฟ
r11236,https://www.readawrite.com/a/Zfsp76,บอดี้การ์ดคนโปรด|หลิงออม,ครับ
r11241,https://www.readawrite.com/a/Zfstw0,Butter Me Not | LINGORM,howsweetyouare
r11242,https://www.readawrite.com/a/Zfsujt,อนาลิน พรีมาลา | Lingorm,twosep
r11248,https://www.readawrite.com/a/Zft13s,พชิรา | LingOrm,คุณอาเจ
r11250,https://www.readawrite.com/a/Zft2h3,ปราถนาในเงามืด,หมิง 明梦
r11252,https://www.readawrite.com/a/Zft2um,ลามปาม [หลิงออม],หมวดนิยายวาย
r11253,https://www.readawrite.com/a/Zft30p,"&ldquo;That Night, I Was Just Drunk&rdquo; | LingOrm",Nutt'ke
r11254,https://www.readawrite.com/a/Zft3n2,หลิงออม,รักในนิยาย
r11255,https://www.readawrite.com/a/Zft4ki,Hello! ฉันนี่แหละ มาดามไร่ส้ม (LingOrm),QueenSmile
r11256,https://www.readawrite.com/a/Zft5c1,สัญญาได้ไหม?/lingorm,Vincent
r11259,https://www.readawrite.com/a/Zft8bj,จนกว่าคริสจะพอใจ [LINGORM/Futa],Paiitsu96
r11262,https://www.readawrite.com/a/Zftb41,เกรซ || Lingorm,millionplaces
r11264,https://www.readawrite.com/a/Zftc2r,ดวงใจชรินทร์ &ndash; ormling,hundredoutoften
r11266,https://www.readawrite.com/a/Zftco0,ช่างสัก | lingorm &sup1;⁸,Pan_08
r11268,https://www.readawrite.com/a/Zfte4l,Just Smile pls | Lingorm,หูกระต่ายสีชมพู
r11269,https://www.readawrite.com/a/Zftec0,อย่าเกลียดกันก็พอ|lingorm,4สิงหาเธอคือใคร
r11270,https://www.readawrite.com/a/Zftfjn,ก็มาสู้กันหน่่อยดิ | Lingorm,คุณกวน
r11273,https://www.readawrite.com/a/Zftgv8,เธอเย็นชา แต่ฉันงอนเก่ง,ᴇʀɴツ
r11276,https://www.readawrite.com/a/Zfti1c,พี่เรย์คะ|Ormling,Pa_li_da
r11281,https://www.readawrite.com/a/Zftkd8,Naphas | LingOrm,r season
r11283,https://www.readawrite.com/a/Zftnll,จันทราลิขิต &mdash; lingorm,หัวใจสีชมพู
r11284,https://www.readawrite.com/a/Zftnop,คืนหนึ่ง : LingOrm,Kvanguard
r11288,https://www.readawrite.com/a/Zftp3x,green flag | Lingorm,meili^^
r11296,https://www.readawrite.com/a/Zftu16,บทเรียนที่ไม่อยู่ในตำรา,ลรินทร์
r11297,https://www.readawrite.com/a/Zftumd,วิมานมารา | หลิงออม,Hazely
r11298,https://www.readawrite.com/a/Zftuqd,Short Story but FIN | หลิงออม,Hazely
r11299,https://www.readawrite.com/a/Zftuub,Ardel | LingOrm,คุณอาเจ
r11300,https://www.readawrite.com/a/Zftvkt,Escape | OrmLing,Pencil and Eraser
r11303,https://www.readawrite.com/a/Zftwcj,เพราะมันเป็นเธอ| lingorm,ปลาเก๋า
r11304,https://www.readawrite.com/a/Zftxry,น้องต้นหนาว │ lingorm,นิทานดาว
r11309,https://www.readawrite.com/a/Zfu382,&mdash; FORGET ME NOT,bitterhoney
r11313,https://www.readawrite.com/a/Zfu7qe,namneung - lingorm,아기 병아리
r11317,https://www.readawrite.com/a/Zfuah3,แถวนี้แม่งเถื่อน | lingorm,だと、田
r11318,https://www.readawrite.com/a/Zfube2,Same place | lingorm,KhunKritti
r11320,https://www.readawrite.com/a/Zfubty,นิรา | lingorm,pim^_^
r11326,https://www.readawrite.com/a/Zfuddp,เทินเอี้ย (lingorm),bbeam
r11330,https://www.readawrite.com/a/Zfuek9,The Collecter Game #lingorm,Souriis
r11333,https://www.readawrite.com/a/Zfuh3n,เตนซ์บุล ; lingorm,รักหมีเนยเด้ง
r11334,https://www.readawrite.com/a/Zfuhio,หลิงออม,ตองเองนะ
r11335,https://www.readawrite.com/a/Zfuhkq,เมื่อรักยังไม่สิ้นสุด | lingorm,Palinnnn
r11336,https://www.readawrite.com/a/Zfuigw,หมาน้อยของพี่ : lingorm,Wiranaphat
r11339,https://www.readawrite.com/a/Zfuk0p,นับดารินทร์ | lingorm,หยดน้ำค้าง
r11345,https://www.readawrite.com/a/Zfummp,St-One Time | lingorm (omegaverse),โซดาโต๊ะสองสี่
r11346,https://www.readawrite.com/a/Zfuo7v,one way | Lingorm,pansion
r11347,https://www.readawrite.com/a/Zfuoh2,Blossom Haven (os) | Lingorm,ไออ้วม
r11349,https://www.readawrite.com/a/Zfuqhw,พันธะเงียบ,อยู่​โง้ๆไปวันๆ
r11351,https://www.readawrite.com/a/Zfur1i,อินทร์นภัส - LingOrm,K.Phee
r11353,https://www.readawrite.com/a/Zfurkc,Missing things _lingorm,โอเลี้ยง
r11370,https://www.readawrite.com/a/Zfv279,Whispers at Midnight,R ma
r11382,https://www.readawrite.com/a/Zfv85v,รักที่ไม่ต้องการ-lingorm,ปลากระพง
r11387,https://www.readawrite.com/a/Zfvas8,Sunlit Brew (os) | ormling,ไออ้วม
r11389,https://www.readawrite.com/a/Zfvbi9,เหล่ากงขา,Warunrada2555
r11395,https://www.readawrite.com/a/Zfvg1x,หลิงออม,Nicha💜
r11398,https://www.readawrite.com/a/Zfvkld,PaintPrime| lingorm,Bedoppee
r11399,https://www.readawrite.com/a/Zfvl3r,สายเกินรัก | lingorm,goldieskwong
r11407,https://www.readawrite.com/a/Zfvu5e,หนูริน'น,fun entertainment
r11408,https://www.readawrite.com/a/Zfvuer,รักแรก...ในแก้วเหล้า |Orm Ling,Suchada
r11412,https://www.readawrite.com/a/Zfvvjj,Leave your love with me (ฝากรัก),爱之主♡⁠˖
r11414,https://www.readawrite.com/a/Zfvvxd,ฟอนภ - lingorm,esmusep
r11418,https://www.readawrite.com/a/Zfvxqx,การมีชีวิตอยู่ของฉัน | lingorm,หมาเน่าเป็นเกย์
r11419,https://www.readawrite.com/a/Zfvyoe,เดซี่ที่ไม่ได้หมายถึงดอกไม้,Pure Daisy
r11422,https://www.readawrite.com/a/Zfw09q,Mafia Wife's|มาเฟียเมียมา,เจ้าหม่น
r11434,https://www.readawrite.com/a/Zfw9ec,Ego Color Pink|LingOrm,ขะเจว
r11435,https://www.readawrite.com/a/Zfw9na,เผลอใจหลงนางบำเรอ | Lingorm,กินเส้นไม่ผัก.
r11437,https://www.readawrite.com/a/Zfwa7p,coming soon &amp;mdash; lingorm,ขี่ม้าลายไปหาพระแม่
r11446,https://www.readawrite.com/a/Zfwebu,Enchanted | LingOrm,k.สาวน้อย
r11448,https://www.readawrite.com/a/Zfwekk,พรแด่เธอ | lingorm,กลุ่มดาวคนแบกงู
r11449,https://www.readawrite.com/a/Zfwery,hey! i love you|ormling,N9
r11451,https://www.readawrite.com/a/Zfwftr,หลิงออม,ปลาบู่
r11452,https://www.readawrite.com/a/Zfwg9t,วิวาห์จำยอม &mdash; Lingorm,โบ้บ้อกแบ้ก
r11453,https://www.readawrite.com/a/Zfwgf8,คะนึงครวญ : LingOrm,Kvanguard
r11457,https://www.readawrite.com/a/Zfwjo7,เลนส์รักฉบับ​ceo​ / lingorm,sawasdeekub
r11459,https://www.readawrite.com/a/Zfwm50,ครูปุ้ยกับผอ.,หลิงออม
r11460,https://www.readawrite.com/a/Zfwmr3,มิริน |lingorm,pim^_^
r11461,https://www.readawrite.com/a/Zfwmr4,ย้อนเวลาแก้ไข(รัก)|Lingorm,Gabi🌙
r11464,https://www.readawrite.com/a/Zfwnge,เพียงเธอ..เจ้าขา | Lingorm,tulips
r11465,https://www.readawrite.com/a/Zfwnx0,No Title| LingOrm,Arc&aacute;nus
r11466,https://www.readawrite.com/a/Zfwohh,สนามแข่งของแสนสุข,คืนที่สามสิบแปด
r11470,https://www.readawrite.com/a/Zfwrm2,รุ่นพี่คนนี้|Lingorm,rov มานี้มา
r11473,https://www.readawrite.com/a/Zfwt5b,เพียงเธอ|lingorm,KINGWARANYA__
r11477,https://www.readawrite.com/a/Zfwv6b,คุณเกลกับดอกเหมย//หลิงออม//,เจ็บเพราะรัก
r11478,https://www.readawrite.com/a/Zfwvcj,Tarot of Us - lingorm,salmon boo
r11479,https://www.readawrite.com/a/Zfww2u,Sugary Haze |LingOrm,ฮานึล
r11480,https://www.readawrite.com/a/Zfwwj6,คุณหนูเบ๊บ &mdash; lingorm,Blue hydrangea🩵
r11486,https://www.readawrite.com/a/Zfx00a,我哥哥|lingorm,Vincent
r11488,https://www.readawrite.com/a/Zfx0ka,ไม่ชอบดาริน ||lingorm / ormling,อิฐหิน​ปูนทราย
r11489,https://www.readawrite.com/a/Zfx1g2,ฤดูกาลที่หัวใจหายเจ็บ...,Selira
r11493,https://www.readawrite.com/a/Zfx4v2,นลินลิดา,for&gt;u too.
r11496,https://www.readawrite.com/a/Zfx6xv,พี่ต้องฟังผม(lingorm),test note
r11503,https://www.readawrite.com/a/Zfxa3p,Under Her Heart| LingOrm,moonlightU.
r11510,https://www.readawrite.com/a/Zfxe1q,แค่เธอ | LingOrm,ฟางหลิน
r11511,https://www.readawrite.com/a/Zfxem7,รักมั้ยนะเลขาคนโปรด | LingOrm,Just​^T
r11512,https://www.readawrite.com/a/Zfxenb,เพื่อนกันไม่เลิกกัน-Close Friend | Lingorm,ญาณิฐา
r11517,https://www.readawrite.com/a/Zfxk04,ยัยฮ๊อตเนิร์ด |หลิงออม,ลูกบุ๊คขา
r11520,https://www.readawrite.com/a/Zfxmgf,สายธารรัตติกาล | ormling,ฮั่นฮั่น
r11522,https://www.readawrite.com/a/Zfxnge,สมบัติเสือ|Lingorm,P_J
r11526,https://www.readawrite.com/a/Zfxq08,เสน่หาเกมรักลวงใจ - Deceptive Game of Love | หลิงออม,U-Verse
r11528,https://www.readawrite.com/a/Zfxspn,My golden| Lingorm,K'Silen 🥹
r11530,https://www.readawrite.com/a/Zfxw9e,Shadow &amp; Scar | Lingorm,เป็ดติดกาแฟ
r11533,https://www.readawrite.com/a/Zfxy31,逐风而行的公主,明天就去杭州
r11534,https://www.readawrite.com/a/Zfxy41,This is goodbye | lingorm,หมีผอมโซ
r11536,https://www.readawrite.com/a/Zfxyk7,เมื่อฉันตกหลุมรักดาวคณะข้างๆ  |lingorm,Palinnnn
r11541,https://www.readawrite.com/a/Zfy2oq,- 19B - [lingorm],pqmnx
r11543,https://www.readawrite.com/a/Zfy35i,Lun | LingOrm,Yourname
r11545,https://www.readawrite.com/a/Zfy5ax,Burning Temptation,เอ็กซ์ไซต์
r11546,https://www.readawrite.com/a/Zfy64j,กีดกัน - lingorm,ลาเต้
r11547,https://www.readawrite.com/a/Zfy68n,คณิศ - OrmLing,K.Phee
r11556,https://www.readawrite.com/a/Zfybxw,พิษรักเกมร้าย - LINGORM,My Apollo
r11557,https://www.readawrite.com/a/Zfyc2o,มาเฟียสาวกับเด็กเอนทรงติ๋ม[Lingorm],ปราณรวีร์
r11558,https://www.readawrite.com/a/Zfyc98,แม้เธอจะยังมีใคร ; lingorm,Kachaphetx
r11561,https://www.readawrite.com/a/Zfyfwd,รักนี้ห้ามอิน​ /LingOrm,นายดินสอ
r11562,https://www.readawrite.com/a/Zfyg48,คู่กัดที่รัก(ไม่ได้) /LingOrm,คุณชายสีชอล์ค
r11563,https://www.readawrite.com/a/Zfyh6n,goos goos ghost! &mdash; lingorm,junotwoda
r11564,https://www.readawrite.com/a/Zfyhuf,เมื่อไหร่จะรัก | ออมหลิง,brice
r11565,https://www.readawrite.com/a/Zfyhw3,หลินหย่าว &mdash; lingorm,ไตรภรัตนพูม
r11572,https://www.readawrite.com/a/Zfymc4,พี่ไม่ได้เป็นintrovertซะหน่อย |lingorm,หมาเน่าเป็นเกย์
r11573,https://www.readawrite.com/a/Zfynjd,Make(me)up - Lingorm,wang.benjamin
r11580,https://www.readawrite.com/a/Zfyref,Fast Love  || Lingorm,M966
r11583,https://www.readawrite.com/a/Zfys78,The White Fox of a Thousand Years| Ling Orm,อาชาสีเงิน
r11588,https://www.readawrite.com/a/Zfyvy0,บำเรอร่าง |lingorm,กินแซ่บส์
r11592,https://www.readawrite.com/a/Zfywmt,ติณณ์สถาปัตยกรรม| ormling,ยี่สิบสามตุลา
r11594,https://www.readawrite.com/a/Zfyxuy,กฤษณ์ศาธร | lingorm,Qhou &ndash;
r11601,https://www.readawrite.com/a/Zg03al,จิ๋วอ้ายเสิน | Lingorm,sipadann
r11602,https://www.readawrite.com/a/Zg03iu,ลภัส | LingOrm,เจ้าหมาหมี^
r11603,https://www.readawrite.com/a/Zg03ot,เจียน้ำตาล | ormling,ยี่สิบสามตุลา
r11606,https://www.readawrite.com/a/Zg05yr,รักเพื่อน | lingorm,ledy  kaa
r11616,https://www.readawrite.com/a/Zg0cld,CALL ME BABY | OrmLing,เบญจาเอง
r11621,https://www.readawrite.com/a/Zg0e94,สืบสายรัก(Lingorm)( Ormling),นายไข่ต้ม
r11623,https://www.readawrite.com/a/Zg0feh,พี่ก็ให้ผมอาบน้ำก่อนได้มั้ยล๊า | Ormling (omegaverse),โซดาโต๊ะสองสี่
r11625,https://www.readawrite.com/a/Zg0gx8,แค้นซ่อนรัก | lingorm,Remember rain
r11628,https://www.readawrite.com/a/Zg0i4i,ความลับในแชท/หลิงออม/ลีน่าหมิว,อยากแต่งก็แต่ง
r11630,https://www.readawrite.com/a/Zg0j47,ลมหนาวมีเธอ | Lingorm,P.SNY
r11632,https://www.readawrite.com/a/Zg0k20,Secrets Beneath the Rain | LingOrm,Overture
r11638,https://www.readawrite.com/a/Zg0m0n,Disclosure #คำสารภาพของผู้อำนวยการ l LingOrm,Chaowanphut
r11641,https://www.readawrite.com/a/Zg0mvh,Just saying | ormling,Blckmoon
r11643,https://www.readawrite.com/a/Zg0nj6,Linjong cheewa ?| Lingorm,คุณกวน
r11645,https://www.readawrite.com/a/Zg0p7c,เพื่อ......อะไร ? For what? | หลิงออม,My safe zone 🫶💜
r11650,https://www.readawrite.com/a/Zg0t4r,ธัญนิศญาน์ | lingorm,เจ้าชายกินนมผง
r11653,https://www.readawrite.com/a/Zg0ue2,นิสิตประจำใจ |LingOrm (เซฟทุกตอน),ออมก้อนแฟนเฮียหลิง
r11654,https://www.readawrite.com/a/Zg0uwh,ณคุณอัยย์รัก (lingorm),hp.time
r11657,https://www.readawrite.com/a/Zg0yiu,ประกายแห่งทะเล - lingorm,winevia
r11663,https://www.readawrite.com/a/Zg12ng,พี่ตะวันของไอร่า | หลิงออม,หลิงออมดิ่ว๊ะ!
r11665,https://www.readawrite.com/a/Zg13jc,Her &amp; Hers &mdash; เมื่อปีกโคจรรอบเหล็ก [LINGORM],mur.mur.zone
r11673,https://www.readawrite.com/a/Zg18uo,ดาวเกี้ยวเดือน | lingorm,Koon2
r11677,https://www.readawrite.com/a/Zg1bgq,EvIL.ตัวร้าย,พระจันทร์ในเวลากลางวัน🌕
r11678,https://www.readawrite.com/a/Zg1c9h,ProudTiwa,Pearllalin
r11680,https://www.readawrite.com/a/Zg1dub,FLY TO LOVE...บินตรงสู่ใจเธอ,TO ARU RAILGUN
r11681,https://www.readawrite.com/a/Zg1e7e,รักในโรงเรียน#หลิงออม,너!
r11684,https://www.readawrite.com/a/Zg1etn,Voice in the Heart,爱之主♡⁠˖
r11685,https://www.readawrite.com/a/Zg1f54,นรา นริน | lingorm,Nika^^
r11689,https://www.readawrite.com/a/Zg1hoq,ยัยดาราสาวกับแฟนคลับ | lingorm,ไม่รุ้ๆ
r11694,https://www.readawrite.com/a/Zg1jwd,Bad love | lingorm,คุณเพชร💎
r11696,https://www.readawrite.com/a/Zg1ka8,รักนานแล้ว(หลิงออม),ดิฉันเองงง
r11697,https://www.readawrite.com/a/Zg1l34,ไอยศรันร์ : lingorm,มิถุนาหน้าร้อนหรือหน้าฝน
r11699,https://www.readawrite.com/a/Zg1loc,วารีกานต์ | lingorm,lin_x
r11701,https://www.readawrite.com/a/Zg1m17,Never | LingOrm,RogerRose 💐
r11703,https://www.readawrite.com/a/Zg1o96,City of Lights - LingOrm,_mysymmetry
r11705,https://www.readawrite.com/a/Zg1peo,first love  || lingorm,M966
r11706,https://www.readawrite.com/a/Zg1pwc,ย้อนเวลายังไงก็เจอกันอยู่ดี,หลิงคองออมก้อน
r11708,https://www.readawrite.com/a/Zg1rpn,แสนรัก | ormling,prxewaoi
r11710,https://www.readawrite.com/a/Zg1u9w,รชาทีรกานต์ | ormling,𝑲𝒉𝒖𝒏𝒕𝒉𝒊𝒂𝒏
r11717,https://www.readawrite.com/a/Zg1vyx,ภรรยาในนาม - lingorm,Jaa' Ploy'
r11721,https://www.readawrite.com/a/Zg20ml,ขวัญใจไก่แจ้ | lingorm,นิหน่าเองง
r11722,https://www.readawrite.com/a/Zg21yt,amita &mdash; lingorm,Maisie-s
r11725,https://www.readawrite.com/a/Zg25kh,จับรักซะให้เข็ด,Benjamin.k
r11731,https://www.readawrite.com/a/Zg27p4,Listen first | lingorm,smartbutnotsmoke
r11732,https://www.readawrite.com/a/Zg27rc,เพราะมีเธอ lingorm,ppap
r11738,https://www.readawrite.com/a/Zg29ws,หนึ่งในนั้นต้องเป็นเธอ..,นัทธ์ฤทัย ฯ.🖋️
r11745,https://www.readawrite.com/a/Zg2cw2,เบญจิรา | ormling,ยี่สิบสามตุลา
r11748,https://www.readawrite.com/a/Zg2e19,บักคนกาฬสินธุ์ and ดารา|lingorm,nextnice
r11750,https://www.readawrite.com/a/Zg2ewq,Unwilled,tammada.
r11752,https://www.readawrite.com/a/Zg2fsj,Case study of love - lingorm,salmon boo
r11759,https://www.readawrite.com/a/Zg2i9o,My Professor/หลิงออม,F Drevia
r11761,https://www.readawrite.com/a/Zg2j1p,A rebound | LingOrm,Pencil and Eraser
r11762,https://www.readawrite.com/a/Zg2jd2,Deceive | Lingorm,Donna_lee;3
r11768,https://www.readawrite.com/a/Zg2n6h,Bed partner | lingorm,Koon2
r11772,https://www.readawrite.com/a/Zg2tho,girlfri(end) | lingorm,pchcy
r11774,https://www.readawrite.com/a/Zg2ug5,กรณ์(ไม่)แต่งงาน,เจ๊น้ำตก
r11776,https://www.readawrite.com/a/Zg2vqi,เพียงเธอ Only You (Linglingkwong&amp;Ormkornnaphat),I love lingormm4
r11784,https://www.readawrite.com/a/Zg369r,ณิชาภา | lingorm,lin_x
r11785,https://www.readawrite.com/a/Zg36as,รณิษฐา | lingorm,lin_x
r11786,https://www.readawrite.com/a/Zg36c7,ยินดีที่ได้รู้จัก | LingOrm,StepUndertheSky
r11787,https://www.readawrite.com/a/Zg36g5,กุศรางค์|LINGORM,เสียงสะล้อ
r11788,https://www.readawrite.com/a/Zg36o2,เธอคือที่ปลอดภัยของภัทร | lingorm,Pao Moo Daeng
r11789,https://www.readawrite.com/a/Zg376q,Richter scale 100 - หลิวเจิ้น (刘振),เดือนดับกลางวัน
r11790,https://www.readawrite.com/a/Zg37jj,คีตภัทร | LINGORM,beforejune1127
r11793,https://www.readawrite.com/a/Zg38k4,อลิน ลภัทร,Vanillaa.t
r11796,https://www.readawrite.com/a/Zg39m2,ไอรัก | LINGORM,อ้วมมมม♡
r11798,https://www.readawrite.com/a/Zg3ams,พี่เต็มปะเนี่ย|lingorm,bunbunbabybigboy
r11803,https://www.readawrite.com/a/Zg3d14,กว่าจะได้รัก &mdash; lingorm,นายกานต์ .
r11805,https://www.readawrite.com/a/Zg3dgl,"i want it, i got it | lingorm",ppap
r11806,https://www.readawrite.com/a/Zg3dhu,ตัวดื้อของคุณซัน,เอลซ่านะไม่ใช่เองซ่าน
r11809,https://www.readawrite.com/a/Zg3gbw,viper | juniorfluke,任如意
r11812,https://www.readawrite.com/a/Zg3gvb,[จบ] หัวใจ(ไม่)ตามสคริปต์ | lingorm,เรือร้างที่ยังมีลมหายใจ
r11813,https://www.readawrite.com/a/Zg3hl7,wife - Lingorm,maewdenorm
r11814,https://www.readawrite.com/a/Zg3hn3,บักเก้า - LINGORM,xzcq342
r11817,https://www.readawrite.com/a/Zg3jc5,แม่เทพธิดาปลาน้อย | LingOrm,REGEnSuu
r11818,https://www.readawrite.com/a/Zg3jyg,My sunflowers | lingorm,Hachi🚩
r11820,https://www.readawrite.com/a/Zg3kgb,กัญวรา &ndash; lingorm (Omegaverse),oummoumm
r11822,https://www.readawrite.com/a/Zg3lgr,Grab me if you can -Lingorm,thebestTea
r11823,https://www.readawrite.com/a/Zg3niq,(SF) FWB | LINGORM (Omegaverse),CARNIVAL
r11824,https://www.readawrite.com/a/Zg3ntd,ภรรยาคุณหมอ|LingOrm,นิทานดาว
r11825,https://www.readawrite.com/a/Zg3ohc,เมลดา |lingorm,𝑅𝑢𝑏𝑦𝑠𝑖𝑎𐙚
r11835,https://www.readawrite.com/a/Zg3sj2,you is for me! |LingOrm,Lingorm👍🏻
r11838,https://www.readawrite.com/a/Zg3ur9,ตาบ้านนอกกับคุณหนูขี้วีน(lingorm),Vanillaa.t
r11841,https://www.readawrite.com/a/Zg3vo3,Arden | LingOrm,คุณอาเจ
r11853,https://www.readawrite.com/a/Zg40st,ภรัณธดา|lingorm,ธิดาการัน
r11854,https://www.readawrite.com/a/Zg417e,ประธานนักเรียนที่น้องใฝ่ฝัน,ภีมไทย
r11856,https://www.readawrite.com/a/Zg41ir,นับหนึ่งใหม่กับพรีมภัทร,เอฟจีเอส
r11857,https://www.readawrite.com/a/Zg424r,กาลเวลา | LingOrm,ขนนกฟินิกซ์
r11858,https://www.readawrite.com/a/Zg4273,เด็กเนิร์ด|lingorm,lingorm ♡
r11860,https://www.readawrite.com/a/Zg44xh,คุณวรัญญา-lingorm,เเมวดำ
r11861,https://www.readawrite.com/a/Zg44yy,เจษฎาศิริรักษ์ - lingorm,Jaa' Ploy'
r11862,https://www.readawrite.com/a/Zg45jc,The Throne in the Shadow,F Drevia
r11863,https://www.readawrite.com/a/Zg45te,เลิศไปป่ะซิส ~หลิงออม~,Lingorm👍🏻
r11864,https://www.readawrite.com/a/Zg45x7,สเตรทแบบเธอต้องเจอฉัน | LingOrm,DNA9
r11868,https://www.readawrite.com/a/Zg47cj,อุ้มรัก |LingOrm,UglyDuckling
r11872,https://www.readawrite.com/a/Zg49me,หวงเธอจนใจหวิว | หลิงออม,~♡&deg;.ปลาแพรว.&deg;♡~
r11876,https://www.readawrite.com/a/Zg4bdf,เพชรกะรัตร้อยเล่ห์ [Lingorm],ปราณรวีร์
r11882,https://www.readawrite.com/a/Zg4gf5,ความรักอันเป็นนิรันดร์|lingorm,try_cuid
r11891,https://www.readawrite.com/a/Zg4jrb,รักแรก หลิงออม,I love you 🎀🙊
r11894,https://www.readawrite.com/a/Zg4kgj,เธอคือคนแรกของชีวิตling|orm,jirawa.t
r11904,https://www.readawrite.com/a/Zg4qp6,&bull; ลักษ์เล่นกล &bull;,WINNATSAYA
r11906,https://www.readawrite.com/a/Zg4rkl,รักที่เธอไม่รู้ | LingOrm,nichalackky
r11908,https://www.readawrite.com/a/Zg4snb,หลิงออม(ทอชทำ),เขียนอะไรก็ไม่รู้
r11909,https://www.readawrite.com/a/Zg4syt,รักแรกพบ | Lingorm,LINGORM💜
r11910,https://www.readawrite.com/a/Zg4uba,รักร้ายของมาเฟีย | Lingorm,กินเส้นไม่ผัก.
r11919,https://www.readawrite.com/a/Zg4ymn,สายลมหนาวกับสาวหมอลำ,F Drevia
r11920,https://www.readawrite.com/a/Zg51b0,ธันวา | lingorm,thesombrero
r11923,https://www.readawrite.com/a/Zg54pd,ผู้บ่าวตัดอ้อย | Ormling,ซ่อนกลีบเมฆ
r11925,https://www.readawrite.com/a/Zg55qx,"30,000ft อดทนจนกว่าจะแลนด์ (Rewrite บรรยาย100%)",janearly
r11927,https://www.readawrite.com/a/Zg56ev,ผู้หญิงข้าใครอย่าแตะ|LingOrm,คุคิ ◌ิ◌ิ◌ิ
r11933,https://www.readawrite.com/a/Zg57gl,คุณนลิน |LingOrm,ตะวันฉาย
r11935,https://www.readawrite.com/a/Zg58n8,ตี๋ดิว่ะ️[ชาแพท],:-)
r11936,https://www.readawrite.com/a/Zg59uf,ซาตานเถื่อน| Lingorm,กินเส้นไม่ผัก.
r11939,https://www.readawrite.com/a/Zg5bbe,อยากจะรัก|lingorm,6pigname
r11940,https://www.readawrite.com/a/Zg5c3b,3สีคำเตือนมรณะ | LingOrm,คุณอาเจ
r11942,https://www.readawrite.com/a/Zg5d6o,Aimee | lingorm,sunkwong
r11944,https://www.readawrite.com/a/Zg5dy1,Still you| lingorm,นทีง่วงนอน
r11945,https://www.readawrite.com/a/Zg5f2b,Living Death|LINGORM,Black Paradox
r11947,https://www.readawrite.com/a/Zg5g49,คนรักหรือเพื่อน,คนรัก/เพื่อน
r11948,https://www.readawrite.com/a/Zg5gdm,รักสุดท้าย my soulmate || lingorm,M966
r11953,https://www.readawrite.com/a/Zg5hmb,แพมเพิส - lingorm,ฮานึล
r11954,https://www.readawrite.com/a/Zg5i50,I WANT YOU | LingOrm,eiei
r11961,https://www.readawrite.com/a/Zg5jyq,วาดเสือ lingorm,เป่าเปย์
r11976,https://www.readawrite.com/a/Zg5pb0,บุษบายามรัตติกาล - LingOrm,yoos&eacute;
r11977,https://www.readawrite.com/a/Zg5pe5,วันวิวาห์ | lingorm ft.READTOBER2025,midnightdose
r11978,https://www.readawrite.com/a/Zg5riw,ความฝันฝากรัก|Lingorm,ดาวลภัส
r11981,https://www.readawrite.com/a/Zg5ucr,นาวโง่wa | lingorm or lingbam,คนยังไม่ตายเด้นอย่ามาแทนที่;P
r11982,https://www.readawrite.com/a/Zg5uec,สมรส #lingorm,Bathroom
r11986,https://www.readawrite.com/a/Zg5wi8,รวมฟิคสั้น | LingOrm,คุณอาเจ
r11988,https://www.readawrite.com/a/Zg5xf4,sweet disposition | lingorm,ดาวน้ำ
r11990,https://www.readawrite.com/a/Zg5xk8,discourage | lingorm,คุณหนึ่ง
r11991,https://www.readawrite.com/a/Zg5xwq,พี่น้อง | Lingorm,pichayaa2
r11995,https://www.readawrite.com/a/Zg5yvp,Blood V | lingorm,midnightdose
r11997,https://www.readawrite.com/a/Zg60a0,ภาวนา &mdash; lingorm,โบ้บ้อกแบ้ก
r11999,https://www.readawrite.com/a/Zg62c9,ธันวามีเธอ &mdash; lingorm,6:20
r12000,https://www.readawrite.com/a/Zg62ho,ศิริกานต์ลมินทร์ | lingorm,xsoblack
r12005,https://www.readawrite.com/a/Zg674b,Barista - Ormling,salmon boo
r12007,https://www.readawrite.com/a/Zg68mc,อย่านึกถึงเขาอีก ให้หนักหัว!!,ชั้นแต่งไม่เรื่อยย
r12010,https://www.readawrite.com/a/Zg6apy,Love and War | LingOrm,Path 🖋️
r12015,https://www.readawrite.com/a/Zg6f2y,my girl | lingorm &sup1;⁸,Pan_08
r12017,https://www.readawrite.com/a/Zg6fso,ฟ้าใส ormling,melody my boo
r12026,https://www.readawrite.com/a/Zg6jk7,"รักที่รอ""มา8ปี""(หลิงหลิงคองออมนภัสกร)",หลิงออมเลิฟ
r12027,https://www.readawrite.com/a/Zg6jml,คีนตะวัน | lingorm,แสงตะวัน🔆
r12031,https://www.readawrite.com/a/Zg6ka8,Mission : Marry a Millionaire | LingOrm,notyourbabygirl
r12035,https://www.readawrite.com/a/Zg6myn,อิง คนเดิม,MAY_DAY
r12039,https://www.readawrite.com/a/Zg6o42,สักวันเราจะพบกัน,จ้วบๆ
r12041,https://www.readawrite.com/a/Zg6q54,พี่ตะวันขาาาาาาา,หลิงออม//ตอนทำอะไรกันก็ไม่รู้//
r12045,https://www.readawrite.com/a/Zg6vhw,รักแรก|แพรวลีน,N Mindy. แพรวลีน   หลิงออม   บอสเอินเอิน
r12049,https://www.readawrite.com/a/Zg6ylw,เพลงรักของสองแฝด,คืนที่สามสิบแปด
r12050,https://www.readawrite.com/a/Zg7069,ความรักอันแสนสาหัส..  | Ling Om,โลกสีคราม 🕊️
r12053,https://www.readawrite.com/a/Zg71k5,ยัยหนูของซ้อ,เรื่อยๆจอยๆ
r12054,https://www.readawrite.com/a/Zg733c,ยินดีที่ได้รู้จัก|lingorm,4สิงหาเธอคือใคร
r12055,https://www.readawrite.com/a/Zg73dm,ฉันจึงวนกลับมา | LingOrm,omeji
r12058,https://www.readawrite.com/a/Zg75hc,The Heartless Captain กัปตันไร้หัวใจ,F Drevia
r12059,https://www.readawrite.com/a/Zg75s9,The Corner We Met. | lingorm.,Prim S.
r12061,https://www.readawrite.com/a/Zg77wq,ศวิลักษณ์ | ormling,khunnasambat
r12062,https://www.readawrite.com/a/Zg785k,คนเดียวที่รัก | lingorm,KzyLove
r12063,https://www.readawrite.com/a/Zg7951,one night without a name &mdash; ormling,𝒎𝒂𝒕𝒄𝒉𝒂𐙚
r12064,https://www.readawrite.com/a/Zg799o,บ้อกแบ้ก| LINGORM,กินขม
r12067,https://www.readawrite.com/a/Zg7clc,"""บุคคลอันตรายต่อหัวใจ""//หลิงออม//",เจ็บเพราะรัก
r12072,https://www.readawrite.com/a/Zg7ewu,"Ex, Again &mdash; lingorm",เป็นปะ
r12079,https://www.readawrite.com/a/Zg7imq,Lost in Paris | ormling,Noctis
r12080,https://www.readawrite.com/a/Zg7j0a,ห่มฟ้า | LingOrm,Haru
r12082,https://www.readawrite.com/a/Zg7jcx,The Parallel Divide ปราการรักข้ามเส้นขนาน,F Drevia
r12087,https://www.readawrite.com/a/Zg7la6,MY QUEEN | LINGORM,My Apollo
r12089,https://www.readawrite.com/a/Zg7ls3,เพื่อนใน Roblox คือน้องของแฟน(ในอนาคต) - lingorm,Tee rak
r12095,https://www.readawrite.com/a/Zg7pgk,Kewalin | LingOrm,คุณอาเจ
r12096,https://www.readawrite.com/a/Zg7qh3,พี่พีชอย่าเหี้ย &mdash; lingorm,don'tseekattentionwithme
r12099,https://www.readawrite.com/a/Zg7sa8,Falling Under You : แพ้ให้รัก,TO ARU RAILGUN
r12101,https://www.readawrite.com/a/Zg7slu,ซีซาร์ที่ไม่ใช่ชื่อสลัด | lingorm,Interista
r12103,https://www.readawrite.com/a/Zg7tjt,Leave | LingOrm,RKRRK
r12107,https://www.readawrite.com/a/Zg7usn,หลิงออม,ฟ้าใสรักหลิงออม
r12109,https://www.readawrite.com/a/Zg7vqo,เธอที่ฉันเคยรู้จัก|LingOrm,จุบุๆ
r12115,https://www.readawrite.com/a/Zg7yas,50 | Lingorm,ไออ้วม
r12116,https://www.readawrite.com/a/Zg7ylq,รักนี้เพื่อ &lsquo;&lsquo;ออม&rsquo;&rsquo;|หลิงออม,เคโระเคโระ
r12118,https://www.readawrite.com/a/Zg813d,เงาในเพชร | Clare x Liss,ami C
r12119,https://www.readawrite.com/a/Zg818d,เล่ห์มังกร - LingOrm,OMURA (โอมูระ)
r12122,https://www.readawrite.com/a/Zg83pj,Night a Rain | lingorm,khonprod
r12124,https://www.readawrite.com/a/Zg83vr,Unworthy - lingorm,"AichaKhio,"
r12126,https://www.readawrite.com/a/Zg888s,คนใจร้าย| lingorm,ชอบกินเนื้อไดโนเสาร์
r12131,https://www.readawrite.com/a/Zg898v,"คุณ ""ประธาน"" |หลิงออม",ผมเองจ๊าฟ
r12133,https://www.readawrite.com/a/Zg89kk,ตราบทิวากร - LingOrm,Nanami Run
r12136,https://www.readawrite.com/a/Zg8acc,คุณไค | LingOrm,VanesSun
r12139,https://www.readawrite.com/a/Zg8c7j,เอ้าเอาแว่นหนูมา!!|LingOrm,00KOrmKorn
r12141,https://www.readawrite.com/a/Zg8f0w,อลันรดา| lingorm,Vanillaa.t
r12145,https://www.readawrite.com/a/Zg8h1c,Roommate - lingorm,JLO
r12146,https://www.readawrite.com/a/Zg8h63,คุกเข่าซ่ะ!|หลิงออม,คุคิ ◌ิ◌ิ◌ิ
r12152,https://www.readawrite.com/a/Zg8k9d,eternal love​ | Orm​Ling​,ฉลามจะกัดหัว
r12153,https://www.readawrite.com/a/Zg8l95,เธอคนเดียว|lingorm,&sup3;⁸&times;&reg;
r12154,https://www.readawrite.com/a/Zg8m4b,[เกมร้าย เดิมพันรัก] LingOrm,ฟิคช่างฝัน
r12160,https://www.readawrite.com/a/Zg8p29,9  | lingorm,lingorm
r12162,https://www.readawrite.com/a/Zg8qy2,จิตนาที่ขาดหาย/lingorm​,sawasdeekub
r12163,https://www.readawrite.com/a/Zg8rmn,พีรกรณ์ | lingorm (omegaverse),โซดาโต๊ะสองสี่
r12167,https://www.readawrite.com/a/Zg8s1s,เพียงใจเรารักกัน | LingOrm,makersan
r12183,https://www.readawrite.com/a/Zg94cb,พร้อมพิมพ์ | LINGORM,แมวแปลกหน้า
r12184,https://www.readawrite.com/a/Zg95gr,คริสรัน | LingOrm,goldenxkwong
r12185,https://www.readawrite.com/a/Zg95u8,khunyai - lingorm,yueqingblu
r12187,https://www.readawrite.com/a/Zg969d,ความจริงเป็นสิ่งอันตราย #Lingorm,Mr.Dangerous
r12188,https://www.readawrite.com/a/Zg96li,Circus | Lingorm [Omegaverse],Demon.real
r12189,https://www.readawrite.com/a/Zg96wb,เสลี่ยงแดง,ฟออินอ
r12195,https://www.readawrite.com/a/Zg98xo,ครับเซฟ | หลิงออม,myself_pp
r12196,https://www.readawrite.com/a/Zg9a7m,rak cer2 |lingorm,mmm.n
r12197,https://www.readawrite.com/a/Zg9aqi,Engine &amp; Eau | Lingorm,เป็ดติดกาแฟ
r12198,https://www.readawrite.com/a/Zg9awe,รักให้ร้าย | ormling,เจ้าปลาวาฬน้อย 🐳
r12201,https://www.readawrite.com/a/Zg9d6n,คุณโปรด | lingorm,KhunKritti
r12203,https://www.readawrite.com/a/Zg9e3x,เราเป็นอะไรกัน | Lingorm,y/n
r12206,https://www.readawrite.com/a/Zg9fac,แม่ธารารัตน์| Lingorm,Love. LingOrm😻
r12209,https://www.readawrite.com/a/Zg9gmk,คีรัน|lingorm,ธิดาการัน
r12213,https://www.readawrite.com/a/Zg9hll,Turn into love - Lingorm,mungkod
r12217,https://www.readawrite.com/a/Zg9j5p,วยบน - lingorm,esmusep
r12218,https://www.readawrite.com/a/Zg9j77,วันสุขของคุณเบน &mdash; lingorm,BAEKSUNX
r12219,https://www.readawrite.com/a/Zg9jha,คณบดี |ormling,wbkp_o-o
r12220,https://www.readawrite.com/a/Zg9k14,หลิงออม(ตอนที่1),K.
r12229,https://www.readawrite.com/a/Zg9nn3,Aeroplane | LingOrm,รัตติกาล เวหา สนธยา
r12230,https://www.readawrite.com/a/Zg9o3w,Secret Agent's Code of Love รหัสรักสายลับ,F Drevia
r12234,https://www.readawrite.com/a/Zg9qar,ไม่เป็นแม่งละศิลปินคนโปรด | LingOrm,TPN_
r12237,https://www.readawrite.com/a/Zg9rco,Sugar mummy&rsquo;s | LingOrm,Yourname
r12240,https://www.readawrite.com/a/Zg9sdk,คืนนี้เจอดี/หลิงออม,หลิงหลิงคองงงออมมม
r12241,https://www.readawrite.com/a/Zg9sfr,หัวหน้าสุดที่รัก#หลิงออม,เป็ดจิ๋ว🐤🐣🐥
r12243,https://www.readawrite.com/a/Zg9tmo,No วิศวะ! (Footing &times; Queen) &mdash; Lingorm,Monkey44
r12245,https://www.readawrite.com/a/Zg9u0m,ธีร์ราภัทร | ormling,khunpete :)
r12248,https://www.readawrite.com/a/Zg9uk3,พิชญวดี | lingorm,S.SILXNT
r12250,https://www.readawrite.com/a/Zg9wa7,The Unwritten Deal ดีลลับนอกสัญญา | Lingorm,L.S.S.
r12257,https://www.readawrite.com/a/Zg9y0g,ros&eacute; remains - lingorm,ศูนย์เจ็ดพฤจิ
r12258,https://www.readawrite.com/a/Zg9y0n,time|lingorm speacial episode,ซ่อนกลีบเมฆ
r12261,https://www.readawrite.com/a/Zga0ba,กลิ่นสาง | Lingorm,Bonus numnim
r12262,https://www.readawrite.com/a/Zga0ff,รหัสลับฆาตกรรม | HMM.A,HMM.A
r12268,https://www.readawrite.com/a/Zga3sd,ดารินทร์ |lingorm,mmmmiysl
r12270,https://www.readawrite.com/a/Zga4ld,Nightshade's Kiss ! #lingorm,พี่หมูน้อย
r12274,https://www.readawrite.com/a/Zga7g5,ดั่งขวัญ |LingOrm,UglyDuckling
r12278,https://www.readawrite.com/a/Zgab2j,just wanna be your - lingorm,mu1an
r12280,https://www.readawrite.com/a/Zgacum,That should be me | ormling,Pa_li_da
r12281,https://www.readawrite.com/a/Zgadhi,PhamIn-lingorm,ไข่เจียวหมูสับ
r12284,https://www.readawrite.com/a/Zgadve,รัก...ในสายหมอก | LingOrm,Mi Coraz&oacute;n
r12286,https://www.readawrite.com/a/Zgafeu,Alonica | LingOrm,ชากู้แลนด์
r12289,https://www.readawrite.com/a/Zgah6n,ที่รักของเธอ|Lingorm,ชนัญชิดา
r12292,https://www.readawrite.com/a/Zgaiqg,รักวุ่นๆ ของยัยคุณหมอ(ขี้ซึน),Favorite old chat person
r12294,https://www.readawrite.com/a/Zgajhw,do it without me -ormling,Yiwa_
r12304,https://www.readawrite.com/a/Zgap3v,Return รักมัดใจยัยคนเก่า,V x iew
r12308,https://www.readawrite.com/a/Zgaqf0,100% &mdash; lingorm,SERRI SERII
r12318,https://www.readawrite.com/a/Zgatfs,Puppy Love | Lingorm,K.Chali01
r12319,https://www.readawrite.com/a/Zgauqk,baby streamer | lingorm,onamjung
r12320,https://www.readawrite.com/a/Zgaurq,ให้ฉันได้บอกรัก|lingorm,4สิงหาเธอคือใคร
r12321,https://www.readawrite.com/a/Zgauxe,สาปรักเก็ดถะหวา (The Cursed Gardenia) | LingOrm,july9th
r12327,https://www.readawrite.com/a/Zgaytm,พัทเจน | lingorm,ทะเลภูเขา_
r12330,https://www.readawrite.com/a/Zgb12t,หัวใจลลิน - LingOrm,K.Phee
r12332,https://www.readawrite.com/a/Zgb2u2,พายุดาวเหนือ | ormling,ถงเฮา
r12337,https://www.readawrite.com/a/Zgb4dm,ส่งมากวน อย่กให้รู้ว่าคิดถ้าคนอ่านหน้าบึ้ง,เบ็นเท็นนิสัน🖤
r12339,https://www.readawrite.com/a/Zgb5u7,หมอของวิศวะ#หลิงออม,JAKKYYL
r12343,https://www.readawrite.com/a/Zgb7da,30ยังแจ๋ว | Lingorm,Mind:^D
r12344,https://www.readawrite.com/a/Zgb7oo,Queen Lilian | LingOrm,KwongLong
r12348,https://www.readawrite.com/a/Zgb86d,Sea of Mind | ORMLING,Serentin
r12349,https://www.readawrite.com/a/Zgb8o6,จบกันแค่นี้||หลิงออม,เอิร์น
r12351,https://www.readawrite.com/a/Zgb9eu,ยังไงก็ต้า | Ormling,Leo
r12358,https://www.readawrite.com/a/Zgbai6,ออนซอนเด้|Lingorm,Lingorm
r12363,https://www.readawrite.com/a/Zgbbpj,My |lingorm,ᴍʏʜᴏᴘᴇ
r12365,https://www.readawrite.com/a/Zgbcn5,Beneath Her Light|Lingorm,KKANYA
r12377,https://www.readawrite.com/a/Zgbgok,เหมยลี่ | Lingorm,Luna Nightfall
r12379,https://www.readawrite.com/a/Zgbh9d,peempitcha - lingorm,yueqingblu
r12381,https://www.readawrite.com/a/Zgbigh,ชอบก็บอก อย่าหลอกให้รัก'ก,ข้าวหอมไง'ง
r12384,https://www.readawrite.com/a/Zgbltf,ศิรินธินี | LingOrm,พิ่เด้นของมัมหมี
r12386,https://www.readawrite.com/a/Zgbm76,punrak|lingorm,ธิดาการัน
r12387,https://www.readawrite.com/a/Zgbmhy,ขอเธอกลับมา,K
r12389,https://www.readawrite.com/a/Zgbn12,เพื่อนรัก | lingorm,Love | lingOrm
r12393,https://www.readawrite.com/a/Zgboao,เต็มมั้ย | lingorm,Samongtun
r12400,https://www.readawrite.com/a/Zgbs5l,"The Price of Her , lingorm",พุดน้อย poodnoi
r12404,https://www.readawrite.com/a/Zgbtvs,อรพินท์ | LingOrm,คนหล่ออ
r12406,https://www.readawrite.com/a/Zgbudx,อิณณ์ไอรีณ | lingorm,ทะเลภูเขา_
r12415,https://www.readawrite.com/a/Zgby0m,เพียงเธอ only you|หลิงออม,นอ นัท
r12419,https://www.readawrite.com/a/Zgc12o,14.53 | lingorm,แฮมทาโร่ไมโล2กล่อง
r12421,https://www.readawrite.com/a/Zgc1ex,just for you|lingorm,วอกแวกขี้เหงา
r12423,https://www.readawrite.com/a/Zgc2f4,Boss | ormling,m'm'
r12426,https://www.readawrite.com/a/Zgc3fw,Not the same | Lingorm,DIDO
r12431,https://www.readawrite.com/a/Zgc6ln,นัดเจอแฟนในffครั้งแรก  |  Lingorm,y/n
r12435,https://www.readawrite.com/a/Zgc7cb,เลขาบ้านี่!|LingOrm,คุคิ ◌ิ◌ิ◌ิ
r12444,https://www.readawrite.com/a/Zgca0c,โมเดล | lingorm,เรียกผมว่าดาวด่าวด้าว
r12445,https://www.readawrite.com/a/Zgcaam,vanis &mdash; lingorm (omegaverse),Maisie-s
r12446,https://www.readawrite.com/a/Zgcai8,รักของเราต้องสมบูรณ์|lingorm,พี่จ๋องตัวเล็กๆ
r12449,https://www.readawrite.com/a/Zgcb4x,ยัยตัวแสบ แอบรักรุ่นพี่,หลิงออม
r12450,https://www.readawrite.com/a/Zgcbdb,เพียงเธอ-หลิง ออม,คิมเชชช
r12453,https://www.readawrite.com/a/Zgcbnd,มะม๊าหนูอยู่ไหน | Lingorm,Mind:^D
r12454,https://www.readawrite.com/a/Zgcbqa,The queen owns this |lingorm,Lumira
r12457,https://www.readawrite.com/a/Zgcchf,บ้านเขมณดินย์|Lingorm,ธิดาการัน
r12460,https://www.readawrite.com/a/Zgce13,mine | lingorm,รี้ดไม่ไรท์
r12461,https://www.readawrite.com/a/Zgce1h,lingorm/หลิงออม,มะมิ้น
r12466,https://www.readawrite.com/a/Zgcghi,my Evanan &mdash; lingorm,BAEKSUNX
r12472,https://www.readawrite.com/a/Zgclhk,หลี่เฟยไม่ใช่ของเล่น|LingOrm,แมวมากัส
r12474,https://www.readawrite.com/a/Zgcmwo,หลิงออม,ไปพับ
r12476,https://www.readawrite.com/a/Zgco3u,คนโปรด | lingorm,NTCO
r12479,https://www.readawrite.com/a/Zgcosu,นายบอดี้การ์ดกับยายแบ๊ว,หลิงออมเลิฟ
r12486,https://www.readawrite.com/a/Zgcs0u,ข้ามมาภพรัก | Lingorm,Mind:^D
r12490,https://www.readawrite.com/a/Zgcu45,วิศวะร้ายกับยัยปักเป้า |LINGORM,กินเส้นไม่ผัก.
r12496,https://www.readawrite.com/a/Zgcxj0,No Script for This Love | Lingorm,tulips
r12498,https://www.readawrite.com/a/Zgcxy4,ขอบคุณที่เกิดมา|lingorm,สาวยูริ
r12500,https://www.readawrite.com/a/Zgcybg,เงากาลรัก | lingorm,Kaelinn
r12505,https://www.readawrite.com/a/Zgd22f,เมียหลวง|หลิงออม,ฟ้านักบ้า
r12506,https://www.readawrite.com/a/Zgd2b8,Today Is the Day - lingorm,merlune.
r12512,https://www.readawrite.com/a/Zgd4ev,ตกลงเป็นแฟนกันมั้ย,เกี่ยวกับศิลปิน
r12515,https://www.readawrite.com/a/Zgd6ho,Pure l Lingorm,Donna_lee;3
r12518,https://www.readawrite.com/a/Zgd995,ยัยเด็ก/หลิงออม,ไม่บอกเธอ.
r12521,https://www.readawrite.com/a/Zgdcaa,เจ้าจิ๋ว | ormling,ทะเลภูเขา_
r12525,https://www.readawrite.com/a/Zgddmp,แค่ห่าง ไม่ใช่หาย - lingorm,seefour
r12526,https://www.readawrite.com/a/Zgde77,"hey, rose &mdash; lingorm",fourteenjune&rsquo;s
r12527,https://www.readawrite.com/a/Zgdett,สาธุ99/LingOrm,ไอหู้
r12529,https://www.readawrite.com/a/Zgdfcn,"เพียงเราสอง ""Only Two Us"" หลิง x ออม",D. V
r12535,https://www.readawrite.com/a/Zgdhpc,ลูกพี่! | Lingorm,PHAKDEE.
r12538,https://www.readawrite.com/a/Zgdikc,กฎประหลาดขบวนรถไฟฟ้าเซียวหัว (消化道),AlwaysSleep
r12543,https://www.readawrite.com/a/Zgdmkm,Vacuum | LingOrm (Omega Fantasy),WcB
r12548,https://www.readawrite.com/a/Zgdpgc,เทียนไขไฟฟ้า|หลิงออม,ผมคือตัวซีเคร็จ
r12551,https://www.readawrite.com/a/Zgdqvo,To IRENE |lingorm,หมูบินตัวสีดำ
r12556,https://www.readawrite.com/a/Zgdrk8,คู่หมั้นพี่ชาย|Lingorm,ดอกไม้งาม🌷
r12566,https://www.readawrite.com/a/Zgdvtw,ซุปสไปซี่ | lingorm,zenji_
r12572,https://www.readawrite.com/a/Zgdyyk,รักกันแบบไม่รู้ตัว,หลิงหลิงควองง
r12573,https://www.readawrite.com/a/Zge0ap,RKIRAPIMPLOY | OrmLing,subparadd
r12579,https://www.readawrite.com/a/Zge29w,เธอคือรักแรก|lingorm,gut_t
r12582,https://www.readawrite.com/a/Zge3f0,สายที่รอ [Lingorm],หลังฝน
r12589,https://www.readawrite.com/a/Zge6nc,หัวใจบนเส้นทาง&amp;mdash;Lingorm,ชีเสริฟ
r12597,https://www.readawrite.com/a/Zgea54,นายหญิงของลี่หยาง,Naming👽
r12599,https://www.readawrite.com/a/Zgeae7,Doyouloveme|lingorm,Phatpat3
r12600,https://www.readawrite.com/a/Zgecxd,วันใหม่ | Lingorm,view_&gt;&lt;
r12603,https://www.readawrite.com/a/Zgeeub,คลั่งรักน้องพราว|lingorm,wan_284
r12607,https://www.readawrite.com/a/Zgegbp,ทพนร - lingorm,esmusep
r12608,https://www.readawrite.com/a/Zgegyg,5 billion &mdash; lingorm,ach1ra6a
r12614,https://www.readawrite.com/a/Zgehyl,วชิระ|หลิงออม,เป็ดจิ๋ว🐤🐣🐥
r12619,https://www.readawrite.com/a/Zgeii7,บอดี้การ์ด - หลิงออม,lol0
r12622,https://www.readawrite.com/a/Zgejjt,เด็กน้ำเต้าหู้ | lingorm,ไทยทีหวานน้อย
r12625,https://www.readawrite.com/a/Zgencu,ศรันย์ภัทร| ormling,Peem
r12626,https://www.readawrite.com/a/Zgenpe,hi! my love &ndash; lingorm,B baii eiei
r12637,https://www.readawrite.com/a/Zgeu6q,พบกันครั้งสุดท้าย-LingOrm,Fu🎧🎓
r12638,https://www.readawrite.com/a/Zgeuq5,#เด็กดีของลิตา l OrmLing,Chaowanphut
r12645,https://www.readawrite.com/a/Zgexwr,มาลินีของวารีกานต์ - Lingorm,sipadann
r12654,https://www.readawrite.com/a/Zgf5fm,Meant to Be|Lingorm,ขนุนเน่า
r12659,https://www.readawrite.com/a/Zgf8ph,โตแต่ตัวนะเราอะ| lingorm,RESBIAN
r12663,https://www.readawrite.com/a/Zgf992,นับเก้านับตังค์ |Lingorm,KwongLong
r12666,https://www.readawrite.com/a/Zgfacj,พัญญ่า(lingorm),POPPappp
r12673,https://www.readawrite.com/a/Zgfbyj,บริษัทนี้ไม่จำกัด | lingorm,six.pv
r12676,https://www.readawrite.com/a/Zgfdn8,My song - lingorm,iceliketoeat;-;
r12681,https://www.readawrite.com/a/Zgffwo,Marso &mdash; lingorm,P.chh
r12685,https://www.readawrite.com/a/Zgfgmn,มาเฟีย|ormling,จุ๊กกรู๊!!!!
r12695,https://www.readawrite.com/a/Zgfkwv,ภาระกิจพิชิตใจ/Lingorm //TKNUR,คุณบ็อกแบ๊ก
r12699,https://www.readawrite.com/a/Zgfm4u,ห้ามรักสุดท้ายกลายเป็นรัก | LINGORM,กินเส้นไม่ผัก.
r12705,https://www.readawrite.com/a/Zgfnkh,เจตนารักไม่ร้าย,ชินอิจิเอง
r12708,https://www.readawrite.com/a/Zgfnvn,เพื่อนผมทรงติ๋ม | lingorm,midnightdose
r12709,https://www.readawrite.com/a/Zgfnwi,Shouldn't love - LINGORM,My Apollo
r12714,https://www.readawrite.com/a/Zgfqm8,สบตา|Lingorm,คุคิ ◌ิ◌ิ◌ิ
r12716,https://www.readawrite.com/a/Zgfr36,Found it - lingorm,janisller
r12719,https://www.readawrite.com/a/Zgftew,KANYAKORN |Lingorm,ก๊องแก๊ง
r12721,https://www.readawrite.com/a/Zgfu9g,hot latte | lingorm,Phabpear
r12731,https://www.readawrite.com/a/Zgfwo0,ตกหลุมรักเลขา|ormling,จุ๊กกรู๊!!!!
r12736,https://www.readawrite.com/a/Zgg1ew,อาจารย์ที่รัก | Lingorm,Mind:^D
r12738,https://www.readawrite.com/a/Zgg1s7,"รุ่นน้องที่รัก | becfreen , ormling",ทั้งใจให้คนเก่า
r12739,https://www.readawrite.com/a/Zgg1ug,รุ่นน้องที่โรงเรียน| หลิงออม,sasikan.
r12740,https://www.readawrite.com/a/Zgg24w,พระพายใต้ไอหมอก | lingorm,brice
r12743,https://www.readawrite.com/a/Zgg4v9,เลิกกับแฟนเก่ามาหาคนเดิม :หลิงออม,00K
r12751,https://www.readawrite.com/a/Zgg8cu,รักซ่อนเธอ/lingorm,ยักษ์ประกัน
r12752,https://www.readawrite.com/a/Zgg8j2,หัวใจเพียงเธอ Lingorm,ดินสอพอง
r12754,https://www.readawrite.com/a/Zgg997,Debt of the Heart | Lingorm,tulips
r12761,https://www.readawrite.com/a/Zggapj,คนละชั้น|ormling,ทนิมทจัย
r12763,https://www.readawrite.com/a/Zggba3,ภรรยาที่รัก|Lingorm,ดอกไม้งาม🌷
r12765,https://www.readawrite.com/a/Zggcow,แสบอย่างเธอ ต้องเจอรัก : LingOrm,Kvanguard
r12774,https://www.readawrite.com/a/Zggg55,รักทดสอบ|ling orm&amp;Eng lot,FA LOVE GL
r12778,https://www.readawrite.com/a/Zgghb1,เพียงเธอ| LingOrm,สนุก
r12780,https://www.readawrite.com/a/Zggiih,บุคคลอันตราย - lingorm,Jaa' Ploy'
r12787,https://www.readawrite.com/a/Zggljy,เพียงเธอ | Lingorm,ไข่ตุ๋นนน&gt;&lt;
r12790,https://www.readawrite.com/a/Zggn9k,ได้ประธานเป็นพี่รหัส#หลิงออม,อัศวินบินข้ามโลก
r12792,https://www.readawrite.com/a/Zggnqt,รักที่เหลือแค่ความเงียบ| lingorm,Lingorm&rsquo;
r12793,https://www.readawrite.com/a/Zggnti,หนึ่งในสอง|โดรี่ or รี่ดิว,Risa.me
r12800,https://www.readawrite.com/a/Zggt61,ย้อนเวลา|Lingorm,ᴏ ʀ ᴍ ᴇ ʟ ᴇ ᴛ .
r12801,https://www.readawrite.com/a/Zggt6s,เธอในเที่ยงคืน | LingOrm,★𝙺𝙻𝙰𝙽𝙶★
r12804,https://www.readawrite.com/a/Zggttq,หัวใจมือสอง | LingOrm,เจ้าวอเทอร์
r12808,https://www.readawrite.com/a/Zggvqi,รักเสมอ|Lingorm,นายแหนม
r12814,https://www.readawrite.com/a/Zggxj0,แค่เมา - Lingorm,Yyyyyuyy
r12819,https://www.readawrite.com/a/Zggyi2,Ambrosia | LingOrm,Chariotbluu
r12821,https://www.readawrite.com/a/Zgh0js,พันธนาการรักข้ามรุ่น|Lingorm,Lingorm&rsquo;
r12832,https://www.readawrite.com/a/Zgh60y,พระจันทร์ต้องเจอพระอาทิตย์|LingOrm,นายฟูจิ
r12833,https://www.readawrite.com/a/Zgh65t,December - lingorm,небо
r12837,https://www.readawrite.com/a/Zgh7bg,Marry For Love | LingOrm (Omegaverse),NongMed___thua
r12841,https://www.readawrite.com/a/Zgh9rj,"Love, be my Rak| Lingorm",wang.benjamin
r12844,https://www.readawrite.com/a/Zghan1,ยังรักเธอแแค่เธอ(ไม่)รัก|หลิง&amp;ออม,Bo Tan
r12845,https://www.readawrite.com/a/Zghb7l,เดียวดาย/หลิงออม,Eve🫡
r12846,https://www.readawrite.com/a/Zghc2k,when i see u | lingorm,055566
r12852,https://www.readawrite.com/a/Zghg16,(ไม่)สมดุลรัก | lingorm,sushiba
r12853,https://www.readawrite.com/a/Zghhss,Wine O&rsquo;Clock | LingOrm,คืนที่สิบเก้า
r12855,https://www.readawrite.com/a/Zghig1,Restless| Lingorm,Zenterip
r12866,https://www.readawrite.com/a/Zghnfe,bed | lingorm,Sinnnnnnnnnnn
r12870,https://www.readawrite.com/a/Zghqbm,รู้ตัวอีกทีฉันดันไปชอบยัยป้าปากจัด,peachy.thanida
r12875,https://www.readawrite.com/a/Zghskm,Route | LingOrm,RKRRK
r12877,https://www.readawrite.com/a/Zghuyt,จม // lingorm,แจมแจม
r12886,https://www.readawrite.com/a/Zghy8l,อินทร์ชญา - LingOrm,K.Phee
r12894,https://www.readawrite.com/a/Zgi0rt,Acoustic Crush,ฉลามสีเทียน
r12900,https://www.readawrite.com/a/Zgi2ax,สัญญาระหว่างเรา,นักล่าความฝันในดินแดน
r12902,https://www.readawrite.com/a/Zgi3qi,จิ้น/Lingorm,I love you 🎀🙊
r12912,https://www.readawrite.com/a/Zgiako,Velvet Debt | LingOrm,DNA9
r12917,https://www.readawrite.com/a/Zgiccs,Mha-Kae | lingorm,sayhilingorm
r12920,https://www.readawrite.com/a/Zgidbb,หมาของพี่ | Lingorm,สวนหย่อมหรือสวนโพ
r12922,https://www.readawrite.com/a/Zgie7l,ร้านบาร์แห่งความรัก(ภาค2)|lingorm,nextnice
r12929,https://www.readawrite.com/a/Zgij4q,รักครั้งนี้ไม่มีผิดหวัง...มั้งนะ|lingorm |ตอนแรกขมหลังๆหวาน,เด็กหญิงควายกินหญ้าได้
r12930,https://www.readawrite.com/a/Zgij85,Goodiegail | lingorm,GGoodie
r12933,https://www.readawrite.com/a/Zgili6,Love the dog girl - lingorm,kom_
r12937,https://www.readawrite.com/a/Zgimv5,พบเป็นหมาของพี่เเละปากหมาเเค่กับพี่|OrmLing,ไอ้หมา
r12945,https://www.readawrite.com/a/Zgisrb,บอสหน้าโหด แอบรักเลขาลิน | lingorm,I love lingormm4
r12958,https://www.readawrite.com/a/Zgj2ro,Writer vs Reader | LingOrm,KhunLeKhaa :3
r12962,https://www.readawrite.com/a/Zgj4pl,สู่รักนิรันดร์,Valis&lt;⁠(⁠￣⁠︶⁠￣⁠)⁠&gt;
r12964,https://www.readawrite.com/a/Zgj5go,Do Not Disturb (Except You) | lingorm,unsent.draft
r12966,https://www.readawrite.com/a/Zgj6rd,"I Lied, You Knew",KzyLove
r12967,https://www.readawrite.com/a/Zgj8t6,พลันพรายรดา &ndash; lingorm,punish.
r12974,https://www.readawrite.com/a/Zgjauq,สัญญาที่หล่นหาย |lingorm,_ray.ks
r12976,https://www.readawrite.com/a/Zgjce5,หมวยอินเตอร์ | Lingorm,tulips
r12988,https://www.readawrite.com/a/Zgjk6r,รหัสที่รัก|หลิงออม,เจ้าแฮมตัวน้อย♡
r12996,https://www.readawrite.com/a/Zgjqfu,เด็กเก็บเลี้ยง | LingOrm,คุณอาเจ
r12997,https://www.readawrite.com/a/Zgjqj6,mess around | ormling,chaisom
r12998,https://www.readawrite.com/a/Zgjqyy,ฆ่าสั่งตาย|LingOrm,สั่ง สังหาร
r13000,https://www.readawrite.com/a/Zgjsdh,The Holy City&rsquo;s Shadow | LingOrm,diehard
r13005,https://www.readawrite.com/a/Zgjvl3,ชาลินอิงดาว &ndash; lingorm,Pearly.
r13009,https://www.readawrite.com/a/Zgjwc7,โชคชะตากีดกัน  / lingorm,Tim
r13010,https://www.readawrite.com/a/Zgjwgn,บาส | LingOrm,piano
r13017,https://www.readawrite.com/a/Zgjyy1,top secret ll lingorm,M966
r13021,https://www.readawrite.com/a/Zgk2rp,คนที่ไม่ต้องการ|lingorm,อยู่​โง้ๆไปวันๆ
r13024,https://www.readawrite.com/a/Zgk3ni,dek 6 ล้มทุก 9 | lingorm,just season
r13030,https://www.readawrite.com/a/Zgk61x,เหยี่ยวหัวใจ|Lingorm,ปลาดุก
r13031,https://www.readawrite.com/a/Zgk6od,The dual pour | lingorm,pchcy
r13033,https://www.readawrite.com/a/Zgk6xl,แม่หมอเมืองกาฬสินธุ์,เจ้าความรัก 🩷
r13035,https://www.readawrite.com/a/Zgk7gb,wanna be yours &amp;mdash; lingorm,sweettwine
r13039,https://www.readawrite.com/a/Zgk9w2,Friends-LingOrm,12-50 แพมๆฮ่ะ
r13043,https://www.readawrite.com/a/Zgke47,จากด้วยรัก [timeless] | หลิงออม,haribooo
r13044,https://www.readawrite.com/a/Zgkera,"รักสลับขั้ว""Exchange Love"" (omegavers)| Lingorm",คุณบ็อกแบ๊ก
r13046,https://www.readawrite.com/a/Zgkg3l,100000k,1.11111E+14
r13048,https://www.readawrite.com/a/Zgkhdn,คนของคินน์,ลูกหมูอ้วน
r13049,https://www.readawrite.com/a/Zgkhgk,หมอมึงอย่าแปลก &lt;lingorm&gt;,คุณเดซี่แม่พี่หลิงค้าบ
r13050,https://www.readawrite.com/a/Zgkhqo,Tinmin | Lingorm,Sebus kubb ! &hearts;️🚍🐶
r13052,https://www.readawrite.com/a/Zgkhw5,บอดี้การ์ดของคุณหนู / lingorm,nongaomkub_3001
r13053,https://www.readawrite.com/a/Zgki78,แสบยกกำลัง2 | lingorm,UglyDuckling
r13058,https://www.readawrite.com/a/Zgkju4,ดาวนิเทศ | Lingorm,M.demm_xx
r13059,https://www.readawrite.com/a/Zgkk2m,เธอต้องเป็นของฉัน ( หลิงออม ),ไข่ต้ม💢
r13066,https://www.readawrite.com/a/Zgkndt,1ปีหย่า | Lingorm,𝐿𝑖𝑡𝑡𝑙𝑒 𝐵𝑢𝑙𝑙
r13069,https://www.readawrite.com/a/Zgkp5e,รอยยิ้มบนน่านฟ้า (The Sky Whispers Love),Minnie_point
r13075,https://www.readawrite.com/a/Zgkt74,In Her Light|LingOrm,Krit:-)
r13081,https://www.readawrite.com/a/Zgkv1f,ยอมจำนน | lingorm -END,กินแซ่บส์
r13086,https://www.readawrite.com/a/Zgkx3r,Cutlery l Lingorm,พื้นที่เล็ก:)เล็ก
r13090,https://www.readawrite.com/a/Zgkyok,Yesterday,It&rsquo;s meeeeee
r13098,https://www.readawrite.com/a/Zgl2ex,ลูกเมียน้อย|ormling,ข้าวเผือก
r13101,https://www.readawrite.com/a/Zgl3gj,Mercury | OrmLing,Pencil and Eraser
r13104,https://www.readawrite.com/a/Zgl4i4,Rival ยัยคู่แข่ง...ที่รัก | Lingorm,l'm S
r13105,https://www.readawrite.com/a/Zgl4q8,Vulnerable. &mdash; LingOrm,lilitlicht
r13106,https://www.readawrite.com/a/Zgl4tg,[LINGORM] ETHEREUM,เหมยหมอดู
r13108,https://www.readawrite.com/a/Zgl5ef,we can dance until we die | lingorm,hot frame
r13115,https://www.readawrite.com/a/Zgl8rx,ไอ้เกี๊ยว!!! | lingorm,Evaren65
r13116,https://www.readawrite.com/a/Zglb46,maybe | lingorm,okayokay
r13119,https://www.readawrite.com/a/Zglcr6,ในคืนที่ดวงดาวไม่ตอบกลับ|LingOrm,คุณฟูจิ
r13126,https://www.readawrite.com/a/Zgldov,หญิงหญิงหน่ะมันไม่ผิดหรอกนะ//หลิงออม,บิ้วตริ้วกี👁️👄👁️
r13127,https://www.readawrite.com/a/Zgldvk,my princess,พี่อยากเป็นสไปเดอร์แมน
r13128,https://www.readawrite.com/a/Zglfvj,เธอผู้เป็นที่รัก|Lingorm,หมูตุ๋นตัวนิ่ม
r13130,https://www.readawrite.com/a/Zglgsg,รักเธอหมดใจ|lingorm,N.
r13137,https://www.readawrite.com/a/Zgliys,พี่หลิงง !,สกิบิดี้คลั่งยูริ ieie
r13138,https://www.readawrite.com/a/Zglj3d,หนึ่งเดียวเพียงเธอ | lingorm,คุณพระของคุณ
r13140,https://www.readawrite.com/a/Zgljg7,ลีโอลีม|lingorm,เเมวดำ
r13141,https://www.readawrite.com/a/Zgljoj,พบรักในโรงเรียน,ไม่รู้จะเขียนไรร
r13143,https://www.readawrite.com/a/Zglkg2,แมวเด็กของพี่ | Lingorm,เฟรช
r13144,https://www.readawrite.com/a/Zglkgg,ภารกิจพิชิตใจแม่ค้าขายไส้กรอกอีสาน | หลิงหลิงออม,เสปคเป็นก้านกล้วย
r13148,https://www.readawrite.com/a/Zglmeo,รักแท้ของเด็กวิศวะ  LingOrm,ไม่ระบุตัวตน
r13149,https://www.readawrite.com/a/Zglmfm,ปาปิ้งอินเตอร์ - LingOrm,ฮานึล
r13154,https://www.readawrite.com/a/Zgloc3,เพราะเราต่างกัน  Just because we are different (omegaverse)|Lingorm,คุณบ็อกแบ๊ก
r13156,https://www.readawrite.com/a/Zglp31,เป็นเธอได้ไหม | Lingorm,Mind:^D
r13158,https://www.readawrite.com/a/Zglq9a,นับหนึ่งกี่ครั้งก็ยังเป็นคนโปรด | Lingorm,กล้องส่องทางไกล
r13160,https://www.readawrite.com/a/Zglr1j,"Her Light, My lens &mdash; lingorm",ก้อนเมฆที่นุ่มฟู
r13161,https://www.readawrite.com/a/Zglr3k,ชวิน | lingorm,lemon132
r13165,https://www.readawrite.com/a/Zglrme,อัญภัทร- LingOrm,K.Phee
r13166,https://www.readawrite.com/a/Zglroy,Secret love| lingorm,VSX KAITO
r13169,https://www.readawrite.com/a/Zglu8f,เลขาคนโปรด|Lingorm,เราเองงง
r13175,https://www.readawrite.com/a/Zgm069,tee - lingorm,yueqingblu
r13178,https://www.readawrite.com/a/Zgm0hu,The Quiet Kill / lingorm,28Tiya
r13185,https://www.readawrite.com/a/Zgm38n,&bull;Old sweetheart&bull;|Lingorm,ลึกลับซาว
r13188,https://www.readawrite.com/a/Zgm4j0,หัวใจห้ามรัก | lingorm,ดาววีนัส
r13189,https://www.readawrite.com/a/Zgm4k1,Sixth sense,SilentBlue
r13194,https://www.readawrite.com/a/Zgm6jl,The sea and our love (3วัน2คืน มิอาจลืมเลือน),F Drevia
r13200,https://www.readawrite.com/a/Zgma3q,ระยะห่างของเราThe distance between us(omegaverse) lingorm,คุณบ็อกแบ๊ก
r13205,https://www.readawrite.com/a/Zgmb7r,วาดฝัน|lingorm,gut_t
r13207,https://www.readawrite.com/a/Zgmc2x,My dog,✿ 尼莎
r13215,https://www.readawrite.com/a/Zgme8i,os milkning &mdash; lingorm,sam .
r13219,https://www.readawrite.com/a/Zgmfv8,แค่เธอ | lingorm,หนมตังเม
r13220,https://www.readawrite.com/a/Zgmgbw,ภาพจำ|หลิงออม,อ้ายมีบ่เรียนจบแล้วโว้ย
r13222,https://www.readawrite.com/a/Zgmggp,ไออุ่นรดา,I AM ME-U
r13224,https://www.readawrite.com/a/Zgmh26,Deep Lines |lingorm -END,กินแซ่บส์
r13225,https://www.readawrite.com/a/Zgmhbk,เด็กดื้อคนโปรด | LINGORM,กินเส้นไม่ผัก.
r13227,https://www.readawrite.com/a/Zgmimq,เรื่อง เผลอเจอเนื้อคู่,moon🌙✨
r13230,https://www.readawrite.com/a/Zgmj2o,Between Love and Fate(หลิงออม),คุณชายเจ
r13232,https://www.readawrite.com/a/Zgmjsr,ให้รักเป็นของไอมีน|lingorm,4สิงหาเธอคือใคร
r13233,https://www.readawrite.com/a/Zgmk5w,เราอยู่ด้วยกันไม่ได้|LingOrm,สมปอง ' ง .
r13240,https://www.readawrite.com/a/Zgmnk3,Opposition | LingOrm,แว๊กแก๊ก
r13242,https://www.readawrite.com/a/Zgmogl,Why Her? : ทำไมต้องเป็นเธอ | หลิงออม,WritersQ
r13244,https://www.readawrite.com/a/Zgmojl,เด็กเลี้ยงคุณคีริน | Lingorm,WHITE ˚ ༘
r13247,https://www.readawrite.com/a/Zgmpip,ภาพวาด[lingorm],Vanillaa.t
r13253,https://www.readawrite.com/a/Zgmqst,ต่าง|LINGORM,secret
r13256,https://www.readawrite.com/a/Zgms9j,สามีในนาม | LingOrm,Yourname
r13257,https://www.readawrite.com/a/Zgmsb3,ตุ๊กตาไล่ฝน |หลิงออม,SORROWLACE 🧶
r13259,https://www.readawrite.com/a/Zgmtdb,Green Flag Error: Out of QC,เจ๊น้ำตก
r13265,https://www.readawrite.com/a/Zgmtw0,พี่สาวคนสวยหลงตี๋บ้อกแบ้ก|lingorm,nextnice
r13271,https://www.readawrite.com/a/Zgmvt2,I (didn&rsquo;t) want to hide anything from you l Lingorm,nnpthita
r13273,https://www.readawrite.com/a/Zgmw17,dear friend | Lingorm,ᴏ ʀ ᴍ ᴇ ʟ ᴇ ᴛ .
r13279,https://www.readawrite.com/a/Zgmyl7,merry kiss you | lingorm,REGEnSuu
r13280,https://www.readawrite.com/a/Zgmyte,รักแท้อยู่ที่ไหน|LingOrm,Kxnrxksx
r13282,https://www.readawrite.com/a/Zgn09v,tolerate | lingorm,iceliketoeat;-;
r13283,https://www.readawrite.com/a/Zgn0da,กรงทางเข้าไร้ทางออก,วารีธาริน
r13284,https://www.readawrite.com/a/Zgn0of,ชั่วคราว(-: /หลิงออม,777
r13287,https://www.readawrite.com/a/Zgn22k,รักตั้งแต่แรกพบ|หลิงออม,ล&amp;อ
r13300,https://www.readawrite.com/a/Zgn8f0,สัตรูสู่คนรัก |ormling,777
r13301,https://www.readawrite.com/a/Zgn92d,แม่หมอเมืองกาฬสินทร์/ lingorm,lingorm ♡
r13303,https://www.readawrite.com/a/Zgnawp,No choice,คืนที่สามสิบแปด
r13305,https://www.readawrite.com/a/Zgnbb1,คุณหนูคะ |  lingorm,ledy  kaa
r13308,https://www.readawrite.com/a/Zgnck4,หัวใจเทียม|LingOrm,คุณฟูจิ
r13313,https://www.readawrite.com/a/Zgng41,เพียงพีรัส | Lingorm,r season
r13314,https://www.readawrite.com/a/Zgng4m,ไร่พัชรบดินทร์ | Lingorm,เสือโลโล่
r13319,https://www.readawrite.com/a/Zgnhof,ปักหมุดหัวใจไว้ที่ร้านเค้ก|lingorm,pxrnpaz
r13321,https://www.readawrite.com/a/Zgni99,รินคำ | หลิงออม,UglyDuckling
r13327,https://www.readawrite.com/a/Zgnmhu,เพื่อนสนิทชิดใกล้ตัว/lingorm,คุณฟาเอ
r13331,https://www.readawrite.com/a/Zgnnn0,ฟ้ารักพ่อนะค่ะ|ling orm,FA LOVE GL
r13334,https://www.readawrite.com/a/Zgnpk8,เสน่หาลวงใจ - Deceptive Allure | หลิงออม,U-Verse
r13338,https://www.readawrite.com/a/Zgnrjv,แลรักนิรันดร์,stame.67
r13342,https://www.readawrite.com/a/Zgnscl,รตนวรนาถ | lingorm,Laksanari
r13346,https://www.readawrite.com/a/Zgntri,ข้อความสุดท้าย|หลิงออม,てんえい
r13349,https://www.readawrite.com/a/Zgnvpr,ก็แค่คู่หมั้นป่ะ|หลิง&amp;ออม,Bo Tan
r13352,https://www.readawrite.com/a/Zgnwev,ที่รักของซาตาน Satan's darling(omegaverse) LINGORM,คุณบ็อกแบ๊ก
r13354,https://www.readawrite.com/a/Zgnygx,ยอดนักขาย| lingorm,ลูกอมรสมิ้นท์
r13356,https://www.readawrite.com/a/Zgo0e1,มาเฟียเก๋ากับคุณหนูขี้เซา-หลิงออม,anittaya _34
r13363,https://www.readawrite.com/a/Zgo2i1,ธีรกรณ์ | lingorm (omegaverse),โซดาโต๊ะสองสี่
r13365,https://www.readawrite.com/a/Zgo3ij,บันทึกป่า บันทึกเธอ lingorm,Pie Kai
r13366,https://www.readawrite.com/a/Zgo3j4,พิการ(รัก) | Lingorm,Luna Nightfall
r13368,https://www.readawrite.com/a/Zgo4w2,เป็นเพื่อนกันนั่นแหละดีแล้ว|lingorm,เหยียน
r13371,https://www.readawrite.com/a/Zgo5g7,ทะเบียนรัก,ดินสอพอง
r13374,https://www.readawrite.com/a/Zgo6o5,Daily Dose | lingorm,khaomunkhai
r13380,https://www.readawrite.com/a/Zgo9g0,รักสลับร่าง | Lingorm,Mind:^D
r13388,https://www.readawrite.com/a/Zgoe0t,พี่เจลขา x Lingorm,omeletkub
r13389,https://www.readawrite.com/a/Zgoegm,Low Seasons เพราะฤดูจะลืมเธอ | Lingorm,sipadann
r13390,https://www.readawrite.com/a/Zgoejt,ฮักแฮง | Lingorm,จินตนาการ
r13392,https://www.readawrite.com/a/Zgofbe,The Best Surgeon ศัลยแพทย์ผู้เก่งกาจ|LingOrm,คุณเป็นหนึ่ง.
r13394,https://www.readawrite.com/a/Zgofjn,คุณหนูน้ำชา | lingorm (omegaverse),โซดาโต๊ะสองสี่(เรื่องสั้น)
r13400,https://www.readawrite.com/a/Zgohg8,เพียงคุณเท่านั้น|หลิงออม,ไก่เน่าา
r13406,https://www.readawrite.com/a/Zgojo2,หลิงออม,หลิงออมเลิฟเวอร์์
r13409,https://www.readawrite.com/a/Zgok9g,ใต้หลังคาเดียวกัน | lingorm,Love | lingOrm
r13410,https://www.readawrite.com/a/Zgoko3,Always beside | Lingorm,หูกระต่ายสีชมพู
r13412,https://www.readawrite.com/a/Zgolda,Every Song of You | LingOrm,Jots
r13424,https://www.readawrite.com/a/Zgook0,สวัสดีวันอาทิตย์ | LingOrm,MilnerLee
r13427,https://www.readawrite.com/a/Zgoqor,ลลิตา อนันต์กูล | ormling,giraffe🦒
r13431,https://www.readawrite.com/a/Zgos2y,รักนิรันดร์/หลิงออม/เฟเมย์,ลูกหมีน้อย
r13435,https://www.readawrite.com/a/Zgotcl,Plugram - lingorm,ไอไรนิ
r13437,https://www.readawrite.com/a/Zgouod,True or false?,Mr.Dangerous
r13442,https://www.readawrite.com/a/Zgow0j,แก๊งล่าผี | lingorm,ledy  kaa
r13445,https://www.readawrite.com/a/Zgowuy,"Her Second Smile , lingorm",พุดน้อย poodnoi
r13452,https://www.readawrite.com/a/Zgoxrp,ไอ้กวนกับคุณเย็นในห้อง 3/5 (หลิงxออม),n.narapaxtt
r13453,https://www.readawrite.com/a/Zgoy3v,ฟีฟายพารัก,m2r
r13457,https://www.readawrite.com/a/Zgoyid,RADIANT LADIES #เลิศนรีกูล ตอน สัญญาณภัส,AlwaysSleep
r13459,https://www.readawrite.com/a/Zgp0f8,รักกันจนวันตาย,CHASIA
r13461,https://www.readawrite.com/a/Zgp0qe,Our language of love | LINGORM,louaticha
r13463,https://www.readawrite.com/a/Zgp2dh,โชคดีที่มีเธอ|หลิงออม,|หลิงออม
r13465,https://www.readawrite.com/a/Zgp35m,ความลับนางแบบ  (omegaverse) l lingorm,คุณบ็อกแบ๊ก
r13467,https://www.readawrite.com/a/Zgp4me,อัญญ์รินทร์ | lingorm,ทะเลภูเขา_
r13471,https://www.readawrite.com/a/Zgp5lb,เกือบหลับแต่กลับมาได้ | LingOrm,What does 사랑 mean?
r13477,https://www.readawrite.com/a/Zgp86o,นี่ผัวออกสาว |  หลิงออม,ไรน์ขี้เก๊ก
r13482,https://www.readawrite.com/a/Zgp9tj,โรสริน | lingorm,SIWA
r13483,https://www.readawrite.com/a/Zgpap2,ผีwi-fi | lingorm,กลิ่นปลายฝนต้นหนาว
r13485,https://www.readawrite.com/a/Zgpbnx,ผมคงสู้เขาไม่ได้.ฯ|Lingorm,น้ำข้าว
r13489,https://www.readawrite.com/a/Zgpcy0,friendzone loading&hellip;97% | lingorm (Omegaverse),kaewchaya
r13495,https://www.readawrite.com/a/Zgpeoy,คำสัญญาอมตะ   (omegaverse )  |lingorm,คุณบ็อกแบ๊ก
r13505,https://www.readawrite.com/a/Zgpjc4,หลิวชอบคุณ - lingorm,ชาดำYen
r13515,https://www.readawrite.com/a/Zgplvy,KISS ME | ดีลรักละลายใจ CEO,Rinna R.
r13516,https://www.readawrite.com/a/Zgpmsn,เด็กก็มีหัวใจ / lingorm,ไข่ต้ม💢
r13517,https://www.readawrite.com/a/Zgpmxd,นับศูนย์ | lingorm,lost and found
r13520,https://www.readawrite.com/a/Zgpnu7,รักที่หายไป || หลิงออม,Eva zzz
r13526,https://www.readawrite.com/a/Zgpq3h,บอดี้การ์ดสาวของดาราสาว | Lingorm,ขี้เกียจ
r13532,https://www.readawrite.com/a/Zgprb8,puppy| Lingorm,iดาวว
r13537,https://www.readawrite.com/a/Zgpstw,มามี๊ของเฟยๆ | Lingorm,แมวดำชอบกินเป็ดย่าง
r13547,https://www.readawrite.com/a/Zgpwpd,รินดา | LINGORM,timeforsomefun
r13548,https://www.readawrite.com/a/Zgpx2k,หลิงออม,หลิงออม
r13551,https://www.readawrite.com/a/Zgpxhv,หัวใจยังคงรอรัก |  Lingorm,My_M
r13555,https://www.readawrite.com/a/Zgpywk,The Hottie Girl | Lingorm,sipadann
r13558,https://www.readawrite.com/a/Zgq101,Evan | LingOrm,คุณอาเจ
r13561,https://www.readawrite.com/a/Zgq238,Today my life begins | lingorm,หมีผอมโซ
r13564,https://www.readawrite.com/a/Zgq2hy,xinxin || Lingorm,millionplaces
r13567,https://www.readawrite.com/a/Zgq3iq,มาเฟียคนโปรด / Lingorm,โซเฟีย
r13570,https://www.readawrite.com/a/Zgq421,ธัญวรินทร์ | lingorm,กรณ์นภัส
r13574,https://www.readawrite.com/a/Zgq4ny,รักปากแข็ง,มาม่าหมูสับ ไม่ใส่ผัก.
r13575,https://www.readawrite.com/a/Zgq53h,พายพ่ายพ้ายพ๊ายพ๋าย | Lingorm,สุดหล่อซอยแปด.
r13579,https://www.readawrite.com/a/Zgq5ke,นิลกาฬ,onetothree
r13581,https://www.readawrite.com/a/Zgq622,รุ่นพี่คนโปรด|Lingorm,I Love LO
r13582,https://www.readawrite.com/a/Zgq65p,ไม่เหมาะสม|lingorm,คุณอาชาย
r13584,https://www.readawrite.com/a/Zgq7f6,มาเฟียพ่ายรักลูกหนี้ | LINGORM,กินเส้นไม่ผัก.
r13587,https://www.readawrite.com/a/Zgq8u9,เจ็บนี้ที่คุณให้ | lingorm,ledy  kaa
r13588,https://www.readawrite.com/a/Zgq8wf,small dog | lingorm,lingorm
r13593,https://www.readawrite.com/a/Zgqa3j,เก็บรักของเรา (omegaverse)|LINGORM,คุณบ็อกแบ๊ก
r13595,https://www.readawrite.com/a/Zgqbdh,Times์ |ormling,ไอ้หมา
r13600,https://www.readawrite.com/a/Zgqcgg,Love Race | LingOrm,คอร์กี้กีสั่น
r13601,https://www.readawrite.com/a/Zgqcj7,ที่เก่าคนโปรด (omegaverse) | lingorm,คุณบ็อกแบ๊ก
r13603,https://www.readawrite.com/a/Zgqf9u,กุหลาบหนามรัก'ก,หลิงออม
r13605,https://www.readawrite.com/a/Zgqh4i,วิวาห์ราวี &mdash; lingorm,ach1ra6a
r13607,https://www.readawrite.com/a/Zgqhlk,เปลี่ยนไปรึปล่าว|หลิง&amp;ออม,Bo Tan
r13608,https://www.readawrite.com/a/Zgqhlw,Ray | LingOrm,yok6kao
r13610,https://www.readawrite.com/a/Zgqino,ครูรัก นักเรียน|Lingorm,มาม่าหมูสับ ไม่ใส่ผัก.
r13611,https://www.readawrite.com/a/Zgqiok,"The Last ""Hope"" l Lingorm",nnpthita
r13617,https://www.readawrite.com/a/Zgqmoo,สะกดรัก|lingorm,ᴏ ʀ ᴍ ᴇ ʟ ᴇ ᴛ .
r13618,https://www.readawrite.com/a/Zgqn3g,ระหว่างเรา |Lingorm,BlackCAT08
r13633,https://www.readawrite.com/a/Zgqr3y,หวานใจในแชทลับ,หลิงออม
r13634,https://www.readawrite.com/a/Zgqr5w,คุณมีอยู่จริงมั้ย|Lingorm,HinabeHongfei
r13635,https://www.readawrite.com/a/Zgqrmw,หัวใจแห่งเงาอาถรรพ์ - lingorm,seefour
r13637,https://www.readawrite.com/a/Zgqsxa,ตี๋ชอบแว๊น|Lingorm,ลึกลับซาว
r13639,https://www.readawrite.com/a/Zgqt6a,ONE DIRECTION | LINGORM,sipadann
r13644,https://www.readawrite.com/a/Zgqwjd,ฉันจะปกป้องคุณเอง|Lingorm,ดอกไม้งาม🌷
r13647,https://www.readawrite.com/a/Zgqyty,the art of being tofu &mdash; lingorm,inthelateautumn
r13651,https://www.readawrite.com/a/Zgr0jy,รักแท้ แพ้วงการบันเทิง,เจ็บคนเดียวไม่พอรึไง
r13655,https://www.readawrite.com/a/Zgr2jl,อุณหภูมิรัก,r_1122
r13659,https://www.readawrite.com/a/Zgr3w8,I'm Not Your Sister | LINGORM,ญานีล
r13663,https://www.readawrite.com/a/Zgr4o5,เต้าหู้ร้านคนโปรด,Airulipt
r13666,https://www.readawrite.com/a/Zgr5j8,รักที่ไม่มีวันสิ้นสุด|หลิงออม,หลิงคอกับออม
r13676,https://www.readawrite.com/a/Zgr7ln,รักกันคั่นเวลา[ยูริ],ไม่ค่อยเพื่อมเพราะขี้เกียจ
r13677,https://www.readawrite.com/a/Zgr7me,หลิงออม,ไอน่ารักของพี่หลิง
r13679,https://www.readawrite.com/a/Zgr93k,"sylvia, stop | lingorm",kaewchaya
r13683,https://www.readawrite.com/a/Zgr9gs,Toxic - Lingorm,ภักดีในรัก
r13684,https://www.readawrite.com/a/Zgr9te,หรือจริงๆแล้วเธอ.&hellip;|lingorm,เนคกี้
r13691,https://www.readawrite.com/a/Zgrath,มันยังไง | Lingorm,โกลเด้น
r13696,https://www.readawrite.com/a/Zgrcee,กล่องความทรงจำ(omegaverse)| lingorm,คุณบ็อกแบ๊ก
r13697,https://www.readawrite.com/a/Zgrd3s,ยอมเจ็บเพราะรัก | lingorm,stame.67
r13700,https://www.readawrite.com/a/Zgre84,รักในวัยเรียน | lingorm,เด็กด้อมม่วง💜
r13704,https://www.readawrite.com/a/Zgrfk0,พ่ายรักร้าย-lingorm,คนถูกทิ้ง
r13715,https://www.readawrite.com/a/Zgrlwp,คนโปรดของมาเฟีย lหลิงออม,Mouk &cap;⁠｡⁠&bull;⁠&nbsp;⁠ᵕ⁠&nbsp;⁠&bull;⁠｡⁠&cap;
r13720,https://www.readawrite.com/a/Zgrq3v,เราเคยรักกันมาก่อน,Fon_19.11
r13726,https://www.readawrite.com/a/Zgrsjd,รักนะยัยเด็กป่วน,yogurt
r13729,https://www.readawrite.com/a/Zgrt7o,Daydreamin&rsquo; &mdash; lingorm,flowery.
r13732,https://www.readawrite.com/a/Zgrtsn,จางหาย  lingorm,Grace 🌼
r13733,https://www.readawrite.com/a/Zgru0g,เดือนเมษา &mdash; ormling,Serentin
r13740,https://www.readawrite.com/a/Zgrw8q,อรพิชชา | lingorm,Fenkingstile.
r13745,https://www.readawrite.com/a/Zgrybe,&mdash; Siraphatson # LO,crying over
r13747,https://www.readawrite.com/a/Zgs0mt,แค่พี่น้อง|Lingorm,มาม่าหมูสับ ไม่ใส่ผัก.
r13749,https://www.readawrite.com/a/Zgs1dq,ทฤษฏีบอกรัก365วัน (omegaverse)|lingorm,คุณบ็อกแบ๊ก
r13750,https://www.readawrite.com/a/Zgs1of,your song|lingorm,เนคกี้
r13758,https://www.readawrite.com/a/Zgs4ys,ใครอยากเป็นพี่เธอ | Lingorm,NamfonK
r13759,https://www.readawrite.com/a/Zgs58n,รุกเล็บเจล | Lingorm,เฟรช
r13765,https://www.readawrite.com/a/Zgs7b0,picture | lingorm,bxiiiitdawl_
r13768,https://www.readawrite.com/a/Zgs8ns,wanna be yours | Lingorm,roseate
r13773,https://www.readawrite.com/a/Zgsa1i,เสือสิ้นลาย |Lingorm,Moji
r13777,https://www.readawrite.com/a/Zgsb1a,สิ่งศักดิ์สิทธิ์บ้านที่ 9 - Lingorm,tammada.
r13780,https://www.readawrite.com/a/Zgsbte,หนี้รักวิวาห์ลวง-lingorm,คนถูกทิ้ง
r13781,https://www.readawrite.com/a/Zgsc3i,ชวีร์ | lingorm,lemon132
r13785,https://www.readawrite.com/a/Zgsegi,Can you choose me | lingorm,supertee
r13788,https://www.readawrite.com/a/Zgseql,ภรรยาไม่ตั้งใจของคุณรันละลิน/lingorm,เจ้าดอกลิลลี่สีส้ม
r13789,https://www.readawrite.com/a/Zgset0,tsohg kcirt|LingOrm,POPPappp
r13790,https://www.readawrite.com/a/Zgseto,ผูกใจรัก|ormling,หมูดูดเลือด
r13794,https://www.readawrite.com/a/Zgsfp3,White Flag #โทษนะคุณหนู | lingorm,windandwild
r13797,https://www.readawrite.com/a/Zgsh8j,มหาลัย | lingorm,stame.67
r13800,https://www.readawrite.com/a/Zgshf8,หัวใจคิมหันต์  (omegaverse)| lingorm,คุณบ็อกแบ๊ก
r13802,https://www.readawrite.com/a/Zgshif,สุดที่รักเหมันต์ (omegaverse)| lingorm,คุณบ็อกแบ๊ก
r13803,https://www.readawrite.com/a/Zgshjf,คราบน้ำตาของวารินทร์ (omegavers ) | lingorm,คุณบ็อกแบ๊ก
r13804,https://www.readawrite.com/a/Zgsi2j,2in1 |Lingorm,ท้องฟ้าสามสี
r13807,https://www.readawrite.com/a/Zgsj0h,ดารณี - lingorm,Saw
r13808,https://www.readawrite.com/a/Zgsj30,รักนี้เริ่มที่ก้อนเค้ก|หลิงออม,เรียนไม่ทำ เพราะจำไม่ได้
r13810,https://www.readawrite.com/a/Zgsjft,พทชอ - lingorm,esmusep
r13825,https://www.readawrite.com/a/Zgsnpf,Comeback [&bull;lingorm&bull;],พระจันทร์ในเวลากลางวัน🌕
r13828,https://www.readawrite.com/a/Zgsof9,พิพิธภัณฑ์สำหรับเธอ - lingorm,มิ้นท์56เว่ยย
r13829,https://www.readawrite.com/a/Zgsox4,คณินทรา | lingorm,UglyDuckling
r13833,https://www.readawrite.com/a/Zgsqxm,ใจภิรมณ์ | lingorm,สวนโกสุม
r13834,https://www.readawrite.com/a/Zgsrgg,Stand-in,SilentBlue
r13842,https://www.readawrite.com/a/Zgsu3b,a tremulous state of mind | LingOrm,WcB
r13844,https://www.readawrite.com/a/Zgsusd,จินทากร | ormling,khunpate ;)
r13848,https://www.readawrite.com/a/Zgsvys,Between#Us | lingorm,28Oneday
r13849,https://www.readawrite.com/a/Zgswam,Tied Together | lingorm,alwaysgiven
r13853,https://www.readawrite.com/a/Zgt048,KEEP ME CLOSE | กับดักร้ายนายเจ้าของคลับ,Rinna R.
r13858,https://www.readawrite.com/a/Zgt4iw,รักไม่หลอก|Lingorm,มาม่าหมูสับ ไม่ใส่ผัก.
r13859,https://www.readawrite.com/a/Zgt4rq,หรือจะเป็นพรหมลิขิต l Ormling,อาร์มคุง
r13863,https://www.readawrite.com/a/Zgt68j,ความรักสองสาว | หลิงออม,ฟ้า
r13870,https://www.readawrite.com/a/Zgt91r,หนังสือเล่มเก่า|lingorm,ดิอา
r13876,https://www.readawrite.com/a/Zgtccp,เรนไอริส | Lingorm,Mind:^D
r13879,https://www.readawrite.com/a/Zgtdn5,เด็กพรีม|LingOrm,ผัดผักบุ้ง_
r13885,https://www.readawrite.com/a/Zgtf2q,(Not) Friend | lingorm,กินแซ่บส์
r13886,https://www.readawrite.com/a/Zgtffq,สัญญาใต้เงาปืน/lingorm,macraret
r13889,https://www.readawrite.com/a/Zgtg50,#มองตาหยก &mdash; OrmLing,Your Bluemoon
r13891,https://www.readawrite.com/a/Zgtg9j,JeanGene,GGoodie
r13894,https://www.readawrite.com/a/Zgth2o,จากคนแปลกหน้าสู่คนที่รัก | lingorm,_tiwcq12 (lingorm)
r13895,https://www.readawrite.com/a/Zgth84,ลิขิตเพียงรัก|Lingorm,เป็ดจิ๋ว🐤🐣🐥
r13897,https://www.readawrite.com/a/Zgthio,มักคักสาวครู|lingorm,ลึกลับซาว
r13898,https://www.readawrite.com/a/Zgti8i,ต่อให้|ormling,เนคกี้
r13901,https://www.readawrite.com/a/Zgtixr,เป็นแค่ลูกน้องในบริษัท|lingorm,ราตรีสีเทา&dagger;
r13902,https://www.readawrite.com/a/Zgtk16,ยอมเพราะ(รัก)น้อง,ซามิคุง
r13908,https://www.readawrite.com/a/Zgtlgd,LAVIRELALIN | lingorm,Jrtn.
r13909,https://www.readawrite.com/a/Zgtlou,เเด่เธอผู้ใจร้าย..,PeakGirl
r13910,https://www.readawrite.com/a/Zgtmvu,สามเราที่ไม่มีทาง,สายฝนสีเทา
r13916,https://www.readawrite.com/a/Zgtqnp,Too Close to Stay,Behind to the moon
r13922,https://www.readawrite.com/a/Zgtspw,เฟิ่งหลงหงส์คู่มังกร PART II,Meri_Kirin
r13924,https://www.readawrite.com/a/Zgtt4g,หลิงออม,ครอบครัวสุขสันต์
r13925,https://www.readawrite.com/a/Zgtt7w,เจ๋ง|lingorm,poyyyyy
r13926,https://www.readawrite.com/a/Zgttsh,You are mine l Lingorm,l'm S
r13927,https://www.readawrite.com/a/Zgttun,ไร้เสียง | LingOrm,คุณอาเจ
r13930,https://www.readawrite.com/a/Zgtvd1,My final love |Lingorm,BlackCAT08
r13931,https://www.readawrite.com/a/Zgtvoy,ลูกสาวมาเฟีย The MafiaHeiress Is Mine| Lingorm,เบญจาเอง
r13932,https://www.readawrite.com/a/Zgtvud,home,veryjengjaew
r13935,https://www.readawrite.com/a/Zgtxp2,กับดักรักเอวา (omegaverse) lingorm,คุณบ็อกแบ๊ก
r13948,https://www.readawrite.com/a/Zgu509,แอบชอบ,หลิงออม
r13952,https://www.readawrite.com/a/Zgu5n3,ตัวเเม่เเพ้ทรงติ๋ม | lingorm,เดจาวู
r13954,https://www.readawrite.com/a/Zgu60w,เกลียดนัก&amp;hellip;รักซะเลย|LingOrm|,ไอ้หมาแคระ
r13958,https://www.readawrite.com/a/Zgu708,ลูกพลับ - lingorm,maewdenorm
r13959,https://www.readawrite.com/a/Zgu739,เพื่อนแบบใด | Lingorm,_.see see._
r13967,https://www.readawrite.com/a/Zgu8gj,ตกหลุมรักคุณพ่อแสนเลว (omegavers) lingorm,คุณบ็อกแบ๊ก
r13969,https://www.readawrite.com/a/Zgu9fs,คุณเกรช | lingrm,กรณ์นภัส
r13971,https://www.readawrite.com/a/Zgu9w6,พี่หมอกับน้องเจ้าของคาเฟ่|หลิงออม,หลิงออมเลิฟเวอร์์
r13973,https://www.readawrite.com/a/Zguckk,My Favorite Ex (-Mate) | lingorm,ม๋าเด่ก
r13977,https://www.readawrite.com/a/Zgue4u,รักหมดใจมาเฟียเย็นชา ( omegaverse) lingorm,คุณบ็อกแบ๊ก
r13983,https://www.readawrite.com/a/Zguel9,กันย์พรรษ | lingorm,กรณ์ลภัส
r13988,https://www.readawrite.com/a/Zgugmk,พราวชีวา | lingorm,กรณ์ลภัส
r13990,https://www.readawrite.com/a/Zguhdv,เรื่องลับฉบับตัวแม่ | lingorm,กินแซ่บส์
r13991,https://www.readawrite.com/a/Zgui32,painting over the pain &mdash; ormling,𝒎𝒂𝒕𝒄𝒉𝒂𐙚
r13992,https://www.readawrite.com/a/Zgujpc,the most beautiful | LingOrm,kunraynus
r13997,https://www.readawrite.com/a/Zgulfw,คำโกหก | lingorm,Pa_li_da
r13998,https://www.readawrite.com/a/Zgulrw,My Sugar Mummy,youei:)
r14002,https://www.readawrite.com/a/Zguneo,คุณไม่มีสิทธธธิ์ | lingorm,Mr.Dangerous
r14005,https://www.readawrite.com/a/Zguok1,วันฟ้าใหม่ | หลิงออม,UglyDuckling
r14006,https://www.readawrite.com/a/Zgup3f,อิหล่าโซดาป๊อป | lingorm,หมาเน่าเป็นเกย์
r14007,https://www.readawrite.com/a/Zgupc9,อรพิมพ์ | LingOrm,คุณอาเจ
r14019,https://www.readawrite.com/a/Zgusu3,แด๊ด|Lingorm,ดอกไม้งาม🌷
r14020,https://www.readawrite.com/a/Zgutst,มก(ลา)คม - lingom,bitterhoney
r14024,https://www.readawrite.com/a/Zguw24,ชีวิตติดเกม | LingOrm,คุณอาชาย
r14025,https://www.readawrite.com/a/Zguw2j,ปลาเผา | LingOrm,คุณอาโม
r14029,https://www.readawrite.com/a/Zguwk4,Serendipity&mdash;แค่บังเอิญ|Lingorm,คุณเป็นหนึ่ง.
r14031,https://www.readawrite.com/a/Zguxab,ลงทัฑณ์รักซาตาน ( omegavers) lingorm,คุณบ็อกแบ๊ก
r14036,https://www.readawrite.com/a/Zgv0d5,คนในความลับ-lingorm,ซื่อไม่ซ้ำจำไม่ได้
r14040,https://www.readawrite.com/a/Zgv2qs,12 years &mdash; lingorm,pneverdie
r14041,https://www.readawrite.com/a/Zgv379,แค่รู้จัก?|Lingorm,มาม่าหมูสับ ไม่ใส่ผัก.
r14042,https://www.readawrite.com/a/Zgv53r,ภีรภัทรา | lingorm,𝑲𝒉𝒖𝒏𝒕𝒉𝒊𝒂𝒏
r14044,https://www.readawrite.com/a/Zgv5k8,คุณครูสุดโหดกับยัยตัวแสบ-Lingorm,viview💜💜
r14053,https://www.readawrite.com/a/Zgvbjq,ลูกค้าคนที่ 1314 ที่รัก,แมวดำนอนหงายท้อง
r14057,https://www.readawrite.com/a/Zgvc32,From now on | LingOrm,Pencil and Eraser
r14059,https://www.readawrite.com/a/Zgvchc,พี่สาวคนสวย(จะเป็นเมะ),_mint.sr
r14061,https://www.readawrite.com/a/Zgvdgl,สักวัน|lingorm,เนคกี้
r14062,https://www.readawrite.com/a/Zgvdmo,วิวาห์ไร้รัก | LINGORM,กินเส้นไม่ผัก.
r14068,https://www.readawrite.com/a/Zgvgry,นึกรัก |Lingorm,ท้องฟ้าสามสี
r14072,https://www.readawrite.com/a/Zgvj3k,เพียงฝัน|Lingorm,ดอกไม้งาม🌷
r14074,https://www.readawrite.com/a/Zgvjlw,แสงดาวในห้องข้างๆ | Lingorm,Nook9386
r14078,https://www.readawrite.com/a/Zgvmto,ทูเดย์ซัมเมอร์ | lingorm,คุนตะหนิง
r14080,https://www.readawrite.com/a/Zgvnkh,027 - lingorm,นักเขียนที่เท่ที่สุดในซอย
r14083,https://www.readawrite.com/a/Zgvoei,ศัตรูหัวใจ | LingOrm,NM_PB14313
r14086,https://www.readawrite.com/a/Zgvqak,The Heir (ormling),zephirum
r14088,https://www.readawrite.com/a/Zgvrie,เพียงพบพนัส &mdash; lingorm,smallthings
r14099,https://www.readawrite.com/a/Zgvwjn,หัวใจที่ผูกด้วยคาถา/Lingorm,na_sirin
r14106,https://www.readawrite.com/a/Zgvyo8,มนุษย์หมาป่า,คืนที่สามสิบแปด
r14109,https://www.readawrite.com/a/Zgw0ho,ฤดูที่เราไม่อาจได้ครอบครอง,หุบเขาของพระอาทิตย์
r14110,https://www.readawrite.com/a/Zgw0q4,เสียงหัวใจที่เรียกชื่อเธอ,หุบเขาของพระอาทิตย์
r14118,https://www.readawrite.com/a/Zgw4y8,พี่มารักหนูเถอะค่ะ | หลิงออมม,ดิฉันเป็นสาวy
r14126,https://www.readawrite.com/a/Zgw9lx,Obsidian Sea | lingorm (omegaverse),โซดาโต๊ะสองสี่
r14128,https://www.readawrite.com/a/Zgw9sa,ใต้เงามาเฟีย | lingorm,อาเมะตี๋
r14132,https://www.readawrite.com/a/Zgwbgd,bad boy | lingorm &sup1;⁸,Pan_08
r14137,https://www.readawrite.com/a/Zgwdeu,Four Blooms | Lingorm,Steakley
r14139,https://www.readawrite.com/a/Zgwdyl,ออฟฟิศวุ่น&hellip;ชุลมุนรัก | LingOrm,Mi Coraz&oacute;n
r14144,https://www.readawrite.com/a/Zgwf3h,คนสุดท้าย| lingorm,"""Partnerrr"""
r14151,https://www.readawrite.com/a/Zgwhd6,ตะวันหลงชล | lingorm,ฮั่นฮั่น
r14153,https://www.readawrite.com/a/Zgwhjb,อี่หยังกะตามแต่-หลิงออม,ซื่อไม่ซ้ำจำไม่ได้
r14156,https://www.readawrite.com/a/Zgwi4s,สัญญารัก | lingorm,NamfonK
r14157,https://www.readawrite.com/a/Zgwiac,ความรักของไต้ฝุ่น (omegaverse) lingorm,คุณบ็อกแบ๊ก
r14168,https://www.readawrite.com/a/Zgwk9a,พบรัก หลิงออม,LINGORM
r14173,https://www.readawrite.com/a/Zgwkyr,จอมมารแห่งอเวจี |LingOrm,KIERAN
r14180,https://www.readawrite.com/a/Zgwol6,ทฤษฎีสีชมพู lingorm,seen❤️
r14188,https://www.readawrite.com/a/Zgwt3k,Nothing&rsquo;s for sure - lingorm,imokimfine
r14193,https://www.readawrite.com/a/Zgww9v,ขวัญเจ้าเอย [LingOrm],ไป๋จิ้ง (˶&oline;᷄ ⁻̫ &oline;᷅˵)
r14196,https://www.readawrite.com/a/Zgwx9r,The Doll Doctor เย็บด้ายร้อยใจไว้ที่เธอ| Lingorm,P'Mind
r14199,https://www.readawrite.com/a/Zgwy9n,ขวัญใจของสิตา | Lingorm,hugormlet
r14202,https://www.readawrite.com/a/Zgx15o,หน้ากากทศกัณฐ์ (omegaverse) lingorm,คุณบ็อกแบ๊ก
r14207,https://www.readawrite.com/a/Zgx2ev,next station &mdash; lingorm,theswan
r14210,https://www.readawrite.com/a/Zgx3e2,ติ๋มอย่าทิ้งเค้าเลยยยยยย,ออมเล็ตของโกลเด้น🐰🐶
r14223,https://www.readawrite.com/a/Zgx8va,(Heroin)| Lingorm,Galvin
r14225,https://www.readawrite.com/a/Zgx9b9,บรรเลงเพลงพิณ | lingorm,stopth
r14227,https://www.readawrite.com/a/Zgx9na,คุณเป็นคนของฉันแล้ว | LingOrm,graphic14
r14228,https://www.readawrite.com/a/Zgx9sj,caught off guard &mdash; lingorm,junotwoda
r14232,https://www.readawrite.com/a/Zgxax8,หนึ่งเดียวเท่านั้น (The one and only) | LingOrm,Mafia&rsquo;s
r14236,https://www.readawrite.com/a/Zgxcfa,ฉันรักเธอ,ท้องเพชร
r14241,https://www.readawrite.com/a/Zgxdyv,Year-end Strangers l lingorm,แมวตาลำไย
r14245,https://www.readawrite.com/a/Zgxerj,สัญญารัก|หลิงออม,เรียนไม่ทำ เพราะจำไม่ได้
r14246,https://www.readawrite.com/a/Zgxfqd,Again - lingorm,JLO
r14251,https://www.readawrite.com/a/Zgxhso,เฟิร์นวาริน | Lingorm,_.see see._
r14256,https://www.readawrite.com/a/Zgxke5,ญาดาภา | LingOrm,kwannn
r14261,https://www.readawrite.com/a/Zgxljc,"I can live without you, but | lingorm",twensunty
r14266,https://www.readawrite.com/a/Zgxmlc,ยัยหมู &mdash; Rydew,ลูกพี่เด้งจัดให้
r14267,https://www.readawrite.com/a/Zgxmxq,พราวนรินทร์ |lingorm,DuskRain_
r14269,https://www.readawrite.com/a/Zgxojo,25DEC. | lingorm,youmakemyheartquake
r14270,https://www.readawrite.com/a/Zgxolo,ภพเพียงธารา | lingorm,โจ๊กหมูพิเศษไก่
r14282,https://www.readawrite.com/a/Zgxruo,คุณผู้กำกับปากร้ายขอหัวใจคุณได้ไหมคะ /lingorm,เจ้าดอกลิลลี่สีส้ม
r14287,https://www.readawrite.com/a/Zgxt2x,แชทผิดคน แต่ตกหลุมรัก(หลิง&times;ออม),ตัวอักษรเธอ
r14292,https://www.readawrite.com/a/Zgxuav,เหม่ยหลิงรวีรัก-lingorm,cake
r14293,https://www.readawrite.com/a/Zgxuip,เกมรักแทนคุณ - LingOrm,OMURA (โอมูระ)
r14301,https://www.readawrite.com/a/Zgxx58,Sexy girl| LingOrm,Namin
r14315,https://www.readawrite.com/a/Zgy40e,แม่เลี้ยง |Lingorm,สายฝน🌧️ความรัก☺️
r14322,https://www.readawrite.com/a/Zgy99e,แฟนไหม่...|หลิงออม-Lingorm,I love you 🎀🙊
r14323,https://www.readawrite.com/a/Zgya7i,เป็นแฟนกันไหมคุณนางแบบขี้วีน/lingorm,เจ้าดอกลิลลี่สีส้ม
r14329,https://www.readawrite.com/a/Zgyc8h,ความรักมัธยม Lingorm,Wanastnana
r14335,https://www.readawrite.com/a/Zgygsg,os | mommy - ormling,อย่ามาแต่ง
r14336,https://www.readawrite.com/a/Zgyh31,กานต์ธิชา-time | ormling,วาฬสีน้ำ
r14339,https://www.readawrite.com/a/Zgyhyl,แฟนเก่า.,ออมเล็ตของโกลเด้น🐰🐶
r14344,https://www.readawrite.com/a/Zgyjb5,(แก็งหงส์)กลลวงหัวใจ (omegaverse) lingorm,คุณบ็อกแบ๊ก
r14345,https://www.readawrite.com/a/Zgyjd1,Sugar mommy | Ormling,Luna Nightfall
r14346,https://www.readawrite.com/a/Zgyjis,(แก็งอินทรีย์)อินทรีย์ร้ายพ่ายรัก( omegaverse)lingorm,คุณบ็อกแบ๊ก
r14347,https://www.readawrite.com/a/Zgyjje,(แก็งหมาป่า)หัวใจไม่รักดี( omegaverse)lingorm,คุณบ็อกแบ๊ก
r14348,https://www.readawrite.com/a/Zgyjl3,จักวารหลิงออมของไรท์เตอร์,คุณบ็อกแบ๊ก
r14357,https://www.readawrite.com/a/Zgyln7,ธารินที่รัก,เจ้าเหมียวดำ
r14360,https://www.readawrite.com/a/Zgympy,ซอลพรีม | lingorm,เเมวดำ
r14374,https://www.readawrite.com/a/Zgyrdt,เด็กแล้วไง | Lingorm,Mind:^D
r14393,https://www.readawrite.com/a/Zgyvrx,ความลับคอสเพลย์ | LingOrm,คุณอาโม
r14394,https://www.readawrite.com/a/Zgyvup,ใต้คมกริช | LingOrm,คุณอาโม
r14395,https://www.readawrite.com/a/Zgyw2e,อย่าสบตาเขา | LingOrm,คุณอาโม
r14397,https://www.readawrite.com/a/Zgywyb,A Crown Between Us,ตัวไม่เล็ก
r14399,https://www.readawrite.com/a/Zgyxhv,pick me my (wife) ;Lingorm,น้องโคล่า
r14400,https://www.readawrite.com/a/Zgyxiq,เเม่คนงาม| Lingorm,รุ้งกินน้ำ🌈💯
r14411,https://www.readawrite.com/a/Zh02vu,grace | lingorm,&sup3;⁸&times;&reg;
r14413,https://www.readawrite.com/a/Zh03ku,โอบ เอื้อ พัก อิง | LingOrm,soshitaroz
r14415,https://www.readawrite.com/a/Zh044q,นามพามรักนางรินทร์,Mee not
r14426,https://www.readawrite.com/a/Zh082n,Tuna &amp; Sunset,Ast
r14427,https://www.readawrite.com/a/Zh08nh,เจ้านางคำจันทร์,Jasmine P
r14432,https://www.readawrite.com/a/Zh09hl,ชี้แจง เรื่องของนิยายที่มีคนหาว่าก็อปคุณอาเจค่ะ,LINGORM💜
r14436,https://www.readawrite.com/a/Zh0acr,IGP Pays d'Oc &mdash; lingorm,thesombrero
r14438,https://www.readawrite.com/a/Zh0c0e,ซินเซีย - LingOrm,K.Phee
r14440,https://www.readawrite.com/a/Zh0cis,ห๊ะ |lingorm,graphic14
r14442,https://www.readawrite.com/a/Zh0cqx,Please come back | LingOrm,NOAH SATUR
r14446,https://www.readawrite.com/a/Zh0e2d,ออนไลน์สุดท้ายที่ไม่เคยลบ | Lingorm,Thannika
r14447,https://www.readawrite.com/a/Zh0eb0,Folden of Baby|LingOrm,FB
r14449,https://www.readawrite.com/a/Zh0esr,เหนือฟ้ายังมี &ldquo;น่าน&rdquo; - lingorm,คนถูกทิ้ง
r14451,https://www.readawrite.com/a/Zh0f3e,Timeless | Lingorm,คุนซัน :)
r14452,https://www.readawrite.com/a/Zh0fc7,The Dreamer|LINGORM,แมวส้มหน้ายุ่ง🦍
r14461,https://www.readawrite.com/a/Zh0i9u,love u- lingorm,lingorm_13
r14468,https://www.readawrite.com/a/Zh0kr0,มีเธอ &mdash; lingorm,pneverdie
r14473,https://www.readawrite.com/a/Zh0mhn,รักครั้งใหม่ | lingorm,เดจาวู
r14479,https://www.readawrite.com/a/Zh0ons,นับหนึ่งอีกครั้ง - LINGORM,NABNUENG.0
r14484,https://www.readawrite.com/a/Zh0ptn,เจราเดช|nychavill,แม่พี่ณิเลือดบริสุทธิ์100%
r14486,https://www.readawrite.com/a/Zh0rxc,คิดแบบไหน  lingorm,A.O
r14490,https://www.readawrite.com/a/Zh0t0o,จะทำให้พี่รัก|หลิงออม,ดีเลย
r14491,https://www.readawrite.com/a/Zh0t2y,เธอคนเดียวที่ฉันจะรัก | Lingorm,mragie
r14493,https://www.readawrite.com/a/Zh0tal,หวานใจกับดอกลิลลี่,ลูกชิ้นปลาดำ
r14496,https://www.readawrite.com/a/Zh0ue8,ศศิ (SASI) | LingOrm,moonlightU.
r14499,https://www.readawrite.com/a/Zh0vy3,On The Way Home | (lingorm),Anastasiya
r14502,https://www.readawrite.com/a/Zh0wd8,ไอ่ไป๋หมาบ้า,Bad Girll🤙🏻
r14503,https://www.readawrite.com/a/Zh0wx3,หมื่นฟ้า | Lingorm,desk chips
r14521,https://www.readawrite.com/a/Zh14wu,พันธนาการเนตรนรินทร์ │LingOrm,Chaowanphut
r14523,https://www.readawrite.com/a/Zh15ps,One Night | lingorm,buubieqy
r14529,https://www.readawrite.com/a/Zh17ww,รักร้ายของยัยบอส,เจ้าเด็กเป็ด
r14536,https://www.readawrite.com/a/Zh1cfo,เฟยเซียน | ormling,caramel🐦&zwj;🔥
r14537,https://www.readawrite.com/a/Zh1d7p,Blind Princess | lingorm &sup1;⁸,Pan_08
r14546,https://www.readawrite.com/a/Zh1h3y,24/7 | Lingorm,Mr.Dangerous
r14547,https://www.readawrite.com/a/Zh1h6f,SF | #สัญญาหน้าฝน - หลิงออม,hidaisy🦢
r14548,https://www.readawrite.com/a/Zh1h9k,คุณราม|Lingorm,หมูตุ๋นตัวนิ่ม
r14549,https://www.readawrite.com/a/Zh1hh4,บลัดดี้ เกสส์ | LingOrm,แมวมากัส
r14561,https://www.readawrite.com/a/Zh1mpc,อสูรต้องสาป | LingOrm,คุณอาเจ
r14563,https://www.readawrite.com/a/Zh1n87,เราคู่กัน//หลิงออม,wkk2557
r14566,https://www.readawrite.com/a/Zh1o3b,ระยะที่ห้ามข้าม,Jasnim
r14569,https://www.readawrite.com/a/Zh1owx,My Fair Lady | Lingorm,คุนซัน :)
r14571,https://www.readawrite.com/a/Zh1pke,Hug donut | lingorm,meowdumgormeehuajai
r14573,https://www.readawrite.com/a/Zh1pun,os คณินธรณ์ &mdash; lingorm,sam .
r14579,https://www.readawrite.com/a/Zh1s9k,เป็นพนักงานแบบใด\\  หลิงออม,เติมเกย์ยาวยาว
r14580,https://www.readawrite.com/a/Zh1sjj,Meet (U) Again l LingOrm,nnpthita
r14583,https://www.readawrite.com/a/Zh1u9l,มาดามเขม | Lingorm,White Rose ˚ ༘
r14589,https://www.readawrite.com/a/Zh1wv5,เพลิงรดา &mdash; lingorm,Maisie-s
r14593,https://www.readawrite.com/a/Zh20du,น้องเดย์หมาเด็ก  ormling,melody my boo
r14606,https://www.readawrite.com/a/Zh25ot,กลิ่นอายรัก &ndash; lingorm,ฉลาดดัดฟัน
r14610,https://www.readawrite.com/a/Zh2869,คุณCEO|Lingorm,มาม่าหมูสับ ไม่ใส่ผัก.
r14611,https://www.readawrite.com/a/Zh28nt,คุณหนูอย่ามายุ่งกับกระผมเลยครับ | OrmLing,NamfonK
r14614,https://www.readawrite.com/a/Zh2a39,อเมริกาโน่ไม่หวาน | lingorm,ทิวลิป
r14616,https://www.readawrite.com/a/Zh2acq,แกล้งลืม|หลิงออม,Bo Tan
r14621,https://www.readawrite.com/a/Zh2cb3,ติดเกม | Lingorm,รักน้ำรักปลารักนมผง
r14622,https://www.readawrite.com/a/Zh2cc8,2 women| lingorm,เเมวดำ
r14630,https://www.readawrite.com/a/Zh2dac,รักร้าย ป้ายสุดท้าย &ndash; lingorm,ฉลาดดัดฟัน
r14632,https://www.readawrite.com/a/Zh2feh,คิดเกินกว่าพี่น้อง/หลิงออม,เพิ่งหัดแต่ง
r14652,https://www.readawrite.com/a/Zh2m7c,แต่งเพื่อผลประโยชน์|Lingorm,ดอกไม้งาม🌷
r14657,https://www.readawrite.com/a/Zh2o2h,เพียงพบคณิตกรณ์ | หลิงออม,UglyDuckling
r14665,https://www.readawrite.com/a/Zh2qr6,Just Friends | lingorm,"AichaKhio,"
r14667,https://www.readawrite.com/a/Zh2rcq,ว่าจะไม่รัก,หลิงออม
r14674,https://www.readawrite.com/a/Zh2t3i,faded&mdash;lingorm,kmn
r14676,https://www.readawrite.com/a/Zh2u1w,One last time... - Lingorm,mini_taeng
r14679,https://www.readawrite.com/a/Zh2uxn,ihate(heart)you|lingorm,เจแปนก้อน
r14683,https://www.readawrite.com/a/Zh2xr6,ที่รักของพระรอง( omegaverse) หลิงออม,คุณบ็อกแบ๊ก
r14686,https://www.readawrite.com/a/Zh2y1d,When Happiness Repeats | Lingorm,satursea
r14688,https://www.readawrite.com/a/Zh3046,ดอกไม้สีเทา | LingOrm,Mi Coraz&oacute;n
r14696,https://www.readawrite.com/a/Zh33hj,เอวาริน (Evarin),Pure Daisy
r14701,https://www.readawrite.com/a/Zh33vh,ค่ำคืนที่พลาดพลั้ง | LINGORM,ชามะนาววว
r14704,https://www.readawrite.com/a/Zh35eu,Undeniable ปฏิเสธไม่ได้ว่ารัก | Ormling,SilentWonder
r14705,https://www.readawrite.com/a/Zh35gn,papaya | lingorm&sup1;⁸,Pan_08
r14707,https://www.readawrite.com/a/Zh36ql,เจ้าเหมียวแต้มสี | lingOrm,พิษจันทร์
r14708,https://www.readawrite.com/a/Zh3724,เข้าใจกันบ้างรึป่าว|LingOrm,สมปอง ' ง .
r14709,https://www.readawrite.com/a/Zh37i2,The Only One:LingOrm,22.X
r14710,https://www.readawrite.com/a/Zh37r2,Gravity of Us |LINGORM,แมวส้มหน้ายุ่ง🦍
r14711,https://www.readawrite.com/a/Zh389g,คุณเมญ่า,I AM ME-U
r14712,https://www.readawrite.com/a/Zh38sh,pudennsongg &mdash; lingorm,qei .
r14714,https://www.readawrite.com/a/Zh39vm,คุณแม่หนูเป็นมาเฟีย (omegaverse) lingorm,คุณบ็อกแบ๊ก
r14716,https://www.readawrite.com/a/Zh3a6a,เจ้าของหัวใจฉันคือเธอ : Lingorm,อาร์มคุง
r14717,https://www.readawrite.com/a/Zh3b3t,สวัสดีคุณวันเสาร์ | Lingorm,หยิ่งยโส
r14719,https://www.readawrite.com/a/Zh3cko,คิณภัทร|lingorm,Orchid:3
r14721,https://www.readawrite.com/a/Zh3d76,ซ้อใหญ่ (婷婷),วารีธาริน
r14723,https://www.readawrite.com/a/Zh3dmq,เราไม่เหมาะกับความรักหรอ Lingorm,ถ้อยคำที่ค้างอยู่
r14725,https://www.readawrite.com/a/Zh3elt,สัญญาใต้เงาปืน (Mafia) - lingorm,คนถูกทิ้ง
r14728,https://www.readawrite.com/a/Zh3fh4,my favorite person &mdash; ormling,𝒎𝒂𝒕𝒄𝒉𝒂𐙚
r14732,https://www.readawrite.com/a/Zh3hdd,น้ำท่วมทุ่งผักบุ้งหลงเธอ | หลิงออม,UglyDuckling
r14736,https://www.readawrite.com/a/Zh3ir5,Excepted [lingorm],linglingormmm
r14738,https://www.readawrite.com/a/Zh3jq1,"OS | มาเฟียปลอมๆ ""หลิงออม""",โกลเด้น
r14742,https://www.readawrite.com/a/Zh3kse,GOOD BOY | lingorm,FA LOVE GL
r14755,https://www.readawrite.com/a/Zh3p0o,ทวนเข็มนาฬิกา  (omegaverse) lingorm,คุณบ็อกแบ๊ก
r14756,https://www.readawrite.com/a/Zh3p7g,six/two | lingorm,dolphins
r14757,https://www.readawrite.com/a/Zh3pa9,ชีวิตติดลาเต้ | LingOrm,คุณอาชาย
r14760,https://www.readawrite.com/a/Zh3qgh,ข้ามภพเจอรัก,เจ็บเพราะรัก
r14762,https://www.readawrite.com/a/Zh3sa6,(ใช่ป่ะคนนี้)|Lingorm,เอมี่บอนนี่หนู
r14769,https://www.readawrite.com/a/Zh3uq8,หมาเด็ก - OrmLing,คนบ้า😎
r14771,https://www.readawrite.com/a/Zh3vu0,embrace,เอ็กซ์ไซต์
r14787,https://www.readawrite.com/a/Zh41in,แล้วเราจะได้รักกันไหม /lingorm,supertee
r14788,https://www.readawrite.com/a/Zh41va,เพียงรักปวรปรัชญ์ | หลิงออม,UglyDuckling
r14791,https://www.readawrite.com/a/Zh447h,สามี..บังเอิญ | lingorm,Catywonder.KS
r14794,https://www.readawrite.com/a/Zh479u,เลือกฉันสักครั้งได้ไหม (omegaverse) lingorm,คุณบ็อกแบ๊ก
r14801,https://www.readawrite.com/a/Zh48iy,I Love วิศวะ (Lngorm),1460k
r14804,https://www.readawrite.com/a/Zh49pm,MVP | LingOrm,คุณอาโม
r14807,https://www.readawrite.com/a/Zh4al1,Sit down|Lingorm,roseate
r14808,https://www.readawrite.com/a/Zh4amb,ภัทรลัลน์ | lingorm,k.loey
r14811,https://www.readawrite.com/a/Zh4brs,ค่อย ๆ รักอย่างปลอดภัย - Lingorm,ความสุขขนาดพกพา
r14812,https://www.readawrite.com/a/Zh4bxf,คุณสามี | LingOrm,SJ🪽
r14817,https://www.readawrite.com/a/Zh4dt8,เสน่ห์จันทร์ | LingOrm,Mi Coraz&oacute;n
r14818,https://www.readawrite.com/a/Zh4eay,เมวิษา | lingorm,Tee rak
r14822,https://www.readawrite.com/a/Zh4fxa,ชลธรซ่อนรัก - Lingorm,Nanami Run
r14828,https://www.readawrite.com/a/Zh4hy6,เพทายถึงแสนรัก | LingOrm,คืนสิบสาม
r14836,https://www.readawrite.com/a/Zh4jw5,เพื่อลูกนะคุณ |Ling x orm,มอมึงทอทิ้งกอกูไป
r14844,https://www.readawrite.com/a/Zh4ndd,good boy|lingorm,หมูตุ๋นตัวนิ่ม
r14850,https://www.readawrite.com/a/Zh4q88,ความลับของติ๋ม - ormling,Dinolalala
r14855,https://www.readawrite.com/a/Zh4th2,ตีนผมพี่!! |LingOm,พี่ฟังก่อน พรี่!
r14856,https://www.readawrite.com/a/Zh4tqt,Avaqueen | lingorm,คุณผีไออุ่น
r14858,https://www.readawrite.com/a/Zh4wwx,The New Chapter [sf] : LingOrm,Kvanguard
r14859,https://www.readawrite.com/a/Zh4x04,ถลำ | LingOrm,WcB
r14862,https://www.readawrite.com/a/Zh4ykd,Parallel Theory &bull; เผลอรัก(lingorm),พระจันทร์ในเวลากลางวัน🌕
r14863,https://www.readawrite.com/a/Zh500b,หวานใจนายบ้านนอก หลิงออม,new1998
r14864,https://www.readawrite.com/a/Zh50s2,ชีวิตติดแกรม|ormling,มาม่าหมูสับ ไม่ใส่ผัก.
r14865,https://www.readawrite.com/a/Zh50wi,ภัสสรศิลาริน | LINGORM #Honor&amp;Heart,sipadann
r14875,https://www.readawrite.com/a/Zh55w0,บอสคนนี้คือว่าที่สามีหนู | Lingorm,บอฟอเอง
r14878,https://www.readawrite.com/a/Zh56b7,ลิขิตรักมนตราแห่งอธีน่า|lingorm,ปลายตะวัน
r14879,https://www.readawrite.com/a/Zh56oi,ทาริกาธาริญญ์ | lingorm,𝑅𝑢𝑏𝑦𝑠𝑖𝑎𐙚
r14881,https://www.readawrite.com/a/Zh5715,คีย์ตลับเทป - LingOrm,โบ้บ้อกแบ้ก
r14886,https://www.readawrite.com/a/Zh59c5,main tera &ndash; ormling,hundredoutoften
r14891,https://www.readawrite.com/a/Zh5b6b,อาชาไนย | lingorm,กินแซ่บส์
r14897,https://www.readawrite.com/a/Zh5dxn,แสงดาวบนยอดดอย/lingorm,เจ้าดอกลิลลี่สีส้ม
r14910,https://www.readawrite.com/a/Zh5kdj,หนึ่งในล้าน | lingorm,กินแซ่บส์
r14912,https://www.readawrite.com/a/Zh5kni,As easy As pie [Cakeverse],Milkypig
r14921,https://www.readawrite.com/a/Zh5n0f,ให้หนูได้แค่ไหน (omegaverse) lingorm,คุณบ็อกแบ๊ก
r14924,https://www.readawrite.com/a/Zh5no9,ลิวาน่า | LingOrm,อยากเติมชาเขียว
r14931,https://www.readawrite.com/a/Zh5q7d,คุณหนูบ้านไร่ - LingOrm,yoos&eacute;
r14934,https://www.readawrite.com/a/Zh5r4v,นรีภัสร์ - LingOrm,K.Phee
r14935,https://www.readawrite.com/a/Zh5rdh,MISSUBIBI | lingorm,ตัวบักเอ้บ
r14936,https://www.readawrite.com/a/Zh5rr8,The door,ยำหมูยอ
r14938,https://www.readawrite.com/a/Zh5t7p,คนในเงาบุหรี่ กับ รักที่ผลิบาน|LingOrm,ดาวหางฮัลเลย์🌠
r14940,https://www.readawrite.com/a/Zh5tnm,- 600 |LingOrm,เมษาวรินทณ์
r14942,https://www.readawrite.com/a/Zh5uix,...,lilin67
r14954,https://www.readawrite.com/a/Zh5xky,ค้นหา(รัก) | Ling Orm,piano
r14959,https://www.readawrite.com/a/Zh5yy1,พรหมลิขิต|หลิงออม,เจ๊เส้นเต้นแรง
r14960,https://www.readawrite.com/a/Zh605d,คำโกหกที่ดีที่สุด: lingorm,ลักษกรณ์
r14967,https://www.readawrite.com/a/Zh6396,พ่อปู่เจ้าคะ ฉันขอแค่เรื่องงาน ท่านจะแถมแฟนมาด้วยเพื่อ?! #LingOrm,Purple_RoseSS
r14978,https://www.readawrite.com/a/Zh67w1,แสนดี &amp; แสนรัก,พระจันทร์ในเวลากลางวัน🌕
r14979,https://www.readawrite.com/a/Zh6850,Knocked out,เอ็กซ์ไซต์
r14986,https://www.readawrite.com/a/Zh6cl4,ห้วงอดีต-lingorm,love lingorm🩷🩷
r15001,https://www.readawrite.com/a/Zh6hyx,คุณช่วยเราเลี้ยงน้องหน่อยได้ไหม lingorm,SiFer&deg;
r15002,https://www.readawrite.com/a/Zh6iac,ไม่ต้องเรียก...แต่เลือกแล้ว | Lingorm,._.p
r15008,https://www.readawrite.com/a/Zh6juy,"Red Planet, Red Heart (ภารกิจรักดาวอังคาร)",F Drevia
r15011,https://www.readawrite.com/a/Zh6m04,ภรรยาไร้หัวใจ/lingorm,เจ้าดอกลิลลี่สีส้ม
r15012,https://www.readawrite.com/a/Zh6mb3,"She is mine, My puppy l ormling",SilentWonder
r15020,https://www.readawrite.com/a/Zh6plg,ฮักน้องเชอร์รี่ - LingOrm,ฮานึล
r15022,https://www.readawrite.com/a/Zh6rd1,นักเลงประจำซอย |lingorm,ไอ้หมาทิชชู่
r15029,https://www.readawrite.com/a/Zh6v70,wifey-to-go! | lingorm,vegan tiger
r15034,https://www.readawrite.com/a/Zh6vxb,why. wine. and wild girl. ||lingorm,M966
r15046,https://www.readawrite.com/a/Zh6yot,หยดน้ำตาของน้องสภา|Lingorm,Apo_xyz35014
r15057,https://www.readawrite.com/a/Zh72rx,วนไปค่ะ | LINGORM,ฉันไม่ได้ทำ
r15064,https://www.readawrite.com/a/Zh757s,Out | LingOrm,กุไมรุ้้้
r15068,https://www.readawrite.com/a/Zh76o4,ดอกกระเจียวบาน |Lingorm,ก้องภพ &cent;
r15082,https://www.readawrite.com/a/Zh7dek,ออมหลิง,เดียร์
r15083,https://www.readawrite.com/a/Zh7dgr,เราไม่ได้ชอบเธอซะหน่อย|หลิงออม,yam_mi
r15092,https://www.readawrite.com/a/Zh7h3y,แม่ทำแบบนี้ทำไม|LingOrm,หลิงออมดิวะ
r15093,https://www.readawrite.com/a/Zh7h5l,Sous le m&ecirc;me ciel | lingorm,Laksanari
r15096,https://www.readawrite.com/a/Zh7i7h,แม่ครูภารัญ | LingOrm,Mi Coraz&oacute;n
r15098,https://www.readawrite.com/a/Zh7j4h,Multiverse | LingOrm,38thmay
r15100,https://www.readawrite.com/a/Zh7jpv,อีหล่าอย่าทิ้งอ้าย| lingorm,ไปเรื่อย
r15109,https://www.readawrite.com/a/Zh7mwx,ปูนาขาไก่ | LINGORM (omegaverse),timeforsomefun
r15110,https://www.readawrite.com/a/Zh7n4p,Baby Seoul | lingorm &sup1;⁸,Pan_08
r15113,https://www.readawrite.com/a/Zh7oth,คุณเจ้าของร้านดอกไม้คนสวย |lingorm,ทรงเอเขียนฟิค
r15123,https://www.readawrite.com/a/Zh7str,ฐานิดา&amp;พิชญ์ธนัน |lingorm,ฟ้าชอบเขียน
r15124,https://www.readawrite.com/a/Zh7u8i,สะดุดรักลูกส.ส (omegaverse) lingorm,คุณบ็อกแบ๊ก
r15129,https://www.readawrite.com/a/Zh7vws,แอดผิด แต่คุยถูกคน-lingorm,t.aptzs
r15133,https://www.readawrite.com/a/Zh80cx,เลิกกั๊กแล้วรักก่อน|one shot,เจ๊น้ำตก
r15136,https://www.readawrite.com/a/Zh80ln,HOSTILE DEAL | lingorm,cucumber
r15139,https://www.readawrite.com/a/Zh83dk,Heaven&rsquo;s Blessing - lingorm,merlune.
r15140,https://www.readawrite.com/a/Zh846i,คุณติณ|Lingorm,ดอกไม้งาม🌷
r15144,https://www.readawrite.com/a/Zh856g,"I want it, I got it | lingorm",กินแซ่บส์
r15146,https://www.readawrite.com/a/Zh85bg,หลิงๆคองงง,หลิงออม
r15149,https://www.readawrite.com/a/Zh8776,เริ่มต้นใหม่กับคนเดิม|LINGORM,ชาที่รักหลิงออม
r15157,https://www.readawrite.com/a/Zh8a2a,เพียงพร้อม | LingOrm,yok6kao
r15164,https://www.readawrite.com/a/Zh8c8v,กลลวงพ่อตา (omegaverse) lingorm,คุณบ็อกแบ๊ก
r15165,https://www.readawrite.com/a/Zh8cow,คุณรินรดา - Lingorm,ไข่เจียวออมเล็ต^^
r15179,https://www.readawrite.com/a/Zh8k5y,She is mine | LingOrm,NamfonK
r15187,https://www.readawrite.com/a/Zh8ml2,The Designer&rsquo;s Appeal  &mdash; lingorm,don'tseekattentionwithme
r15188,https://www.readawrite.com/a/Zh8nbb,วิศวะคนโปรด | Lotmook,ny.efrch
r15193,https://www.readawrite.com/a/Zh8pjy,ว่าที่สะใภ้ | Lingorm,พ่อหนุ่มไรเตอร์
r15195,https://www.readawrite.com/a/Zh8pqp,เสน่ห์นางโชว์ (หลิงออม),ไรท์แปลกๆ
r15197,https://www.readawrite.com/a/Zh8qxm,หลิงออม,รักในนิยาย
r15202,https://www.readawrite.com/a/Zh8srj,เณอริน | lingorm,ป๊อกกี้ป๊อกกี้ปั๊บ
r15203,https://www.readawrite.com/a/Zh8tbi,วันที่ฉันไม่ต้องเจ็บเพราะรัก,วารีธาริน
r15205,https://www.readawrite.com/a/Zh8tso,ธีระเชษฐ์ | LingOrm,mey
r15207,https://www.readawrite.com/a/Zh8u1b,คุณดินของพิมพ์ดาว|LingOrm,ไอ้อ้วมค๊าบ
r15213,https://www.readawrite.com/a/Zh8vyl,โอทีนี้มีแค่เรา |Lingorm,Saki ◡̈
r15216,https://www.readawrite.com/a/Zh8x24,Ohm - Lingorm,hikeep!
r15218,https://www.readawrite.com/a/Zh8x6a,หายไปตั้งนาน จะกลับมาเอาอะไร |LingOrm,อย่าให้รู้วบ์
r15220,https://www.readawrite.com/a/Zh8xg6,สลักจิตอธิฐาน | Lingorm,tulips
r15224,https://www.readawrite.com/a/Zh8yp6,Secret Chat | lingorm,BoLoPink
r15229,https://www.readawrite.com/a/Zh90m8,"""ขโมยซีนรัก ยัยตัวแสบ"" | LingOrm",sanithada
r15230,https://www.readawrite.com/a/Zh90yc,น่านฟ้า | lingorm,Fanii_x
r15232,https://www.readawrite.com/a/Zh911a,ลองของ | LingOrm,คุณอาโม
r15234,https://www.readawrite.com/a/Zh92sh,ภรรยา (จำยอม) | Lingorm,หูกระต่ายสีชมพู
r15240,https://www.readawrite.com/a/Zh95k9,Morning Smile |lingorm,BlackCAT08
r15247,https://www.readawrite.com/a/Zh98nt,เกมเสน่หา|หลิงออม,หวัดดีค่ะ
r15253,https://www.readawrite.com/a/Zh99s0,มาเฟียเจ้าชู้พบรัก|LingOrm,Four. Four
r15255,https://www.readawrite.com/a/Zh9ai4,รักเรามันเก่าเกินไป|LingOrm,ราตรีสีเทา&dagger;
r15265,https://www.readawrite.com/a/Zh9ceq,ภูมิภวัต | lingorm,คุณครัช
r15272,https://www.readawrite.com/a/Zh9f0o,นับอนันต์ &mdash; ormling,ach1ra6a
r15281,https://www.readawrite.com/a/Zh9jaf,วงโคจร | LingOrm,; Pp
r15285,https://www.readawrite.com/a/Zh9l6o,รุ่นน้อง(สวย)คนนั้น | Lingorm,ปาท่องโก๋:]
r15292,https://www.readawrite.com/a/Zh9mvx,พี่เฟย์| โมแพร,พี่หมอก
r15297,https://www.readawrite.com/a/Zh9p1e,คู่แค้นแสนรัก | LINGORM,ชามะนาววว
r15302,https://www.readawrite.com/a/Zh9s13,หม่า|หลิงออม,ไอ้หมา
r15305,https://www.readawrite.com/a/Zh9tu4,รักหนูไหมค่ะพี่เฟีย,แมวดำ
r15309,https://www.readawrite.com/a/Zh9v4f,เจียหยุดอ่อย | lingorm &sup1;⁸,Pan_08
r15315,https://www.readawrite.com/a/Zh9wok,เคียงข้างม่านมุก | Lingorm,sipadann
r15320,https://www.readawrite.com/a/Zh9yh5,ณ คีรา | lingorm,Pro t.
r15325,https://www.readawrite.com/a/Zha0u1,THE WINES JOURNEY|LINGORM,ธารสีคราม
r15326,https://www.readawrite.com/a/Zha14q,(OS) once upon a time&mdash; Ormling,itsnir9
r15329,https://www.readawrite.com/a/Zha3ax,ไทบ้านที่จริงใจ|lingorm,FA LOVE GL
r15334,https://www.readawrite.com/a/Zha5uc,ความลับของบอส.. [Lingorm],mywhyworld
r15340,https://www.readawrite.com/a/Zha74b,ลลินทิพย์ | LingOrm,Mafia&rsquo;s
r15342,https://www.readawrite.com/a/Zha876,A new love song,วารีธาริน
r15349,https://www.readawrite.com/a/Zhaaq8,ความลับเด็กเสี่ย - Lingorm,PCY_1102
r15351,https://www.readawrite.com/a/Zhabc0,FWB|Lingorm,BlackCAT08
r15355,https://www.readawrite.com/a/Zhadkj,พี่หมอนั่นหมาหนู | lingorm,มัมหมาน้องเวนดี้
r15369,https://www.readawrite.com/a/Zhajl2,อ้ะอ่าวลืมผมได้ไงเนี่ย,เจ่เจ้ข๋า🧊
r15372,https://www.readawrite.com/a/Zhak9x,Enigma&rsquo;s Secret | lingorm,อ้ายซีเล้ง!
r15373,https://www.readawrite.com/a/Zhakbd,Beyond the Line - เส้นแบ่งที่ไม่ควรข้าม,mywhyworld
r15377,https://www.readawrite.com/a/Zhallr,ตัวจริงมา - lingorm,khonprod
r15378,https://www.readawrite.com/a/Zhalrf,พระสนมเอก [Lingorm],mywhyworld
r15382,https://www.readawrite.com/a/Zhaok6,รอใครสักคนเข้ามา ; thomaskong,หม่ามี๊หมวยเล็กเองงับ
r15383,https://www.readawrite.com/a/Zhaols,ฟางซิน (Fāngxīn),I AM ME-U
r15386,https://www.readawrite.com/a/Zhapnk,ผมเป็นมาเฟียแพ้เมียราบคาบ|LingOrm (Omegaverse),สมปอง ' ง .
r15387,https://www.readawrite.com/a/Zhappa,"Hello, My Angel Cupid? | lingorm",MasterPiece
r15388,https://www.readawrite.com/a/Zhapsu,รอยรักสวนทุเรียน,วนิลาสกาย
r15390,https://www.readawrite.com/a/Zhaqkq,กลางคืนที่แสนสว่าง|LingOrm,arty08.
r15391,https://www.readawrite.com/a/Zhaquy,นักเรียนแลกเปลี่ยน,เพิ่งเคยเขียนไม่ว่ากันนะ#1
r15393,https://www.readawrite.com/a/Zharhm,The Architect's Menu : เมนูพิเศษสำหรับคุณสถาปนิก,wakeup36
r15396,https://www.readawrite.com/a/Zhas6v,"Mine, Maybe | lingorm",GlitchyB1tch
r15397,https://www.readawrite.com/a/Zhat09,ชีวิตติดเค้ก​ | LingOrm,คุณอาชาย
r15399,https://www.readawrite.com/a/Zhauxy,"แค่เพื่อน""จริงหรอ""|Lingorm",น้ำข้าว
r15416,https://www.readawrite.com/a/Zhb03v,wŏ &agrave;i nĭ | lingorm,LO_Ixeve
r15418,https://www.readawrite.com/a/Zhb0n0,Hope Vesper | Lingorm,Steakley
r15419,https://www.readawrite.com/a/Zhb0sn,คำสาปโรงแรมพันปี [Lingorm],mywhyworld
r15430,https://www.readawrite.com/a/Zhb4oa,Out of frame รุ่นพี่ที่รัก [Lingorm],mywhyworld
r15442,https://www.readawrite.com/a/Zhb6il,Caf&eacute;| Lingorm,KaelOrion
r15447,https://www.readawrite.com/a/Zhb86a,คนดีของเบ้บ,Pikonto
r15456,https://www.readawrite.com/a/Zhbca7,คู่สร้างคู่สม|lingorm,เจ้าหมูตัวนิ่ม
r15466,https://www.readawrite.com/a/Zhbggo,XEXLOvEX - lingorm,ตัวบักเอ้บ
r15475,https://www.readawrite.com/a/Zhbilp,Endless love - Lingorm,fang_lingorm
r15476,https://www.readawrite.com/a/Zhbiqe,กฎตระกูล-Lingorm,walatin
r15479,https://www.readawrite.com/a/Zhbj3t,p.prim || Lingorm,millionplaces
r15481,https://www.readawrite.com/a/Zhbjtn,I Don&rsquo;t Love My Fiancee | lingorm,อ้ายซีเล้ง!
r15483,https://www.readawrite.com/a/Zhbk4w,To the Moon and Back : ระยะที่หัวใจไม่เคยลืม (หลิงออม),golden fairy
r15486,https://www.readawrite.com/a/Zhbm25,ขอบคุณที่ได้พบกัน | Lingorm,moomoo
r15489,https://www.readawrite.com/a/Zhbmbw,QuickieTales | LingOrm,jk.
r15496,https://www.readawrite.com/a/Zhbpm7,หลอกรักปราณณ์ปรีดี &mdash; หลิงออม,UglyDuckling
r15498,https://www.readawrite.com/a/Zhbpuc,Rebellious child | ormling,Pitchaya
r15501,https://www.readawrite.com/a/Zhbrc3,Come Back to Me | Lingorm,Ling&rsquo;O
r15502,https://www.readawrite.com/a/Zhbrmg,เก๋ไม่ชอบเกศ | ormling,lonjon.n
r15508,https://www.readawrite.com/a/Zhbub5,พ่อครู | lingorm,หลิงออมจัดงานวันไหนคะ
r15510,https://www.readawrite.com/a/Zhbuv8,วิศวกรรมโยธา | Lingorm,𝐿𝑖𝑡𝑡𝑙𝑒 𝐵𝑢𝑙𝑙
r15511,https://www.readawrite.com/a/Zhbv4m,พบรัก | Lingorm,𝐿𝑖𝑡𝑡𝑙𝑒 𝐵𝑢𝑙𝑙
r15513,https://www.readawrite.com/a/Zhbwj8,คุณเหมย|Lingorm,มาม่าหมูสับ ไม่ใส่ผัก.
r15516,https://www.readawrite.com/a/Zhbx3k,Runway to Nowhere | lingorm,bbearrr
r15521,https://www.readawrite.com/a/Zhbyph,คิมหันเหม่ยถิง | LingOrm,Mafia&rsquo;s
r15522,https://www.readawrite.com/a/Zhbypq,almost over you | lingorm,Marchative
r15524,https://www.readawrite.com/a/Zhc18j,Room 101: บทเรียนรักฉบับเธียร์เอย|lingorm,เด็กน้อยค้าบ
r15527,https://www.readawrite.com/a/Zhc2ej,homelike &mdash; lingorm,ttrueblue
r15532,https://www.readawrite.com/a/Zhc3ut,Crazy | lingorm,meowdumgormeehuajai
r15537,https://www.readawrite.com/a/Zhc4q2,ฤดูหิมะขาว | lingorm,Praew55
r15539,https://www.readawrite.com/a/Zhc6fc,เปเปอร์พีท - LingOrm,K.Phee
r15542,https://www.readawrite.com/a/Zhc75m,แล้วถ้าบอกกว่า..|lingorm,เนคกี้
r15549,https://www.readawrite.com/a/Zhc96d,ตีตรารัก พันธนาการร้าย,เจ้าเหมียวดำ
r15554,https://www.readawrite.com/a/Zhcbng,The Luminous Drop : คาเฟ่ลับ(รับ)บำบัดจิตด้วยมนตรา,GamLangIn
r15555,https://www.readawrite.com/a/Zhcbrf,แฟนผมสวยอะทำไง|หลิงออม,หนูนาตัวเน่า😾
r15559,https://www.readawrite.com/a/Zhcg3u,ปพิชชาภา,โลกนิยายและเหล่าฟิค
r15571,https://www.readawrite.com/a/Zhcjyx,พี่ไม่ชOU lla้วคัeชOบ? #พี่บี้น้องแพม | lingorm,somebadyhelppeume
r15572,https://www.readawrite.com/a/Zhck2q,The Private* session,ฟากคืน
r15589,https://www.readawrite.com/a/Zhcqi9,จังหวะรัก | หลิงออม,โต๋ยติ้ว
r15590,https://www.readawrite.com/a/Zhcqlw,ครั้งหนึ่งเราเคยรักกัน | lingorm,BK♾️
r15592,https://www.readawrite.com/a/Zhcqpl,คนโปรด |lingorm,ม๋าเด่ก
r15606,https://www.readawrite.com/a/Zhcuuw,เมื่อดาวไม่ได้คู่กับเดือน (Not Always the Moon) | lingorm,ญานีล
r15617,https://www.readawrite.com/a/Zhcxjm,ใครคือเมะเคะ | LINGORM,เมะเคะ
r15619,https://www.readawrite.com/a/Zhcxrj,CAPTIVE MOON | จันทร์จำนน,inori.bar
r15620,https://www.readawrite.com/a/Zhcy25,If my score drops...| lingorm,KhunDodai
r15635,https://www.readawrite.com/a/Zhd396,หวานกว่าไฟครัว,พรร
r15639,https://www.readawrite.com/a/Zhd4qs,Rita | lingorm,Pan_08
r15645,https://www.readawrite.com/a/Zhd69y,อย่าทำแบบนี้  | lingorm,หมึกเย็นเส้นมาม่า🍜
r15652,https://www.readawrite.com/a/Zhd8yt,Midnight Bond - LingOrm (Omegaverse),QueenOfBonds
r15653,https://www.readawrite.com/a/Zhd91s,ชามเดิม&hellip;ที่ไม่เหมือนเดิม(LingOrm),เธอในทุกตัวอักษร
r15654,https://www.readawrite.com/a/Zhd965,เตฉัตร | lingorm,แสงตะวัน🔆
r15656,https://www.readawrite.com/a/Zhdajt,คุณหนูขี้วีน - LingOrm,ปลาทู
r15657,https://www.readawrite.com/a/Zhdbfl,Rain on Alin : เมื่อสายฝนหลอมละลายเอลิน | Lingorm,ฉันไม่ได้ทำ
r15659,https://www.readawrite.com/a/Zhdcb9,SL.- Lingorm​,T.​TT
r15662,https://www.readawrite.com/a/Zhddmj,Eternity's Wager,AA.pn
r15664,https://www.readawrite.com/a/Zhdegu,ย้อนกลับไปอีกครั้งครั้งนั้นที่รักกัน.|LingOrm,Sirinapha♧
r15665,https://www.readawrite.com/a/Zhdg6k,why not &mdash; lingorm,theswan
r15669,https://www.readawrite.com/a/Zhdh2g,เลือดมังกร(เวอร์ชั่นGL),𝓗𝓪𝓹𝓹𝔂 𝓜𝓲𝓷𝓭
r15672,https://www.readawrite.com/a/Zhdiqt,That Star Is Ours | LingOrm (Omegaverse),NongMed___thua
r15676,https://www.readawrite.com/a/Zhdjw0,รักที่ถูกห้าม|หลิงออม,จะ'จิน
r15689,https://www.readawrite.com/a/Zhdof4,Hidden | LingOrm,Pencil and Eraser
r15691,https://www.readawrite.com/a/Zhdp2d,เลือดมังกร[กระทิง]:เล่ห์แค้นกระทิงเหล็ก,𝓗𝓪𝓹𝓹𝔂 𝓜𝓲𝓷𝓭
r15697,https://www.readawrite.com/a/Zhdqlq,เด็กในบ้าน | LINGORM,สี่สิบสอง
r15710,https://www.readawrite.com/a/Zhdv00,Again | lingorm,friedtomatoes
r15712,https://www.readawrite.com/a/Zhdvjt,ระยะที่หัวใจเอื้อมถึง(LingOrm),เธอในทุกตัวอักษร
r15713,https://www.readawrite.com/a/Zhdw8y,Never Back to You | lingorm,อ้ายซีเล้ง!
r15718,https://www.readawrite.com/a/Zhdwy9,10PM : LingOrm,DPJ96
r15719,https://www.readawrite.com/a/Zhdwyp,I ME U |lingorm,เนคกี้
r15730,https://www.readawrite.com/a/Zhe12f,Ava |Lingorm,mu mu si
r15731,https://www.readawrite.com/a/Zhe1n9,กาแฟแก้วโปรดที่เธอแนะนำ,วารีธาริน
r15737,https://www.readawrite.com/a/Zhe3p8,ยังไงนะ..? lingorm,lloollweekend
r15739,https://www.readawrite.com/a/Zhe47l,Unscripted Love - นอกสคริปต์รัก,ฟังใจ.
r15741,https://www.readawrite.com/a/Zhe4wy,talk | lingorm,lonesummer_
r15757,https://www.readawrite.com/a/Zhe9vo,cloud up or over,Outside
r15759,https://www.readawrite.com/a/Zhearr,อุบัติรัก ไฮโซสาว [Lingorm],mywhyworld
r15762,https://www.readawrite.com/a/Zhedg5,ยัยลูกคนใช้!!|Llingorm,ไอ้ข้าว..!!
r15766,https://www.readawrite.com/a/Zhee57,ซีฮัน | lingorm,xesetin
r15768,https://www.readawrite.com/a/Zheer1,คืนนี้ไม่สวดได้ไหม | Lingorm,bootaeight
r15771,https://www.readawrite.com/a/Zhef6q,Rose || lingorm,apichaya
r15772,https://www.readawrite.com/a/Zhego3,วันธรรมดาที่ ไม่ธรรมดา | มี๊น้อนหลิง,มี๊น้อนหลิง
r15775,https://www.readawrite.com/a/Zhehqo,เมียไม่ใช่ลูก | lingorm,หลิงออมจัดงานวันไหนคะ
r15781,https://www.readawrite.com/a/Zhel4u,Little Bloom Caf&eacute;,จูนไล
r15783,https://www.readawrite.com/a/Zhemaw,ธุรกิจรัก|LingOrm,Tarm🐧
r15784,https://www.readawrite.com/a/Zhemcl,กฎของพรหมลิขิต [Lingorm],mywhyworld
r15787,https://www.readawrite.com/a/Zhen30,ระหว่างเรา - lingorm,JLO
r15788,https://www.readawrite.com/a/Zhen5x,A BROWN BOX FOR YOU | LingOrm,BAITOEI &bull;&deg;
r15789,https://www.readawrite.com/a/Zhenaj,You can and You will | lingorm,mewzim
r15799,https://www.readawrite.com/a/Zhepay,Mille-feuille &mdash; lingorm,smallthings
r15803,https://www.readawrite.com/a/Zheprw,รักได้ไหม | lingorm,"rak,lingorm"
r15805,https://www.readawrite.com/a/Zher7i,น้องเลย์|lingorm,PpPp
r15806,https://www.readawrite.com/a/Zhes3i,[SF] เมะจะชอบคัก - lingorm,หมาแต่งฟิค(ไม่จบ)ชิกเก้น
r15808,https://www.readawrite.com/a/Zhet2o,พี่มันบ้านนอก แล้วน้องบ้านไหน,ปีโป้ปีใหม่
r15809,https://www.readawrite.com/a/Zhet9w,สองหัวใจ Omegaver lingorm,kalaja
r15810,https://www.readawrite.com/a/Zhete9,เด็กคนนี้ของพี่คนเดีวย|Lingorm,Nam_&bull;
r15817,https://www.readawrite.com/a/Zheulf,Apostate Love - Lingorm,PCY_1102
r15818,https://www.readawrite.com/a/Zhevap,Zen| Lingorm,Pitchaya
r15820,https://www.readawrite.com/a/Zhevw2,Blossom Blue #lingorm,HelloStranger
r15821,https://www.readawrite.com/a/Zhewer,เธอขาาา| lingorm,เดียร์
r15827,https://www.readawrite.com/a/Zhexjn,แอบรัก|มีนเบ้บ,My ICE.I
r15832,https://www.readawrite.com/a/Zheyyn,บรรลังก์เฮีย |Lingorm,fun entertainment
r15833,https://www.readawrite.com/a/Zhf1aa,The Curse | Lingorm,คุนซัน :)
r15834,https://www.readawrite.com/a/Zhf1uk,Finjang | lingorm,ตัวบักเอ้บ
r15839,https://www.readawrite.com/a/Zhf3ie,"Wife in Name , lingorm",พุดน้อย poodnoi
r15848,https://www.readawrite.com/a/Zhf60o,Between the Lens  | lingorm,urfavgirl
r15849,https://www.readawrite.com/a/Zhf7do,An Empty Soul,BlueJ 🐦🌈
r15855,https://www.readawrite.com/a/Zhf9v9,แอบรักรุ่นพี่ |หลิงออม,น้ำเปล่าเย็น
r15856,https://www.readawrite.com/a/Zhf9w5,จากรันเวย์สู่ไร่ชา | lingorm,ไข่ปอกไข่
r15862,https://www.readawrite.com/a/Zhfaw0,Last Chance Curse ก่อนฉันจะหายไป หลิงออม,PenTun
r15864,https://www.readawrite.com/a/Zhfaxt,ลลินดา | lingorm,เมื่อดอกไผ่บาน
r15865,https://www.readawrite.com/a/Zhfbod,เด็กธรรมดาที่ไม่ธรรมดา|lingorm,เด็กห้องวิท
r15869,https://www.readawrite.com/a/Zhfclp,ขวัญใจชนกนันท์ &mdash; หลิงออม,UglyDuckling
r15881,https://www.readawrite.com/a/Zhfhm2,รักต้องห้าม - lingorm,JLO
r15888,https://www.readawrite.com/a/Zhfjek,รินพระพาย | lingorm,aormorrr
r15889,https://www.readawrite.com/a/Zhfjla,unfriended | lingorm,Sebus kubb ! &hearts;️🚍🐶
r15899,https://www.readawrite.com/a/Zhfmt0,River Family​ ครอบครัวสายน้ำ​ : LingOrm​ Ft. (...),Like​ADream​
r15903,https://www.readawrite.com/a/Zhfpa5,ข้างเธอ-Lingorm,아기 병아리
r15905,https://www.readawrite.com/a/Zhfqnd,ex  | Lingorm,Phruetsapha
r15907,https://www.readawrite.com/a/Zhfr28,ผูกรัก | LingOrm,CopperHerz
r15910,https://www.readawrite.com/a/Zhfrrn,ชรินทร์ | lingorm,lemon132
r15914,https://www.readawrite.com/a/Zhftmw,คิริน | Lingorm,𝐿𝑖𝑡𝑡𝑙𝑒 𝐵𝑢𝑙𝑙
r15915,https://www.readawrite.com/a/Zhftov,ธข | lingorm,คิโตะคุโรบุตะ
r15916,https://www.readawrite.com/a/Zhftyn,Scent of Orange and the Paper Hear| lingorm,LRNEVER.
r15918,https://www.readawrite.com/a/Zhfuoj,ที่ (เคย)&hellip;รัก [Lingorm],mywhyworld
r15919,https://www.readawrite.com/a/Zhfv5s,Nerd's Secret |lingorm,อ้ายซีเล้ง!
r15921,https://www.readawrite.com/a/Zhfvlq,ยุพิณรินดา | Lingorm,บอฟอเอง
r15927,https://www.readawrite.com/a/Zhfxom,เพื่อน (ไม่) จริง - Lingorm,โบ้บ้อกแบ้ก
r15929,https://www.readawrite.com/a/Zhfxru,my dog | lingorm,Dido_R
r15945,https://www.readawrite.com/a/Zhg67x,อิงค์เจ้าใจ - Lingorm,Night club
r15952,https://www.readawrite.com/a/Zhg8cq,เลย์ลา lingorm (omegaverse),เป่าเปย์
r15961,https://www.readawrite.com/a/Zhgcan,EARL GREY &mdash; lingorm,นักเขียนที่เท่ที่สุดในซอย
r15968,https://www.readawrite.com/a/Zhgdj9,นาทีต้องห้าม|lingorm,เจ้าหนูโบจัง
r15970,https://www.readawrite.com/a/Zhgej6,"""พันธนาการใต้เงาจันทร์"" - LingOrm",LingOm 🫶🏻
r15972,https://www.readawrite.com/a/Zhgewd,ปภาลฎา | ormling,จักรวาลสีทะเล
r15975,https://www.readawrite.com/a/Zhgfjj,roses White,ny.efrch
r15976,https://www.readawrite.com/a/Zhgg0a,CIPHER LOVE : LINGORM,privatemind
r15981,https://www.readawrite.com/a/Zhgikn,love |Lingorm,mu mu si
r15982,https://www.readawrite.com/a/Zhgipu,Risky Partner หมอดูพี่ชามส์ #Lingorm #Ormling,mad cute
r15984,https://www.readawrite.com/a/Zhgjxa,The Wild Clove,PCY_1102
r15987,https://www.readawrite.com/a/Zhgkw3,Just acquaintances?  |Lingorm,jkks
r15989,https://www.readawrite.com/a/Zhglgw,ฉัตรชยา(LINGORM),SatunN
r15990,https://www.readawrite.com/a/Zhgm6y,อย่าดื้อสิคะ... คุณเจ้าหญิงแมว | LingOrm,Rinna R.
r15992,https://www.readawrite.com/a/Zhgmdg,เทคนิคก็มีหัวใจนะเธอ //หลิงออม,love lingorm🩷🩷
r15999,https://www.readawrite.com/a/Zhgp3y,เพียงหนึ่งในใจมังกร#หลิงออม,Grass Jelly Brown Sugar
r16001,https://www.readawrite.com/a/Zhgpdx,Guarant | LingOrm,แว๊กแก๊ก
r16005,https://www.readawrite.com/a/Zhgqc9,The First (คุณหนึ่ง) | LINGORM,timeforsomefun
r16006,https://www.readawrite.com/a/Zhgqcl,The Second (คุณสอง) | LINGORM,timeforsomefun
r16011,https://www.readawrite.com/a/Zhgsvb,เหตุผลเดียวคือเธอ - LingOrm,Hunter
r16013,https://www.readawrite.com/a/Zhgtfn,Space of Us พื้นที่นี้...มีเพียงเรา | LINGORM,ญานีล
r16014,https://www.readawrite.com/a/Zhgtn6,J'esp&egrave;re t'aimer | LingOrm,sipadann
r16018,https://www.readawrite.com/a/Zhgtxr,Whyyouraoteenlikethat | LingOrm,sipadann
r16019,https://www.readawrite.com/a/Zhguky,สวัสดีเพลงรัก | Lingorm,แมวแปลกหน้า
r16020,https://www.readawrite.com/a/Zhgv05,Orange Coffee: สูตรลับฉบับคู่กัด,นายดินสอ
r16027,https://www.readawrite.com/a/Zhgy3p,มึงคิดหรอกว่าเขาเป็นเคะจริงๆ(ออมหลิง),แมวดำ
r16030,https://www.readawrite.com/a/Zhgyti,รักมือสอง | OrmLing,NamfonK
r16031,https://www.readawrite.com/a/Zhh1jl,Punch | Lingorm&sup1;⁸,Pan_08
r16040,https://www.readawrite.com/a/Zhh2n9,ลูกของเรา...[Lingorm],เจ้ากล้วย🍌🦈
r16041,https://www.readawrite.com/a/Zhh2sx,นางฟ้าในอ้อมกอด | LINGORM,ชามะนาววว
r16042,https://www.readawrite.com/a/Zhh4gs,ตราบาป omegaverse (lingorm),คุณบ็อกแบ๊ก
r16049,https://www.readawrite.com/a/Zhh5t4,ยังคงรอ|LINGORM,o pandanus
r16052,https://www.readawrite.com/a/Zhh70i,case of you &mdash; lingorm,𝒎𝒂𝒕𝒄𝒉𝒂𐙚
r16053,https://www.readawrite.com/a/Zhh7mr,พบรักในไร่ตะวัน|lingorm,Love. LingOrm😻
r16057,https://www.readawrite.com/a/Zhh9vm,Today is Forward - lingorm,merlune.
r16059,https://www.readawrite.com/a/Zhhan7,PKEverything | lingorm,KhunPaırın :/
r16064,https://www.readawrite.com/a/Zhhbij,paradise &mdash; lingorm,kirari_
r16066,https://www.readawrite.com/a/Zhhbm9,Playlist Romance | LingOrm,your.zesty
r16068,https://www.readawrite.com/a/Zhhd1l,เมธาวี|lingorm,Gentlemoon
r16072,https://www.readawrite.com/a/Zhhepo,พี่คนสวย | lingorm,เฟรช
r16079,https://www.readawrite.com/a/Zhhg49,ผู้สาวเมืองกรุง ฯ - LINGORM,จินตนาการ
r16080,https://www.readawrite.com/a/Zhhgfg,สุดที่รัก|lingorm,ZEROX.
r16086,https://www.readawrite.com/a/Zhhhxp,Commit (Not) Complete | lingorm,พิษจันทร์
r16089,https://www.readawrite.com/a/Zhhjdh,เถ้าแก่ลลิน | LINGORM,Leo
r16092,https://www.readawrite.com/a/Zhhknj,เพี้ยน | lingorm,Saw
r16093,https://www.readawrite.com/a/Zhhlef,ม๋า |lingorm,เฟรช
r16098,https://www.readawrite.com/a/Zhhm9f,sunshine |หลิงออม,Sunday with &hellip;..
r16102,https://www.readawrite.com/a/Zhhn39,Serendipity - lingorm,prodpran.p
r16103,https://www.readawrite.com/a/Zhhns4,รักเธอไม่ได้|Lingorm,มาม่าหมูสับ ไม่ใส่ผัก.
r16107,https://www.readawrite.com/a/Zhhpjr,เค้าขอโทษนะคะ : LingOrm,แพนด้าตาดำ🐼
r16110,https://www.readawrite.com/a/Zhhr5n,ภรรยามาเฟีย | หลิงออม,UglyDuckling
r16111,https://www.readawrite.com/a/Zhhra4,Summer of Love  lingorm,LRNEVER.
r16114,https://www.readawrite.com/a/Zhhso6,The Moon | lingorm,เมื่อดอกไผ่บาน
r16118,https://www.readawrite.com/a/Zhhv5s,แผนรักนัยลับ |LingOrm,หลงหลงเปา
r16121,https://www.readawrite.com/a/Zhhw2g,Library | Lingorm,𝑥𝑖𝑛𝑗𝑖𝑒_.
r16126,https://www.readawrite.com/a/Zhhy3n,สาบานรัก | Ormling,KhunPaırın :/
r16135,https://www.readawrite.com/a/Zhi0a9,เธอเท่านั้น | LingOrm (Omegaverse),ดอกไม้กับเทียนไข
r16139,https://www.readawrite.com/a/Zhi1ly,EMBER &amp; SALT,pnoloto
r16140,https://www.readawrite.com/a/Zhi1q9,เป็นฉันไม่ได้หรอที่ยืนข้างเธอ|lingorm,เนคกี้
r16152,https://www.readawrite.com/a/Zhi6hv,Pinya&rsquo;s Princess | lingorm,kaewchaya
r16157,https://www.readawrite.com/a/Zhi8gn,Heavenly | lingorm,viwhale
r16158,https://www.readawrite.com/a/Zhi8xp,รวมเพลย์ลิสต์ของPaeonia|หลิงออม,Bo Tan
r16160,https://www.readawrite.com/a/Zhi9b6,มวยบีไบเบ้ยห์ | Lingorm,กั่ยหัวทอม
r16162,https://www.readawrite.com/a/Zhi9m0,"fix me, doc! | lingorm (omegaverse)",sushiba
r16170,https://www.readawrite.com/a/Zhic8m,คนใช้|Lingorm,ดอกไม้งาม🌷
r16179,https://www.readawrite.com/a/Zhifu0,In Position,khhhht
r16181,https://www.readawrite.com/a/Zhigny,พิมพ์ภัส | lingorm,Bonus numnim
r16187,https://www.readawrite.com/a/Zhihll,Flashback Fever [Lingorm],mywhyworld
r16193,https://www.readawrite.com/a/Zhijxf,คมกริช | lingorm,&sup3;⁸&times;&reg;
r16197,https://www.readawrite.com/a/Zhil3n,เหม่ยหลงตงฉิน|LINGORM,เสียงสะล้อ
r16198,https://www.readawrite.com/a/Zhim1c,บัลลังก์สองภพ | LingOrm,คุณอาโม
r16209,https://www.readawrite.com/a/Zhipm3,Out of Duty  (lingorm),gaajaboo
r16211,https://www.readawrite.com/a/Zhir99,รักโดยบังเอิญ|lingorm,อลิสตะวัน
r16212,https://www.readawrite.com/a/Zhirha,คิดถึง ( Omegaverse ),คืนที่สามสิบแปด
r16216,https://www.readawrite.com/a/Zhis1l,หมาเด็กกับพี่คนสวย | หลิงออม,ง้องแง้ง
r16218,https://www.readawrite.com/a/Zhise0,รักไม่พอ (Too Late) | lingorm,goldieskwong
r16219,https://www.readawrite.com/a/Zhismi,"Just Friends, Right? | lingorm",กินแซ่บส์
r16221,https://www.readawrite.com/a/Zhisut,เงินเดือนหรือหัวใจ | LingOrm,พ่อหลิงหลิง
r16223,https://www.readawrite.com/a/Zhit5e,แพ้ตี๋|lingorm,นอนน้อย😞😞
r16240,https://www.readawrite.com/a/Zhiwxn,Late Night Geometry [Lingorm],mywhyworld
r16241,https://www.readawrite.com/a/Zhix4a,PHAKINIRIS | lingorm,Phonetic
r16242,https://www.readawrite.com/a/Zhix53,พิรดา-Lingorm,walatin
r16246,https://www.readawrite.com/a/Zhiyq9,ลูกคนใช้ | LingOrm,คุณอาเจ
r16249,https://www.readawrite.com/a/Zhj0xj,วิศวะคลั่งรักกับยัยตัวแสบ|lingorm,lingorm ♡
r16261,https://www.readawrite.com/a/Zhj4qq,Please don't give up | Ormling,KhunPaırın :/
r16265,https://www.readawrite.com/a/Zhj5ei,เธอเดินไปไกลจนสุดสายตา |Lingorm,zzzzzz.n
r16266,https://www.readawrite.com/a/Zhj5en,พบรักพะแพง - LingOrm,K.Phee
r16277,https://www.readawrite.com/a/Zhj8c8,ต่างคณะ |LINGORM,ฉลามน้อยในท้องทะเล
r16280,https://www.readawrite.com/a/Zhj982,หลิงออม,รอรัก
r16281,https://www.readawrite.com/a/Zhj9ac,ถ่านไฟเก่า [Lingorm],mywhyworld
r16289,https://www.readawrite.com/a/Zhjd1s,สามีในนาม | Lingorm,yoyoyok
r16294,https://www.readawrite.com/a/Zhjeen,รอรักเก่า,รอรัก
r16297,https://www.readawrite.com/a/Zhjekh,next life - lingorm,prodpran.p
r16300,https://www.readawrite.com/a/Zhjfv0,ภัทรนรินทร์ &mdash; lingorm,loveispaidwithsorrow
r16302,https://www.readawrite.com/a/Zhjgbu,หมาวัดกับดอกฟ้า(ออมหลิง),อริสา😽
r16304,https://www.readawrite.com/a/Zhjgmx,ได้โปรด | lingorm,คลังยา
r16307,https://www.readawrite.com/a/Zhjh7s,หลงรักดาวมหาลัย|หลิงออม,หวานไม่ชอบ ชอบขมๆ
r16308,https://www.readawrite.com/a/Zhjhak,GIN N' TONIC│ LingOrm,Chaowanphut
r16311,https://www.readawrite.com/a/Zhjhul,อ้ายมันบ้านนอก|lingorm,ปาลิ๋ม
r16313,https://www.readawrite.com/a/Zhjik5,Secret love | LingOrm,LingOrm
r16316,https://www.readawrite.com/a/Zhjiy0,ริณไม่มีวันรัก | lingorm,un_shy..🖋️
r16337,https://www.readawrite.com/a/Zhjogu,The Superstar&rsquo;s Secret    ความลับซุปตาร์ | lingorm,M966
r16342,https://www.readawrite.com/a/Zhjpti,รักของเรา |Lingorm,แฟนฟิค lingorm
r16343,https://www.readawrite.com/a/Zhjpxp,เด็กดี |lingorm,คุณคนซึน
r16344,https://www.readawrite.com/a/Zhjq8o,THE LUNA - Lingorm,PCY_1102
r16351,https://www.readawrite.com/a/Zhjslf,White Noise l Ormling,armainie
r16353,https://www.readawrite.com/a/Zhjso3,เฮามันต่างกัน|Lingorm,P&rsquo;Linglingkwong
r16359,https://www.readawrite.com/a/Zhjv23,ไอ้เด็กดื่อ/หลิงออม,ปากกาสิก
r16364,https://www.readawrite.com/a/Zhjwqm,safe place l หลิงออม,armainie
r16375,https://www.readawrite.com/a/Zhk064,Her at the gate - lingorm,lnnipp
r16376,https://www.readawrite.com/a/Zhk069,Toxic Relationship | Lingorm,mayongchideiei
r16378,https://www.readawrite.com/a/Zhk0mn,ศิโรราบ | lingorm,𝑲𝒉𝒖𝒏𝒕𝒉𝒊𝒂𝒏
r16379,https://www.readawrite.com/a/Zhk12c,Miscast คู่(กัด)จิ้น|LingOrm,PeachPloy
r16380,https://www.readawrite.com/a/Zhk12j,บอดี้การ์ดกับคุณหนู 3P|lingorm,Sometimes
r16390,https://www.readawrite.com/a/Zhk3ul,เช้าสองแลงสอง | lingorm,naniya &trade;
r16391,https://www.readawrite.com/a/Zhk48n,Gentleness | lingorm,sinkappp
r16392,https://www.readawrite.com/a/Zhk4dy,เด็กแว้นมีสิทธิ์มั้ยค้าบบ|lingorm,ต้มไก่ใส่ใบขาม
r16393,https://www.readawrite.com/a/Zhk4ed,เเค้นนี้ต้องชำระ|LingOrm,ราตรีสีเทา&dagger;
r16400,https://www.readawrite.com/a/Zhk634,นิรันด์กาล || Lingorm,อ้วมเหมียว
r16405,https://www.readawrite.com/a/Zhk7b1,พบรัก ณ ร้านชำ - lingorm,ลูกหมามึนตึ้บ
r16408,https://www.readawrite.com/a/Zhk9cu,Please | LingOrm,Pencil and Eraser
r16410,https://www.readawrite.com/a/Zhkaat,เกศริน|lingorm,Renita.ws
r16411,https://www.readawrite.com/a/Zhkap8,404: ระหว่างนั้น,11 &deg;C
r16418,https://www.readawrite.com/a/Zhkcfv,สายชลไอดิน | Lingorm,KwongLong
r16419,https://www.readawrite.com/a/Zhkcvq,เธอรักตัวเองไม่ใช่เรา,eehtorez
r16422,https://www.readawrite.com/a/Zhke5k,Sun | LingOrm,DPJ96
r16430,https://www.readawrite.com/a/Zhkh6y,You Matter | lingorm,𝙋𝙇𝙐𝙑𝙄𝙊𝙋𝙃𝙄𝙇𝙀
r16432,https://www.readawrite.com/a/Zhkhmd,Just friend . ʟɪɴɢᴏʀᴍ,อชิ3339🐰
r16444,https://www.readawrite.com/a/Zhklrx,Hide (love),leen
r16445,https://www.readawrite.com/a/Zhkm72,More Than Just Acting | lingorm,คุณภัทร007
r16449,https://www.readawrite.com/a/Zhkobk,Alpha&rsquo;s Pretty Prey | lingorm,อ้ายซีเล้ง!
r16450,https://www.readawrite.com/a/Zhkohp,The Clinical Secret [Lingorm],mywhyworld
r16457,https://www.readawrite.com/a/Zhkrk2,Secrets Beneath the Flash |ormling,คุณวาฬ
r16458,https://www.readawrite.com/a/Zhkrmb,เส้นชะตาที่ทำนาย&hellip;คือเธอ|lingorm,เจ้าหนูโบจัง
r16459,https://www.readawrite.com/a/Zhks1d,พบ(ความ)รัก - lingorm,VanesSun
r16463,https://www.readawrite.com/a/Zhksiy,Dujdangfun - lingorm,merlune.
r16464,https://www.readawrite.com/a/Zhkskk,แม่เลี้ยง | lingorm,ledy  kaa
r16470,https://www.readawrite.com/a/Zhktni,KEY 88 l Lingorm,nnpthita
r16479,https://www.readawrite.com/a/Zhkwm4,ยังคงคิดถึงใครคนนั้น,ไม่บอกชื่อหรอกนะว่าเป็นใคร
r16484,https://www.readawrite.com/a/Zhky28,คุณหนึ่ง |lingorm,KUNIMUNIN
r16485,https://www.readawrite.com/a/Zhkyod,don't smile | lingorm,PHAKDEE.
r16488,https://www.readawrite.com/a/Zhl08h,ข้ามันบ้านนอก | Lingorm,ไดโนเสาร์🦖🦕
r16489,https://www.readawrite.com/a/Zhl0cu,Hope to see you again | Lingorm,Carrot&rsquo;s
r16491,https://www.readawrite.com/a/Zhl1bl,Queen in the Shadow of Power ราชินีในเงาอำนาจ | LingOrm,NOAH SATUR
r16493,https://www.readawrite.com/a/Zhl4cx,หมาแก่ของน้องเบ๊บ | Lingorm,Luna Nightfall
r16496,https://www.readawrite.com/a/Zhl5dp,ระยะห้ามรัก Too Close Too Love | LingOrm,แซวม่อนดองซีอิ้ว
r16509,https://www.readawrite.com/a/Zhla3n,นางสาวขวัญใจ | lingorm,rpubrak
r16515,https://www.readawrite.com/a/Zhlbdx,อริศราวรินทร์ | lingorm,xsoblack
r16516,https://www.readawrite.com/a/Zhlbf3,นายหญิงสุดที่รัก,Saturn22hz
r16528,https://www.readawrite.com/a/Zhlhnm,Halfway Love | LingOrm,NamfonK
r16532,https://www.readawrite.com/a/Zhljb3,เจอกันใหม่|Ling Orm,b.b27
r16533,https://www.readawrite.com/a/Zhljfv,A difficult love|lingorm,tangmo 013
r16536,https://www.readawrite.com/a/Zhlkhn,สาย|lingorm,LingOrm
r16540,https://www.readawrite.com/a/Zhlmxx,หมอถิงหมอชิชา lingorm,คุณเดซี่แม่พี่หลิงค้าบ
r16541,https://www.readawrite.com/a/Zhln3e,ภักดีธารฟ้า | Lingorm,G943349
r16543,https://www.readawrite.com/a/Zhlo8q,Hidden secrets  | OrmLing Omegaverse,Gameji อิอิ
r16544,https://www.readawrite.com/a/Zhlom1,Under My Command,ต้มไก่ใส่ใบขาม
r16545,https://www.readawrite.com/a/Zhlomb,PeemPim  | lingorm,ลองฝึกหัดงับบ
r16547,https://www.readawrite.com/a/Zhloqr,กุหลาบร้ายพ่ายรัก|lingorm,โกเด้นหมายิ้ม
r16554,https://www.readawrite.com/a/Zhlqeb,รู้ว่าเสี่ยงแต่คงต้องขอลอง.. |lingorm,pln.la
r16557,https://www.readawrite.com/a/Zhlqwy,Senior x Intern หัวใจไม่ได้จัดการ - LingOrm,QueenOfBonds
r16559,https://www.readawrite.com/a/Zhlrwv,พี่ไม่ชอบเด็ก | หลิงออม,casertk
r16564,https://www.readawrite.com/a/Zhlsyp,เพนโนภัทร | OrmLing,ปลายหมึกพู่กัน
r16567,https://www.readawrite.com/a/Zhltsb,อิงแอบไอหมอก | Lingorm,armainie
r16575,https://www.readawrite.com/a/Zhluye,ม๋า dak | lingorm,เฟรช
r16576,https://www.readawrite.com/a/Zhlvha,ใครเพื่อนมึง | Lingorm,หูกระต่ายสีชมพู
r16578,https://www.readawrite.com/a/Zhlvve,เดือนฟ้าของคุณอร - lingorm,เจ้าสอง
r16579,https://www.readawrite.com/a/Zhlwpa,เดิมพันรัก - Lingorm,PCY_1102
r16601,https://www.readawrite.com/a/Zhm2gq,พบรักครั้งใหม่ #หลิงออม,I rarin
r16603,https://www.readawrite.com/a/Zhm2wp,Soulmate |lingorm,viwhale
r16611,https://www.readawrite.com/a/Zhm4dj,แค้นรักปกปราชน์ | หลิงออม,UglyDuckling
r16613,https://www.readawrite.com/a/Zhm4rq,พันธนาการสามภพ,คุณควองๆ
r16616,https://www.readawrite.com/a/Zhm5jg,"Lingorm-หลิงออม ""แค่คนธรรมดาครับ""",I love you 🎀🙊
r16617,https://www.readawrite.com/a/Zhm5sp,ดาวคู่ฟ้า,pp.
r16635,https://www.readawrite.com/a/Zhmc80,เเฟนบ้านนอก | LingOrm,KhunPaırın :/
r16648,https://www.readawrite.com/a/Zhmhtb,รักนี้ไม่ได้อยู่ในบท - lingorm,prodpran.p
r16652,https://www.readawrite.com/a/Zhmj31,ศศินันท์ | lingorm,คุณวาฬ🐋
r16664,https://www.readawrite.com/a/Zhmnxp,7.895,Mr.Dangerous
r16665,https://www.readawrite.com/a/Zhmocm,หยุดฉันให้ได้สิ เบ๊บ Lingorm,k'บ๊อกแบ๊ก
r16679,https://www.readawrite.com/a/Zhms77,Garage | Lingorm,tumraija
r16685,https://www.readawrite.com/a/Zhmv09,Rice Scent | lingorm,"AichaKhio,"
r16691,https://www.readawrite.com/a/Zhmxov,เธอคือศัตรู&hellip;ที่ฉันอยากได้|lingorm,ดาวเด่น🌟
r16704,https://www.readawrite.com/a/Zhn3qh,ดีไม่พอขออภัยเพราะฉันใส่ใจไม่ได้ใส่ทอง|LingOrm,อย่าให้รู้วบ์
r16708,https://www.readawrite.com/a/Zhn5ik,my model|Lingorm,มาม่าหมูสับ ไม่ใส่ผัก.
r16729,https://www.readawrite.com/a/Zhngeb,ดวงใจทิชากร|Lingorm,ดอกไม้งาม🌷
r16736,https://www.readawrite.com/a/Zhnidq,ปุณณ์วารินทร์&mdash;lingorm,serendipity&rsquo;s
r16740,https://www.readawrite.com/a/Zhnjh5,The Secret |LingOrm,Yourname
r16741,https://www.readawrite.com/a/Zhnnpd,ติตี๋ -LingOrm,ftft12
r16746,https://www.readawrite.com/a/Zhnpfj,ปัณพราว | lingorm,appocat
r16768,https://www.readawrite.com/a/Zhnur4,กำพร้า| ormling,yoyoyok
r16771,https://www.readawrite.com/a/Zhnwmf,ซินอี๋ | lingorm,xesetin
r16785,https://www.readawrite.com/a/Zho1fj,Portrait | หลิงออม,armainie
r16796,https://www.readawrite.com/a/Zho4n8,Patchubun | LingOrm,แว๊กแก๊ก
r16803,https://www.readawrite.com/a/Zho6eo,closer | ormling,xxppyppang
r16811,https://www.readawrite.com/a/Zho91q,THE LAST SNAPSHOT |ormling,MR.SINAM
r16815,https://www.readawrite.com/a/Zhoaqy,รักรีรัน | lingorm,ญานีล
r16819,https://www.readawrite.com/a/Zhobmp,LOSER,BOX BLACK ◼️🐯🐶🖤
r16821,https://www.readawrite.com/a/Zhobr0,THE ETERNAL VOW | lingorm,MR.SINAM
r16823,https://www.readawrite.com/a/Zhobus,ChiangMai | lingorm&times;applemim,tarr ₹
r16825,https://www.readawrite.com/a/Zhoc4q,Gravity Orbit | LingOrm,DPJ96
r16828,https://www.readawrite.com/a/Zhocs8,คินรักเมีย | lingorm,หลิงออมจัดงานวันไหนคะ
r16830,https://www.readawrite.com/a/Zhod5k,ภาระของแม่เลี้ยง | LINGORM,ชามะนาววว
r16832,https://www.readawrite.com/a/Zhoe3d,#รัตนวัฒนา | lingorm / lenamiu,morforlike
r16834,https://www.readawrite.com/a/Zhoe75,The CEO's Rule|Lingorm,nextnice
r16838,https://www.readawrite.com/a/Zhoeui,the greatest backburner &mdash; lingorm,16race
r16839,https://www.readawrite.com/a/Zhofbt,บาดแผลที่ไม่มีวันลืม   (omega) lingorm,คุณบ็อกแบ๊ก
r16847,https://www.readawrite.com/a/Zhoile,NO KIDDING | LingOrm,พระจันทร์ในเวลากลางวัน🌕
r16850,https://www.readawrite.com/a/Zhoj6w,เรนหยุดได้หรือยัง,AlannRP
r16876,https://www.readawrite.com/a/Zhoqc3,The Moon's Reminiscence | lingorm,MR.SINAM
r16882,https://www.readawrite.com/a/Zhosnp,"""แอบรัก""",T__
r16886,https://www.readawrite.com/a/Zhotq4,AHN/VEE | LingOrm,DNA9
r16887,https://www.readawrite.com/a/Zhoucm,LEGPRO | Lingorm,tumraija
r16894,https://www.readawrite.com/a/Zhowia,แค่เพื่อน(ป่ะ?) |nnn fb mliklove mtf lingorm ingfahcharlotte lmsy,Hinabe Hongfei
r16895,https://www.readawrite.com/a/Zhowl5,พบรัก | lingorm,เสือโลโล่
r16902,https://www.readawrite.com/a/Zhp03e,Bound by the Past | lingorm,MR.SINAM
r16921,https://www.readawrite.com/a/Zhp5ff,นรีเนรัช : lingorm,มิถุนาหน้าร้อนหรือหน้าฝน
r16962,https://www.readawrite.com/a/Zhpiwr,เส้นแบ่งหัวใจ | Lingorm,อิ่มอก-อิ่มใจ
r16968,https://www.readawrite.com/a/Zhpkkc,Night Mode | lingorm,ไข่ปอกไข่
r16970,https://www.readawrite.com/a/Zhpn5g,จีบรุ่นพี่แสนเย็นชา,ถนัดแต่งขมๆ
r16973,https://www.readawrite.com/a/Zhpo46,จำเลยลับ | LINGORM,ชามะนาววว
r16982,https://www.readawrite.com/a/Zhprbp,justyou &mdash; lingorm,babybabyshark
r16984,https://www.readawrite.com/a/Zhprqj,Hoshiseren #lingorm,PPacKK
r16986,https://www.readawrite.com/a/Zhpsfd,รักเธอเท่าฟ้าเธอเท่านั้น|lingorm,Moji
r16988,https://www.readawrite.com/a/Zhpspw,มาเฟียกับสาวไฮโซ | lingorm,seefour
r16993,https://www.readawrite.com/a/Zhpuj0,ศิริญาดา - LingOrm,K.Phee
r16999,https://www.readawrite.com/a/Zhpyga,Fall For You - LINGORM,My Apollo
r17001,https://www.readawrite.com/a/Zhq0j1,//หลิงออม,Big
r17002,https://www.readawrite.com/a/Zhq19d,ปรีญาทรัพย์ | Lingorm,คุณแตงไทยเองง
r17003,https://www.readawrite.com/a/Zhq1em,ไม่ง้อจะรุกเเล้วนะ! | LingOrm,KhunPaırın :/
r17010,https://www.readawrite.com/a/Zhq3vr,I START BUT SHE  ENDS  -  lingorm,เจ้าสอง
r17020,https://www.readawrite.com/a/Zhq6jn,TO THE MOON ใต้เงาจันทร์,บ๋องแบ๋งจิบิจัง
r17029,https://www.readawrite.com/a/Zhq9q1,หลิงออม,i love gl
r17032,https://www.readawrite.com/a/Zhqb3w,ไม่รัก(รัก)พี่แล้ว | lingorm,eehtorez
r17036,https://www.readawrite.com/a/Zhqcg8,"The Kheper :: Myths,  Souls, Spirit",MARS J.
r17038,https://www.readawrite.com/a/Zhqcyq,Dangerous Woman | lingorm,กินแซ่บส์
r17039,https://www.readawrite.com/a/Zhqd6b,ไป๋ | lingorm,Asia_napat`
r17044,https://www.readawrite.com/a/Zhqek7,ผู้ถูกเลือกแห่งออเรเลีย - LingOrm,yoos&eacute;
r17046,https://www.readawrite.com/a/Zhqeuy,กำแพงของไออุ่น |lingorm,gut_t
r17054,https://www.readawrite.com/a/Zhqhm2,หลิงหลิงเอง:^oVSออมออมเอง:^D,หลิงออม
r17063,https://www.readawrite.com/a/Zhqjxe,ไอ้รีนอย่าดิ!!|lingorm,หมึกในเงา
r17066,https://www.readawrite.com/a/Zhqktb,เรื่องของเรา - หลิงออม,pporm
r17077,https://www.readawrite.com/a/Zhqo5j,เก็บรักชนิรดี | หลิงออม,UglyDuckling
r17079,https://www.readawrite.com/a/Zhqom6,พิชภัทรชา | Ormling,เบญจาเอง
r17086,https://www.readawrite.com/a/Zhqqsu,Hush │ LingOrm,ปี้ปิ้ด
r17089,https://www.readawrite.com/a/Zhqr7o,คิดไม่ถึง | lingorm,ใครขยับเป็นเก
r17095,https://www.readawrite.com/a/Zhqt0j,แค่เธอ |Ling orm,คุน K
r17098,https://www.readawrite.com/a/Zhqtw5,พ่าย,คืนที่สามสิบแปด
r17099,https://www.readawrite.com/a/Zhqu0j,นิ่งเฉย,คืนที่สามสิบแปด
r17105,https://www.readawrite.com/a/Zhqvam,ข้อยกเว้น|lingorm,PUPUP.H
r17114,https://www.readawrite.com/a/Zhr0bf,บอดี้การ์ดคนสวย(หลิงออม),Wann k.
r17117,https://www.readawrite.com/a/Zhr1qa,เงาที่ไม่เคย...หายไป|Lingorm,ตงต่งต้ง
r17133,https://www.readawrite.com/a/Zhr9cq,เพียงเธอ - lingorm,ฮมอยยย.
r17134,https://www.readawrite.com/a/Zhr9sb,CVB BN | lingorm,Just_lingorm
r17137,https://www.readawrite.com/a/Zhrb1d,BadLove รักร้ายใต้เงาศัตรู,วารีธาริน
r17139,https://www.readawrite.com/a/Zhrbti,how to get closer ? | lingorm,vin57
r17140,https://www.readawrite.com/a/Zhrchu,Until You See Me | LingOrm,KhunPaırın :/
r17143,https://www.readawrite.com/a/Zhrcv4,&ldquo;เธอในพื้นที่ต้องห้าม&rdquo;|Lingorm,ตงต่งต้ง
r17148,https://www.readawrite.com/a/Zhresp,การพบเจอคือการเปลี่ยนแปลง|หลิงออม,jeeeva
r17151,https://www.readawrite.com/a/Zhrf82,HOME ..,pk
r17160,https://www.readawrite.com/a/Zhri9v,รักไหมจะได้รอ|lingorm,เดจาวู
r17163,https://www.readawrite.com/a/Zhriu1,รักเก่า | lingorm,eehtorez
r17164,https://www.readawrite.com/a/Zhrjaj,รักต้องห้าม | หลิงออม,เจ้าหมาหมี^
r17165,https://www.readawrite.com/a/Zhrkno,&ldquo;พันธะเลือด หัวใจมาเฟีย&rdquo;|Lingorm,ตงต่งต้ง
r17170,https://www.readawrite.com/a/Zhrm75,you are my happiness | lingorm,โทนี่
r17178,https://www.readawrite.com/a/Zhrncb,คือเธอคนเดียว   It's you alone หลิงออม,fourchaa
r17183,https://www.readawrite.com/a/Zhrotn,มนตราบุปผาหลงยุค [Lingorm],mywhyworld
r17194,https://www.readawrite.com/a/Zhrtdn,VVS | LingOrm,คุณนิราศ
r17195,https://www.readawrite.com/a/Zhrtx9,หมอเพ่ย(ดวงความรัก)|Lingorm,smile sky blueee
r17196,https://www.readawrite.com/a/Zhrtxe,Dreamdarun | LingOrm,แว๊กแก๊ก
r17197,https://www.readawrite.com/a/Zhrty2,Milun | LingOrm,แว๊กแก๊ก
r17198,https://www.readawrite.com/a/Zhru03,Punanan | LingOrm,แว๊กแก๊ก
r17209,https://www.readawrite.com/a/Zhrx6j,เส้นขนานของเรา,เรนนี่นามปากกามือใหม่.
r17213,https://www.readawrite.com/a/Zhrxku,เราไม่เคยทันกัน | lingorm,Bblsxk
r17226,https://www.readawrite.com/a/Zhs3wy,สัญญาฮักเอื้องคำ | lingorm,yaki
r17228,https://www.readawrite.com/a/Zhs49v,1 - 2 ซัม(เมอร์) [ LINGORM Futa],Paiitsu96
r17230,https://www.readawrite.com/a/Zhs4tj,ความรัก|lingorm,아기 병아리
r17232,https://www.readawrite.com/a/Zhs5f5,ชวนนท์ | lingorm,lemon132
r17233,https://www.readawrite.com/a/Zhs62x,ฝากรัก [Lingorm],mywhyworld
r17240,https://www.readawrite.com/a/Zhs7ar,Bound by Duty | lingorm,อ้ายซีเล้ง!
r17242,https://www.readawrite.com/a/Zhs7nq,Infatuated | lingorm,Marchative
r17249,https://www.readawrite.com/a/Zhsa7h,The Rival star | lingorm,ครัวซองจิ้มเกลือ
r17251,https://www.readawrite.com/a/Zhsath,รักเก่า|LingOrm,ทำแค่ตอนว่างเท่านั้น
r17257,https://www.readawrite.com/a/Zhsd7g,ดีใจที่ได้รักกัน|ออมหลิง ฟรีนเบค ลีน่าหมิว แตงกวาเหนือ อุ้มแบม,ไอหนูครีมบ๊อกๆ
r17258,https://www.readawrite.com/a/Zhsd9b,นับนิรันด์พันดารา &mdash; lingorm,smallthings
r17264,https://www.readawrite.com/a/Zhsf1j,bittersweet &mdash; lingorm,ach1ra6a
r17268,https://www.readawrite.com/a/Zhsgkq,EndlessSong -lingorm,ธงดำสุดก็ไรท์เตอร์นี่แหละ🏴
r17276,https://www.readawrite.com/a/Zhsj61,Friend|ormling,Pa_li_da
r17286,https://www.readawrite.com/a/Zhsp3f,รอยฝันสารวัตร | Lingorm,P&rsquo;Linglingkwong
r17291,https://www.readawrite.com/a/Zhsruv,LingOrm : Stay,MarieAngry
r17295,https://www.readawrite.com/a/Zhst2t,มณนิฐา - lingorm,pzalitayu
r17297,https://www.readawrite.com/a/Zhsutf,Invisible Love: รักที่มองไม่เห็น,เด็กน้อยค้าบ
r17303,https://www.readawrite.com/a/Zhsvxp,Ranchida | lingorm,jk.
r17308,https://www.readawrite.com/a/Zhsx1d,Nongkhun|Lingorm,GaR.DeN
r17314,https://www.readawrite.com/a/Zht01d,P' Lin and Nong Sin | lingorm,lingorm
r17316,https://www.readawrite.com/a/Zht1op,grammar|ormling,ปาลิ๋ม
r17320,https://www.readawrite.com/a/Zht2om,พันธะร้ายใต้เงาจันทร์|LingOrm,PeachPloy
r17322,https://www.readawrite.com/a/Zht4vr,อ้อมกอด | lingorm,liwithlove
r17333,https://www.readawrite.com/a/Zht7hc,One hundred meters &mdash; lingorm,นักบินอวกาศ1991
r17336,https://www.readawrite.com/a/Zht885,ต้องโทษดาว | lingorm (one-shot),baeby
r17358,https://www.readawrite.com/a/Zhtg7k,es sorry | lingorm,I rai ni
r17367,https://www.readawrite.com/a/Zhtjah,อาร์เดน|lingorm,Iove.you
r17371,https://www.readawrite.com/a/Zhtk8q,คนโปรด|lingorm,nongern_.
r17377,https://www.readawrite.com/a/Zhtlko,อย่าดื้อสิคะ(เจ้าหมาน้อย) | lingorm,คุณ แมว หยิ่ง
r17378,https://www.readawrite.com/a/Zhtm25,บ้านสีขาว | lingorm,Super K
r17387,https://www.readawrite.com/a/Zhtolh,Imperfect | Ormling,Sukngom
r17389,https://www.readawrite.com/a/Zhtp21,รับรักเจนได้ไหม|หลิงออม,อินฟิคคค
r17397,https://www.readawrite.com/a/Zhtrox,"One Heart, Many Keys. | LINGORM",zxiiax_
r17398,https://www.readawrite.com/a/Zhtsc2,บ่วงจันทรา | Lingorm,พิมจันทร์
r17402,https://www.readawrite.com/a/Zhtw1f,BevenBlue| หลิงออม,good no you
r17403,https://www.readawrite.com/a/Zhtw2h,ปากบอกว่าเพื่อนใจบอกว่าแฟน,~Baby Blue~🦋
r17408,https://www.readawrite.com/a/Zhty2k,Red Flag Doctor เตือนแล้วนะว่าหมอมันร้าย|| ling orm,M966
r17421,https://www.readawrite.com/a/Zhu3jt,หลงทะเล lingorm (omegaverse),เป่าเปย์
r17423,https://www.readawrite.com/a/Zhu3xu,เพื่อนสนิทคิดไม่ซื่อ|หลิงออม,อินฟิคคค
r17427,https://www.readawrite.com/a/Zhu47d,For you | Lingorm,yoyoyok
r17434,https://www.readawrite.com/a/Zhu6qn,พี่หมอชอบอยู่คนเดียว,&lsquo; เมษา
r17436,https://www.readawrite.com/a/Zhu6sh,นรากรณ์ | lingorm,𝑲𝒉𝒖𝒏𝒕𝒉𝒊𝒂𝒏
r17437,https://www.readawrite.com/a/Zhu772,พิกุลซ่อนกลิ่น - lingorm,อิ่มอก-อิ่มใจ
r17447,https://www.readawrite.com/a/Zhu8md,ราชสีห์หลงเมีย | หลิงออม,อโลน'นน
r17448,https://www.readawrite.com/a/Zhu8tj,Beyond the Frame,the one
r17449,https://www.readawrite.com/a/Zhu97a,Paradise Shipwreck,the one
r17453,https://www.readawrite.com/a/Zhu9x1,น้องชาของพี่ชิว | Lingorm,ลาเต้เข้มๆ
r17456,https://www.readawrite.com/a/Zhuahy,แค้นรักข้ามชาติ  | LingOrm,คุณอาชาย
r17458,https://www.readawrite.com/a/Zhubio,Doctor |lingorm,MR.SINAM
r17460,https://www.readawrite.com/a/Zhuc0e,I HATE MY HUSBAND!! | Lingorm,ASTMCE
r17471,https://www.readawrite.com/a/Zhujk1,รักได้ไหม... (Is it okay to love?),ลาเต้ ไม่หร่อย
r17480,https://www.readawrite.com/a/Zhumju,Dangerous | lingorm,sinkappp
r17487,https://www.readawrite.com/a/Zhuoln,Lalin l LingOrm,Serene101
r17492,https://www.readawrite.com/a/Zhupk7,My friend|lingorm,เดจาวู
r17493,https://www.readawrite.com/a/Zhupqv,My love | lingorm,โทนี่
r17496,https://www.readawrite.com/a/Zhupy9,วิงวอน|lingorm,ผักอะไรพูดไม่เพราะ
r17497,https://www.readawrite.com/a/Zhuqyn,ผู้ใช้งานนี้มีอาการเลี้ยนพู้น-lingorm,tungjaibieow
r17498,https://www.readawrite.com/a/Zhur61,Love Afloat รักนี้ติดแพ|LingOrm,PeachPloy
r17508,https://www.readawrite.com/a/Zhuuna,เด็กเฮียปราง|lingorm,Honghongholic
r17521,https://www.readawrite.com/a/Zhux2f,ภัทธนรียา|lingorm,cake
r17526,https://www.readawrite.com/a/Zhuyfs,ของขวัญ | LingOrm,NamfonK
r17537,https://www.readawrite.com/a/Zhv17q,พิมพ์ภัทรา .  | LingOrm |,momxx_666.
r17538,https://www.readawrite.com/a/Zhv1fn,เมล่อน| lingorm,mamanongorm
r17549,https://www.readawrite.com/a/Zhv4ck,ดั่งดวงใจ | LingOrm,ppasta21
r17564,https://www.readawrite.com/a/Zhvbo8,ถ้าวันนั้นฝนตกอีกครั้ง | lingorm,กานยา
r17586,https://www.readawrite.com/a/Zhvhcy,praewfah |lingorm,gl verse
r17588,https://www.readawrite.com/a/Zhvhxd,ลิขิตฟ้า|Lingorm,morning 🌞
r17605,https://www.readawrite.com/a/Zhvlg2,circle &mdash;lingorm,RKRRK
r17608,https://www.readawrite.com/a/Zhvn7p,ผู้หญิงของธีร์กรณ์[ออมหลิง],ตรีนชี้ฟ้า
r17614,https://www.readawrite.com/a/Zhvnw3,No pain no gain | LingOrm,Earn_2009
r17619,https://www.readawrite.com/a/Zhvp8s,สายลมซ่อนรัก | gulfgina,whatif
r17630,https://www.readawrite.com/a/Zhvu1o,อกนด - lingorm,esmusep
r17631,https://www.readawrite.com/a/Zhvu2p,ADDICTION,ก้นลูกพีช
r17634,https://www.readawrite.com/a/Zhvv1v,Hidden Ripples l LingOrm,Serene101
r17639,https://www.readawrite.com/a/Zhvwii,โรคกลัวฝน | lingorm,ผักอะไรพูดไม่เพราะ
r17640,https://www.readawrite.com/a/Zhvxxv,พี่ประทานนักเรียน ! :LingOrm,แพนด้าตาดำ🐼
r17641,https://www.readawrite.com/a/Zhvy1a,Destination | LingOrm,WcB
r17647,https://www.readawrite.com/a/Zhw2fa,"quietly, we stay purr &mdash; ormling",itsnir9
r17648,https://www.readawrite.com/a/Zhw2jk,&ldquo;The Girl I Shouldn&rsquo;t Want&rdquo; | lingorm,หลปพก!
r17655,https://www.readawrite.com/a/Zhw6ho,ความฝันของสีน้ำ |lingorm,jeeeva
r17660,https://www.readawrite.com/a/Zhw8ma,The Sommelier&rsquo;s Cipher l LingOrm,Serene101
r17662,https://www.readawrite.com/a/Zhw8qb,"&amp;ldquo;Say You Hate Me Again"" | lingorm",หลปพก!
r17664,https://www.readawrite.com/a/Zhw8yq,หลิงออม,หลิงออมหว๊านหวานนน
r17670,https://www.readawrite.com/a/Zhwbje,Gavin&amp;G - LingOrm,prodpran.p
r17672,https://www.readawrite.com/a/Zhwbxq,รัณน์ช | lingorm,อาเมะตี๋
r17679,https://www.readawrite.com/a/Zhwdue,บุหลันล้อมรัก [Lingorm],mywhyworld
r17680,https://www.readawrite.com/a/Zhwede,นาทีเหนือไต้ฝุ่น |lingorm,ชาเขียวออริ
r17684,https://www.readawrite.com/a/Zhwgft,90วันขังฉันกับยัยแฟนเก่า,Path 🖋️
r17688,https://www.readawrite.com/a/Zhwi2l,นับหนึ่ง | LINGORM,สีฟ้าน้ำทะเล💗
r17691,https://www.readawrite.com/a/Zhwk2m,หลิงเท่านั้นที่ออมต้องการ,อิคาราวานุ
r17710,https://www.readawrite.com/a/Zhwryb,Melody of Love|ทำนองเสียงเพลง|Lingorm,แมวส้มขาว
r17718,https://www.readawrite.com/a/Zhwvn5,เด็กเลี้ยงธารธารา | lingorm,หลปพก!
r17721,https://www.readawrite.com/a/Zhwwy3,แต่งงานกับลูกเจ้าสัว | หลิงออม,น้ำจิ้มซีฟู้ด🦂
r17731,https://www.readawrite.com/a/Zhx180,Toy Story | lingorm (omegaverse),โซดาโต๊ะสองสี่(เรื่องสั้น)
r17738,https://www.readawrite.com/a/Zhx26g,แค่ห่าง | LingOrm,pawornrat
r17740,https://www.readawrite.com/a/Zhx2f4,Sorry,Mr.Dangerous
r17743,https://www.readawrite.com/a/Zhx36e,พี่คับผมกลัวผี | Lingorm,Paewkub
r17747,https://www.readawrite.com/a/Zhx5bf,อยู่ในช่วงปรับปรุง | lingorm,janearly
r17755,https://www.readawrite.com/a/Zhx7fh,ZayaVarin|lingorm,หมีเต๊ะเมะตี๋!!
r17769,https://www.readawrite.com/a/Zhxb8q,ไพลินของกีรติ │ LingOrm,Chaowanphut
r17772,https://www.readawrite.com/a/Zhxbrc,สะใภ้มาเฟีย | หลิงออม,เจ้าปลาวาฬน้อย 🐳
r17773,https://www.readawrite.com/a/Zhxbsm,ทะเลหวาน,กาฬกวี กรฬกวี
r17775,https://www.readawrite.com/a/Zhxbuy,กลิ่นแก้วกลางใจกาล | ℒ𝒾𝓃𝑔𝒪𝓇𝓂,nanicha
r17783,https://www.readawrite.com/a/Zhxed8,Drifting | LingOrm,หมอยบู๊
r17785,https://www.readawrite.com/a/Zhxfbn,ฟิวขวัญ | lingorm,LO_Ixeve
r17786,https://www.readawrite.com/a/Zhxfnp,โซ่รักพันธะหัวใจ | หลิงออม,UglyDuckling
r17799,https://www.readawrite.com/a/Zhxkdb,แค่บางคำ|LingOrm,ปาลิ๋ม
r17808,https://www.readawrite.com/a/Zhxmcg,สัมผัสรัก,กาฬกวี กรฬกวี
r17812,https://www.readawrite.com/a/Zhxnjx,"Almost Met, Finally Found | LingOrm",unsent.draft
r17813,https://www.readawrite.com/a/Zhxof4,บอดี้การ์ดขาโหด,มาอ่านกันดูค่าบ
r17817,https://www.readawrite.com/a/Zhxq8f,ใต้ร่มคันเดียวกัน(หลิงออม),มาร์ค
r17820,https://www.readawrite.com/a/Zhxrwq,Still in My Frame| LingOrm,KhunPaırın :/
r17823,https://www.readawrite.com/a/Zhxth2,รอยฝากที่สวยงาม,กาฬกวี กรฬกวี
r17824,https://www.readawrite.com/a/Zhxtj3,The Heart&rsquo;s Home Run ; LingOrm,23bluecrem
r17828,https://www.readawrite.com/a/Zhxusm,Another You | Lingorm,tulips
r17835,https://www.readawrite.com/a/Zhxxwu,คลื่นความถี่ | Lingorm,Saba.Shioyaki
r17838,https://www.readawrite.com/a/Zhy08j,ขัตติยาหน้าโหล | หลิงออม,brice
r17840,https://www.readawrite.com/a/Zhy0fb,Safe at ระยะปลอดภัย,it&rsquo;s love
r17845,https://www.readawrite.com/a/Zhy1ft,Fairy godmother | lingorm,กินแซ่บส์
r17849,https://www.readawrite.com/a/Zhy352,เสียงจากห้องครัว,กาฬกวี กรฬกวี
r17851,https://www.readawrite.com/a/Zhy4gm,แม่หนูแซ่บที่สุด l lingorm,เติมหลิงออมช่วยชาติ
r17852,https://www.readawrite.com/a/Zhy5lb,poisonissues | lingorm,MOODLY
r17854,https://www.readawrite.com/a/Zhy6k3,เด็กเลี้ยงมาเฟีย|Lingorm,โอเลี้ยง
r17861,https://www.readawrite.com/a/Zhy7wd,วิวาห์ที่ไม่เต็มใจ | Lingorm,POO
r17864,https://www.readawrite.com/a/Zhy85d,เหมือนเคย | lingorm,ไอแพร
r17870,https://www.readawrite.com/a/Zhy9pl,หลงรักคุณนายมาเฟีย | LINGORM,คนขายไดโนเสาร์
r17874,https://www.readawrite.com/a/Zhyac3,The Last Shipment | Lingorm,MonaL
r17880,https://www.readawrite.com/a/Zhydpx,The Last Time | Lingorm,hello I am
r17882,https://www.readawrite.com/a/Zhydth,แม่ผัว|Lingorm,Nam_&bull;
r17886,https://www.readawrite.com/a/Zhyfi0,เล่ห์รักอัครินทร์ | Lingorm,ᴇʟʏɴᴅʀᴀ
r17888,https://www.readawrite.com/a/Zhygdj,คนสวยขา,gaduang
r17891,https://www.readawrite.com/a/Zhyhxf,เพื่อนนอน|lingorm,Sometimes
r17892,https://www.readawrite.com/a/Zhyhy8,คุณลดา|lingorm,พิจ๋อง
r17894,https://www.readawrite.com/a/Zhyi3k,mood slowed | Lingorm,pimpinky
r17897,https://www.readawrite.com/a/Zhyixo,เขตหวงห้าม | Lingorm (Omegaverse),ลูกหมาตาแป๋ว
r17901,https://www.readawrite.com/a/Zhylkr,คิตตี้อย่าแบ๊ว | LO,ufoallinone
r17904,https://www.readawrite.com/a/Zhylwd,Awakened Hunter | ormling,~ Ophelia ~
r17906,https://www.readawrite.com/a/Zhym5u,เพลงโปรดกับเธอคนโปรด | lingorm,ฝากเรื่องนี้ด้วยนะคะ
r17908,https://www.readawrite.com/a/Zhymnl,รักแรก(รักลวง) LingOrm,ลาฟี่
r17925,https://www.readawrite.com/a/Zhyrkg,Wrong Wedding | Lingorm,hello I am
r17927,https://www.readawrite.com/a/Zhyrxn,ไข่มุกสีคราม | LingOrm,KhunPaırın :/
r17944,https://www.readawrite.com/a/Zi01bx,เด็กเลี้ยงมาดาม |Lingorm,Sometimes
r17950,https://www.readawrite.com/a/Zi03a8,เผลอพูดกูใส่ขอโทษน้า,กูปันมีไรป่ะะ
r17962,https://www.readawrite.com/a/Zi06hh,เฟยเยว่(Fēi Yu&egrave;) | ormling,ข้าวฟ่างไม่กินไข่เป็ด
r17973,https://www.readawrite.com/a/Zi0a1y,The Rain Between Us,ペイ
r17980,https://www.readawrite.com/a/Zi0c5r,วิมพ์วิภา - lingorm,วริ
r17982,https://www.readawrite.com/a/Zi0cd2,DE WISDOM | LingOrm,แว๊กแก๊ก
r17983,https://www.readawrite.com/a/Zi0cj5,Feral | lingorm,อ้ายซีเล้ง!
r17994,https://www.readawrite.com/a/Zi0gjt,"Out of Focus, Into You - LingOrm",yoos&eacute;
r18000,https://www.readawrite.com/a/Zi0j3u,Ratier - Lingorm,Quick.s
r18005,https://www.readawrite.com/a/Zi0lh6,เจ็บจนท้อ,หนูชื่อนอเอไม้เอก
r18007,https://www.readawrite.com/a/Zi0lhs,รอยรักตระกูลเลือด|lingorm,แอดมิน
r18012,https://www.readawrite.com/a/Zi0mjd,the best ex - gf | Lingorm,stopth
r18015,https://www.readawrite.com/a/Zi0ps2,แค่มาเป็นของฉัน|Lingorm,ตงต่งต้ง
r18016,https://www.readawrite.com/a/Zi0qdg,แม่เมลานี | My Ghost Mother | lingorm,เจ้าปลาวาฬน้อย 🐳
r18018,https://www.readawrite.com/a/Zi0qjy,Sweet but Deadly LINGORM,hello I am
r18022,https://www.readawrite.com/a/Zi0r7v,หลิงออม,ความรักของหลิงและออม
r18031,https://www.readawrite.com/a/Zi0u2k,ข้ามเวลามาเป็นผัวประธาน | lingorm,ledy  kaa
r18038,https://www.readawrite.com/a/Zi0uvl,ศศินาริณทร์ | lingorm,Bonus numnim
r18043,https://www.readawrite.com/a/Zi0wma,A Marriage Without Love | lingorm,hello I am
r18055,https://www.readawrite.com/a/Zi10bg,os prmplss &mdash; lingorm,sam .
r18059,https://www.readawrite.com/a/Zi10yq,Losibsong | LingOrm,แว๊กแก๊ก
r18061,https://www.readawrite.com/a/Zi1173,Mingfah | LingOrm,แว๊กแก๊ก
r18074,https://www.readawrite.com/a/Zi15qb,Suntiva | LingOrm,แว๊กแก๊ก
r18083,https://www.readawrite.com/a/Zi17vk,ธัญณิชชวีร์ | LingOrm,นมบูด
r18086,https://www.readawrite.com/a/Zi1906,รับรักหนูเถอะนะคะ|หลิงออม,qseewerr
r18089,https://www.readawrite.com/a/Zi1a00,Astryx School |Lingorm,mamanongorm
r18093,https://www.readawrite.com/a/Zi1cjh,พิษธารา - Lingorm,สุขอยู่ที่ใจ
r18096,https://www.readawrite.com/a/Zi1cq4,Revvox - LingOrm,lxst9_
r18099,https://www.readawrite.com/a/Zi1dka,ขี้หึง|Lingorm,อย่าแซวม่อน
r18105,https://www.readawrite.com/a/Zi1fda,Amygdala|Lingorm,ไข่ดาวไม่ใส่แม็กกี้
r18109,https://www.readawrite.com/a/Zi1gxs,yes ladies | lingorm,armainie
r18110,https://www.readawrite.com/a/Zi1h8x,Old Home,eehtorez
r18114,https://www.readawrite.com/a/Zi1i47,Marry Me in the Rain ทำนองรักในฤดูฝน - Lingorm,Anatch
r18115,https://www.readawrite.com/a/Zi1i67,Running From Yesterday - lingorm,ovan
r18116,https://www.readawrite.com/a/Zi1i8t,My new PA is a Vampire | เลขาของฉันเป็นแวมไพร์,BlueJ 🐦🌈
r18118,https://www.readawrite.com/a/Zi1j4k,รอก่อนนะ...จะรอค่ะ|LingOrm,khun_naphat
r18120,https://www.readawrite.com/a/Zi1ku3,เพลินลลิศรา [Lingorm],mywhyworld
r18124,https://www.readawrite.com/a/Zi1pic,นาฬิกาทราย| #lingorm,คาบปากกา
r18126,https://www.readawrite.com/a/Zi1prh,MA&Eacute;VE | lingorm,ชาติศักดิ์ รักจริง
r18131,https://www.readawrite.com/a/Zi1rs0,แค่คนกวนตัว | lingorm,ผัวอาติ๋มม !
r18132,https://www.readawrite.com/a/Zi1ry7,รักแรกข้างทาง ormling,ผมเองค้าบ
r18135,https://www.readawrite.com/a/Zi1sw5,Wrong About You - LINGORM,hello I am
r18147,https://www.readawrite.com/a/Zi1vot,"Overdose , lingorm",พุดน้อย poodnoi
r18148,https://www.readawrite.com/a/Zi1wbu,ฟิวส์พิมพ์|lingorm,ตี๋ชาเขียว
r18161,https://www.readawrite.com/a/Zi21ws,No Flower Zone: พื้นที่นี้ห้ามมีดอกไม้ | lingorm,อิ่มอก-อิ่มใจ
r18176,https://www.readawrite.com/a/Zi26l1,สัมพันธ์รัก,ลูกหมูอ้วน
r18202,https://www.readawrite.com/a/Zi2ds4,morning darling &bull; ormling,ฉลามเผ็ด
r18206,https://www.readawrite.com/a/Zi2fxh,รินรษา | LingOrm,ทัศนียภาพ
r18211,https://www.readawrite.com/a/Zi2hux,รักสุดท้าย&hellip;ที่ปลายนา | LingOrm,Mi Coraz&oacute;n
r18217,https://www.readawrite.com/a/Zi2jn0,เงือกน้อย Ocean Blooms | หลิงออม,UglyDuckling
r18218,https://www.readawrite.com/a/Zi2kcy,วิวาห์สีเลือด [Lingorm],mywhyworld
r18219,https://www.readawrite.com/a/Zi2l4x,กันต์หวาน- Lingorm,Lingorm
r18222,https://www.readawrite.com/a/Zi2lst,until closing time |lingorm,เจแปนก้อน
r18224,https://www.readawrite.com/a/Zi2mx2,ex-gfwhichsongdoulike &mdash; lingorm,kirari_
r18229,https://www.readawrite.com/a/Zi2nqr,รุ่นพี่ขาาา อย่าดุได้มั้ยย | lingOrm #หลิงออม,คุณแก้มกลมกิ๊ก
r18232,https://www.readawrite.com/a/Zi2o86,kitty girl|LingOrm,ต้มไก่ใส่ใบขาม
r18234,https://www.readawrite.com/a/Zi2ob7,รักเด็กคลับ|lingorm,ไม่ทราบ
r18236,https://www.readawrite.com/a/Zi2p2t,Doctor Hana | Lingorm ( Omagaverse ),คุณวานิลลามูส
r18246,https://www.readawrite.com/a/Zi2u5q,"""รักต้องห้ามในรั้วมหาลัย"" (lingorm)",โนเนมสตอรี่
r18249,https://www.readawrite.com/a/Zi2uy8,NextLove | lingorm,ไม่ว่างเลยว่ะ
r18261,https://www.readawrite.com/a/Zi301g,Sky | lingorm,เมื่อดอกไผ่บาน
r18264,https://www.readawrite.com/a/Zi31nx,ภัทรธารินทร์ | lingrom,เสือโลโล่
r18269,https://www.readawrite.com/a/Zi32fs,One-Porsche|lingorm (Omegaverse),ไอหนูครีมบ๊อกๆ
r18273,https://www.readawrite.com/a/Zi33x5,ลิขิตรัก -lingorm,minemint
r18275,https://www.readawrite.com/a/Zi349a,ภาพถ่าย,กาฬกวี กรฬกวี
r18276,https://www.readawrite.com/a/Zi34ki,ลูกบ้านนอก | lingorm,I love lingormm4
r18281,https://www.readawrite.com/a/Zi35ub,ฟีลแฟนสแกนจ่าย | LingOrm,dolphins
r18283,https://www.readawrite.com/a/Zi35wp,ฝนดอกไม้ | แชท,🤓🤓
r18284,https://www.readawrite.com/a/Zi35xv,รักที่ศาลไม่อาจตัดสิน|Lingorm,ตงต่งต้ง
r18290,https://www.readawrite.com/a/Zi37w2,ฤดูฟ้าหลังฝน,วารีธาริน
r18292,https://www.readawrite.com/a/Zi38gw,My Liliana - lingorm,Over 85 / Hour
r18299,https://www.readawrite.com/a/Zi3ajy,ยินดีที่ได้พบ | Lingorm,seefour
r18300,https://www.readawrite.com/a/Zi3ans,ภูเขาของทะเล | ormling,Pitchaya
r18301,https://www.readawrite.com/a/Zi3axh,Found | LingOrm,Hazel-nut
r18305,https://www.readawrite.com/a/Zi3bmf,ลูกหนี้ที่รัก|lingorm,บี๋แซนด์ดิว๊า
r18315,https://www.readawrite.com/a/Zi3g4u,The flower is not to me &mdash; lingorm,𝑲𝒉𝒖𝒏𝒕𝒉𝒊𝒂𝒏
r18319,https://www.readawrite.com/a/Zi3h38,บุพเพสันนิวาส|Lingorm,คุน K
r18320,https://www.readawrite.com/a/Zi3h88,คุณวรินทร์|LingOrm,ธารสีคราม
r18321,https://www.readawrite.com/a/Zi3hyj,ลืมไม่ได้,ลืมอยาก
r18325,https://www.readawrite.com/a/Zi3jli,คุณแฟนบ้านนอก|lingorm,K.
r18332,https://www.readawrite.com/a/Zi3la2,ยินดีกับรักครั้งใหม่ | Lingorm,ต้นไม้แห่งป่า
r18339,https://www.readawrite.com/a/Zi3mgn,ภาคเหนือ |lingorm,ชาดามม
r18341,https://www.readawrite.com/a/Zi3mpb,Ma ch&egrave;re petite peste,Laksanari
r18344,https://www.readawrite.com/a/Zi3nqh,ลูกเมียน้อย | LingOrm,คุณอาเจ
r18363,https://www.readawrite.com/a/Zi3txs,ตระกูลวิบัติ | lingorm,ใครขยับเป็นเก
r18364,https://www.readawrite.com/a/Zi3usw,Parallel | Lingorm,Donna_lee;3
r18365,https://www.readawrite.com/a/Zi3v4k,​Lethal Dose of You | Lingorm,sipadann
r18366,https://www.readawrite.com/a/Zi3vul,ขอนวด | lingorm,Pan_08
r18371,https://www.readawrite.com/a/Zi3y2v,หมาเด้กของฉันน!,หลิงออม
r18372,https://www.readawrite.com/a/Zi3ygi,Us &mdash; LingOrm,23bluecrem
r18374,https://www.readawrite.com/a/Zi3yqj,น้ำฟ้า|LingOrm,ริรม
r18376,https://www.readawrite.com/a/Zi40jf,ดื่มให้กับวันซวยๆ | lingorm,sunsiwa
r18377,https://www.readawrite.com/a/Zi40tl,Losing Game เกมนี้ใครรักก่อน...แพ้ | Lingorm,ญานีล
r18380,https://www.readawrite.com/a/Zi41no,พี่หมอ Espresso - LingOrm (Omegaverse),QueenOfBonds
r18389,https://www.readawrite.com/a/Zi44k0,เมียจำยอม|Lingorm,ดอกไม้งาม🌷
r18410,https://www.readawrite.com/a/Zi4cf9,ปลายฟ้า|lingorm,lingorm ♡
r18413,https://www.readawrite.com/a/Zi4cvy,Use the word friend | LingOrm,giginie 🪶
r18416,https://www.readawrite.com/a/Zi4eba,The Princess&lsquo;s [Lingorm],mywhyworld
r18418,https://www.readawrite.com/a/Zi4f20,คุณเมค|Lingorm,Nam_&bull;
r18419,https://www.readawrite.com/a/Zi4fa3,พี่คนสวยของเค้า|Lingorm,มาม่าหมูสับ ไม่ใส่ผัก.
r18421,https://www.readawrite.com/a/Zi4hva,หัวใจพีร์ธาดา - lingorm,October.A
r18423,https://www.readawrite.com/a/Zi4i0m,เด็กเลี้ยงของพี่อลิซ| LINGORM,hello I am
r18425,https://www.readawrite.com/a/Zi4ipk,名利场的爱情 (M&amp;iacute;ngl&amp;igrave;chǎng De &amp;Agrave;iq&amp;iacute;ng) | LingOrm | Omegaverse,KhunPaırın :/
r18432,https://www.readawrite.com/a/Zi4l1e,เหนือม่านหมอก | Lingorm,ᴇʟʏɴᴅʀᴀ
r18433,https://www.readawrite.com/a/Zi4l47,คุณหญิงจำเป็น | lingorm,ผัวอาติ๋มม !
r18440,https://www.readawrite.com/a/Zi4moy,IN | Lingorm,ไออ้วม
r18449,https://www.readawrite.com/a/Zi4pn4,เล่ห์รักราตรีลวง - หลิงออม (Omegaverse),Theos.
r18453,https://www.readawrite.com/a/Zi4qom,คุณเพื่อน|Lingorm,ติ่ง lingorm forever 💜
r18454,https://www.readawrite.com/a/Zi4r9o,supermom &ndash; ormling,hundredoutoften
r18457,https://www.readawrite.com/a/Zi4sne,Mommy | lingorm,เฟรช
r18464,https://www.readawrite.com/a/Zi4vlm,ระยะปลอดภัยของหัวใจ | OrmLing,ฮั่นฮั่น
r18466,https://www.readawrite.com/a/Zi4wbg,โชนไม่มีวันลื่น|LINGORM,PeachPloy
r18468,https://www.readawrite.com/a/Zi4xqh,hers | lingorm,sunkwong
r18469,https://www.readawrite.com/a/Zi4yku,ระวีกานต์ l หลิงออม [Omegaverse],Neptune07
r18471,https://www.readawrite.com/a/Zi50b4,Rarm Preem|Lingorm,ตงต่งต้ง
r18480,https://www.readawrite.com/a/Zi53po,คนโปรดของลลิน - Lingorm,lannx_27
r18481,https://www.readawrite.com/a/Zi53ra,เมษาหน้า(รัก)ร้อน - LingOrm,K.Phee
r18487,https://www.readawrite.com/a/Zi55qt,High Class |lingorm,กินแซ่บส์
r18490,https://www.readawrite.com/a/Zi56r5,Vampire | Lingorm,yoyoyok
r18492,https://www.readawrite.com/a/Zi58aq,Blood Bound,PCY_1102
r18497,https://www.readawrite.com/a/Zi5a4w,​The Heir Protocol : เงื่อนไขหัวใจ ทายาทจำเป็น,moose
r18502,https://www.readawrite.com/a/Zi5b8o,OUR LITTLE PRINCESS LingOrm,hello I am
r18516,https://www.readawrite.com/a/Zi5fc1,Bitter Aftertaste of Her Lips,Real-Dee
r18523,https://www.readawrite.com/a/Zi5hfa,Faithful (lingorm),zephirum
r18527,https://www.readawrite.com/a/Zi5iyj,Baby wife | หลิงออม,WritersQ
r18528,https://www.readawrite.com/a/Zi5j5n,Why her?| Lingorm,ลาบทอดโต๊ะ9ค่ะพี่
r18533,https://www.readawrite.com/a/Zi5lk8,นลินธารา | lingorm,เสือโลโล่
r18534,https://www.readawrite.com/a/Zi5mr4,รุ่นพี่ที่รัก|lingorm,หลิงออม
r18536,https://www.readawrite.com/a/Zi5n8h,นทีรินทร์|lingorm,คลื่นณธีร์
r18548,https://www.readawrite.com/a/Zi5qo5,มีเธอ|LingOrm,ริรม
r18557,https://www.readawrite.com/a/Zi5v06,คุณโม่เฉิน | LingOrm,คุณอาเจ
r18562,https://www.readawrite.com/a/Zi5whp,Lilin - LingOrm,prodpran.p
r18569,https://www.readawrite.com/a/Zi5xqo,เกินเพื่อน|Lingorm,LoLo
r18572,https://www.readawrite.com/a/Zi6032,เพียงเธอ lingorm,MM
r18573,https://www.readawrite.com/a/Zi60hm,SAVE POINT : Built For You | LingOrm,mysone
r18575,https://www.readawrite.com/a/Zi615b,รูมเมต | LingOrm,พ่อหลิงหลิง
r18578,https://www.readawrite.com/a/Zi61id,ชิณศิฌา - LingOrm,tipsyrosie
r18581,https://www.readawrite.com/a/Zi61u6,After the Stage | LingOrm,วรรณวาฬ
r18588,https://www.readawrite.com/a/Zi63nw,Love Scene #LingOrm,BAEKSUNX
r18589,https://www.readawrite.com/a/Zi63vn,DON&rsquo;T TOUCH MY EXECUTIV|LINGORM,hello I am
r18591,https://www.readawrite.com/a/Zi64ut,บาปลำดับที่ 31|Lingorm,ตงต่งต้ง
r18595,https://www.readawrite.com/a/Zi66j3,รักมหาเสน่ห์ | Lingorm,Tarm🐧
r18612,https://www.readawrite.com/a/Zi6b5o,ขอลอง | lingorm,หลิงออมจัดงานวันไหนคะ
r18624,https://www.readawrite.com/a/Zi6g00,ดั่งอัปสร | หลิงออม,ปัญญาภัค
r18640,https://www.readawrite.com/a/Zi6nb3,เพื่อนบ้าน | LingOrm,คุณอาเจ
r18643,https://www.readawrite.com/a/Zi6ng8,"unmei , lingorm",do u luv me
r18644,https://www.readawrite.com/a/Zi6nge,เพราะรัก&hellip;ฉันจึงมา |LingOrm,พิมพิภัทร
r18651,https://www.readawrite.com/a/Zi6ov5,Run to You | lingorm,ลูกอมรสมิ้นท์
r18655,https://www.readawrite.com/a/Zi6qvl,พี่คนสวยกับมาเด็ก |หลิงออม,i love gl
r18662,https://www.readawrite.com/a/Zi6tf3,"""ใบประกาศกับหัวใจ""",โบ้บ้อกแบ้ก
r18672,https://www.readawrite.com/a/Zi6ygn,เมะชนเมะ|Lingorm,ลึกลับซาว
r18674,https://www.readawrite.com/a/Zi70pf,ลิขิตรักสองภพคู่แฝด,ny.efrch
r18683,https://www.readawrite.com/a/Zi74ta,บาร์บุหลัน | Lingorm,อินทนิล
r18686,https://www.readawrite.com/a/Zi75ao,แอบชอบเพื่อนสนิท|lingorm,นอนน้อยร้อยเปอร์เซ็นต์
r18694,https://www.readawrite.com/a/Zi77ea,เหนือกฎบริษัท คือหัวใจ lingorm,โนเนมสตอรี่
r18697,https://www.readawrite.com/a/Zi78bp,Toxic Illusion - LingOrm,hello I am
r18704,https://www.readawrite.com/a/Zi7ajd,วันนั้นทำนิ่ง วันนี้วิ่งมาง้อ | Lingorm,Santo_.2777
r18707,https://www.readawrite.com/a/Zi7bgl,&ldquo;ห้ามตกหลุมรักรูมเมต (แต่ตกไปแล้ว)&ldquo;,April as
r18712,https://www.readawrite.com/a/Zi7ckp,ปีที่แปดของเรา |Lingorm,เมษาที่หายไป
r18734,https://www.readawrite.com/a/Zi7iu5,เด็กตี๋ - lingorm,"AichaKhio,"
r18742,https://www.readawrite.com/a/Zi7nhh,Mon Coeur's Secret โปรดรักอัยการ | Lingorm,Little't
r18744,https://www.readawrite.com/a/Zi7o0e,เพนท์พาย|LINGORM,hello I am
r18745,https://www.readawrite.com/a/Zi7o9a,The Last Wife  | หลิงออม,เจ้าปลาวาฬน้อย 🐳
r18748,https://www.readawrite.com/a/Zi7p9p,Blood line &amp; Bitter wine | Lingorm,sipadann
r18750,https://www.readawrite.com/a/Zi7pbe,The one and only in my heart |LingOrm,KhunPaırın :/
r18763,https://www.readawrite.com/a/Zi7ua8,urHome | LingOrm,nothingw
r18766,https://www.readawrite.com/a/Zi7vga,จะรักหรือจะร้าย(lingorm),love ❤️
r18768,https://www.readawrite.com/a/Zi7wa1,รอยรักรสา,mama.mamasu
r18770,https://www.readawrite.com/a/Zi7wsf,จะรักหรือจะร้าย(lingorm),love ❤️
r18772,https://www.readawrite.com/a/Zi7xjx,A Heart Beyond the Contract  หัวใจนอกสัญญา lingorm,ビュー77
r18778,https://www.readawrite.com/a/Zi7yt2,พัตเตอร์พิช|lingOrm,chun
r18780,https://www.readawrite.com/a/Zi80n0,"The Rose Of Serpent , lingorm",พุดน้อย poodnoi
r18794,https://www.readawrite.com/a/Zi877n,จะรักหรือจะร้าย(lingorm),love ❤️
r18799,https://www.readawrite.com/a/Zi88cb,จะรักหรือจะร้าย|lingorm ตอนจบ,love ❤️
r18806,https://www.readawrite.com/a/Zi8a5j,Who are big boss ?  #lingorm,Mr.Dangerous
r18815,https://www.readawrite.com/a/Zi8cix,บุษบาแก้วกัลยา [Lingorm],mywhyworld
r18816,https://www.readawrite.com/a/Zi8clr,"""คุณหมอกับนักโทษหมายเลข 27"" (lingorm)",โนเนมสตอรี่
r18823,https://www.readawrite.com/a/Zi8gq0,พี่พิมกับน้องหมาเด็กซัน |OrmLing,Tecno4132
r18834,https://www.readawrite.com/a/Zi8jps,lingorm|หลิงออม,love ❤️
r18837,https://www.readawrite.com/a/Zi8kg4,แค่เธอ | lingorm,คุณโลกสีเทา🌍
r18843,https://www.readawrite.com/a/Zi8ls0,พี่ลลินของซัน | lingorm,Supersunz
r18844,https://www.readawrite.com/a/Zi8lst,Obsessed with..... | Lingorm,WHITE ˚ ༘
r18870,https://www.readawrite.com/a/Zi8rkh,กว่าพี่จะโสด... [Lingorm],mywhyworld
r18873,https://www.readawrite.com/a/Zi8rs5,# ท้ายบ้านน้ำเหนือ |lingorm,โอวัลตินไม่ใส่ผัก
r18874,https://www.readawrite.com/a/Zi8s0t,แอคเคาท์ลับ | LINGORM,ชามะนาววว
r18875,https://www.readawrite.com/a/Zi8s4x,ศัตรูแบบใด|LingOrm,สมปอง ' ง .
r18877,https://www.readawrite.com/a/Zi8sra,You are my light️|LINGORM,secret
r18881,https://www.readawrite.com/a/Zi8tuk,公主|lingorm,sasikan.
r18888,https://www.readawrite.com/a/Zi8v4b,พระจันทร์สีเลือด | lingorm,อาเมะตี๋
r18891,https://www.readawrite.com/a/Zi8wrl,Too close | Lingorm,WHITE ˚ ༘
r18898,https://www.readawrite.com/a/Zi8yby,ดีลรัก(ลับ)ท่านประธาน,mywhyworld
r18905,https://www.readawrite.com/a/Zi91mv,Run | lingorm,khunrun
r18908,https://www.readawrite.com/a/Zi92ce,รัก จริง | lingorm,ไม่ว่างเลยว่ะ
r18912,https://www.readawrite.com/a/Zi943s,ความรักถัดไปคือฉันเอง|LingOrm,สมปอง ' ง .
r18915,https://www.readawrite.com/a/Zi954f,ใจร้ายแต่ก็ยังรัก|lingorm,prim_.385135
r18919,https://www.readawrite.com/a/Zi95jg,เพราะเหตุใด | LingOrm,momemmk_.
r18927,https://www.readawrite.com/a/Zi978h,ไวน์ศิกา ss2 - lingorm,October.A
r18929,https://www.readawrite.com/a/Zi97or,พบรักแรก/LingOrm,Koku
r18931,https://www.readawrite.com/a/Zi98f0,รอยแผลใต้สายฝน,yo your
r18933,https://www.readawrite.com/a/Zi994w,superstar &mdash; gl ch3,เตาผิงไฟ
r18935,https://www.readawrite.com/a/Zi99d6,เห็นผมติ๋มจะทิ่มผมเฉย|ormling,น้อวอ
r18947,https://www.readawrite.com/a/Zi9d5g,นิยายเรื่องเธอ|lingorm,~Baby Blue~🦋
r18955,https://www.readawrite.com/a/Zi9fg0,ไทด์ ไอริน |lingorm,GLครองโลก
r18961,https://www.readawrite.com/a/Zi9glr,"smthswrng , lingorm",sataprilwithyou
r18962,https://www.readawrite.com/a/Zi9gmy,Unread Status| LINGORM,hello I am
r18964,https://www.readawrite.com/a/Zi9i01,Beautiful girl|lingorm,aomkorn
r18968,https://www.readawrite.com/a/Zi9is9,แพ้รุ่นน้อง | lingorm,คุณนาชา
r18980,https://www.readawrite.com/a/Zi9mkc,#ไหนว่าด่าไม่ทัน | lingorm,morforlike
r18982,https://www.readawrite.com/a/Zi9n3a,แม่ทูนหัว  |ormling,powess
r18983,https://www.readawrite.com/a/Zi9na4,"Good night, My FWB [lingorm]",ปอเป็ดขี้เหร่
r18986,https://www.readawrite.com/a/Zi9nfa,ภีรชญารินทร์ - lingorm,pzalitayu
r18988,https://www.readawrite.com/a/Zi9no7,Just a Senior | lingorm,แมวดำ
r18989,https://www.readawrite.com/a/Zi9nyq,เจ้ขิมของอัย |lingorm,mamanongorm
r18991,https://www.readawrite.com/a/Zi9oi6,marrying my best friend | lingorm,pineare__
r18998,https://www.readawrite.com/a/Zi9pva,ตรีณิชา |หลิงออม,brice
r18999,https://www.readawrite.com/a/Zi9pw0,วันครบรอบแต่งงาน |one shot Lingorm,อยากจกพุงลีโอ
r19011,https://www.readawrite.com/a/Zi9spp,คุณนิรา |lingorm,ผีเสื้อรัตติกาล
r19014,https://www.readawrite.com/a/Zi9t52,ลดาวัลย์ | lingorm,s.un
r19016,https://www.readawrite.com/a/Zi9ttd,เผลอใจ|Lingorm,มาม่าหมูสับ ไม่ใส่ผัก.
r19018,https://www.readawrite.com/a/Zi9ueo,Love Trainee 101 | LingOrm,ฮานึล
r19019,https://www.readawrite.com/a/Zi9ueu,17 m | lingorm,ปิ่นพบรัก
r19023,https://www.readawrite.com/a/Zi9v66,เมื่อไหร่จะรักกัน​ (lingorm),ทานตะวัน27
r19027,https://www.readawrite.com/a/Zi9wg2,Song of Love : Lingorm,วิเวียนร์
r19028,https://www.readawrite.com/a/Zi9wre,a partner in crime! | lingorm,Bleuett
r19049,https://www.readawrite.com/a/Zia3f5,ใต้หล้า #LingOrm,omurice#1127
r19054,https://www.readawrite.com/a/Zia4yj,หากเธอมีจริง|lingorm,ผักอะไรพูดไม่เพราะ
r19056,https://www.readawrite.com/a/Zia6as,Nicotine | lingorm,tammada.
r19060,https://www.readawrite.com/a/Zia7x5,noname,ชาบูเลิฟเว่อร์
r19078,https://www.readawrite.com/a/Ziad01,ขอบคุณที่เกิดมาอีกครั้ง|LingOrm,หวัดดีค่ะ
r19080,https://www.readawrite.com/a/Ziadj5,เรารักเธอเธอรักใคร/หลิงออม,อ้ายมีบ่เรียนจบแล้วโว้ย
r19083,https://www.readawrite.com/a/Ziaeix,เวลาของหัวใจ | LingOrm,KhunPaırın :/
r19087,https://www.readawrite.com/a/Ziaequ,13% LOADING,huhraina_
r19089,https://www.readawrite.com/a/Ziaf3l,Blurred Whisky | LingOrm,VegasHolmes
r19095,https://www.readawrite.com/a/Ziaihm,Smoldering | LingOrm,รัตติกาล เวหา สนธยา
r19096,https://www.readawrite.com/a/Ziaiwb,Only You | LingOrm,Mi Coraz&oacute;n
r19097,https://www.readawrite.com/a/Ziajg3,psycho |Limgorm,Mr.Dangerous
r19101,https://www.readawrite.com/a/Ziakef,Secret Match : คู่แมตช์ลับระดับผู้นำ | LingOrm,อิ่มอก-อิ่มใจ
r19103,https://www.readawrite.com/a/Zial7v,PiangNao | lingorm,ตัวบักเอ้บ
r19104,https://www.readawrite.com/a/Zialol,ปัณอลิน | lingorm,kun_korn
r19105,https://www.readawrite.com/a/Zialsc,ผู้กำกับจำเป็น |lingorm,เรื่อยๆจอยๆ
r19110,https://www.readawrite.com/a/Ziaob1,ธีร์คีรินทร์-lingorm,อ้วม🐼🐼
r19113,https://www.readawrite.com/a/Ziap3j,บักเขมเด็กวัด - Ormling,ormling.mmx
r19120,https://www.readawrite.com/a/Ziaqvy,Under the Mafia's Shadow,lingorm
r19123,https://www.readawrite.com/a/Ziar42,พิธนินทร์ | lingorm,เสือโลโล่
r19128,https://www.readawrite.com/a/Ziasg9,Little Secret - lingorm,merlune.
r19130,https://www.readawrite.com/a/Ziat9o,ปัณภัส | lingorm,kun_korn
r19134,https://www.readawrite.com/a/Ziauwg,Blind|LingOrm,อู่หลงมะลิ
r19145,https://www.readawrite.com/a/Ziayhy,คำสั่งรัก | LingOrm,นู๋ไรใจดี
r19146,https://www.readawrite.com/a/Zib041,Tier list | lingorm,ส้มจ๋วย
r19148,https://www.readawrite.com/a/Zib0g7,"La justice, l'amour et la droiture - Lingorm",sipadann
r19169,https://www.readawrite.com/a/Zib836,The Graph of Us เส้นกราฟขนานที่มาบรรจบ| LingOrm,MTNJS
r19170,https://www.readawrite.com/a/Zib84a,เดิมพันของคินน์ Khin&rsquo;s Bet |lingorm,girl friendship
r19173,https://www.readawrite.com/a/Zib964,Ghost Girl | lingorm,หลิงออมจัดงานวันไหนคะ
r19180,https://www.readawrite.com/a/Zibcil,เกิดใหม่อีกครั้งเป็นภรรยาที่คุณแสนชัง |หลิงออม,UglyDuckling
r19183,https://www.readawrite.com/a/Zibdhl,พิชชานันท์ | LingOrm,Love LingOrm
r19184,https://www.readawrite.com/a/Zibdt9,ฟิคสั้น หลิงออม,jk.
r19185,https://www.readawrite.com/a/Zibdvf,Our Forever Was a Dream |LingOrm,TooLateForForever
r19186,https://www.readawrite.com/a/Zibe60,คุณหนึ่งวานิช | ormling,ทะเลกับเธอ
r19200,https://www.readawrite.com/a/Zibit0,ทีจีเสือร้าย |LINGORM,โทนี่
r19205,https://www.readawrite.com/a/Zibjnj,ก่อนฟ้าสาง,คูเรล
r19206,https://www.readawrite.com/a/Zibjo9,คนที่เคยอยู่ในสายตา | LingOrm,เตาถ่าน🐈&zwj;⬛
r19209,https://www.readawrite.com/a/Zibkna,Poison of love - LINGORM,My Apollo
r19211,https://www.readawrite.com/a/Zibl07,ฉันและเธอ | Lingorm,yoyoyok
r19216,https://www.readawrite.com/a/Zibli6,Your Home |LingOrm,ZEROX.
r19217,https://www.readawrite.com/a/Zibloi,เด็กกำพร้า/lingorm,korn-
r19222,https://www.readawrite.com/a/Zibmj4,Boss | LingOrm,เจ้าหมาหมี^
r19224,https://www.readawrite.com/a/Zibmxi,Mara |LingOrm,Kittie
r19242,https://www.readawrite.com/a/Zibt5d,จากบ้านนามาตามหารัก|LingOrm,อย่าให้รู้วบ์
r19244,https://www.readawrite.com/a/Zibtc8,จีบเธอ 100 วัน (100 days with you),Totallylovermuseumart
r19252,https://www.readawrite.com/a/Zibvpr,แค่คนที่เคยรักกัน|lingorm,lingorm ♡
r19259,https://www.readawrite.com/a/Zibxqb,เต้าจี้ | lingorm,kun_korn
r19260,https://www.readawrite.com/a/Zibxvg,Namfah | LingOrm,แว๊กแก๊ก
r19265,https://www.readawrite.com/a/Zic02x,หัวใจรุ่นใหม่,ไก่นอนน้อย
r19266,https://www.readawrite.com/a/Zic0hy,ถ้าฉันเป็นเขา..คุณจะรักฉันไหม|ormling,แนนที่ไม่ใช่แนน
r19277,https://www.readawrite.com/a/Zic5hp,วิวสวย - LingOrm,K.Phee
r19278,https://www.readawrite.com/a/Zic5mm,คุณหนู,ลลินา
r19286,https://www.readawrite.com/a/Zic7yt,ยัยเอ๋อที่รัก lingorm |สาวดุ้น,อโลน'นน
r19287,https://www.readawrite.com/a/Zic8p0,ลลินา//lingorm,ลลินา
r19288,https://www.readawrite.com/a/Zic8re,แม่เลี้ยงอิงดาว | LingOrm,คุณอาเจ
r19289,https://www.readawrite.com/a/Zic8xr,ily401 | LingOrm,DNA9
r19291,https://www.readawrite.com/a/Zic9bj,ดาวเหนือ | หลิงออม,ลมหนาวกับดาวเหนือ
r19292,https://www.readawrite.com/a/Zic9m6,GAMER | Lingorm,Monkey44
r19295,https://www.readawrite.com/a/Zic9sa,"Next Step, Your Heart | lingorm",buubieqy
r19302,https://www.readawrite.com/a/Zicbor,lustful young man | Lingorm,khunChicha &bull;
r19304,https://www.readawrite.com/a/Zicc5k,หลิงออม,หลิงออม/lingorm/GL
r19308,https://www.readawrite.com/a/Zicdt2,Pluto - lingorm,แมวหยิ่ง:((:
r19312,https://www.readawrite.com/a/Zicews,แสงที่เดินทางมาถึง | Lingorm,First paper
r19323,https://www.readawrite.com/a/Zichkv,Sassy Girl | LingOrm,Pencil and Eraser
r19328,https://www.readawrite.com/a/Zickae,Open Mode | หลิงออม,WritersQ
r19329,https://www.readawrite.com/a/Zickh1,หลิงออม,หลิงออม110
r19330,https://www.readawrite.com/a/Zicmfg,รับได้ไหม | LingOrm,Mi Coraz&oacute;n
r19338,https://www.readawrite.com/a/Zicp4b,ระยะทางไปกลับดวงจันทร์ - LingOrm,K.Phee
r19363,https://www.readawrite.com/a/Zicvr3,&eacute;tait une fois | lingorm,chevalier
r19370,https://www.readawrite.com/a/Zicxbq,GG | Lingorm,ไออ้วม
r19374,https://www.readawrite.com/a/Zicy7h,หนามกุหลาบ |lingorm,PINGINK
r19375,https://www.readawrite.com/a/Zid0lq,snow | lingorm,kun_korn
r19391,https://www.readawrite.com/a/Zid3fa,แฟนเก่าคนโปรด | หลิงออม,bbmt123
r19406,https://www.readawrite.com/a/Zid8fy,บาร์เทนเดอร์สุดหล่อ | Lingorm,แพรวลีนทั้งจายยย
r19410,https://www.readawrite.com/a/Zida8l,War in the camp!,วารีธาริน
r19413,https://www.readawrite.com/a/Zidb5f,ชิโอะปัง|lingorm,PSK_1127
r19422,https://www.readawrite.com/a/Ziddad,ชีสเค้ก|lingorm,PSK_1127
r19424,https://www.readawrite.com/a/Ziddlq,ลูกพลับ|lingorm,PSK_1127
r19432,https://www.readawrite.com/a/Zidg1x,ของขวัญ | LingOrm,Yourname
r19437,https://www.readawrite.com/a/Zidi88,เสือขย่มเสือ | LingOrm,T-T_
r19440,https://www.readawrite.com/a/Zidjt7,คุณแฟนลับ ๆ ของพี่รัญน์ |Lingorm,Arinnnn_.
r19444,https://www.readawrite.com/a/Zidl53,Brief me if you can - lingorm,lnnipp
r19446,https://www.readawrite.com/a/Zidm36,Sh*t |lingorm,กินแซ่บส์
r19450,https://www.readawrite.com/a/Zidnuw,ไออุ่น in bkk - lingorm,Cherish_J
r19456,https://www.readawrite.com/a/Zidpaj,V love each other | LingOrm,Hazel-nut
r19458,https://www.readawrite.com/a/Zidpqa,รักกันมากแต่สุดท้ายต้องเลิกรักกัน| lingorm,prim_.385135
r19469,https://www.readawrite.com/a/Zidtka,ก่อนเดือนยี่ | lingorm,Littleclouds
r19475,https://www.readawrite.com/a/Ziduag,มนต์พะพาย | Lingorm,babybay
r19481,https://www.readawrite.com/a/Zidw33,หวังหมิงอี้ | LingOrm (Omegaverse),BAEKSUNX
r19483,https://www.readawrite.com/a/Zidw5w,หิรัญลักษณ์ - lingorm,neonie
r19492,https://www.readawrite.com/a/Zidxw8,"Crying in Couture""",ต้มไก่ใส่ใบขาม
r19493,https://www.readawrite.com/a/Zidy99,ฟาร์มนี้ไม่ขาย แต่เจ้าของหัวใจยังว่าง,คุณคนบ้า
r19509,https://www.readawrite.com/a/Zie273,บังเอิญจะรัก,ขนมหวานวันเกิด
r19516,https://www.readawrite.com/a/Zie3i6,กุลชญา &ndash; lingorm,oummoumm
r19526,https://www.readawrite.com/a/Zie6la,หลงเข้าทางเสี่ย| lingorm ( NEW ),ใครขยับเป็นเก
r19527,https://www.readawrite.com/a/Zie6ru,"""คุณโปรดด""|lingorm",เจ้าหญิงดอกไม้💐
r19533,https://www.readawrite.com/a/Zie949,ภีมริน|Lingorm,Nam_&bull;
r19536,https://www.readawrite.com/a/Ziea6u,UBrake | Lingorm,mechi
r19538,https://www.readawrite.com/a/Zieau3,Paris is calling,ゴロゴロ โกโระโกโระ
r19540,https://www.readawrite.com/a/Zieb8n,แม่ทูลหัวที่รัก l LingOrm,🐉
r19543,https://www.readawrite.com/a/Zieblw,พลิกล็อครักทอมฝึกหัด,F Drevia
r19546,https://www.readawrite.com/a/Ziecn1,จังหวะรัก |lingorm,วังจิ้น
r19559,https://www.readawrite.com/a/Ziefad,~ปะป๊าเเทนคุณ Lingorm~,มาอาโน่★
r19572,https://www.readawrite.com/a/Zieh59,โซระ | Lingorm (omegaverse),Daisyy.
r19573,https://www.readawrite.com/a/Zieh75,ปลายนิ้ว | lingorm,Marchative
r19579,https://www.readawrite.com/a/Zieii9,จบด้วยรัก,ออมม
r19585,https://www.readawrite.com/a/Zieljb,Nueacheewa | lingorm,Introvertcss
r19592,https://www.readawrite.com/a/Zieomq,Nicha | lingorm,เมื่อดอกไผ่บาน
r19598,https://www.readawrite.com/a/Ziepy2,VANILLA SKY | Lingorm,type_
r19601,https://www.readawrite.com/a/Zier3p,puppy | lingorm,Eng❤️lot
r19620,https://www.readawrite.com/a/Ziexjl,Deep &mdash; Lingorm,Jrtn.
r19623,https://www.readawrite.com/a/Zieyk2,Its you | Lingorm,sipadann
r19624,https://www.readawrite.com/a/Zieymh,ยี่หวา|Lingorm,ดอกไม้งาม🌷
r19625,https://www.readawrite.com/a/Zif06a,The Little Diva&rsquo;s Family Rules LINEORM,hello I am
r19636,https://www.readawrite.com/a/Zif3rh,เด็กดีของคุณประธาน | lingorm,โทนี่
r19637,https://www.readawrite.com/a/Zif40e,Heiress | lingorm,กินแซ่บส์
r19644,https://www.readawrite.com/a/Zif5pe,อัศวินเลือด | หลิงออม,UglyDuckling
r19646,https://www.readawrite.com/a/Zif6ay,ปริมณิริญ | lingorm,lemon132
r19649,https://www.readawrite.com/a/Zif6ry,si ton dai| lingorm,PT
r19672,https://www.readawrite.com/a/Zifcg7,More than a little,Eclipse_
r19674,https://www.readawrite.com/a/Zifd6e,Until You Leave l lingorm,SIWA
r19678,https://www.readawrite.com/a/Zifdtt,Tee Yai |lingOrm,ZEROX.
r19679,https://www.readawrite.com/a/Zife5p,Gorgeous | Lingorm,sipadann
r19682,https://www.readawrite.com/a/Ziff3b,รพีรินทร์ - Lingorm,Eyes Smile
r19684,https://www.readawrite.com/a/Ziffc8,เลอภัสร์ - Lingorm,Eyes Smile
r19686,https://www.readawrite.com/a/Zifg61,รักแรกพบ - lingorm,ผู้แต่งแสนปัญญาอ่อน
r19689,https://www.readawrite.com/a/Zifh09,Dangerous | LingOrm (Omegaverse),NamfonK
r19698,https://www.readawrite.com/a/Zifipe,All My Seasons Begin With You | Lingorm,First paper
r19722,https://www.readawrite.com/a/Zifp62,เมื่อหัวใจไม่ฟังคำสั่ง | LingOrm,Mi Coraz&oacute;n
r19743,https://www.readawrite.com/a/Zifue6,กลับมาทำไม| lingorm,MajestExtra დ
r19744,https://www.readawrite.com/a/Zifups,รักไร้โทน | LingOrm,Peemmi
r19745,https://www.readawrite.com/a/Zifv5j,ข้าวกล่องของ CEO,ก้อนเมฆกลม
r19753,https://www.readawrite.com/a/Zifxi5,เกมนอกตาราง | Lingorm,พิมจันทร์
r19761,https://www.readawrite.com/a/Zig0ed,คู่แค้น | LingOrm (ฟิคสั้น),Yourname
r19777,https://www.readawrite.com/a/Zig4xi,Last Thing : You | Ormling,salemsaow
r19779,https://www.readawrite.com/a/Zig62b,สารภาพลดโทษกึ่งหนึ่ง | lingorm,หลิงออมจัดงานวันไหนคะ
r19783,https://www.readawrite.com/a/Zig6hv,ความรักที่เป็นไปได้|lingorm,K.
r19791,https://www.readawrite.com/a/Zig789,Oxygen - Lingorm,sonictwo.
r19792,https://www.readawrite.com/a/Zig79u,รอยราวในใจF4|Lingorm  (Omegaverse),คุณหมาแก่
r19795,https://www.readawrite.com/a/Zig7w6,แฟนเก่า|หลิงออม,LINGORM DIWA
r19797,https://www.readawrite.com/a/Zig8ey,ภาษาของจักรวาล | Lingorm,จบไม่จบอีกเรื่อง
r19809,https://www.readawrite.com/a/Zigcnm,ธนพิชญ์ | lingorm,เสือโลโล่
r19811,https://www.readawrite.com/a/Zige4s,พยานคนสุดท้าย | LingOrm,Mi Coraz&oacute;n
r19825,https://www.readawrite.com/a/Ziggu4,เริ่มต้นใหม่|lingorm  (Omegaverse),PSK_1127
r19835,https://www.readawrite.com/a/Zigm3h,Where the Thorns Bloom | LingOrm,-ดาวเสาร์-
r19836,https://www.readawrite.com/a/Zigmck,เกิดใหม่ทั้งที&hellip;ขอรักเธออีกครั้ง | LingOrm,Mi Coraz&oacute;n
r19850,https://www.readawrite.com/a/Zigq6e,ธารารัตน์ | lingorm,เสือโลโล่
r19857,https://www.readawrite.com/a/Zigr3l,Impression Of You - LingOrm,QueenOfBonds
r19864,https://www.readawrite.com/a/Zigtwr,รอยรักสลักกาลเวลา │ (lingorm),LRNEVER.
r19868,https://www.readawrite.com/a/Zigwti,my favourite flower | Lingorm,CAT
r19873,https://www.readawrite.com/a/Zigyfv,The Illusion of You | LingOrm,บุญผลา
r19878,https://www.readawrite.com/a/Zih0yy,Same Room,Mr.Dangerous
r19881,https://www.readawrite.com/a/Zih2bx,It&rsquo;s Okay to Not Be Okay | หลิงออม,bookfeels
r19890,https://www.readawrite.com/a/Zih3nc,Dizzy | LingOrm,คุณอามมี่
r19895,https://www.readawrite.com/a/Zih5dy,The Old Dog's Precious|lingorm,FA LOVE GL
r19897,https://www.readawrite.com/a/Zih5pa,ห้อง 2119 &mdash; Lingorm,yuos
r19899,https://www.readawrite.com/a/Zih60q,Lost Trust | LINGORM,Asia_napat`
r19910,https://www.readawrite.com/a/Zih85l,ภรรยาในนาม | Lingorm,yoyoyok
r19912,https://www.readawrite.com/a/Zih8on,จุดเปลี่ยนที่ทำให้กลับมารักกัน | LingOrm,น้องโฟวา🪄
r19921,https://www.readawrite.com/a/Zihbgi,วรเศรษฐ์กุล|lingorm /ormling (Omegaverse),Phat_11
r19922,https://www.readawrite.com/a/Zihbp1,รักนิรันดร์ไม่มีวันสิ้น,บักอัญ
r19925,https://www.readawrite.com/a/Zihbwj,หมาเน่าของพี่คิม | Lingorm,Peerada_pp
r19933,https://www.readawrite.com/a/Zihe3r,Private Mode | Lingorm,White Rose ˚ ༘
r19942,https://www.readawrite.com/a/Zihggd,แอบรัก,บักอัญ
r19944,https://www.readawrite.com/a/Zihh41,Covert ― LingOrm,Chaowanphut
r19960,https://www.readawrite.com/a/Zihlt8,แชทนี้ (ไม่) มีความลับ -Lingorm,StarryPetals💫🌷
r19970,https://www.readawrite.com/a/Zihpm4,วิศวะที่รัก | รี่ดิว,kn. po
r19979,https://www.readawrite.com/a/Zihsot,ใต้เงา lingorm,เป่าเปย์
r19986,https://www.readawrite.com/a/Zihuud,One night แค่คุณ | lingorm,ทีเจซันไล่
r19994,https://www.readawrite.com/a/Zihwmb,แค่มีเธอ....ก็พอ | lingorm,วังจิ้น
r19997,https://www.readawrite.com/a/Zihx88,Zeus|LingOrm,ธารสีคราม
r19998,https://www.readawrite.com/a/Zihx8s,รักที่จบลงแล้วแต่ยังลืมไม่ได้|LingOrm,The First STANG
r20013,https://www.readawrite.com/a/Zii16u,ปะป๊าไม่รักลู่ ! |หลิงออม,UglyDuckling
r20015,https://www.readawrite.com/a/Zii1ic,Dangpratthana - lingorm,merlune.
r20017,https://www.readawrite.com/a/Zii1t4,ขอฮักน้องได๋บ่|lingorm,หน้าโหดแต่เป็นคนตลกนะ
r20019,https://www.readawrite.com/a/Zii218,ห้ามรักไม่ไหว | LingOrm,KhunPaırın :/
r20022,https://www.readawrite.com/a/Zii2yr,พีมอย่าร้อง ; lingorm,thestupidkid
r20028,https://www.readawrite.com/a/Zii48s,ถ้าตลอดกาลมีจริง | lingorm [Omegaverse],วังจิ้น
r20029,https://www.readawrite.com/a/Zii4k8,วิ่ง แลก แว่น,เรือรบ 888
r20033,https://www.readawrite.com/a/Zii5rw,ก็แค่เหมือน|lingorm,เนคกี้
r20043,https://www.readawrite.com/a/Zii8pm,พิษรักสีดำ &mdash;lingorm(omegaveres),Sage🖋️
r20044,https://www.readawrite.com/a/Zii8w8,ต้นรักพิมพ์|Lingorm,Nam_&bull;
r20055,https://www.readawrite.com/a/Ziia2p,Anything but you - LingOrm,yoos&eacute;
r20066,https://www.readawrite.com/a/Ziibs9,ลูกนอกสมรส... | Ling Orm,เน้นกินขมฮ่ะปม
r20078,https://www.readawrite.com/a/Ziifmy,เมื่อดาวเหนือหันมายิ้มให้ทะเล(LingOrm),เธอในทุกตัวอักษร
r20079,https://www.readawrite.com/a/Ziifwl,ของดีภาคอีสาน | เติ้ลเฟิร์สวัน,BB_41
r20086,https://www.readawrite.com/a/Ziij5j,คุณเรย์เฟียน่า - lingorm,pzalitayu
r20089,https://www.readawrite.com/a/Ziijxc,"Paper Trails, Tangled Hearts | LingOrm",บุญผลา
r20090,https://www.readawrite.com/a/Ziik7b,บาร์ Velvet Shadow | lingorm,มุแมวคลั่งรัก
r20101,https://www.readawrite.com/a/Ziim0m,รักครั้งนี้ผมจะไม่ยอมแพ้,r_natthakri
r20103,https://www.readawrite.com/a/Ziimb3,OS Replay |Lingorm,ต้าวกุ้งทอดดด
r20105,https://www.readawrite.com/a/Ziimhl,Sweet Poison | Lingorm,qs_ranyz8
r20108,https://www.readawrite.com/a/Ziin0y,โปรดเห็นใจ | lingorm,yuparat
r20111,https://www.readawrite.com/a/Ziio6q,เซลล์ขายรถ - Lingorm,ไอ้ดื้อค้าบ
r20114,https://www.readawrite.com/a/Ziiohq,เจ๊พราวดิ่วะ |lingorm,khianfun
r20115,https://www.readawrite.com/a/Ziioig,ก่อนหมดสัญญา,lorkorr
r20129,https://www.readawrite.com/a/Ziisty,กลิ่นฝนและช็อกโกแลตร้อน(LingOrm),นายไข่ต้ม
r20132,https://www.readawrite.com/a/Ziitdu,Gravity| LingOrm,Pencil and Eraser
r20152,https://www.readawrite.com/a/Ziiy60,อิแจนอย่าขับเลย| lingorm,Pan_08
r20153,https://www.readawrite.com/a/Ziiygj,ห้องหมายเลข 404 #หลิงออม,Mr..meowfan
r20160,https://www.readawrite.com/a/Zij13f,คีรันเด็กอ้วน,muteel
r20162,https://www.readawrite.com/a/Zij2bw,ครอบครอง|Lingorm,Matjura
r20171,https://www.readawrite.com/a/Zij3wl,ฉินจังมังกรเดี่ยว #หลิงออม,พี่หมูน้อย
r20175,https://www.readawrite.com/a/Zij59l,the legal defense &ndash; lingorm,mellope
r20176,https://www.readawrite.com/a/Zij5fu,พบรักมีเธอ | lingorm,วังจิ้น
r20186,https://www.readawrite.com/a/Zij94b,นารีตีตรา | lingorm,chuuppp
r20188,https://www.readawrite.com/a/Zij9b1,hope this email finds you (lingorm),nodignity
r20198,https://www.readawrite.com/a/Zijb9c,พิมพ์ณิชชา|LingOrm,JaoOie
r20202,https://www.readawrite.com/a/Zijc6h,ห้องเช่าราคาถูก,อ้ายบ่อยากเชื่อสายตา
r20210,https://www.readawrite.com/a/Zijdb2,สารถีที่รัก l lingorm (ตอนเดียวจบ),ชิโระจัง คุคุ
r20224,https://www.readawrite.com/a/Zijgc6,กลิ่นฝนในเดือนพฤศจิกายน,ผีถือร่ม
r20236,https://www.readawrite.com/a/Zijiwb,Our Babies are Miracle [os] : LingOrm&times;LoLo,Kvanguard
r20237,https://www.readawrite.com/a/Zijj9i,Secret roommate ; lingorm,มิริน
r20252,https://www.readawrite.com/a/Zijmb9,Hidden Star | lingorm,คุณจ้าวว
r20253,https://www.readawrite.com/a/Zijmt2,เพียงภารัญ - lingorm,neonie
r20260,https://www.readawrite.com/a/Zijq1t,4 Years Before Us 4ปี ก่อนเราจากกัน || LingOrm,แซวม่อนดองซีอิ้ว
r20275,https://www.readawrite.com/a/Ziju1o,Blue Moon Real Estate | Lingorm,Ota-Jun
r20288,https://www.readawrite.com/a/Zijxhh,tpos | lingorm,sinkappp
r20289,https://www.readawrite.com/a/Zijxow,องศารักคนเย็นชา|LingOrm,Moon Ink
r20305,https://www.readawrite.com/a/Zik1uj,หมามอมแบบเธอนะหรอ|lingorm,เนคกี้
r20308,https://www.readawrite.com/a/Zik2wq,เดนิตา lingorm,melody my boo
r20311,https://www.readawrite.com/a/Zik3yc,ภารกิจรัก(ไม่)ลับ | Lingorm,ppigletttt
r20315,https://www.readawrite.com/a/Zik5l9,คนแรก|Lingorm,ติ่ง lingorm forever 💜
r20320,https://www.readawrite.com/a/Zik875,อย่าเล่นกับใจ | LINGORM,ชามะนาววว
r20354,https://www.readawrite.com/a/Zikflf,ฟิคสัั้นมาเสริฟๆ,ต้มไก่ใส่ใบขาม
r20388,https://www.readawrite.com/a/Zikon4,เอ๋อ|LingOrm,LingOrm
r20427,https://www.readawrite.com/a/Zil049,Dilemma | LINGORM,mayongchideiei
r20441,https://www.readawrite.com/a/Zil3nv,Hotel | lingorm,หลิงออมจัดงานวันไหนคะ
r20442,https://www.readawrite.com/a/Zil3v0,You're My Favorite Song |Lingorm,มาม่าหมูสับ ไม่ใส่ผัก.
r20458,https://www.readawrite.com/a/Zil7eq,หมาเด็ก[LingOrm):,ไบรท์แอนด์
r20461,https://www.readawrite.com/a/Zil7wi,ยอดหงส์ |lingorm,P'แสน
r20463,https://www.readawrite.com/a/Zil81w,ร้านนี้ไม่ได้ขายแค่บะหมี่ | lingorm,mewzim
r20469,https://www.readawrite.com/a/Zil94d,ถ้าไม่ใช่ครั้งนี้ - Lingorm,ไอ้ดื้อค้าบ
r20483,https://www.readawrite.com/a/Zilawg,น้ำหนาวของหมอกฟ้า,maenongormorm
r20484,https://www.readawrite.com/a/Zilb3f,Behind the Screen: รักแท้หรือแค่โปรแกรม,F Drevia
r20488,https://www.readawrite.com/a/Zilc66,กลับมาเริ่มใหม่ได้มั้ย|หลิงออม,ออมงายย
r20492,https://www.readawrite.com/a/Zilcro,เคียงรัก ୧ʕ&bull;̀ᴥ&bull;́ʔ୨,พระจันทร์ในเวลากลางวัน🌕
r20513,https://www.readawrite.com/a/Zili1v,ภารกิจรัก(ไม่)รับ | Lingorm:ss2:,ppigletttt
r20523,https://www.readawrite.com/a/Ziljt4,"""ประกายดาว..""",เจ้ากัน(2)
r20548,https://www.readawrite.com/a/Ziloui,คุณวารินทร์ | Lingorm,คุณพริซ
r20550,https://www.readawrite.com/a/Zilpg0,MNGLE! &ndash; lingorm,rottenbeans
r20560,https://www.readawrite.com/a/Zilr67,รักสเตรทไม่เจ็บเลยสักวัน|LINGORM,PeachPloy
r20561,https://www.readawrite.com/a/Zilr6t,ภูพาย | Tee Por,Esris .
r20563,https://www.readawrite.com/a/Zilreu,Roselyn &mdash; lingorm,thesombrero
r20568,https://www.readawrite.com/a/Zilsex,รักนิรันดร์ต้องแลกด้วยความเจ็บling orm,Lingorm
r20575,https://www.readawrite.com/a/Zilun1,คำขอสุดท้าย | lingorm,A.Frost
r20593,https://www.readawrite.com/a/Zilxy1,คืนที่ฟ้ามืด | rydew,snowgurl
r20595,https://www.readawrite.com/a/Zily8a,เสือสิ้นลาย | LINGORM,ชามะนาววว
r20605,https://www.readawrite.com/a/Zim0rp,The Ghost Witness /lingorm,PCY_1102
r20626,https://www.readawrite.com/a/Zim42i,สายเลือดขัตติยา [Lingorm],mywhyworld
r20633,https://www.readawrite.com/a/Zim579,Kinaim | Lingorm,คือพ้มมมมม
r20634,https://www.readawrite.com/a/Zim66v,"White Coat, Black Secret | LingOrm",Mi Coraz&oacute;n
r20638,https://www.readawrite.com/a/Zim7c5,Remember | Lingorm,Hydrangea
r20666,https://www.readawrite.com/a/Zimh30,1127 &amp;mdash; lingorm,ปิ่นพบรัก
r20669,https://www.readawrite.com/a/Zimhm3,Napha | Lingorm,คุนซันเอง
r20676,https://www.readawrite.com/a/Zimjki,เกาะเต่า-lingorm,nam prik kapi
r20682,https://www.readawrite.com/a/Ziml8u,นคชธ | lingorm,คุณอาร์ตฮาติยะ
r20699,https://www.readawrite.com/a/Zimous,วาดฝันวันวิวาห์,หลิงออมค้าบบ
r20707,https://www.readawrite.com/a/Zimqln,เหมหิรัญ - lingorm,neonie
r20712,https://www.readawrite.com/a/Zimr1m,ปริ้นซ์ | ormling,B bird ตัวบิน 🦜
r20729,https://www.readawrite.com/a/Zimtuv,มู่หลานรักปะป๊า | หลิงออม,UglyDuckling
r20753,https://www.readawrite.com/a/Zimyng,Mhokbell l Lingorm,คือพ้มมมมม
r20757,https://www.readawrite.com/a/Zimyul,lingorm,aomm _sxn
r20758,https://www.readawrite.com/a/Zimyyq,til death do us part &mdash; lingorm,charsbliss
r20759,https://www.readawrite.com/a/Zin011,ไข่เจียวไม่ตีก็ฟู | lingorm,ตัวกะติ๊ดนึง
r20767,https://www.readawrite.com/a/Zin1oo,พี่สาวข้างบ้าน,ดอลล่าหมาน้อยสีดำ
r20770,https://www.readawrite.com/a/Zin28v,Friend praow &mdash; lingorm,Bonus numnim
r20776,https://www.readawrite.com/a/Zin3c7,คนรักของเด่กก|หลิงออม,คนรักของเด็ก
r20789,https://www.readawrite.com/a/Zin5i8,เค้ารักเธอ|lingorm,777
r20791,https://www.readawrite.com/a/Zin5s5,รักสะท้าน3ภพ,ดอลล่าหมาน้อยสีดำ
r20808,https://www.readawrite.com/a/Zinblm,ทำไมยังรัก​  lingorm​,ทานตะวัน27
r20814,https://www.readawrite.com/a/Zinctc,Highest | lingorm,กินแซ่บส์
r20816,https://www.readawrite.com/a/Zind39,Not Him | lingorm,j o k
r20821,https://www.readawrite.com/a/Zinehn,จซอญ - lingorm,esmusep
r20822,https://www.readawrite.com/a/Zinejg,&ldquo;You Are My Destiny เพราะหัวใจเลือกเธอ&rdquo; / LingOrm,Cats the keeper
r20833,https://www.readawrite.com/a/Zinj6t,เราสามคน (The Three of Us),Mi Coraz&oacute;n
r20838,https://www.readawrite.com/a/Zink1n,คุณหนูคนโปรด|Lingorm,มาม่าหมูสับ ไม่ใส่ผัก.
r20840,https://www.readawrite.com/a/Zink4r,0%|Lingorm,น้องฮาเก๋า
r20846,https://www.readawrite.com/a/Zinlu6,"Hey, Dummy! |lingorm",CherryCloud
r20859,https://www.readawrite.com/a/Zinple,ocean skyler queen |lingorm,คุณอาซันชาย:^D
r20864,https://www.readawrite.com/a/Zinqj2,เผลอใจ|lingorm,camiuurro
r20879,https://www.readawrite.com/a/Zinthn,[SF] DELI.CAT | LingOrm,moonlightU.
r20882,https://www.readawrite.com/a/Zinv2e,The Underground Arcana - LingOrm,Eyes Smile
r20890,https://www.readawrite.com/a/Zinww0,คนรักของเด่กก| หลิงออม 2,คนรักของเด็ก
r20893,https://www.readawrite.com/a/Zinxvo,Our last 21 days | ormling,4ttxrrr1
r20900,https://www.readawrite.com/a/Zio01h,"""ราคาแห่งความรัก""  (lingorm)",โนเนมสตอรี่
r20906,https://www.readawrite.com/a/Zio11i,KimBam l Lingorm,คือพ้มมมมม
r20920,https://www.readawrite.com/a/Zio4h1,After the rain เพราะเธอคือคนนั้น | LINGORM,Loverdear
r20952,https://www.readawrite.com/a/Ziob1b,&ldquo;Mama is here.&rdquo; | lingorm,Minazuka
r20959,https://www.readawrite.com/a/Zioehl,อกเกือบหักแอบรักคุณสามี,ดอลล่าหมาน้อยสีดำ
r20966,https://www.readawrite.com/a/Ziofvf,ประธานคลั่งรักกับคุณหนูเอาแต่ใจ |lingorm,วอดส์👩🏻&zwj;🦲🧜🏻&zwj;♀️
r20967,https://www.readawrite.com/a/Ziofyt,Bloom Again | Lingorm,hello I am
r20995,https://www.readawrite.com/a/Ziontu,หลิงออมม ม,อั่ยงุ่นน
r20997,https://www.readawrite.com/a/Zioox9,โอที ตีสาม // LingOrm (อ่านฟรีจนจบ),นายไข่ต้ม
r21016,https://www.readawrite.com/a/Zios36,คุณลินดา | OrmLing,Gameji อิอิ
r21017,https://www.readawrite.com/a/Ziosgc,To be Loved ณ ความรัก | หลิงออม,sipadann
r21019,https://www.readawrite.com/a/Ziosxs,เธอยังเด็ก - LingOrm,พอลลี่พั๊ด
r21028,https://www.readawrite.com/a/Ziovr7,ปี้สาวครับ...ฝนนี้ปลูกต้นฮักตวยกั๋นก่อ | Lingorm,Ota-Jun
r21042,https://www.readawrite.com/a/Zip0cv,น้ำรักพี่โชน,หลิงออม
r21071,https://www.readawrite.com/a/Zip8n3,love story_ormling,ปีศาจหมู
r21078,https://www.readawrite.com/a/Zipaok,White Cat | lingorm,Pan_08
r21083,https://www.readawrite.com/a/Zipbj6,Lingorm||อะไรของคุณแฟนอะไรกัน,k.nat
r21085,https://www.readawrite.com/a/Zipbr0,ปล่อยมือ / หลิงออม,tinna_nan
r21092,https://www.readawrite.com/a/Zipclq,code|lingorm,เจ้าพาโชค
r21103,https://www.readawrite.com/a/Zipg9m,#มุกจีบที่ภูมิใจมากที่สุด | lingorm,เตอร์ติส tertis
r21104,https://www.readawrite.com/a/Zipg9o,พัณธะ | LingOrm,ออมเล็ตของโกลเด้น🐰🐶
r21111,https://www.readawrite.com/a/Zipgtk,น้องรักพี่นะ | LINGOrm,สกูปปี้ดู๊
r21115,https://www.readawrite.com/a/Ziphm1,ดวงดารามิอาจได้เคียงคู่กัน | LingOrm,สกูปปี้ดู๊
r21126,https://www.readawrite.com/a/Zipjce,PAWN| LingOrm,T-T_
r21132,https://www.readawrite.com/a/Ziplcw,friend zone |lingorm,lingorm ♡
r21143,https://www.readawrite.com/a/Zipn0t,เพียงพบรัก - lingorm,people do not need
r21144,https://www.readawrite.com/a/Zipn9v,ไหนบอกไม่ชอบเขา |lingorm,inin_poonnisa
r21153,https://www.readawrite.com/a/Zipq31,GL | หลิงออม,Pasawee
r21163,https://www.readawrite.com/a/Ziptxm,พันธนาการหัวใจมาเฟีย | lingorm,SP.Land
r21175,https://www.readawrite.com/a/Zipxrh,The Ring That Binds |Lingorm,ซีเออาร์อี.
r21184,https://www.readawrite.com/a/Ziq0l2,คนสวยเล่นกับใจตี๋หรอlingorm,i.love.you71023
r21187,https://www.readawrite.com/a/Ziq1o4,Mafia Audrey | lingorm,มุแมวคลั่งรัก
r21191,https://www.readawrite.com/a/Ziq2w7,ภรรยาที่ไม่ต้องการ.lingorm,ข้าวกิมจิ!!
r21197,https://www.readawrite.com/a/Ziq4bq,Earendel | LingOrm,Pencil and Eraser
r21199,https://www.readawrite.com/a/Ziq4hi,ใจภักดิ์ /lingorm,Dark corner
r21202,https://www.readawrite.com/a/Ziq6b7,สัญญา 3 วัน กักใจคุณหนู,Madison
r21230,https://www.readawrite.com/a/Ziqdyw,แฝดจีบแฝด | LingOrm,unsent.draft
r21234,https://www.readawrite.com/a/Ziqexo,รักร้ายหมาแก่|Lingorm,ตงต่งต้ง
r21250,https://www.readawrite.com/a/Ziqi2p,บทสุดท้าย..คือคำโกหก,หนามสนิม
r21262,https://www.readawrite.com/a/Ziqlxk,สองหัวใจ | Lingorm,ณัชชาkubpipikaa
r21300,https://www.readawrite.com/a/Zir367,คุณหมอคะ&hellip;รับหวานเพิ่มไหม.? |Lingrom,Tofu (SP.Land)
r21306,https://www.readawrite.com/a/Zir5nu,บันทึกรักใต้ร้อยเล่ห์,ดอลล่าหมาน้อยสีดำ
r21310,https://www.readawrite.com/a/Zir6ao,Reverie|lingorm,khunfah_
r21315,https://www.readawrite.com/a/Zir79x,อย่าตามหาความจริง |Lingorm,wanmai
r21322,https://www.readawrite.com/a/Ziram2,หลี่ซิน (李鑫) | LingOrm,superkaiped
r21323,https://www.readawrite.com/a/Ziraxu,สืบรักผู้กองรัณ | lingorm,bunnytwin
r21331,https://www.readawrite.com/a/Zirdf0,วาจาสิทธิ์|LingOrm,Tennn
r21364,https://www.readawrite.com/a/Zirrbi,A foolish promise | Lingorm,ขวัญใจใบท่อม
r21365,https://www.readawrite.com/a/Zirs6x,รักเดียวของกรณ์นภัส,ดอลล่าหมาน้อยสีดำ
r21368,https://www.readawrite.com/a/Zirtor,เพื่อน(ไม่จริง)|หลิงออม,คนเเต่ง
r21384,https://www.readawrite.com/a/pZtrsg,so much engage; LingOrm,joker191
